tree
version=v4
num_class=1
num_tree_per_iteration=1
label_index=0
max_feature_idx=7
objective=regression
feature_names=distance_m is_dirt jyo_cd escape_count front_ratio closer_ratio style_balance track_cond
feature_infos=[1000:3400] none [1:10] none none none none none
tree_sizes=4442 4628 4631 4630 4635 4642 4632 4640 4642 4648 4645 4647 4651 4656 4655 4562 4570 4574 4571 4573 4584 4584 4597 4596 4597 4594 4593 4606 4607 4690 4608 4610 4601 4606 4693 4636 4639 4638 4638 4638 4644 4648 4644 4726 4655 4730 4735 4742 4728 4736 4642 4654 4648 4655 4650 4650 4635 4738 4738 4738 4767 4768 4763 4687 4688 4633 4641 4645 4636 4645 4664 4664 4663 4663 4663 4678 4686 4678 4692 4689 4661 4651 4661 4666 4652

Tree=0
num_leaves=54
num_cat=0
split_feature=0 0 2 2 0 0 0 2 2 2 2 2 2 2 2 2 2 2 2 0 0 0 2 2 2 2 0 0 0 0 2 2 2 2 2 2 2 2 2 0 2 2 2 0 0 2 2 2 2 2 2 2 2
split_gain=141210 11211.2 8267.09 9150.54 7830.16 5797.36 5676.73 5456.7 12792 2982.33 2612.78 2520.33 2261.17 2207.05 2068.58 5153.82 1838.09 1779.84 1902.39 1606.37 1046.59 953.448 1681.87 952.263 847.752 837.902 733.737 1340.65 660.149 651.901 556.475 1622.29 518.702 510.75 459.823 1251.16 417.074 343.995 727.33 189.189 183.547 168.266 106.007 103.004 96.6413 94.4792 64.2215 71.0699 33.8378 31.4704 6.95302 4.34356 1.9382
threshold=1300.0000000000002 1450.0000000000002 3.5000000000000004 9.5000000000000018 1700.0000000000002 2100.0000000000005 2550.0000000000005 6.5000000000000009 4.5000000000000009 1.5000000000000002 7.5000000000000009 5.5000000000000009 8.5000000000000018 8.5000000000000018 5.5000000000000009 9.5000000000000018 4.5000000000000009 5.5000000000000009 4.5000000000000009 1900.0000000000002 2250.0000000000005 1900.0000000000002 6.5000000000000009 2.5000000000000004 6.5000000000000009 7.5000000000000009 1900.0000000000002 2550.0000000000005 1900.0000000000002 1900.0000000000002 7.5000000000000009 6.5000000000000009 6.5000000000000009 7.5000000000000009 8.5000000000000018 7.5000000000000009 4.5000000000000009 8.5000000000000018 5.5000000000000009 1700.0000000000002 7.5000000000000009 2.5000000000000004 2.5000000000000004 1100.0000000000002 1900.0000000000002 8.5000000000000018 2.5000000000000004 1.5000000000000002 3.5000000000000004 7.5000000000000009 8.5000000000000018 8.5000000000000018 1.5000000000000002
decision_type=2 2 2 2 2 2 2 2 2 2 2 2 2 2 2 2 2 2 2 2 2 2 2 2 2 2 2 2 2 2 2 2 2 2 2 2 2 2 2 2 2 2 2 2 2 2 2 2 2 2 2 2 2
left_child=14 7 6 4 11 17 9 8 -2 29 -9 36 -12 30 43 32 -7 18 28 42 24 25 -23 52 -18 -19 -5 -28 -6 39 31 -13 -16 -24 35 -26 -4 38 -22 -3 -40 -21 -11 -1 -20 -35 47 -45 -48 -34 -27 -51 -8
right_child=1 2 3 26 5 16 23 10 -10 19 12 13 -14 -15 15 -17 20 21 44 41 37 22 33 -25 34 50 27 -29 -30 -31 -32 -33 49 45 -36 -37 -38 -39 40 -41 -42 -43 -44 46 -46 -47 48 -49 -50 51 -52 -53 -54
leaf_value=52.557127580237861 52.612183698151036 53.21445431875744 53.480326527335343 53.135516256178661 53.511770572556173 52.947163485583751 53.362843519077217 52.678635630342526 53.496267807481509 53.104132340420897 53.153680362994251 53.09145896574703 52.811156145162144 53.36496738401987 52.699935913669542 52.456810905174358 53.376218800830316 53.478286132229513 53.658237379667341 52.709172024623363 53.432260913802907 53.337351222585824 53.609140039183778 53.704203736524825 53.047477565873386 53.316037091398144 52.872960909492001 53.254060884130475 53.312394240252651 53.069785048895241 53.065901143354587 53.320359291446479 52.810274023492823 53.516669919956215 52.969612643076829 53.400851597180925 53.335229843598192 53.470092139883562 53.15503457672434 53.342333637280646 53.294593147183193 52.839855783853942 53.015735335547248 52.470274023043345 53.600052777519345 53.453391093901516 52.460838691045815 52.536940222239075 52.516296201366544 52.845886978653326 53.297531489432565 52.864820174752815 53.341560907574966
leaf_weight=75 57 61 64 112 93 39 23 87 145 56 113 206 84 139 104 196 57 111 170 36 100 155 139 35 60 126 100 30 75 58 169 124 61 133 29 43 219 64 38 55 62 78 86 61 123 106 144 116 34 69 85 54 20
leaf_count=75 57 61 64 112 93 39 23 87 145 56 113 206 84 139 104 196 57 111 170 36 100 155 139 35 60 126 100 30 75 58 169 124 61 133 29 43 219 64 38 55 62 78 86 61 123 106 144 116 34 69 85 54 20
internal_value=53.1439 53.2731 53.3045 53.3364 53.3625 53.423 53.1181 53.0481 53.2468 53.0469 52.9068 53.2439 53.0076 53.1888 52.5837 52.6546 53.2765 53.4777 53.5569 52.9384 53.3049 53.435 53.4761 53.5106 53.2151 53.3671 53.0417 52.9609 53.4228 53.2067 53.1397 53.1775 52.7892 53.5329 53.1455 53.195 53.368 53.3692 53.3369 53.2751 53.2416 52.7986 53.0506 52.5039 53.6338 53.4886 52.4926 52.514 52.4714 52.8396 53.3086 52.8542 53.3529
internal_weight=4879 3965 3479 2971 2729 1808 508 486 202 430 284 921 197 638 914 484 492 1316 461 256 453 855 533 78 189 322 242 130 168 174 499 330 288 378 132 103 283 264 200 116 100 114 142 430 293 239 355 177 178 184 211 123 43
internal_count=4879 3965 3479 2971 2729 1808 508 486 202 430 284 921 197 638 914 484 492 1316 461 256 453 855 533 78 189 322 242 130 168 174 499 330 288 378 132 103 283 264 200 116 100 114 142 430 293 239 355 177 178 184 211 123 43
is_linear=0
shrinkage=1


Tree=1
num_leaves=54
num_cat=0
split_feature=0 0 2 2 0 0 0 2 2 2 2 2 2 2 2 2 2 2 2 0 0 0 2 2 2 2 0 0 0 0 2 2 2 2 2 2 2 2 2 0 2 2 2 0 0 2 2 2 2 2 2 2 2
split_gain=127442 10118.2 7461.05 8258.36 7066.72 5232.11 5123.25 4924.67 11544.8 2691.55 2358.03 2274.59 2040.71 1991.86 1866.9 4651.32 1658.88 1606.3 1716.91 1449.75 944.551 860.486 1517.89 859.418 765.096 756.206 662.197 1209.94 595.785 588.341 502.219 1464.11 468.129 460.952 414.99 1129.17 376.409 310.455 656.415 170.743 165.652 151.86 95.6711 92.9614 87.2187 85.2675 57.9599 64.1406 30.5386 28.4021 6.2751 3.92006 1.74923
threshold=1300.0000000000002 1450.0000000000002 3.5000000000000004 9.5000000000000018 1700.0000000000002 2100.0000000000005 2550.0000000000005 6.5000000000000009 4.5000000000000009 1.5000000000000002 7.5000000000000009 5.5000000000000009 8.5000000000000018 8.5000000000000018 5.5000000000000009 9.5000000000000018 4.5000000000000009 5.5000000000000009 4.5000000000000009 1900.0000000000002 2250.0000000000005 1900.0000000000002 6.5000000000000009 2.5000000000000004 6.5000000000000009 7.5000000000000009 1900.0000000000002 2550.0000000000005 1900.0000000000002 1900.0000000000002 7.5000000000000009 6.5000000000000009 6.5000000000000009 7.5000000000000009 8.5000000000000018 7.5000000000000009 4.5000000000000009 8.5000000000000018 5.5000000000000009 1700.0000000000002 7.5000000000000009 2.5000000000000004 2.5000000000000004 1100.0000000000002 1900.0000000000002 8.5000000000000018 2.5000000000000004 1.5000000000000002 3.5000000000000004 7.5000000000000009 8.5000000000000018 8.5000000000000018 1.5000000000000002
decision_type=2 2 2 2 2 2 2 2 2 2 2 2 2 2 2 2 2 2 2 2 2 2 2 2 2 2 2 2 2 2 2 2 2 2 2 2 2 2 2 2 2 2 2 2 2 2 2 2 2 2 2 2 2
left_child=14 7 6 4 11 17 9 8 -2 29 -9 36 -12 30 43 32 -7 18 28 42 24 25 -23 52 -18 -19 -5 -28 -6 39 31 -13 -16 -24 35 -26 -4 38 -22 -3 -40 -21 -11 -1 -20 -35 47 -45 -48 -34 -27 -51 -8
right_child=1 2 3 26 5 16 23 10 -10 19 12 13 -14 -15 15 -17 20 21 44 41 37 22 33 -25 34 50 27 -29 -30 -31 -32 -33 49 45 -36 -37 -38 -39 40 -41 -42 -43 -44 46 -46 -47 48 -49 -50 51 -52 -53 -54
leaf_value=-0.55878969716032356 -0.50648640592892968 0.065670701904130768 0.31824930170550947 -0.0093204728327691555 0.34812114386148352 -0.18825558687631902 0.20664042389911152 -0.44335708073500935 0.33339351210100898 -0.039135176568691227 0.007935430155654925 -0.051174895591283381 -0.31746256025064562 0.20865811124551212 -0.42312178886853735 -0.65409053293798047 0.2193469482490368 0.31631091420312191 0.4872646043142852 -0.41434747214532558 0.27258696988970044 0.18242276175248048 0.44062213417403939 0.53093264341354374 -0.092957219704985619 0.16217434342418399 -0.25874804782122374 0.10329694504539172 0.15871362000145017 -0.071765101058729769 -0.075454810587964827 0.16628041469281721 -0.31830058746406292 0.35277551737284862 -0.16692888942258111 0.2427481058205283 0.18040744800409769 0.30852662825491284 0.0092219494283199317 0.18715605789287526 0.1418025758958632 -0.29019790589331818 -0.12311234436496053 -0.64130058288574221 0.43198924432925101 0.2926606227169341 -0.65026414229327612 -0.57796768941755949 -0.59757952593705232 -0.28446826835473382 0.14459401775576064 -0.26648174259397717 0.18642195522785188
leaf_weight=75 57 61 64 112 93 39 23 87 145 56 113 206 84 139 104 196 57 111 170 36 100 155 139 35 60 126 100 30 75 58 169 124 61 133 29 43 219 64 38 55 62 78 86 61 123 106 144 116 34 69 85 54 20
leaf_count=75 57 61 64 112 93 39 23 87 145 56 113 206 84 139 104 196 57 111 170 36 100 155 139 35 60 126 100 30 75 58 169 124 61 133 29 43 219 64 38 55 62 78 86 61 123 106 144 116 34 69 85 54 20
internal_value=-0.00131384 0.121377 0.15123 0.181508 0.206332 0.263758 -0.0258469 -0.0923249 0.0963977 -0.0934746 -0.226557 0.0935999 -0.130813 0.041267 -0.533555 -0.466201 0.124649 0.315765 0.390994 -0.196606 0.151588 0.275203 0.31419 0.346972 0.066257 0.210668 -0.0984289 -0.175199 0.263564 0.0582593 -0.00536096 0.0305356 -0.338331 0.368221 0.000149982 0.0471916 0.21158 0.212676 0.182004 0.123272 0.0914219 -0.329403 -0.0899946 -0.609369 0.46406 0.326114 -0.620054 -0.599794 -0.640201 -0.290406 0.155092 -0.276572 0.197236
internal_weight=4879 3965 3479 2971 2729 1808 508 486 202 430 284 921 197 638 914 484 492 1316 461 256 453 855 533 78 189 322 242 130 168 174 499 330 288 378 132 103 283 264 200 116 100 114 142 430 293 239 355 177 178 184 211 123 43
internal_count=4879 3965 3479 2971 2729 1808 508 486 202 430 284 921 197 638 914 484 492 1316 461 256 453 855 533 78 189 322 242 130 168 174 499 330 288 378 132 103 283 264 200 116 100 114 142 430 293 239 355 177 178 184 211 123 43
is_linear=0
shrinkage=0.05


Tree=2
num_leaves=54
num_cat=0
split_feature=0 0 2 2 0 0 0 2 2 2 2 2 2 2 2 2 2 2 2 0 0 0 2 2 2 2 0 0 0 0 2 2 2 2 2 2 2 2 2 0 2 2 2 0 0 2 2 2 2 2 2 2 2
split_gain=115016 9131.63 6733.59 7453.17 6377.71 4721.98 4623.73 4444.51 10419.2 2429.13 2128.12 2052.82 1841.74 1797.66 1684.88 4197.82 1497.14 1449.69 1549.51 1308.4 852.457 776.589 1369.9 775.625 690.499 682.476 597.633 1091.97 537.696 530.978 453.253 1321.36 422.486 416.009 374.529 1019.08 339.709 280.186 592.415 154.095 149.501 137.053 86.3432 83.8976 78.7149 76.9539 52.3088 57.8869 27.5611 25.6329 5.66327 3.53785 1.57868
threshold=1300.0000000000002 1450.0000000000002 3.5000000000000004 9.5000000000000018 1700.0000000000002 2100.0000000000005 2550.0000000000005 6.5000000000000009 4.5000000000000009 1.5000000000000002 7.5000000000000009 5.5000000000000009 8.5000000000000018 8.5000000000000018 5.5000000000000009 9.5000000000000018 4.5000000000000009 5.5000000000000009 4.5000000000000009 1900.0000000000002 2250.0000000000005 1900.0000000000002 6.5000000000000009 2.5000000000000004 6.5000000000000009 7.5000000000000009 1900.0000000000002 2550.0000000000005 1900.0000000000002 1900.0000000000002 7.5000000000000009 6.5000000000000009 6.5000000000000009 7.5000000000000009 8.5000000000000018 7.5000000000000009 4.5000000000000009 8.5000000000000018 5.5000000000000009 1700.0000000000002 7.5000000000000009 2.5000000000000004 2.5000000000000004 1100.0000000000002 1900.0000000000002 8.5000000000000018 2.5000000000000004 1.5000000000000002 3.5000000000000004 7.5000000000000009 8.5000000000000018 8.5000000000000018 1.5000000000000002
decision_type=2 2 2 2 2 2 2 2 2 2 2 2 2 2 2 2 2 2 2 2 2 2 2 2 2 2 2 2 2 2 2 2 2 2 2 2 2 2 2 2 2 2 2 2 2 2 2 2 2 2 2 2 2
left_child=14 7 6 4 11 17 9 8 -2 29 -9 36 -12 30 43 32 -7 18 28 42 24 25 -23 52 -18 -19 -5 -28 -6 39 31 -13 -16 -24 35 -26 -4 38 -22 -3 -40 -21 -11 -1 -20 -35 47 -45 -48 -34 -27 -51 -8
right_child=1 2 3 26 5 16 23 10 -10 19 12 13 -14 -15 15 -17 20 21 44 41 37 22 33 -25 34 50 27 -29 -30 -31 -32 -33 49 45 -36 -37 -38 -39 40 -41 -42 -43 -44 46 -46 -47 48 -49 -50 51 -52 -53 -54
leaf_value=-0.5308502395947774 -0.48116208241696951 0.062387174955706615 0.30233683400438172 -0.0088544372410979122 0.33071508164046914 -0.17884281247090072 0.1963084091310916 -0.42118921769761491 0.31672384500503542 -0.037178410190556732 0.0075386766311341686 -0.048616130391443246 -0.30158944625762252 0.19822520498963569 -0.40196569145012362 -0.62138603457382757 0.20837960509877457 0.30049536807445798 0.46290137787513874 -0.39363011245926227 0.25895761927962302 0.17330161933636956 0.41859101873936422 0.5043860253265926 -0.088309363822142287 0.15406561117796672 -0.24581063061952593 0.098132097770770393 0.15077795239289604 -0.068176858384033742 -0.071682074718926778 0.15796640783308014 -0.3023855675195084 0.3351367410860564 -0.15858244022418713 0.23061070206553436 0.17138708228389968 0.29310030572814866 0.0087608472100998234 0.17779825221408496 0.13471245581824934 -0.27568801622360184 -0.11695673586069716 -0.60923556128486256 0.41038977925976117 0.27802760180718494 -0.61775096224996062 -0.54906932784340767 -0.56770053856513081 -0.2702448582303697 0.13736431113937322 -0.25315765799195677 0.17710085645318033
leaf_weight=75 57 61 64 112 93 39 23 87 145 56 113 206 84 139 104 196 57 111 170 36 100 155 139 35 60 126 100 30 75 58 169 124 61 133 29 43 219 64 38 55 62 78 86 61 123 106 144 116 34 69 85 54 20
leaf_count=75 57 61 64 112 93 39 23 87 145 56 113 206 84 139 104 196 57 111 170 36 100 155 139 35 60 126 100 30 75 58 169 124 61 133 29 43 219 64 38 55 62 78 86 61 123 106 144 116 34 69 85 54 20
internal_value=-0.00124815 0.115308 0.143669 0.172432 0.196015 0.25057 -0.0245546 -0.0877086 0.0915778 -0.0888008 -0.215229 0.0889199 -0.124272 0.0392037 -0.506878 -0.442891 0.118416 0.299977 0.371445 -0.186776 0.144008 0.261442 0.29848 0.329623 0.0629442 0.200134 -0.0935074 -0.166439 0.250386 0.0553463 -0.0050929 0.0290088 -0.321414 0.34981 0.000142482 0.044832 0.201001 0.202043 0.172904 0.117108 0.0868508 -0.312933 -0.0854949 -0.5789 0.440857 0.309808 -0.589052 -0.569805 -0.608191 -0.275885 0.147338 -0.262743 0.187375
internal_weight=4879 3965 3479 2971 2729 1808 508 486 202 430 284 921 197 638 914 484 492 1316 461 256 453 855 533 78 189 322 242 130 168 174 499 330 288 378 132 103 283 264 200 116 100 114 142 430 293 239 355 177 178 184 211 123 43
internal_count=4879 3965 3479 2971 2729 1808 508 486 202 430 284 921 197 638 914 484 492 1316 461 256 453 855 533 78 189 322 242 130 168 174 499 330 288 378 132 103 283 264 200 116 100 114 142 430 293 239 355 177 178 184 211 123 43
is_linear=0
shrinkage=0.05


Tree=3
num_leaves=54
num_cat=0
split_feature=0 0 2 2 0 0 0 2 2 2 2 2 2 2 2 2 2 2 2 0 0 0 2 2 2 2 0 0 0 0 2 2 2 2 2 2 2 2 2 0 2 2 2 0 0 2 2 2 2 2 2 2 2
split_gain=103802 8241.3 6077.07 6726.49 5755.88 4261.59 4172.92 4011.17 9403.3 2192.29 1920.63 1852.67 1662.17 1622.39 1520.6 3788.53 1351.17 1308.35 1398.43 1180.83 769.342 700.872 1236.33 700.001 623.176 615.935 539.364 985.502 485.27 479.207 409.061 1192.53 381.294 375.448 338.012 919.715 306.587 252.868 534.654 139.071 134.924 123.691 77.9247 75.7176 71.0402 69.4509 47.2087 52.243 24.8739 23.1337 5.11111 3.19292 1.42476
threshold=1300.0000000000002 1450.0000000000002 3.5000000000000004 9.5000000000000018 1700.0000000000002 2100.0000000000005 2550.0000000000005 6.5000000000000009 4.5000000000000009 1.5000000000000002 7.5000000000000009 5.5000000000000009 8.5000000000000018 8.5000000000000018 5.5000000000000009 9.5000000000000018 4.5000000000000009 5.5000000000000009 4.5000000000000009 1900.0000000000002 2250.0000000000005 1900.0000000000002 6.5000000000000009 2.5000000000000004 6.5000000000000009 7.5000000000000009 1900.0000000000002 2550.0000000000005 1900.0000000000002 1900.0000000000002 7.5000000000000009 6.5000000000000009 6.5000000000000009 7.5000000000000009 8.5000000000000018 7.5000000000000009 4.5000000000000009 8.5000000000000018 5.5000000000000009 1700.0000000000002 7.5000000000000009 2.5000000000000004 2.5000000000000004 1100.0000000000002 1900.0000000000002 8.5000000000000018 2.5000000000000004 1.5000000000000002 3.5000000000000004 7.5000000000000009 8.5000000000000018 8.5000000000000018 1.5000000000000002
decision_type=2 2 2 2 2 2 2 2 2 2 2 2 2 2 2 2 2 2 2 2 2 2 2 2 2 2 2 2 2 2 2 2 2 2 2 2 2 2 2 2 2 2 2 2 2 2 2 2 2 2 2 2 2
left_child=14 7 6 4 11 17 9 8 -2 29 -9 36 -12 30 43 32 -7 18 28 42 24 25 -23 52 -18 -19 -5 -28 -6 39 31 -13 -16 -24 35 -26 -4 38 -22 -3 -40 -21 -11 -1 -20 -35 47 -45 -48 -34 -27 -51 -8
right_child=1 2 3 26 5 16 23 10 -10 19 12 13 -14 -15 15 -17 20 21 44 41 37 22 33 -25 34 50 27 -29 -30 -31 -32 -33 49 45 -36 -37 -38 -39 40 -41 -42 -43 -44 46 -46 -47 48 -49 -50 51 -52 -53 -54
leaf_value=-0.5043077036589384 -0.45710396003304865 0.059267808958033075 0.28721999714198321 -0.0084117187810729115 0.31417932829879708 -0.16990067133536707 0.18649299248405127 -0.40012973809464913 0.30088764061187878 -0.035319497329848154 0.007161724250928491 -0.046185349715982107 -0.2865099755825386 0.18831394876708552 -0.38186742709949617 -0.59031670937428671 0.19796062609867049 0.28547060167467275 0.43975630347123923 -0.37394858797391262 0.24600973355025052 0.1646365443307666 0.39766147332064972 0.47916672259569171 -0.083893882582585025 0.14636233429764473 -0.23352011382579804 0.093225481808185573 0.14323904565597576 -0.064768013692107704 -0.068097971326853399 0.15006808119435466 -0.28726628481364641 0.31837991003815391 -0.15065333206078102 0.21908017299896063 0.16281771498762038 0.27844528737477958 0.0083228091072095074 0.16890832393006847 0.12797683615447772 -0.2619036097939198 -0.11110889801625597 -0.57877377984953715 0.3898702803211726 0.26412623873296776 -0.58686338888688228 -0.52161583815669199 -0.53931552535470795 -0.25673262502836142 0.130496083427878 -0.24049976114873536 0.16824581330874935
leaf_weight=75 57 61 64 112 93 39 23 87 145 56 113 206 84 139 104 196 57 111 170 36 100 155 139 35 60 126 100 30 75 58 169 124 61 133 29 43 219 64 38 55 62 78 86 61 123 106 144 116 34 69 85 54 20
leaf_count=75 57 61 64 112 93 39 23 87 145 56 113 206 84 139 104 196 57 111 170 36 100 155 139 35 60 126 100 30 75 58 169 124 61 133 29 43 219 64 38 55 62 78 86 61 123 106 144 116 34 69 85 54 20
internal_value=-0.00118574 0.109543 0.136485 0.163811 0.186214 0.238041 -0.0233269 -0.0833232 0.0869989 -0.0843608 -0.204468 0.0844739 -0.118059 0.0372435 -0.481534 -0.420746 0.112496 0.284978 0.352872 -0.177437 0.136808 0.24837 0.283556 0.313142 0.0597969 0.190128 -0.0888321 -0.158117 0.237867 0.052579 -0.00483827 0.0275584 -0.305344 0.33232 0.000135363 0.0425904 0.190951 0.191941 0.164259 0.111253 0.0825083 -0.297286 -0.0812201 -0.549955 0.418814 0.294318 -0.559599 -0.541314 -0.577781 -0.262091 0.139971 -0.249606 0.178006
internal_weight=4879 3965 3479 2971 2729 1808 508 486 202 430 284 921 197 638 914 484 492 1316 461 256 453 855 533 78 189 322 242 130 168 174 499 330 288 378 132 103 283 264 200 116 100 114 142 430 293 239 355 177 178 184 211 123 43
internal_count=4879 3965 3479 2971 2729 1808 508 486 202 430 284 921 197 638 914 484 492 1316 461 256 453 855 533 78 189 322 242 130 168 174 499 330 288 378 132 103 283 264 200 116 100 114 142 430 293 239 355 177 178 184 211 123 43
is_linear=0
shrinkage=0.05


Tree=4
num_leaves=54
num_cat=0
split_feature=0 0 2 2 0 0 0 2 2 2 2 2 2 2 2 2 2 2 2 0 0 0 2 2 2 2 0 0 0 0 2 2 2 2 2 2 2 2 2 0 2 2 2 0 0 2 2 2 2 2 2 2 2
split_gain=93681.3 7437.77 5484.55 6070.65 5194.69 3846.08 3766.06 3620.08 8486.48 1978.54 1733.37 1672.04 1500.11 1464.2 1372.34 3419.15 1219.43 1180.78 1262.09 1065.7 694.332 632.537 1115.79 631.751 562.416 555.881 486.776 889.415 437.957 432.485 369.177 1076.26 344.118 338.842 305.056 830.043 276.695 228.213 482.526 125.512 121.769 111.631 70.327 68.3351 64.1137 62.6795 42.6059 47.1493 22.4487 20.8781 4.61277 2.8816 1.28584
threshold=1300.0000000000002 1450.0000000000002 3.5000000000000004 9.5000000000000018 1700.0000000000002 2100.0000000000005 2550.0000000000005 6.5000000000000009 4.5000000000000009 1.5000000000000002 7.5000000000000009 5.5000000000000009 8.5000000000000018 8.5000000000000018 5.5000000000000009 9.5000000000000018 4.5000000000000009 5.5000000000000009 4.5000000000000009 1900.0000000000002 2250.0000000000005 1900.0000000000002 6.5000000000000009 2.5000000000000004 6.5000000000000009 7.5000000000000009 1900.0000000000002 2550.0000000000005 1900.0000000000002 1900.0000000000002 7.5000000000000009 6.5000000000000009 6.5000000000000009 7.5000000000000009 8.5000000000000018 7.5000000000000009 4.5000000000000009 8.5000000000000018 5.5000000000000009 1700.0000000000002 7.5000000000000009 2.5000000000000004 2.5000000000000004 1100.0000000000002 1900.0000000000002 8.5000000000000018 2.5000000000000004 1.5000000000000002 3.5000000000000004 7.5000000000000009 8.5000000000000018 8.5000000000000018 1.5000000000000002
decision_type=2 2 2 2 2 2 2 2 2 2 2 2 2 2 2 2 2 2 2 2 2 2 2 2 2 2 2 2 2 2 2 2 2 2 2 2 2 2 2 2 2 2 2 2 2 2 2 2 2 2 2 2 2
left_child=14 7 6 4 11 17 9 8 -2 29 -9 36 -12 30 43 32 -7 18 28 42 24 25 -23 52 -18 -19 -5 -28 -6 39 31 -13 -16 -24 35 -26 -4 38 -22 -3 -40 -21 -11 -1 -20 -35 47 -45 -48 -34 -27 -51 -8
right_child=1 2 3 26 5 16 23 10 -10 19 12 13 -14 -15 15 -17 20 21 44 41 37 22 33 -25 34 50 27 -29 -30 -31 -32 -33 49 45 -36 -37 -38 -39 40 -41 -42 -43 -44 46 -46 -47 48 -49 -50 51 -52 -53 -54
leaf_value=-0.47909233847757182 -0.43424876499594306 0.056304427450064753 0.27285899717826395 -0.0079911125462136367 0.29847036529612797 -0.16140564007636829 0.17716833612193233 -0.3801232561126523 0.28584324883104401 -0.033553519658744334 0.0068036638595889102 -0.043876064248672388 -0.27218446433544158 0.17889824176354588 -0.36277404126639551 -0.56080087255306388 0.18806259668485278 0.27119707513667712 0.41776848196764205 -0.35525118576155768 0.23370925146341326 0.15640472016026896 0.37777840173233757 0.45520838920559203 -0.079699182957410811 0.13904421842760512 -0.22184409952163697 0.08856420864661535 0.1360770847797394 -0.061529597640037542 -0.064693069458007818 0.14256468492469962 -0.27290295362472533 0.30246091696146626 -0.14312066363877263 0.20812616320543512 0.15467683622468961 0.26452301917015575 0.0079066680842324304 0.16046292563900352 0.12157798312123745 -0.24880843010659401 -0.10555342873341816 -0.54983509576222944 0.37037677145222342 0.25091990918483376 -0.55752023764782488 -0.49553504624757272 -0.51234974685837242 -0.24389598300491555 0.12397129062344046 -0.2284747777161775 0.15983352654147895
leaf_weight=75 57 61 64 112 93 39 23 87 145 56 113 206 84 139 104 196 57 111 170 36 100 155 139 35 60 126 100 30 75 58 169 124 61 133 29 43 219 64 38 55 62 78 86 61 123 106 144 116 34 69 85 54 20
leaf_count=75 57 61 64 112 93 39 23 87 145 56 113 206 84 139 104 196 57 111 170 36 100 155 139 35 60 126 100 30 75 58 169 124 61 133 29 43 219 64 38 55 62 78 86 61 123 106 144 116 34 69 85 54 20
internal_value=-0.00112645 0.104066 0.129661 0.15562 0.176904 0.226139 -0.0221605 -0.079157 0.082649 -0.0801427 -0.194244 0.0802503 -0.112156 0.0353813 -0.457457 -0.399709 0.106871 0.270729 0.335229 -0.168565 0.129967 0.235952 0.269379 0.297485 0.0568071 0.180621 -0.0843904 -0.150211 0.225973 0.0499501 -0.00459635 0.0261805 -0.290077 0.315704 0.000128597 0.0404609 0.181404 0.182344 0.156046 0.10569 0.0783829 -0.282422 -0.0771591 -0.522458 0.397874 0.279602 -0.531619 -0.514249 -0.548892 -0.248987 0.132972 -0.237126 0.169106
internal_weight=4879 3965 3479 2971 2729 1808 508 486 202 430 284 921 197 638 914 484 492 1316 461 256 453 855 533 78 189 322 242 130 168 174 499 330 288 378 132 103 283 264 200 116 100 114 142 430 293 239 355 177 178 184 211 123 43
internal_count=4879 3965 3479 2971 2729 1808 508 486 202 430 284 921 197 638 914 484 492 1316 461 256 453 855 533 78 189 322 242 130 168 174 499 330 288 378 132 103 283 264 200 116 100 114 142 430 293 239 355 177 178 184 211 123 43
is_linear=0
shrinkage=0.05


Tree=5
num_leaves=54
num_cat=0
split_feature=0 0 2 2 0 0 0 2 2 0 2 2 2 2 2 2 0 2 2 2 2 2 0 2 2 2 0 0 0 2 2 0 2 2 0 0 2 2 2 2 2 2 2 2 2 2 0 2 2 2 0 2 2
split_gain=76085.2 7210.21 4684.89 5716.91 3760.83 3180.62 2140.49 2006.46 2034.53 1845.9 1851.36 1694.18 3788.57 1554.28 1512.85 3300.34 1844.24 1188.15 1076.48 1390.27 555.503 1685.88 935.122 2305.25 757.352 773.945 550.931 707.046 529.763 511.404 845.741 489.715 353.007 350.069 223.784 220.596 198.156 194.328 113.472 110.315 104.516 100.614 50.2608 74.8476 43.6973 37.5061 33.4936 933.701 555.351 28.9632 24.8994 17.2231 10.4075
threshold=1300.0000000000002 1550.0000000000002 9.5000000000000018 3.5000000000000004 2550.0000000000005 1700.0000000000002 1900.0000000000002 5.5000000000000009 6.5000000000000009 2100.0000000000005 4.5000000000000009 5.5000000000000009 9.5000000000000018 5.5000000000000009 6.5000000000000009 4.5000000000000009 1450.0000000000002 1.5000000000000002 7.5000000000000009 8.5000000000000018 4.5000000000000009 5.5000000000000009 1900.0000000000002 6.5000000000000009 7.5000000000000009 8.5000000000000018 1900.0000000000002 2550.0000000000005 1900.0000000000002 7.5000000000000009 8.5000000000000018 1100.0000000000002 7.5000000000000009 1.5000000000000002 1900.0000000000002 2550.0000000000005 2.5000000000000004 2.5000000000000004 7.5000000000000009 4.5000000000000009 1.5000000000000002 2.5000000000000004 7.5000000000000009 6.5000000000000009 2.5000000000000004 8.5000000000000018 2350.0000000000005 8.5000000000000018 8.5000000000000018 3.5000000000000004 2450.0000000000005 8.5000000000000018 6.5000000000000009
decision_type=2 2 2 2 2 2 2 2 2 2 2 2 2 2 2 2 2 2 2 2 2 2 2 2 2 2 2 2 2 2 2 2 2 2 2 2 2 2 2 2 2 2 2 2 2 2 2 2 2 2 2 2 2
left_child=11 14 3 4 6 7 17 39 -9 20 -11 31 32 -12 15 16 -2 -3 -10 -20 28 34 24 -24 -23 -26 -4 -28 -7 -16 -31 -1 52 -8 -22 42 -19 -6 -25 -5 -33 -42 43 50 -35 -40 47 -44 -48 -43 -15 -34 -13
right_child=1 2 26 5 37 9 33 8 18 10 13 12 -14 35 29 -17 -18 36 19 -21 21 22 23 38 25 -27 27 -29 -30 30 -32 40 51 44 -36 -37 -38 -39 45 -41 41 49 46 -45 -46 -47 48 -49 -50 -51 -52 -53 -54
leaf_value=-0.37160162399076441 -0.40191775786465611 0.20432775391797936 -0.0087724270121030071 0.24208554706813112 0.21419118793635833 0.22150383536659538 -0.13070357766067772 -0.10809618798946892 0.22132390284894315 -0.21593792609870435 0.31466051625201902 -0.30388899244078738 -0.53395588479956591 0.10491335159715486 -0.26458954050798311 0.14956214439649232 0.0081534511481340111 0.0027670088268461684 -0.053287094502004584 0.15949612835530139 0.37420358963310724 0.24147741639133646 0.073860823427637431 0.33764694465531248 -0.0052175068847524625 0.18813729888790257 -0.21919172917847085 0.047042268142104153 0.036676012828118269 -0.03013817013374397 -0.24222603609532489 -0.57193740133255255 -0.20064568633311675 -0.3272483799908612 0.28583245293008352 0.22786790659794443 -0.11311872285068705 0.37586394793847028 0.26496018864937237 0.17095762291126818 -0.4649765959483082 -0.51352197739606109 0.20918449201482409 0.0071332664141115151 -0.26099183623139799 0.30425994372045673 -0.013533176143061033 -0.14784967362880708 0.23239062801003457 -0.56094315342786838 0.049174023893746463 -0.16481029819697143 -0.27726041726898731
leaf_weight=73 58 56 102 74 41 84 57 189 113 40 98 103 182 51 88 156 52 63 173 138 180 107 150 153 120 91 113 32 72 112 81 63 76 37 119 26 89 34 134 207 118 150 47 53 76 111 44 30 48 41 33 60 57
leaf_count=73 58 56 102 74 41 84 57 189 113 40 98 103 182 51 88 156 52 63 173 138 180 107 150 153 120 91 113 32 72 112 81 63 76 37 119 26 89 34 134 207 118 150 47 53 76 111 44 30 48 41 33 60 57
internal_value=-0.0112628 0.0846375 0.111855 0.128358 -0.0359456 0.156079 -0.100118 0.0790534 0.028338 0.194527 0.109427 -0.4198 -0.354439 0.139693 -0.0837938 0.00167084 -0.208066 0.00744764 0.0891542 0.0411312 0.224805 0.236669 0.201327 0.240906 0.133121 0.0781725 -0.0978061 -0.160437 0.136199 -0.164696 -0.119149 -0.490007 -0.244061 -0.231727 0.339032 0.0880465 -0.0650871 0.287483 0.303863 0.189689 -0.513243 -0.501276 0.0761662 0.0536598 -0.282686 0.282765 0.0944111 0.0700803 0.114775 -0.523701 0.0830158 -0.184836 -0.294403
internal_weight=4855 3932 3385 3138 453 2685 378 894 613 1791 470 923 478 430 547 266 110 208 424 311 1321 1165 866 548 318 211 247 145 156 281 193 445 296 170 299 332 152 75 398 281 372 309 306 137 113 245 169 77 92 191 84 136 160
internal_count=4855 3932 3385 3138 453 2685 378 894 613 1791 470 923 478 430 547 266 110 208 424 311 1321 1165 866 548 318 211 247 145 156 281 193 445 296 170 299 332 152 75 398 281 372 309 306 137 113 245 169 77 92 191 84 136 160
is_linear=0
shrinkage=0.05


Tree=6
num_leaves=54
num_cat=0
split_feature=0 0 2 2 0 0 0 2 2 0 2 2 2 2 2 2 0 2 2 2 2 2 0 2 2 2 0 0 0 2 2 0 2 2 0 0 2 2 2 2 2 2 2 2 2 2 0 2 2 2 0 2 2
split_gain=68666.9 6507.21 4228.11 5159.52 3394.15 2870.51 1931.79 1810.83 1836.16 1665.93 1670.85 1528.99 3419.19 1402.74 1365.35 2978.56 1664.43 1072.31 971.526 1254.72 501.341 1521.5 843.948 2080.49 683.51 698.485 497.215 638.109 478.111 461.542 763.282 441.968 318.589 315.937 201.965 199.088 178.836 175.381 102.408 99.5596 94.3259 90.8044 45.3604 67.5499 39.4368 33.8492 30.228 842.665 501.204 26.1393 22.4717 15.5438 9.39282
threshold=1300.0000000000002 1550.0000000000002 9.5000000000000018 3.5000000000000004 2550.0000000000005 1700.0000000000002 1900.0000000000002 5.5000000000000009 6.5000000000000009 2100.0000000000005 4.5000000000000009 5.5000000000000009 9.5000000000000018 5.5000000000000009 6.5000000000000009 4.5000000000000009 1450.0000000000002 1.5000000000000002 7.5000000000000009 8.5000000000000018 4.5000000000000009 5.5000000000000009 1900.0000000000002 6.5000000000000009 7.5000000000000009 8.5000000000000018 1900.0000000000002 2550.0000000000005 1900.0000000000002 7.5000000000000009 8.5000000000000018 1100.0000000000002 7.5000000000000009 1.5000000000000002 1900.0000000000002 2550.0000000000005 2.5000000000000004 2.5000000000000004 7.5000000000000009 4.5000000000000009 1.5000000000000002 2.5000000000000004 7.5000000000000009 6.5000000000000009 2.5000000000000004 8.5000000000000018 2350.0000000000005 8.5000000000000018 8.5000000000000018 3.5000000000000004 2450.0000000000005 8.5000000000000018 6.5000000000000009
decision_type=2 2 2 2 2 2 2 2 2 2 2 2 2 2 2 2 2 2 2 2 2 2 2 2 2 2 2 2 2 2 2 2 2 2 2 2 2 2 2 2 2 2 2 2 2 2 2 2 2 2 2 2 2
left_child=11 14 3 4 6 7 17 39 -9 20 -11 31 32 -12 15 16 -2 -3 -10 -20 28 34 24 -24 -23 -26 -4 -28 -7 -16 -31 -1 52 -8 -22 42 -19 -6 -25 -5 -33 -42 43 50 -35 -40 47 -44 -48 -43 -15 -34 -13
right_child=1 2 26 5 37 9 33 8 18 10 13 12 -14 35 29 -17 -18 36 19 -21 21 22 23 38 25 -27 27 -29 -30 30 -32 40 51 44 -36 -37 -38 -39 45 -41 41 49 46 -45 -46 -47 48 -49 -50 -51 -52 -53 -54
leaf_value=-0.35302155064993013 -0.38182185415563913 0.19411135559369411 -0.0083338157543182082 0.22998126613328584 0.20348161991413047 0.21042863700450179 -0.1241683998651672 -0.10269139716943737 0.21025770042685019 -0.20514104895293717 0.29892749131029966 -0.28869454614745765 -0.50725810671900662 0.099667669978796281 -0.25136006432162089 0.1420840324356388 0.0077457781737813583 0.0026286668957225864 -0.050622753253088182 0.15152132431866833 0.35549341950565583 0.229403541940395 0.070167769209171338 0.32076460735421947 -0.00495664371099944 0.17873042743284626 -0.20823212978203443 0.04469013586640358 0.034842213946912025 -0.028631227955754315 -0.23011474546826918 -0.5433405309501621 -0.19061340628878068 -0.31088594101570749 0.27154082492612175 0.21647451680440169 -0.10746278094776561 0.35707074582357623 0.25171217454124745 0.16240974636073563 -0.44172778223657005 -0.48784588920076688 0.19872527000434856 0.0067766007387413179 -0.24794223567372875 0.28904694192581348 -0.012856489877131852 -0.14045720839717737 0.22077108395363518 -0.53289599269628529 0.046715316176414494 -0.15656978346407413 -0.26339737482761083
leaf_weight=73 58 56 102 74 41 84 57 189 113 40 98 103 182 51 88 156 52 63 173 138 180 107 150 153 120 91 113 32 72 112 81 63 76 37 119 26 89 34 134 207 118 150 47 53 76 111 44 30 48 41 33 60 57
leaf_count=73 58 56 102 74 41 84 57 189 113 40 98 103 182 51 88 156 52 63 173 138 180 107 150 153 120 91 113 32 72 112 81 63 76 37 119 26 89 34 134 207 118 150 47 53 76 111 44 30 48 41 33 60 57
internal_value=-0.0106996 0.0804056 0.106262 0.12194 -0.0341483 0.148275 -0.095112 0.0751008 0.0269211 0.1848 0.103956 -0.39881 -0.336718 0.132709 -0.0796041 0.0015873 -0.197663 0.00707526 0.0846965 0.0390746 0.213564 0.224836 0.191261 0.228861 0.126465 0.0742638 -0.0929158 -0.152415 0.129389 -0.156461 -0.113192 -0.465507 -0.231858 -0.220141 0.322081 0.0836441 -0.0618328 0.273109 0.28867 0.180204 -0.487581 -0.476212 0.0723579 0.0509768 -0.268552 0.268627 0.0896905 0.0665763 0.109036 -0.497516 0.078865 -0.175594 -0.279682
internal_weight=4855 3932 3385 3138 453 2685 378 894 613 1791 470 923 478 430 547 266 110 208 424 311 1321 1165 866 548 318 211 247 145 156 281 193 445 296 170 299 332 152 75 398 281 372 309 306 137 113 245 169 77 92 191 84 136 160
internal_count=4855 3932 3385 3138 453 2685 378 894 613 1791 470 923 478 430 547 266 110 208 424 311 1321 1165 866 548 318 211 247 145 156 281 193 445 296 170 299 332 152 75 398 281 372 309 306 137 113 245 169 77 92 191 84 136 160
is_linear=0
shrinkage=0.05


Tree=7
num_leaves=54
num_cat=0
split_feature=0 0 2 2 0 0 0 2 2 0 2 2 2 2 2 2 0 2 2 2 2 2 0 2 2 2 0 0 0 2 2 0 2 2 0 0 2 2 2 2 2 2 2 2 2 2 0 2 2 2 0 2 2
split_gain=61971.9 5872.76 3815.87 4656.46 3063.22 2590.64 1743.44 1634.28 1657.13 1503.5 1507.94 1379.92 3085.82 1265.97 1232.23 2688.15 1502.14 967.756 876.803 1132.38 452.461 1373.16 761.663 1877.64 616.868 630.383 448.737 575.893 431.496 416.542 688.862 398.876 287.527 285.133 182.274 179.677 161.399 158.281 92.4234 89.8526 85.1291 81.951 40.9377 60.9638 35.5917 30.5489 27.2808 760.506 452.336 23.5907 20.2807 14.0283 8.47703
threshold=1300.0000000000002 1550.0000000000002 9.5000000000000018 3.5000000000000004 2550.0000000000005 1700.0000000000002 1900.0000000000002 5.5000000000000009 6.5000000000000009 2100.0000000000005 4.5000000000000009 5.5000000000000009 9.5000000000000018 5.5000000000000009 6.5000000000000009 4.5000000000000009 1450.0000000000002 1.5000000000000002 7.5000000000000009 8.5000000000000018 4.5000000000000009 5.5000000000000009 1900.0000000000002 6.5000000000000009 7.5000000000000009 8.5000000000000018 1900.0000000000002 2550.0000000000005 1900.0000000000002 7.5000000000000009 8.5000000000000018 1100.0000000000002 7.5000000000000009 1.5000000000000002 1900.0000000000002 2550.0000000000005 2.5000000000000004 2.5000000000000004 7.5000000000000009 4.5000000000000009 1.5000000000000002 2.5000000000000004 7.5000000000000009 6.5000000000000009 2.5000000000000004 8.5000000000000018 2350.0000000000005 8.5000000000000018 8.5000000000000018 3.5000000000000004 2450.0000000000005 8.5000000000000018 6.5000000000000009
decision_type=2 2 2 2 2 2 2 2 2 2 2 2 2 2 2 2 2 2 2 2 2 2 2 2 2 2 2 2 2 2 2 2 2 2 2 2 2 2 2 2 2 2 2 2 2 2 2 2 2 2 2 2 2
left_child=11 14 3 4 6 7 17 39 -9 20 -11 31 32 -12 15 16 -2 -3 -10 -20 28 34 24 -24 -23 -26 -4 -28 -7 -16 -31 -1 52 -8 -22 42 -19 -6 -25 -5 -33 -42 43 50 -35 -40 47 -44 -48 -43 -15 -34 -13
right_child=1 2 26 5 37 9 33 8 18 10 13 12 -14 35 29 -17 -18 36 19 -21 21 22 23 38 25 -27 27 -29 -30 30 -32 40 51 44 -36 -37 -38 -39 45 -41 41 49 46 -45 -46 -47 48 -49 -50 -51 -52 -53 -54
leaf_value=-0.33537046993023734 -0.36273078757241883 0.18440579201227852 -0.0079171052275627263 0.21848220556622022 0.19330754185595164 0.19990720379920235 -0.11795998006536251 -0.097556816577596017 0.19974483219923173 -0.19488399710971863 0.28398111458411635 -0.2742598251231666 -0.48189518636727069 0.094684280601202278 -0.2387920678878965 0.13497983116943102 0.0073584828669062035 0.0024972196609254868 -0.048091617372489903 0.14394525354863077 0.33771874402960145 0.2179333750054101 0.066659378595650201 0.30472637316032491 -0.0047088060287448271 0.16979391997332102 -0.19782053626191895 0.042455639690160751 0.033100087754428388 -0.02719967083207199 -0.21860901338082775 -0.51617349899477427 -0.18108274207303399 -0.29534167537616718 0.25796378918555607 0.20565079106734349 -0.10208965519840799 0.33921722033444573 0.23912658086741595 0.15428924627134188 -0.41964137957952286 -0.46345359018941723 0.18878901055815847 0.006437764949393722 -0.23554513470122687 0.27459459324610663 -0.012213683043691246 -0.13343434775869054 0.20973254529914509 -0.50625119383742179 0.044379552656953987 -0.14874130378166836 -0.25022750317788961
leaf_weight=73 58 56 102 74 41 84 57 189 113 40 98 103 182 51 88 156 52 63 173 138 180 107 150 153 120 91 113 32 72 112 81 63 76 37 119 26 89 34 134 207 118 150 47 53 76 111 44 30 48 41 33 60 57
leaf_count=73 58 56 102 74 41 84 57 189 113 40 98 103 182 51 88 156 52 63 173 138 180 107 150 153 120 91 113 32 72 112 81 63 76 37 119 26 89 34 134 207 118 150 47 53 76 111 44 30 48 41 33 60 57
internal_value=-0.0101646 0.0763853 0.100949 0.115843 -0.0324409 0.140861 -0.0903564 0.0713457 0.0255751 0.17556 0.0987578 -0.378869 -0.319882 0.126073 -0.0756239 0.00150793 -0.187779 0.00672149 0.0804617 0.0371209 0.202886 0.213594 0.181698 0.217418 0.120142 0.0705507 -0.08827 -0.144794 0.122919 -0.148638 -0.107532 -0.442231 -0.220265 -0.209134 0.305977 0.0794619 -0.0587411 0.259453 0.274236 0.171194 -0.463201 -0.452401 0.06874 0.0484279 -0.255125 0.255196 0.085206 0.0632474 0.103584 -0.472641 0.0749217 -0.166814 -0.265698
internal_weight=4855 3932 3385 3138 453 2685 378 894 613 1791 470 923 478 430 547 266 110 208 424 311 1321 1165 866 548 318 211 247 145 156 281 193 445 296 170 299 332 152 75 398 281 372 309 306 137 113 245 169 77 92 191 84 136 160
internal_count=4855 3932 3385 3138 453 2685 378 894 613 1791 470 923 478 430 547 266 110 208 424 311 1321 1165 866 548 318 211 247 145 156 281 193 445 296 170 299 332 152 75 398 281 372 309 306 137 113 245 169 77 92 191 84 136 160
is_linear=0
shrinkage=0.05


Tree=8
num_leaves=54
num_cat=0
split_feature=0 0 2 2 0 0 0 2 2 0 2 2 2 2 2 2 0 2 2 2 2 2 0 2 2 2 0 0 0 2 2 0 2 2 0 0 2 2 2 2 2 2 2 2 2 2 0 2 2 2 0 2 2
split_gain=55929.6 5300.16 3443.82 4202.46 2764.56 2338.05 1573.45 1474.94 1495.56 1356.91 1360.92 1245.37 2784.95 1142.54 1112.08 2426.05 1355.69 873.4 791.314 1021.98 408.346 1239.28 687.401 1694.57 556.723 568.921 404.985 519.744 389.425 375.929 621.697 359.986 259.493 257.333 164.502 162.158 145.663 142.849 83.4121 81.0919 76.829 73.9608 36.9463 55.0198 32.1215 27.5704 24.6209 686.356 408.234 21.2906 18.3033 12.6605 7.65049
threshold=1300.0000000000002 1550.0000000000002 9.5000000000000018 3.5000000000000004 2550.0000000000005 1700.0000000000002 1900.0000000000002 5.5000000000000009 6.5000000000000009 2100.0000000000005 4.5000000000000009 5.5000000000000009 9.5000000000000018 5.5000000000000009 6.5000000000000009 4.5000000000000009 1450.0000000000002 1.5000000000000002 7.5000000000000009 8.5000000000000018 4.5000000000000009 5.5000000000000009 1900.0000000000002 6.5000000000000009 7.5000000000000009 8.5000000000000018 1900.0000000000002 2550.0000000000005 1900.0000000000002 7.5000000000000009 8.5000000000000018 1100.0000000000002 7.5000000000000009 1.5000000000000002 1900.0000000000002 2550.0000000000005 2.5000000000000004 2.5000000000000004 7.5000000000000009 4.5000000000000009 1.5000000000000002 2.5000000000000004 7.5000000000000009 6.5000000000000009 2.5000000000000004 8.5000000000000018 2350.0000000000005 8.5000000000000018 8.5000000000000018 3.5000000000000004 2450.0000000000005 8.5000000000000018 6.5000000000000009
decision_type=2 2 2 2 2 2 2 2 2 2 2 2 2 2 2 2 2 2 2 2 2 2 2 2 2 2 2 2 2 2 2 2 2 2 2 2 2 2 2 2 2 2 2 2 2 2 2 2 2 2 2 2 2
left_child=11 14 3 4 6 7 17 39 -9 20 -11 31 32 -12 15 16 -2 -3 -10 -20 28 34 24 -24 -23 -26 -4 -28 -7 -16 -31 -1 52 -8 -22 42 -19 -6 -25 -5 -33 -42 43 50 -35 -40 47 -44 -48 -43 -15 -34 -13
right_child=1 2 26 5 37 9 33 8 18 10 13 12 -14 35 29 -17 -18 36 19 -21 21 22 23 38 25 -27 27 -29 -30 30 -32 40 51 44 -36 -37 -38 -39 45 -41 41 49 46 -45 -46 -47 48 -49 -50 -51 -52 -53 -54
leaf_value=-0.3186019409154478 -0.34459422415700458 0.17518549880478532 -0.0075212441065220861 0.20755809295821834 0.18364216336389869 0.18991184793412685 -0.11206198292866087 -0.092678969558426944 0.18975758022439165 -0.18513977643102408 0.2697820604094589 -0.2605468137750348 -0.45780042433422985 0.089950083488342825 -0.22685245695439252 0.12823084349958944 0.0069905619781750906 0.002372357887881143 -0.045687037878642887 0.13674800983913568 0.32083280546901127 0.20703670015541192 0.063326435670256628 0.2894900624305497 -0.0044733762090133199 0.16130421501430836 -0.18792950304604211 0.040332870930433279 0.031445101276040076 -0.025839697456519518 -0.20767854430057386 -0.49036480926036363 -0.17202859148383143 -0.28057455221140709 0.24506558916148019 0.19536825332504054 -0.096985150789946656 0.32225633154020594 0.22717023430419947 0.14657478422502387 -0.39865930853885112 -0.4402809124986331 0.17934955485323645 0.0061158864003307417 -0.22376786074356031 0.260864879876199 -0.011602980389513753 -0.12676263102640709 0.19924590232937289 -0.4809386480145339 0.042160573827497889 -0.14130423123637834 -0.23771614212085282
leaf_weight=73 58 56 102 74 41 84 57 189 113 40 98 103 182 51 88 156 52 63 173 138 180 107 150 153 120 91 113 32 72 112 81 63 76 37 119 26 89 34 134 207 118 150 47 53 76 111 44 30 48 41 33 60 57
leaf_count=73 58 56 102 74 41 84 57 189 113 40 98 103 182 51 88 156 52 63 173 138 180 107 150 153 120 91 113 32 72 112 81 63 76 37 119 26 89 34 134 207 118 150 47 53 76 111 44 30 48 41 33 60 57
internal_value=-0.00965641 0.0725661 0.0959018 0.110051 -0.0308188 0.133818 -0.0858386 0.0677784 0.0242963 0.166782 0.0938199 -0.359926 -0.303888 0.11977 -0.0718427 0.00143254 -0.178391 0.00638542 0.0764386 0.0352648 0.192742 0.202914 0.172613 0.206547 0.114135 0.0670231 -0.0838565 -0.137554 0.116773 -0.141206 -0.102155 -0.42012 -0.209252 -0.198677 0.290678 0.0754888 -0.0558041 0.246481 0.260525 0.162634 -0.440041 -0.429781 0.065303 0.0460065 -0.242368 0.242436 0.0809457 0.0600851 0.0984051 -0.449008 0.0711756 -0.158474 -0.252413
internal_weight=4855 3932 3385 3138 453 2685 378 894 613 1791 470 923 478 430 547 266 110 208 424 311 1321 1165 866 548 318 211 247 145 156 281 193 445 296 170 299 332 152 75 398 281 372 309 306 137 113 245 169 77 92 191 84 136 160
internal_count=4855 3932 3385 3138 453 2685 378 894 613 1791 470 923 478 430 547 266 110 208 424 311 1321 1165 866 548 318 211 247 145 156 281 193 445 296 170 299 332 152 75 398 281 372 309 306 137 113 245 169 77 92 191 84 136 160
is_linear=0
shrinkage=0.05


Tree=9
num_leaves=54
num_cat=0
split_feature=0 0 2 2 0 0 0 2 2 0 2 2 2 2 2 2 0 2 2 2 2 2 0 2 2 2 0 0 0 2 2 0 2 2 0 0 2 2 2 2 2 2 2 2 2 2 0 2 2 2 0 2 2
split_gain=50476.5 4783.4 3108.05 3792.72 2495.01 2110.09 1420.04 1331.13 1349.75 1224.61 1228.23 1123.95 2513.42 1031.14 1003.66 2189.51 1223.51 788.243 714.161 922.334 368.532 1118.45 620.379 1529.35 502.443 513.451 365.499 469.069 351.456 339.276 561.082 324.887 234.192 232.243 148.463 146.348 131.461 128.921 75.2794 73.1855 69.3382 66.7496 33.344 49.6554 28.9897 24.8823 22.2204 619.436 368.431 19.2148 16.5187 11.4261 6.90459
threshold=1300.0000000000002 1550.0000000000002 9.5000000000000018 3.5000000000000004 2550.0000000000005 1700.0000000000002 1900.0000000000002 5.5000000000000009 6.5000000000000009 2100.0000000000005 4.5000000000000009 5.5000000000000009 9.5000000000000018 5.5000000000000009 6.5000000000000009 4.5000000000000009 1450.0000000000002 1.5000000000000002 7.5000000000000009 8.5000000000000018 4.5000000000000009 5.5000000000000009 1900.0000000000002 6.5000000000000009 7.5000000000000009 8.5000000000000018 1900.0000000000002 2550.0000000000005 1900.0000000000002 7.5000000000000009 8.5000000000000018 1100.0000000000002 7.5000000000000009 1.5000000000000002 1900.0000000000002 2550.0000000000005 2.5000000000000004 2.5000000000000004 7.5000000000000009 4.5000000000000009 1.5000000000000002 2.5000000000000004 7.5000000000000009 6.5000000000000009 2.5000000000000004 8.5000000000000018 2350.0000000000005 8.5000000000000018 8.5000000000000018 3.5000000000000004 2450.0000000000005 8.5000000000000018 6.5000000000000009
decision_type=2 2 2 2 2 2 2 2 2 2 2 2 2 2 2 2 2 2 2 2 2 2 2 2 2 2 2 2 2 2 2 2 2 2 2 2 2 2 2 2 2 2 2 2 2 2 2 2 2 2 2 2 2
left_child=11 14 3 4 6 7 17 39 -9 20 -11 31 32 -12 15 16 -2 -3 -10 -20 28 34 24 -24 -23 -26 -4 -28 -7 -16 -31 -1 52 -8 -22 42 -19 -6 -25 -5 -33 -42 43 50 -35 -40 47 -44 -48 -43 -15 -34 -13
right_child=1 2 26 5 37 9 33 8 18 10 13 12 -14 35 29 -17 -18 36 19 -21 21 22 23 38 25 -27 27 -29 -30 30 -32 40 51 44 -36 -37 -38 -39 45 -41 41 49 46 -45 -46 -47 48 -49 -50 -51 -52 -53 -54
leaf_value=-0.30267184576249284 -0.32736450552554996 0.16642624512190066 -0.0071451841214416074 0.19718018752094862 0.17446006601903497 0.18041626795061999 -0.10645887441279596 -0.088045037340707885 0.18026968973927793 -0.17588280186057093 0.25629295448259432 -0.24751948492637685 -0.43491040857119878 0.085452572738423077 -0.21550983574707061 0.12181930532440162 0.0066410343091075248 0.0022537419720301557 -0.04340267805436443 0.129910590502339 0.30479116338201701 0.19668486106131122 0.060160088270902634 0.27501554504208864 -0.0042496951564680785 0.15323900822754746 -0.17853303820686003 0.038316216971725228 0.029872830543253161 -0.024547731414038158 -0.19729462335875006 -0.46584658029060516 -0.16342717664022197 -0.26654586118419432 0.23281232216904144 0.18559983534595142 -0.092135899890674638 0.30614352239405407 0.21581173278947374 0.13924604780378119 -0.37872635580725594 -0.41826686654488249 0.17038206952683471 0.0058100828865789017 -0.21257948616617606 0.24782161641832406 -0.011022845858877356 -0.12042447912196319 0.18928361060097815 -0.45689171981520771 0.040052547446931853 -0.13423902501662574 -0.22583032280171961
leaf_weight=73 58 56 102 74 41 84 57 189 113 40 98 103 182 51 88 156 52 63 173 138 180 107 150 153 120 91 113 32 72 112 81 63 76 37 119 26 89 34 134 207 118 150 47 53 76 111 44 30 48 41 33 60 57
leaf_count=73 58 56 102 74 41 84 57 189 113 40 98 103 182 51 88 156 52 63 173 138 180 107 150 153 120 91 113 32 72 112 81 63 76 37 119 26 89 34 134 207 118 150 47 53 76 111 44 30 48 41 33 60 57
internal_value=-0.00917359 0.0689377 0.0911067 0.104549 -0.0292779 0.127127 -0.0815466 0.0643895 0.0230815 0.158443 0.0891289 -0.34193 -0.288693 0.113781 -0.0682506 0.00136092 -0.169471 0.00606616 0.0726167 0.0335016 0.183105 0.192769 0.163982 0.19622 0.108428 0.063672 -0.0796637 -0.130677 0.110935 -0.134146 -0.0970477 -0.399114 -0.198789 -0.188743 0.276144 0.0717144 -0.0530139 0.234157 0.247498 0.154503 -0.418039 -0.408292 0.0620378 0.0437062 -0.23025 0.230314 0.0768984 0.0570808 0.0934849 -0.426558 0.0676168 -0.15055 -0.239793
internal_weight=4855 3932 3385 3138 453 2685 378 894 613 1791 470 923 478 430 547 266 110 208 424 311 1321 1165 866 548 318 211 247 145 156 281 193 445 296 170 299 332 152 75 398 281 372 309 306 137 113 245 169 77 92 191 84 136 160
internal_count=4855 3932 3385 3138 453 2685 378 894 613 1791 470 923 478 430 547 266 110 208 424 311 1321 1165 866 548 318 211 247 145 156 281 193 445 296 170 299 332 152 75 398 281 372 309 306 137 113 245 169 77 92 191 84 136 160
is_linear=0
shrinkage=0.05


Tree=10
num_leaves=54
num_cat=0
split_feature=0 2 0 2 0 0 0 2 2 2 2 2 2 2 2 0 2 2 2 2 0 2 0 0 2 2 2 0 0 2 0 2 0 2 2 2 2 2 2 2 2 0 2 0 2 2 2 2 2 2 2 0 2
split_gain=47568.8 3889.61 4267.25 4219.67 2260.44 2053.81 1592.93 2183.88 1476.98 2401.21 1435.54 2910.8 1176.79 979.077 1126.71 860.333 834.393 833.346 1051.08 652.224 553.187 516.066 432.869 541.72 403.031 972.26 365.432 289.362 283.013 191.941 191.777 261.843 188.974 186.623 336.977 280.905 186.597 183.174 180.861 156.549 262.928 109.728 171.008 81.7311 51.3901 46.5692 39.8804 28.0979 17.3483 5.99331 5.46109 0.174248 0.978082
threshold=1300.0000000000002 3.5000000000000004 1550.0000000000002 9.5000000000000018 1700.0000000000002 2100.0000000000005 2550.0000000000005 1.5000000000000002 4.5000000000000009 6.5000000000000009 5.5000000000000009 9.5000000000000018 4.5000000000000009 5.5000000000000009 8.5000000000000018 1900.0000000000002 5.5000000000000009 7.5000000000000009 8.5000000000000018 7.5000000000000009 2350.0000000000005 4.5000000000000009 1900.0000000000002 1700.0000000000002 7.5000000000000009 6.5000000000000009 2.5000000000000004 2550.0000000000005 1900.0000000000002 2.5000000000000004 1900.0000000000002 6.5000000000000009 1900.0000000000002 8.5000000000000018 7.5000000000000009 6.5000000000000009 4.5000000000000009 7.5000000000000009 2.5000000000000004 5.5000000000000009 7.5000000000000009 2550.0000000000005 8.5000000000000018 1900.0000000000002 2.5000000000000004 1.5000000000000002 8.5000000000000018 8.5000000000000018 6.5000000000000009 8.5000000000000018 7.5000000000000009 1100.0000000000002 3.5000000000000004
decision_type=2 2 2 2 2 2 2 2 2 2 2 2 2 2 2 2 2 2 2 2 2 2 2 2 2 2 2 2 2 2 2 2 2 2 2 2 2 2 2 2 2 2 2 2 2 2 2 2 2 2 2 2 2
left_child=10 6 8 4 13 16 7 22 -3 -10 38 19 -7 36 24 44 21 -11 -19 48 33 43 23 -2 25 -15 -8 28 -5 -17 37 -32 -23 34 35 -14 -4 -18 45 -22 -41 42 -42 -6 -9 -1 -21 -39 -12 50 -33 -40 -53
right_child=1 2 3 27 5 12 26 15 9 17 11 -13 20 14 -16 29 30 18 -20 46 39 32 -24 -25 -26 -27 -28 -29 -30 -31 31 49 -34 -35 -36 -37 -38 47 51 40 41 -43 -44 -45 -46 -47 -48 -49 -50 -51 -52 52 -54
leaf_value=-0.38470454870912363 -0.0093320376612246042 -0.26312228790269448 0.22182373679310519 -0.041756138423675891 0.212314988094671 -0.18058865249156952 0.04988328993320465 -0.062984982425091318 0.15011937051104049 -0.21853991127112413 -0.24416485053300857 -0.41514089801642851 0.093430408783126306 -0.033764175414655581 0.1615341433491424 -0.38656991464751111 0.19026268717941938 0.058124015962376319 -0.17712750774631394 -0.055040174060397677 0.1961227162776269 0.32210595827225763 -0.064686543207902167 0.2049614396588556 -0.061949979733018315 0.1446687339392842 0.26789914715934443 0.069390704714018731 -0.15416390695403109 -0.24618406552821398 0.13079489198689526 0.20581592978263391 0.24262595073216492 -0.086954542077504679 0.1721728675391363 -0.059760445427326926 0.12561889434243267 0.1263377966353437 -0.41267724097638897 0.0029438771552553304 0.060751693251919238 0.24255156947506801 0.19563061818480493 0.14083227563548734 -0.12675817810806886 -0.33189070339120619 -0.11075121107800255 0.089017763361334809 -0.20920388798822059 0.19842224034969466 0.21956443843156312 -0.41380192445050323 -0.42257151145488026
leaf_weight=64 60 65 69 111 87 40 40 51 156 91 100 190 57 204 139 35 111 119 79 72 106 184 65 58 170 122 37 29 113 80 148 147 126 26 46 63 187 120 69 38 47 27 47 74 83 120 58 87 55 101 142 155 40
leaf_count=64 60 65 69 111 87 40 40 51 156 91 100 190 57 204 139 35 111 119 79 72 106 184 65 58 170 122 37 29 113 80 148 147 126 26 46 63 187 120 69 38 47 27 47 74 83 120 58 87 55 101 142 155 40
internal_value=-0.000652906 0.0742275 0.0931202 0.116078 0.134277 0.166164 -0.0548664 -0.0922098 -0.0404858 -0.0079659 -0.324107 -0.263549 0.0794687 0.0690011 0.035722 -0.188586 0.198634 -0.0932991 -0.035739 -0.162488 0.102231 0.252084 0.0389247 0.0959987 0.000464107 0.0330113 0.154644 -0.0792218 -0.0984618 -0.28891 0.169224 0.187419 0.289801 0.0376029 0.0571119 0.0130052 0.151549 0.138441 -0.388314 0.149056 0.117678 0.15371 0.128191 0.17946 -0.102486 -0.350261 -0.0798959 0.110653 -0.231759 0.208907 0.212571 -0.414837 -0.415601
internal_weight=4910 3987 3478 2968 2715 1824 509 432 510 445 923 475 497 891 635 249 1327 289 198 285 457 471 183 118 496 326 77 253 224 115 856 538 310 192 166 120 256 318 448 265 159 121 94 161 134 184 130 207 155 390 289 264 195
internal_count=4910 3987 3478 2968 2715 1824 509 432 510 445 923 475 497 891 635 249 1327 289 198 285 457 471 183 118 496 326 77 253 224 115 856 538 310 192 166 120 256 318 448 265 159 121 94 161 134 184 130 207 155 390 289 264 195
is_linear=0
shrinkage=0.05


Tree=11
num_leaves=54
num_cat=0
split_feature=0 2 0 2 0 0 0 2 2 2 2 2 2 2 2 0 2 2 2 2 0 2 0 0 2 2 2 0 0 2 0 2 0 2 2 2 2 2 2 2 2 0 2 0 2 2 2 2 2 2 2 0 2
split_gain=42930.9 3510.37 3851.19 3808.25 2040.04 1853.56 1437.62 1970.95 1332.98 2167.09 1295.58 2627 1062.05 883.617 1016.86 776.45 753.04 752.095 948.595 588.632 499.251 465.75 390.664 488.903 363.735 877.464 329.803 261.149 255.419 173.226 173.079 236.313 170.549 168.428 304.122 253.517 168.404 165.314 163.227 141.285 237.293 99.0296 154.335 73.7623 46.3796 42.0287 35.9921 25.3584 15.6569 5.40895 4.92864 0.157257 0.882725
threshold=1300.0000000000002 3.5000000000000004 1550.0000000000002 9.5000000000000018 1700.0000000000002 2100.0000000000005 2550.0000000000005 1.5000000000000002 4.5000000000000009 6.5000000000000009 5.5000000000000009 9.5000000000000018 4.5000000000000009 5.5000000000000009 8.5000000000000018 1900.0000000000002 5.5000000000000009 7.5000000000000009 8.5000000000000018 7.5000000000000009 2350.0000000000005 4.5000000000000009 1900.0000000000002 1700.0000000000002 7.5000000000000009 6.5000000000000009 2.5000000000000004 2550.0000000000005 1900.0000000000002 2.5000000000000004 1900.0000000000002 6.5000000000000009 1900.0000000000002 8.5000000000000018 7.5000000000000009 6.5000000000000009 4.5000000000000009 7.5000000000000009 2.5000000000000004 5.5000000000000009 7.5000000000000009 2550.0000000000005 8.5000000000000018 1900.0000000000002 2.5000000000000004 1.5000000000000002 8.5000000000000018 8.5000000000000018 6.5000000000000009 8.5000000000000018 7.5000000000000009 1100.0000000000002 3.5000000000000004
decision_type=2 2 2 2 2 2 2 2 2 2 2 2 2 2 2 2 2 2 2 2 2 2 2 2 2 2 2 2 2 2 2 2 2 2 2 2 2 2 2 2 2 2 2 2 2 2 2 2 2 2 2 2 2
left_child=10 6 8 4 13 16 7 22 -3 -10 38 19 -7 36 24 44 21 -11 -19 48 33 43 23 -2 25 -15 -8 28 -5 -17 37 -32 -23 34 35 -14 -4 -18 45 -22 -41 42 -42 -6 -9 -1 -21 -39 -12 50 -33 -40 -53
right_child=1 2 3 27 5 12 26 15 9 17 11 -13 20 14 -16 29 30 18 -20 46 39 32 -24 -25 -26 -27 -28 -29 -30 -31 31 49 -34 -35 -36 -37 -38 47 51 40 41 -43 -44 -45 -46 -47 -48 -49 -50 -51 -52 52 -54
leaf_value=-0.3654693195363507 -0.0088654359802603725 -0.24996617538424637 0.21073254224830779 -0.039668331870825982 0.2016992448786295 -0.17155922394245865 0.047389112934470179 -0.059835733210339276 0.14261339347785673 -0.20761291541896024 -0.23195661883056165 -0.39438383722432746 0.088758892500609698 -0.032075966167829782 0.15345742454243116 -0.36724141742501942 0.18074954310515981 0.055217808882604129 -0.16827112524947035 -0.052288161507911157 0.1863165724811689 0.30600066676573912 -0.061452226913892308 0.19471338905137162 -0.058852476188365158 0.13743530062378431 0.25450417592718794 0.065921170136024207 -0.14645571550436781 -0.23387484550476076 0.1242551489431109 0.19552512620353985 0.23049465243128087 -0.082606809815535184 0.16356422637143864 -0.056772413518693714 0.11933793851054886 0.12002089376250902 -0.39204337700553565 0.0027966767304429888 0.057714108393547382 0.23042398989200594 0.18584908300495528 0.13379066914722726 -0.1204202562884753 -0.31529618392388031 -0.10521365630215612 0.08456686967234503 -0.19874369751323354 0.18850113770159166 0.20858621779094699 -0.39311180575720728 -0.401442942917347
leaf_weight=64 60 65 69 111 87 40 40 51 156 91 100 190 57 204 139 35 111 119 79 72 106 184 65 58 170 122 37 29 113 80 148 147 126 26 46 63 187 120 69 38 47 27 47 74 83 120 58 87 55 101 142 155 40
leaf_count=64 60 65 69 111 87 40 40 51 156 91 100 190 57 204 139 35 111 119 79 72 106 184 65 58 170 122 37 29 113 80 148 147 126 26 46 63 187 120 69 38 47 27 47 74 83 120 58 87 55 101 142 155 40
internal_value=-0.000620261 0.0705161 0.0884642 0.110274 0.127563 0.157856 -0.0521231 -0.0875993 -0.0384615 -0.00756761 -0.307902 -0.250372 0.0754953 0.0655511 0.0339359 -0.179156 0.188702 -0.0886342 -0.033952 -0.154364 0.0971193 0.239479 0.0369784 0.0911987 0.000440904 0.0313608 0.146912 -0.0752607 -0.0935388 -0.274465 0.160763 0.178048 0.275311 0.0357228 0.0542563 0.012355 0.143972 0.131519 -0.368899 0.141603 0.111794 0.146024 0.121782 0.170487 -0.097362 -0.332748 -0.0759011 0.10512 -0.220171 0.198462 0.201943 -0.394095 -0.394821
internal_weight=4910 3987 3478 2968 2715 1824 509 432 510 445 923 475 497 891 635 249 1327 289 198 285 457 471 183 118 496 326 77 253 224 115 856 538 310 192 166 120 256 318 448 265 159 121 94 161 134 184 130 207 155 390 289 264 195
internal_count=4910 3987 3478 2968 2715 1824 509 432 510 445 923 475 497 891 635 249 1327 289 198 285 457 471 183 118 496 326 77 253 224 115 856 538 310 192 166 120 256 318 448 265 159 121 94 161 134 184 130 207 155 390 289 264 195
is_linear=0
shrinkage=0.05


Tree=12
num_leaves=54
num_cat=0
split_feature=0 2 0 2 0 0 0 2 2 2 2 2 2 2 2 0 2 2 2 2 0 2 0 0 2 2 2 0 0 2 0 2 0 2 2 2 2 2 2 2 2 0 2 0 2 2 2 2 2 2 2 0 2
split_gain=38745.1 3168.11 3475.7 3436.95 1841.14 1672.84 1297.45 1778.79 1203.01 1955.8 1169.26 2370.86 958.502 797.464 917.712 700.747 679.618 678.766 856.107 531.241 450.574 420.339 352.574 441.235 328.271 791.912 297.647 235.687 230.516 156.337 156.204 213.273 153.921 152.006 274.47 228.799 151.984 149.196 147.313 127.51 214.157 89.3742 139.287 66.5705 41.8576 37.9309 32.4828 22.886 14.1303 4.88159 4.44809 0.141925 0.796655
threshold=1300.0000000000002 3.5000000000000004 1550.0000000000002 9.5000000000000018 1700.0000000000002 2100.0000000000005 2550.0000000000005 1.5000000000000002 4.5000000000000009 6.5000000000000009 5.5000000000000009 9.5000000000000018 4.5000000000000009 5.5000000000000009 8.5000000000000018 1900.0000000000002 5.5000000000000009 7.5000000000000009 8.5000000000000018 7.5000000000000009 2350.0000000000005 4.5000000000000009 1900.0000000000002 1700.0000000000002 7.5000000000000009 6.5000000000000009 2.5000000000000004 2550.0000000000005 1900.0000000000002 2.5000000000000004 1900.0000000000002 6.5000000000000009 1900.0000000000002 8.5000000000000018 7.5000000000000009 6.5000000000000009 4.5000000000000009 7.5000000000000009 2.5000000000000004 5.5000000000000009 7.5000000000000009 2550.0000000000005 8.5000000000000018 1900.0000000000002 2.5000000000000004 1.5000000000000002 8.5000000000000018 8.5000000000000018 6.5000000000000009 8.5000000000000018 7.5000000000000009 1100.0000000000002 3.5000000000000004
decision_type=2 2 2 2 2 2 2 2 2 2 2 2 2 2 2 2 2 2 2 2 2 2 2 2 2 2 2 2 2 2 2 2 2 2 2 2 2 2 2 2 2 2 2 2 2 2 2 2 2 2 2 2 2
left_child=10 6 8 4 13 16 7 22 -3 -10 38 19 -7 36 24 44 21 -11 -19 48 33 43 23 -2 25 -15 -8 28 -5 -17 37 -32 -23 34 35 -14 -4 -18 45 -22 -41 42 -42 -6 -9 -1 -21 -39 -12 50 -33 -40 -53
right_child=1 2 3 27 5 12 26 15 9 17 11 -13 20 14 -16 29 30 18 -20 46 39 32 -24 -25 -26 -27 -28 -29 -30 -31 31 49 -34 -35 -36 -37 -38 47 51 40 41 -43 -44 -45 -46 -47 -48 -49 -50 -51 -52 52 -54
leaf_value=-0.34719585495768118 -0.0084221666740874456 -0.23746786907315257 0.20019592772359435 -0.037684905147263865 0.19161427292073596 -0.16298126973211768 0.045019665323197844 -0.056843951870413391 0.13548273501487881 -0.19723226831570925 -0.22035879092663527 -0.37466465921876463 0.084320938378049617 -0.030472170467506728 0.14578455219165884 -0.34887935441519535 0.17171207127572449 0.052456921107378332 -0.1598575603169731 -0.049673756832877801 0.17700075164859028 0.29070062170478356 -0.058379609114848657 0.18497772242488533 -0.055909868145690246 0.1305635275960457 0.24177898394094932 0.062625113437915672 -0.13913293164388268 -0.22218112469650808 0.11804238326117598 0.18574887976354482 0.21896990933899013 -0.078476467327429703 0.15538601511077066 -0.053933796286582951 0.11337105124232603 0.11401985682547094 -0.37244121544602993 0.0026568459297873475 0.054828414051456657 0.21890279126043122 0.17655663223976786 0.1271011268468322 -0.11439925012894392 -0.29953137374948707 -0.099952972140805479 0.080338512104133078 -0.18880651018158956 0.17907608006850328 0.19815691657049556 -0.37345623632111857 -0.38137079233303672
leaf_weight=64 60 65 69 111 87 40 40 51 156 91 100 190 57 204 139 35 111 119 79 72 106 184 65 58 170 122 37 29 113 80 148 147 126 26 46 63 187 120 69 38 47 27 47 74 83 120 58 87 55 101 142 155 40
leaf_count=64 60 65 69 111 87 40 40 51 156 91 100 190 57 204 139 35 111 119 79 72 106 184 65 58 170 122 37 29 113 80 148 147 126 26 46 63 187 120 69 38 47 27 47 74 83 120 58 87 55 101 142 155 40
internal_value=-0.00058925 0.0669903 0.084041 0.10476 0.121185 0.149963 -0.049517 -0.0832193 -0.0365385 -0.00718922 -0.292507 -0.237853 0.0717205 0.0622735 0.0322391 -0.170199 0.179267 -0.0842025 -0.0322544 -0.146646 0.0922633 0.227505 0.0351295 0.0866388 0.000418851 0.0297927 0.139566 -0.0714977 -0.0888618 -0.260741 0.152725 0.169146 0.261546 0.0339366 0.0515435 0.0117372 0.136773 0.124943 -0.350454 0.134523 0.106204 0.138723 0.115693 0.161962 -0.0924939 -0.31611 -0.072106 0.0998639 -0.209163 0.188539 0.191846 -0.37439 -0.37508
internal_weight=4910 3987 3478 2968 2715 1824 509 432 510 445 923 475 497 891 635 249 1327 289 198 285 457 471 183 118 496 326 77 253 224 115 856 538 310 192 166 120 256 318 448 265 159 121 94 161 134 184 130 207 155 390 289 264 195
internal_count=4910 3987 3478 2968 2715 1824 509 432 510 445 923 475 497 891 635 249 1327 289 198 285 457 471 183 118 496 326 77 253 224 115 856 538 310 192 166 120 256 318 448 265 159 121 94 161 134 184 130 207 155 390 289 264 195
is_linear=0
shrinkage=0.05


Tree=13
num_leaves=54
num_cat=0
split_feature=0 2 0 2 0 0 0 2 2 2 2 2 2 2 2 0 2 2 2 2 0 2 0 0 2 2 2 0 0 2 0 2 0 2 2 2 2 2 2 2 2 0 2 0 2 2 2 2 2 2 2 0 2
split_gain=34967.5 2859.22 3136.82 3101.85 1661.63 1509.74 1170.95 1605.35 1085.72 1765.11 1055.26 2139.71 865.048 719.711 828.235 632.424 613.355 612.586 772.636 479.445 406.643 379.356 318.198 398.214 296.265 714.7 268.626 212.708 208.04 141.094 140.974 192.479 138.913 137.185 247.709 206.491 137.166 134.649 132.95 115.078 193.276 80.6602 125.706 60.0798 37.7765 34.2327 29.3158 20.6546 12.7526 4.40563 4.01441 0.128088 0.718982
threshold=1300.0000000000002 3.5000000000000004 1550.0000000000002 9.5000000000000018 1700.0000000000002 2100.0000000000005 2550.0000000000005 1.5000000000000002 4.5000000000000009 6.5000000000000009 5.5000000000000009 9.5000000000000018 4.5000000000000009 5.5000000000000009 8.5000000000000018 1900.0000000000002 5.5000000000000009 7.5000000000000009 8.5000000000000018 7.5000000000000009 2350.0000000000005 4.5000000000000009 1900.0000000000002 1700.0000000000002 7.5000000000000009 6.5000000000000009 2.5000000000000004 2550.0000000000005 1900.0000000000002 2.5000000000000004 1900.0000000000002 6.5000000000000009 1900.0000000000002 8.5000000000000018 7.5000000000000009 6.5000000000000009 4.5000000000000009 7.5000000000000009 2.5000000000000004 5.5000000000000009 7.5000000000000009 2550.0000000000005 8.5000000000000018 1900.0000000000002 2.5000000000000004 1.5000000000000002 8.5000000000000018 8.5000000000000018 6.5000000000000009 8.5000000000000018 7.5000000000000009 1100.0000000000002 3.5000000000000004
decision_type=2 2 2 2 2 2 2 2 2 2 2 2 2 2 2 2 2 2 2 2 2 2 2 2 2 2 2 2 2 2 2 2 2 2 2 2 2 2 2 2 2 2 2 2 2 2 2 2 2 2 2 2 2
left_child=10 6 8 4 13 16 7 22 -3 -10 38 19 -7 36 24 44 21 -11 -19 48 33 43 23 -2 25 -15 -8 28 -5 -17 37 -32 -23 34 35 -14 -4 -18 45 -22 -41 42 -42 -6 -9 -1 -21 -39 -12 50 -33 -40 -53
right_child=1 2 3 27 5 12 26 15 9 17 11 -13 20 14 -16 29 30 18 -20 46 39 32 -24 -25 -26 -27 -28 -29 -30 -31 31 49 -34 -35 -36 -37 -38 47 51 40 41 -43 -44 -45 -46 -47 -48 -49 -50 -51 -52 52 -54
leaf_value=-0.32983608469367032 -0.0080010525385538749 -0.2255944877375777 0.19018613481826649 -0.035800658210038069 0.18203356098169568 -0.15483219646848739 0.042768687382340437 -0.054001751191475815 0.12870859710547405 -0.18737063855751532 -0.20934084153175353 -0.35593143239862435 0.080104897079760581 -0.028948544336519406 0.13849532018087324 -0.33143535938646118 0.16312646769566108 0.049834051646855698 -0.15186468732507924 -0.047190074788199532 0.1681507069635082 0.27616558762712645 -0.055460625107471767 0.17572881770801957 -0.05311436895938481 0.1240353700109437 0.22969002079319312 0.059493854128081225 -0.13217628036452608 -0.21107206544838847 0.11214026466163028 0.17646143837850922 0.20802142005118116 -0.074552646737832282 0.14761671611796254 -0.051237102538820301 0.10770249768374439 0.10831887189298868 -0.35381914040316709 0.0025240008621231508 0.052086988678003876 0.20795765157651017 0.16772879346254024 0.1207460707129055 -0.10867928971188615 -0.28455479307100179 -0.094955315466584839 0.07632160077149841 -0.17936618227680978 0.17012228551920097 0.18824907390164658 -0.35478341532811042 -0.36230224873870615
leaf_weight=64 60 65 69 111 87 40 40 51 156 91 100 190 57 204 139 35 111 119 79 72 106 184 65 58 170 122 37 29 113 80 148 147 126 26 46 63 187 120 69 38 47 27 47 74 83 120 58 87 55 101 142 155 40
leaf_count=64 60 65 69 111 87 40 40 51 156 91 100 190 57 204 139 35 111 119 79 72 106 184 65 58 170 122 37 29 113 80 148 147 126 26 46 63 187 120 69 38 47 27 47 74 83 120 58 87 55 101 142 155 40
internal_value=-0.000559785 0.0636408 0.0798389 0.0995225 0.115126 0.142465 -0.0470411 -0.0790583 -0.0347115 -0.00682976 -0.277881 -0.225961 0.0681345 0.0591599 0.0306271 -0.161689 0.170304 -0.0799923 -0.0306417 -0.139313 0.0876502 0.21613 0.033373 0.0823068 0.000397922 0.0283031 0.132588 -0.0679228 -0.0844187 -0.247704 0.145088 0.160688 0.248468 0.0322398 0.0489663 0.0111503 0.129934 0.118696 -0.332931 0.127797 0.100894 0.131787 0.109908 0.153864 -0.0878692 -0.300305 -0.0685007 0.0948707 -0.198705 0.179112 0.182253 -0.355671 -0.356326
internal_weight=4910 3987 3478 2968 2715 1824 509 432 510 445 923 475 497 891 635 249 1327 289 198 285 457 471 183 118 496 326 77 253 224 115 856 538 310 192 166 120 256 318 448 265 159 121 94 161 134 184 130 207 155 390 289 264 195
internal_count=4910 3987 3478 2968 2715 1824 509 432 510 445 923 475 497 891 635 249 1327 289 198 285 457 471 183 118 496 326 77 253 224 115 856 538 310 192 166 120 256 318 448 265 159 121 94 161 134 184 130 207 155 390 289 264 195
is_linear=0
shrinkage=0.05


Tree=14
num_leaves=54
num_cat=0
split_feature=0 2 0 2 0 0 0 2 2 2 2 2 2 2 2 0 2 2 2 2 0 2 0 0 2 2 2 0 0 2 0 2 0 2 2 2 2 2 2 2 2 0 2 0 2 2 2 2 2 2 2 0 2
split_gain=31558.1 2580.45 2830.98 2799.42 1499.62 1362.54 1056.78 1448.83 979.862 1593.01 952.368 1931.08 780.706 649.539 747.483 570.762 553.553 552.859 697.305 432.699 366.996 342.369 287.174 359.388 267.379 645.017 242.435 191.969 187.756 127.337 127.229 173.712 125.369 123.81 223.558 186.358 123.792 121.521 119.987 103.858 174.432 72.7958 113.45 54.2221 34.0932 30.8949 26.4575 18.6407 11.5092 3.97607 3.62301 0.115599 0.648881
threshold=1300.0000000000002 3.5000000000000004 1550.0000000000002 9.5000000000000018 1700.0000000000002 2100.0000000000005 2550.0000000000005 1.5000000000000002 4.5000000000000009 6.5000000000000009 5.5000000000000009 9.5000000000000018 4.5000000000000009 5.5000000000000009 8.5000000000000018 1900.0000000000002 5.5000000000000009 7.5000000000000009 8.5000000000000018 7.5000000000000009 2350.0000000000005 4.5000000000000009 1900.0000000000002 1700.0000000000002 7.5000000000000009 6.5000000000000009 2.5000000000000004 2550.0000000000005 1900.0000000000002 2.5000000000000004 1900.0000000000002 6.5000000000000009 1900.0000000000002 8.5000000000000018 7.5000000000000009 6.5000000000000009 4.5000000000000009 7.5000000000000009 2.5000000000000004 5.5000000000000009 7.5000000000000009 2550.0000000000005 8.5000000000000018 1900.0000000000002 2.5000000000000004 1.5000000000000002 8.5000000000000018 8.5000000000000018 6.5000000000000009 8.5000000000000018 7.5000000000000009 1100.0000000000002 3.5000000000000004
decision_type=2 2 2 2 2 2 2 2 2 2 2 2 2 2 2 2 2 2 2 2 2 2 2 2 2 2 2 2 2 2 2 2 2 2 2 2 2 2 2 2 2 2 2 2 2 2 2 2 2 2 2 2 2
left_child=10 6 8 4 13 16 7 22 -3 -10 38 19 -7 36 24 44 21 -11 -19 48 33 43 23 -2 25 -15 -8 28 -5 -17 37 -32 -23 34 35 -14 -4 -18 45 -22 -41 42 -42 -6 -9 -1 -21 -39 -12 50 -33 -40 -53
right_child=1 2 3 27 5 12 26 15 9 17 11 -13 20 14 -16 29 30 18 -20 46 39 32 -24 -25 -26 -27 -28 -29 -30 -31 31 49 -34 -35 -36 -37 -38 47 51 40 41 -43 -44 -45 -46 -47 -48 -49 -50 -51 -52 52 -54
leaf_value=-0.31334425418172035 -0.0076010086884101234 -0.21431475256498045 0.18067681924507456 -0.034010647881675411 0.17293188382453961 -0.14709058403037489 0.04063024392351508 -0.051301668672000658 0.12227314959327953 -0.17800210804402172 -0.1988737951219082 -0.33813485286149542 0.076099655136727451 -0.027501121789728314 0.13157056859366115 -0.31486360537154334 0.15497013959899411 0.047342367633050234 -0.14427145736504207 -0.044830550750096641 0.15974317730035423 0.26235731338231782 -0.052687600071613605 0.16694239231533017 -0.050458652649677416 0.11783358219278153 0.21820551898028398 0.05651915576951258 -0.12556745312382689 -0.20051844893256204 0.10653325083187304 0.16763835420870052 0.19762035123412572 -0.070825011913593 0.14023586706076141 -0.048675244195120676 0.10231737441577536 0.10290291915958127 -0.3361281880002091 0.0023978047023870443 0.049482629725590671 0.19755977149362919 0.15934235967220145 0.11470876293307222 -0.10324530142797046 -0.27032706995805106 -0.090207561336714648 0.072505508046383157 -0.17039788780120119 0.16161617221550484 0.17883661817496932 -0.33704424152451179 -0.34418713446706534
leaf_weight=64 60 65 69 111 87 40 40 51 156 91 100 190 57 204 139 35 111 119 79 72 106 184 65 58 170 122 37 29 113 80 148 147 126 26 46 63 187 120 69 38 47 27 47 74 83 120 58 87 55 101 142 155 40
leaf_count=64 60 65 69 111 87 40 40 51 156 91 100 190 57 204 139 35 111 119 79 72 106 184 65 58 170 122 37 29 113 80 148 147 126 26 46 63 187 120 69 38 47 27 47 74 83 120 58 87 55 101 142 155 40
internal_value=-0.000531796 0.0604588 0.075847 0.0945463 0.10937 0.135342 -0.0446891 -0.0751054 -0.032976 -0.00648828 -0.263987 -0.214663 0.0647278 0.0562019 0.0290958 -0.153604 0.161788 -0.0759927 -0.0291096 -0.132348 0.0832677 0.205324 0.0317044 0.0781915 0.000378019 0.0268879 0.125959 -0.0645267 -0.0801978 -0.235319 0.137834 0.152654 0.236045 0.0306278 0.046518 0.0105928 0.123438 0.112761 -0.316285 0.121407 0.0958491 0.125197 0.104412 0.146171 -0.0834757 -0.28529 -0.0650757 0.0901272 -0.188769 0.170156 0.173141 -0.337887 -0.338509
internal_weight=4910 3987 3478 2968 2715 1824 509 432 510 445 923 475 497 891 635 249 1327 289 198 285 457 471 183 118 496 326 77 253 224 115 856 538 310 192 166 120 256 318 448 265 159 121 94 161 134 184 130 207 155 390 289 264 195
internal_count=4910 3987 3478 2968 2715 1824 509 432 510 445 923 475 497 891 635 249 1327 289 198 285 457 471 183 118 496 326 77 253 224 115 856 538 310 192 166 120 256 318 448 265 159 121 94 161 134 184 130 207 155 390 289 264 195
is_linear=0
shrinkage=0.05


Tree=15
num_leaves=53
num_cat=0
split_feature=0 0 2 2 2 2 2 2 0 0 0 2 2 0 0 2 0 2 2 2 0 0 0 0 2 2 0 2 2 0 2 0 2 2 0 2 0 2 2 2 2 0 2 2 0 2 2 2 2 0 2 0
split_gain=31173.8 3758.54 2678.51 1846.76 1812.69 1419.98 1036.34 1556.82 996.633 1403.48 941.729 1321.89 759.272 1321.8 601.217 394.031 336.252 304.74 278.153 241.235 323.228 240.566 309.063 296.64 1638.29 229.787 227.092 224.489 223.125 216.656 208.919 190.357 171.439 159.162 157.021 108.488 106.816 69.1403 68.0901 102.999 62.7587 22.4085 19.1899 18.89 18.3396 17.707 8.34026 7.77239 5.65799 0.553352 0.188614 0.131863
threshold=1300.0000000000002 1450.0000000000002 3.5000000000000004 4.5000000000000009 5.5000000000000009 6.5000000000000009 5.5000000000000009 9.5000000000000018 2550.0000000000005 1900.0000000000002 1700.0000000000002 9.5000000000000018 4.5000000000000009 1900.0000000000002 1700.0000000000002 1.5000000000000002 1900.0000000000002 8.5000000000000018 6.5000000000000009 6.5000000000000009 1900.0000000000002 1900.0000000000002 2100.0000000000005 2350.0000000000005 8.5000000000000018 7.5000000000000009 1700.0000000000002 6.5000000000000009 7.5000000000000009 2550.0000000000005 7.5000000000000009 1900.0000000000002 8.5000000000000018 2.5000000000000004 2100.0000000000005 2.5000000000000004 1100.0000000000002 8.5000000000000018 2.5000000000000004 1.5000000000000002 8.5000000000000018 2450.0000000000005 1.5000000000000002 8.5000000000000018 2350.0000000000005 3.5000000000000004 8.5000000000000018 2.5000000000000004 7.5000000000000009 2100.0000000000005 7.5000000000000009 1700.0000000000002
decision_type=2 2 2 2 2 2 2 2 2 2 2 2 2 2 2 2 2 2 2 2 2 2 2 2 2 2 2 2 2 2 2 2 2 2 2 2 2 2 2 2 2 2 2 2 2 2 2 2 2 2 2 2
left_child=6 3 8 -2 12 -5 36 27 9 15 18 19 13 51 -14 26 -13 28 -6 20 -12 43 46 24 30 -20 -3 -8 -7 -18 -24 -16 -27 -10 -15 42 -1 48 39 -38 -25 49 -11 -21 -33 -40 50 -17 -29 -22 -23 -4
right_child=1 2 4 5 10 17 7 -9 33 35 11 16 14 34 31 47 29 -19 25 21 41 22 23 40 -26 32 -28 37 -30 -31 -32 44 -34 -35 -36 -37 38 -39 45 -41 -42 -43 -44 -45 -46 -47 -48 -49 -50 -51 -52 -53
leaf_value=-0.25760507350659945 -0.33000749745887931 0.019862384282584702 0.18240003502486568 0.09860609258887254 -0.0229888277394431 -0.11704518770554451 -0.19535620656552846 -0.31389248493740607 0.07408946262672543 -0.11137310733929986 0.15610779156400401 0.05883642175709302 0.1222238503576477 0.0049356590617786753 0.26585175996214827 -0.047003396494047986 -0.089763179334944918 -0.1789475722552894 0.10387069566767344 0.074748891643935542 0.058092663043243876 0.18302470683045885 0.083441048463185633 0.12906278091249987 -0.28511342459491323 -0.010278026518378273 0.16163067002045484 -0.10812154266069521 -0.013577832853929564 0.070450509511507484 0.22507189583519233 0.18422223345970545 0.06373450792822484 0.2179709315299988 -0.11785234375748524 -0.20776337071011466 -0.35150402740144465 -0.055806368539730714 -0.33651688597361806 -0.27363828287805142 0.20120214379408907 0.018234775862537134 -0.15754901094096049 0.10504259541526102 0.21246535367199351 -0.37281869734976103 0.16542833861339531 -0.023472683897558997 -0.12934858086821321 0.064132442474365239 0.18042448574974054 0.1795642590840881
leaf_weight=73 58 56 76 144 203 99 92 199 40 63 110 106 207 66 177 56 112 77 129 122 157 141 60 64 28 166 57 53 110 26 46 127 148 37 43 75 67 60 142 116 57 39 35 89 105 44 109 94 77 50 138 89
leaf_count=73 58 56 76 144 203 99 92 199 40 63 110 106 207 66 177 56 112 77 129 122 157 141 60 64 28 166 57 53 110 26 46 127 148 37 43 75 67 60 142 116 57 39 35 89 105 44 109 94 77 50 138 89
internal_value=0.00427243 0.0648354 0.0829459 -0.0651663 0.101056 -0.0294435 -0.257599 -0.206811 -0.0226079 -0.0518953 0.0757116 0.0980297 0.160857 0.0916121 0.191658 0.0208617 -0.00813566 -0.0939161 0.0254785 0.119438 0.0848601 0.133853 0.149054 0.106295 0.0550492 0.0476882 0.0913738 -0.131246 -0.0625887 -0.059578 0.144903 0.226799 0.0246069 0.143227 -0.0435036 -0.162503 -0.312867 -0.100203 -0.3238 -0.302147 0.163046 0.0530013 -0.127865 0.0875268 0.197005 -0.345104 0.177157 -0.0322575 -0.120694 0.0595515 0.181739 0.18087
internal_weight=4914 3991 3503 488 2990 430 923 481 513 436 2100 1454 890 274 616 263 244 286 646 1210 356 854 643 255 134 443 113 282 209 138 106 409 314 77 109 173 442 190 369 183 121 246 98 211 232 186 388 150 130 207 279 165
internal_count=4914 3991 3503 488 2990 430 923 481 513 436 2100 1454 890 274 616 263 244 286 646 1210 356 854 643 255 134 443 113 282 209 138 106 409 314 77 109 173 442 190 369 183 121 246 98 211 232 186 388 150 130 207 279 165
is_linear=0
shrinkage=0.05


Tree=16
num_leaves=53
num_cat=0
split_feature=0 0 2 2 2 2 2 2 0 0 0 2 2 0 0 2 0 2 2 2 0 0 0 0 2 2 0 2 2 0 2 0 2 2 0 2 0 2 2 2 2 0 2 2 0 2 2 2 2 0 2 0
split_gain=28134.4 3392.09 2417.36 1666.7 1635.95 1281.53 935.293 1405.03 899.461 1266.64 849.91 1193 685.243 1192.92 542.598 355.613 303.467 275.028 251.033 217.715 291.714 217.11 278.929 267.718 1478.55 207.383 204.951 202.601 201.37 195.532 188.55 171.797 154.724 143.644 141.711 97.9106 96.4016 62.3991 61.4513 92.9569 56.6397 20.2237 17.3189 17.0482 16.5515 15.9805 7.52709 7.01458 5.10634 0.499399 0.170226 0.119007
threshold=1300.0000000000002 1450.0000000000002 3.5000000000000004 4.5000000000000009 5.5000000000000009 6.5000000000000009 5.5000000000000009 9.5000000000000018 2550.0000000000005 1900.0000000000002 1700.0000000000002 9.5000000000000018 4.5000000000000009 1900.0000000000002 1700.0000000000002 1.5000000000000002 1900.0000000000002 8.5000000000000018 6.5000000000000009 6.5000000000000009 1900.0000000000002 1900.0000000000002 2100.0000000000005 2350.0000000000005 8.5000000000000018 7.5000000000000009 1700.0000000000002 6.5000000000000009 7.5000000000000009 2550.0000000000005 7.5000000000000009 1900.0000000000002 8.5000000000000018 2.5000000000000004 2100.0000000000005 2.5000000000000004 1100.0000000000002 8.5000000000000018 2.5000000000000004 1.5000000000000002 8.5000000000000018 2450.0000000000005 1.5000000000000002 8.5000000000000018 2350.0000000000005 3.5000000000000004 8.5000000000000018 2.5000000000000004 7.5000000000000009 2100.0000000000005 7.5000000000000009 1700.0000000000002
decision_type=2 2 2 2 2 2 2 2 2 2 2 2 2 2 2 2 2 2 2 2 2 2 2 2 2 2 2 2 2 2 2 2 2 2 2 2 2 2 2 2 2 2 2 2 2 2 2 2 2 2 2 2
left_child=6 3 8 -2 12 -5 36 27 9 15 18 19 13 51 -14 26 -13 28 -6 20 -12 43 46 24 30 -20 -3 -8 -7 -18 -24 -16 -27 -10 -15 42 -1 48 39 -38 -25 49 -11 -21 -33 -40 50 -17 -29 -22 -23 -4
right_child=1 2 4 5 10 17 7 -9 33 35 11 16 14 34 31 47 29 -19 25 21 41 22 23 40 -26 32 -28 37 -30 -31 -32 44 -34 -35 -36 -37 38 -39 45 -41 -42 -43 -44 -45 -46 -47 -48 -49 -50 -51 -52 -53
leaf_value=-0.24472483124022615 -0.31350712077371007 0.018869263266346286 0.17328001982287358 0.093675787145750491 -0.021839369569212345 -0.11119291311261631 -0.18558839025259344 -0.29819786244975266 0.070384978992515251 -0.10580446878004642 0.14830241000110453 0.055894606332031062 0.11611264637504944 0.0046888767826286232 0.25255916861259498 -0.044653227286679406 -0.085275007052613164 -0.17000019695464669 0.098677134779805331 0.071011445068250426 0.055188042575576503 0.17387348713075862 0.079268997609615324 0.12260964008164593 -0.27085776243891035 -0.009764113242412548 0.15354913870493572 -0.10271546182767399 -0.012898936701769179 0.066927968309475824 0.21381831220958547 0.17501111324495219 0.060547782156012357 0.20707237430520961 -0.11195972097474477 -0.19737520623207094 -0.33392879922888175 -0.053016039033730825 -0.31969104053478847 -0.25995636968632579 0.19114203457312104 0.017323032398827567 -0.14967152910573142 0.099790454095784117 0.20184208809619861 -0.35417774463580415 0.15715692392678574 -0.022299063899257083 -0.12288114991667982 0.060925824403762818 0.17140326789256349 0.17058603075448048
leaf_weight=73 58 56 76 144 203 99 92 199 40 63 110 106 207 66 177 56 112 77 129 122 157 141 60 64 28 166 57 53 110 26 46 127 148 37 43 75 67 60 142 116 57 39 35 89 105 44 109 94 77 50 138 89
leaf_count=73 58 56 76 144 203 99 92 199 40 63 110 106 207 66 177 56 112 77 129 122 157 141 60 64 28 166 57 53 110 26 46 127 148 37 43 75 67 60 142 116 57 39 35 89 105 44 109 94 77 50 138 89
internal_value=0.00405881 0.0615937 0.0787986 -0.061908 0.0960031 -0.0279714 -0.244719 -0.19647 -0.0214775 -0.0493005 0.071926 0.0931282 0.152814 0.0870315 0.182075 0.0198186 -0.00772887 -0.0892203 0.0242046 0.113466 0.0806171 0.12716 0.141602 0.10098 0.0522968 0.0453038 0.0868051 -0.124684 -0.0594592 -0.0565991 0.137658 0.215459 0.0233765 0.136066 -0.0413285 -0.154378 -0.297224 -0.0951933 -0.30761 -0.287039 0.154893 0.0503513 -0.121471 0.0831505 0.187154 -0.327849 0.168299 -0.0306446 -0.11466 0.056574 0.172652 0.171827
internal_weight=4914 3991 3503 488 2990 430 923 481 513 436 2100 1454 890 274 616 263 244 286 646 1210 356 854 643 255 134 443 113 282 209 138 106 409 314 77 109 173 442 190 369 183 121 246 98 211 232 186 388 150 130 207 279 165
internal_count=4914 3991 3503 488 2990 430 923 481 513 436 2100 1454 890 274 616 263 244 286 646 1210 356 854 643 255 134 443 113 282 209 138 106 409 314 77 109 173 442 190 369 183 121 246 98 211 232 186 388 150 130 207 279 165
is_linear=0
shrinkage=0.05


Tree=17
num_leaves=53
num_cat=0
split_feature=0 0 2 2 2 2 2 2 0 0 0 2 2 0 0 2 0 2 2 2 0 0 0 0 2 2 0 2 2 0 2 0 2 2 0 2 0 2 2 2 2 0 2 2 0 2 2 2 2 0 2 0
split_gain=25391.3 3061.36 2181.67 1504.2 1476.45 1156.58 844.102 1268.04 811.763 1143.14 767.044 1076.68 618.432 1076.61 489.695 320.941 273.879 248.213 226.557 196.487 263.272 195.942 251.734 241.615 1334.4 187.163 184.968 182.847 181.737 176.468 170.166 155.047 139.638 129.639 127.895 88.3643 87.0025 56.3152 55.4598 83.8936 51.1174 18.2519 15.6303 15.386 14.9378 14.4224 6.79318 6.33065 4.60847 0.450704 0.153628 0.107405
threshold=1300.0000000000002 1450.0000000000002 3.5000000000000004 4.5000000000000009 5.5000000000000009 6.5000000000000009 5.5000000000000009 9.5000000000000018 2550.0000000000005 1900.0000000000002 1700.0000000000002 9.5000000000000018 4.5000000000000009 1900.0000000000002 1700.0000000000002 1.5000000000000002 1900.0000000000002 8.5000000000000018 6.5000000000000009 6.5000000000000009 1900.0000000000002 1900.0000000000002 2100.0000000000005 2350.0000000000005 8.5000000000000018 7.5000000000000009 1700.0000000000002 6.5000000000000009 7.5000000000000009 2550.0000000000005 7.5000000000000009 1900.0000000000002 8.5000000000000018 2.5000000000000004 2100.0000000000005 2.5000000000000004 1100.0000000000002 8.5000000000000018 2.5000000000000004 1.5000000000000002 8.5000000000000018 2450.0000000000005 1.5000000000000002 8.5000000000000018 2350.0000000000005 3.5000000000000004 8.5000000000000018 2.5000000000000004 7.5000000000000009 2100.0000000000005 7.5000000000000009 1700.0000000000002
decision_type=2 2 2 2 2 2 2 2 2 2 2 2 2 2 2 2 2 2 2 2 2 2 2 2 2 2 2 2 2 2 2 2 2 2 2 2 2 2 2 2 2 2 2 2 2 2 2 2 2 2 2 2
left_child=6 3 8 -2 12 -5 36 27 9 15 18 19 13 51 -14 26 -13 28 -6 20 -12 43 46 24 30 -20 -3 -8 -7 -18 -24 -16 -27 -10 -15 42 -1 48 39 -38 -25 49 -11 -21 -33 -40 50 -17 -29 -22 -23 -4
right_child=1 2 4 5 10 17 7 -9 33 35 11 16 14 34 31 47 29 -19 25 21 41 22 23 40 -26 32 -28 37 -30 -31 -32 44 -34 -35 -36 -37 38 -39 45 -41 -42 -43 -44 -45 -46 -47 -48 -49 -50 -51 -52 -53
leaf_value=-0.23248858980528297 -0.29783176540011735 0.017925802298954557 0.16461603200418484 0.088992000164903912 -0.0207474103702113 -0.10563326797100028 -0.17630896909648311 -0.28328795852747995 0.066865730183199051 -0.10051424675990667 0.14088729183782231 0.053099877247586851 0.11030702225971914 0.0044544348662549802 0.2399312239834818 -0.042420552458081934 -0.081011252298152869 -0.16150018596029903 0.093743281066959172 0.06746086882518941 0.052428651185836762 0.16517980456457917 0.075305537780125942 0.11647916092770175 -0.25731486518468177 -0.0092759196208902148 0.1458716795240578 -0.097579699192406999 -0.012254005538469011 0.063581581757618841 0.20312738418579102 0.16626055831984274 0.057520381638125798 0.19671877336663168 -0.10636172897593921 -0.1875064293543498 -0.31723238879175331 -0.050365251700083415 -0.30370648744037299 -0.24695855163294694 0.18158492541038676 0.016456882096827032 -0.1421879547408649 0.094800927916939337 0.19174998994561887 -0.33646886404603721 0.14929909270701058 -0.021184111438057526 -0.11673709880802539 0.057879522755742076 0.16283310112286953 0.16205672912006633
leaf_weight=73 58 56 76 144 203 99 92 199 40 63 110 106 207 66 177 56 112 77 129 122 157 141 60 64 28 166 57 53 110 26 46 127 148 37 43 75 67 60 142 116 57 39 35 89 105 44 109 94 77 50 138 89
leaf_count=73 58 56 76 144 203 99 92 199 40 63 110 106 207 66 177 56 112 77 129 122 157 141 60 64 28 166 57 53 110 26 46 127 148 37 43 75 67 60 142 116 57 39 35 89 105 44 109 94 77 50 138 89
internal_value=0.00385587 0.058514 0.0748586 -0.0588126 0.091203 -0.0265728 -0.232483 -0.186647 -0.0204036 -0.0468355 0.0683297 0.0884718 0.145174 0.0826799 0.172971 0.0188277 -0.00734243 -0.0847593 0.0229944 0.107793 0.0765862 0.120802 0.134521 0.0959309 0.0496819 0.0430386 0.0824649 -0.11845 -0.0564863 -0.0537691 0.130775 0.204686 0.0222077 0.129263 -0.039262 -0.146659 -0.282363 -0.0904337 -0.29223 -0.272687 0.147149 0.0478337 -0.115398 0.0789929 0.177797 -0.311457 0.159884 -0.0291124 -0.108927 0.0537453 0.164019 0.163236
internal_weight=4914 3991 3503 488 2990 430 923 481 513 436 2100 1454 890 274 616 263 244 286 646 1210 356 854 643 255 134 443 113 282 209 138 106 409 314 77 109 173 442 190 369 183 121 246 98 211 232 186 388 150 130 207 279 165
internal_count=4914 3991 3503 488 2990 430 923 481 513 436 2100 1454 890 274 616 263 244 286 646 1210 356 854 643 255 134 443 113 282 209 138 106 409 314 77 109 173 442 190 369 183 121 246 98 211 232 186 388 150 130 207 279 165
is_linear=0
shrinkage=0.05


Tree=18
num_leaves=53
num_cat=0
split_feature=0 0 2 2 2 2 2 2 0 0 0 2 2 0 0 2 0 2 2 2 0 0 0 0 2 2 0 2 2 0 2 0 2 2 0 2 0 2 2 2 2 0 2 2 0 2 2 2 2 0 2 0
split_gain=22915.6 2762.88 1968.95 1357.54 1332.49 1043.81 761.802 1144.41 732.616 1031.68 692.257 971.708 558.135 971.643 441.95 289.649 247.176 224.012 204.468 177.33 237.603 176.838 227.19 218.058 1204.29 168.915 166.934 165.02 164.017 159.262 153.575 139.93 126.024 116.999 115.425 79.7488 78.5198 50.8245 50.0525 75.7139 46.1334 16.4723 14.1063 13.8859 13.4813 13.0162 6.13084 5.71342 4.15914 0.406763 0.13865 0.0969315
threshold=1300.0000000000002 1450.0000000000002 3.5000000000000004 4.5000000000000009 5.5000000000000009 6.5000000000000009 5.5000000000000009 9.5000000000000018 2550.0000000000005 1900.0000000000002 1700.0000000000002 9.5000000000000018 4.5000000000000009 1900.0000000000002 1700.0000000000002 1.5000000000000002 1900.0000000000002 8.5000000000000018 6.5000000000000009 6.5000000000000009 1900.0000000000002 1900.0000000000002 2100.0000000000005 2350.0000000000005 8.5000000000000018 7.5000000000000009 1700.0000000000002 6.5000000000000009 7.5000000000000009 2550.0000000000005 7.5000000000000009 1900.0000000000002 8.5000000000000018 2.5000000000000004 2100.0000000000005 2.5000000000000004 1100.0000000000002 8.5000000000000018 2.5000000000000004 1.5000000000000002 8.5000000000000018 2450.0000000000005 1.5000000000000002 8.5000000000000018 2350.0000000000005 3.5000000000000004 8.5000000000000018 2.5000000000000004 7.5000000000000009 2100.0000000000005 7.5000000000000009 1700.0000000000002
decision_type=2 2 2 2 2 2 2 2 2 2 2 2 2 2 2 2 2 2 2 2 2 2 2 2 2 2 2 2 2 2 2 2 2 2 2 2 2 2 2 2 2 2 2 2 2 2 2 2 2 2 2 2
left_child=6 3 8 -2 12 -5 36 27 9 15 18 19 13 51 -14 26 -13 28 -6 20 -12 43 46 24 30 -20 -3 -8 -7 -18 -24 -16 -27 -10 -15 42 -1 48 39 -38 -25 49 -11 -21 -33 -40 50 -17 -29 -22 -23 -4
right_child=1 2 4 5 10 17 7 -9 33 35 11 16 14 34 31 47 29 -19 25 21 41 22 23 40 -26 32 -28 37 -30 -31 -32 44 -34 -35 -36 -37 38 -39 45 -41 -42 -43 -44 -45 -46 -47 -48 -49 -50 -51 -52 -53
leaf_value=-0.22086416233892311 -0.28294019385497887 0.017029510864189693 0.15638523095066806 0.084542387311295097 -0.019710032957528028 -0.10035160888325086 -0.16749353719870155 -0.26912357317723673 0.063522440865635882 -0.09548851781291888 0.13384291943840007 0.050444869990548438 0.10479166553960889 0.0042317213434161565 0.22793466431841169 -0.040299538735832488 -0.076960685847526689 -0.15342518818842901 0.089056134732194647 0.064087825305149212 0.049807212721247968 0.15692080646119222 0.071540264611442889 0.11065521119162441 -0.24444911879088199 -0.0088121341339435916 0.13857808371581007 -0.09270071898991207 -0.011641296337951315 0.060402503609657293 0.19297102430592414 0.1579475394442795 0.054644370101694317 0.18688281017380792 -0.10104365078515785 -0.1781311151981354 -0.30137073991458813 -0.047846981808543208 -0.28852118148278233 -0.23461063021858194 0.17250569024237628 0.015634043705769075 -0.13507856747933797 0.090060885309168462 0.18216248884974492 -0.31964542462744494 0.14183413323758326 -0.020124897115091061 -0.11090023845627711 0.054985559165477753 0.15469143079539791 0.15395390770575976
leaf_weight=73 58 56 76 144 203 99 92 199 40 63 110 106 207 66 177 56 112 77 129 122 157 141 60 64 28 166 57 53 110 26 46 127 148 37 43 75 67 60 142 116 57 39 35 89 105 44 109 94 77 50 138 89
leaf_count=73 58 56 76 144 203 99 92 199 40 63 110 106 207 66 177 56 112 77 129 122 157 141 60 64 28 166 57 53 110 26 46 127 148 37 43 75 67 60 142 116 57 39 35 89 105 44 109 94 77 50 138 89
internal_value=0.00366307 0.0555883 0.0711157 -0.055872 0.0866428 -0.0252442 -0.220859 -0.177314 -0.0193834 -0.0444937 0.0649132 0.0840482 0.137915 0.078546 0.164323 0.0178863 -0.00697531 -0.0805213 0.0218447 0.102403 0.0727569 0.114762 0.127795 0.0911344 0.0471978 0.0408867 0.0783416 -0.112527 -0.053662 -0.0510807 0.124237 0.194452 0.0210973 0.1228 -0.0372989 -0.139326 -0.268245 -0.085912 -0.277618 -0.259053 0.139791 0.045442 -0.109628 0.0750433 0.168907 -0.295884 0.15189 -0.0276568 -0.10348 0.051058 0.155818 0.155074
internal_weight=4914 3991 3503 488 2990 430 923 481 513 436 2100 1454 890 274 616 263 244 286 646 1210 356 854 643 255 134 443 113 282 209 138 106 409 314 77 109 173 442 190 369 183 121 246 98 211 232 186 388 150 130 207 279 165
internal_count=4914 3991 3503 488 2990 430 923 481 513 436 2100 1454 890 274 616 263 244 286 646 1210 356 854 643 255 134 443 113 282 209 138 106 409 314 77 109 173 442 190 369 183 121 246 98 211 232 186 388 150 130 207 279 165
is_linear=0
shrinkage=0.05


Tree=19
num_leaves=53
num_cat=0
split_feature=0 0 2 2 2 2 2 2 0 0 0 2 2 0 0 2 0 2 2 2 0 0 0 0 2 2 0 2 2 0 2 0 2 2 0 2 0 2 2 2 2 0 2 2 0 2 2 2 2 0 2 0
split_gain=20681.3 2493.5 1776.98 1225.18 1202.57 942.042 687.526 1032.83 661.186 931.096 624.762 876.967 503.717 876.908 398.86 261.408 223.076 202.171 184.532 160.04 214.436 159.596 205.039 196.797 1086.87 152.445 150.658 148.93 148.026 143.734 138.602 126.287 113.736 105.592 104.171 71.9733 70.8641 45.8691 45.1724 68.3318 41.6354 14.8662 12.731 12.532 12.1669 11.7472 5.5331 5.15635 3.75363 0.367105 0.125132 0.0874801
threshold=1300.0000000000002 1450.0000000000002 3.5000000000000004 4.5000000000000009 5.5000000000000009 6.5000000000000009 5.5000000000000009 9.5000000000000018 2550.0000000000005 1900.0000000000002 1700.0000000000002 9.5000000000000018 4.5000000000000009 1900.0000000000002 1700.0000000000002 1.5000000000000002 1900.0000000000002 8.5000000000000018 6.5000000000000009 6.5000000000000009 1900.0000000000002 1900.0000000000002 2100.0000000000005 2350.0000000000005 8.5000000000000018 7.5000000000000009 1700.0000000000002 6.5000000000000009 7.5000000000000009 2550.0000000000005 7.5000000000000009 1900.0000000000002 8.5000000000000018 2.5000000000000004 2100.0000000000005 2.5000000000000004 1100.0000000000002 8.5000000000000018 2.5000000000000004 1.5000000000000002 8.5000000000000018 2450.0000000000005 1.5000000000000002 8.5000000000000018 2350.0000000000005 3.5000000000000004 8.5000000000000018 2.5000000000000004 7.5000000000000009 2100.0000000000005 7.5000000000000009 1700.0000000000002
decision_type=2 2 2 2 2 2 2 2 2 2 2 2 2 2 2 2 2 2 2 2 2 2 2 2 2 2 2 2 2 2 2 2 2 2 2 2 2 2 2 2 2 2 2 2 2 2 2 2 2 2 2 2
left_child=6 3 8 -2 12 -5 36 27 9 15 18 19 13 51 -14 26 -13 28 -6 20 -12 43 46 24 30 -20 -3 -8 -7 -18 -24 -16 -27 -10 -15 42 -1 48 39 -38 -25 49 -11 -21 -33 -40 50 -17 -29 -22 -23 -4
right_child=1 2 4 5 10 17 7 -9 33 35 11 16 14 34 31 47 29 -19 25 21 41 22 23 40 -26 32 -28 37 -30 -31 -32 44 -34 -35 -36 -37 38 -39 45 -41 -42 -43 -44 -45 -46 -47 -48 -49 -50 -51 -52 -53
leaf_value=-0.2098209410905838 -0.26879318070052 0.01617803354082363 0.14856596514582635 0.080315280431467628 -0.018724526435577225 -0.095334035489294269 -0.15911885631857847 -0.25566739740374328 0.060346317556832223 -0.090714101895453439 0.12715077207508413 0.047922617973724629 0.099552083587732876 0.0040201291216142255 0.21653791642326881 -0.038284552523068026 -0.073112668146911475 -0.14575392700634993 0.084603326357612321 0.06088343543595956 0.047316829644285956 0.14907478564716084 0.067963243722915651 0.10512243881821633 -0.23222665680306301 -0.0083715235219752222 0.13164917261976947 -0.088065678682529708 -0.011059242161837492 0.057382376377399152 0.18332247947869096 0.15005016233552043 0.051912159532484771 0.17753867612824448 -0.095991465795871825 -0.16922455962498983 -0.28630220400753309 -0.045454638799031583 -0.27409510689977767 -0.22288009151816368 0.16388040688869202 0.014852337711132492 -0.12832464465073176 0.08555783857120558 0.17305435713912762 -0.30366314263506372 0.13474242340670814 -0.019118661417606028 -0.10535524564904053 0.052236267417669291 0.1469568796131922 0.14625621620523796
leaf_weight=73 58 56 76 144 203 99 92 199 40 63 110 106 207 66 177 56 112 77 129 122 157 141 60 64 28 166 57 53 110 26 46 127 148 37 43 75 67 60 142 116 57 39 35 89 105 44 109 94 77 50 138 89
leaf_count=73 58 56 76 144 203 99 92 199 40 63 110 106 207 66 177 56 112 77 129 122 157 141 60 64 28 166 57 53 110 26 46 127 148 37 43 75 67 60 142 116 57 39 35 89 105 44 109 94 77 50 138 89
internal_value=0.00347992 0.0528089 0.0675599 -0.0530784 0.0823107 -0.0239819 -0.209816 -0.168449 -0.0184143 -0.0422691 0.0616675 0.0798458 0.131019 0.0746187 0.156106 0.016992 -0.00662656 -0.0764952 0.0207524 0.0972832 0.069119 0.109024 0.121406 0.0865777 0.0448379 0.0388423 0.0744245 -0.106901 -0.0509789 -0.0485266 0.118025 0.184729 0.0200424 0.11666 -0.035434 -0.132359 -0.254832 -0.0816164 -0.263737 -0.2461 0.132802 0.0431699 -0.104146 0.0712911 0.160462 -0.28109 0.144295 -0.0262739 -0.0983064 0.0485051 0.148027 0.14732
internal_weight=4914 3991 3503 488 2990 430 923 481 513 436 2100 1454 890 274 616 263 244 286 646 1210 356 854 643 255 134 443 113 282 209 138 106 409 314 77 109 173 442 190 369 183 121 246 98 211 232 186 388 150 130 207 279 165
internal_count=4914 3991 3503 488 2990 430 923 481 513 436 2100 1454 890 274 616 263 244 286 646 1210 356 854 643 255 134 443 113 282 209 138 106 409 314 77 109 173 442 190 369 183 121 246 98 211 232 186 388 150 130 207 279 165
is_linear=0
shrinkage=0.05


Tree=20
num_leaves=53
num_cat=0
split_feature=0 0 2 2 0 0 2 2 2 0 0 2 2 2 2 2 0 2 2 2 2 2 2 2 0 2 0 2 2 0 2 0 0 2 0 2 0 2 2 2 0 2 0 2 2 2 2 0 2 2 2 2
split_gain=15769.5 2159.03 1510.94 1766.6 658.226 730.07 639.488 618.099 689.304 489.172 553.285 494.946 350.476 714.061 332.921 295.301 233.375 228.437 170.531 167.613 257.913 143.73 137.716 151.727 199.624 126.916 427.716 149.196 151.594 195.346 109.93 106.743 102.905 96.9451 95.8188 93.3011 68.9564 194.83 58.7248 46.4995 42.7384 39.176 25.7477 14.8707 12.6888 10.6937 13.0677 8.18301 4.93091 4.56484 1.00207 0.653254
threshold=1450.0000000000002 1300.0000000000002 9.5000000000000018 3.5000000000000004 2550.0000000000005 1900.0000000000002 8.5000000000000018 4.5000000000000009 6.5000000000000009 1700.0000000000002 2100.0000000000005 4.5000000000000009 3.5000000000000004 9.5000000000000018 5.5000000000000009 6.5000000000000009 2550.0000000000005 6.5000000000000009 5.5000000000000009 7.5000000000000009 8.5000000000000018 7.5000000000000009 7.5000000000000009 8.5000000000000018 2350.0000000000005 4.5000000000000009 1900.0000000000002 5.5000000000000009 6.5000000000000009 1900.0000000000002 6.5000000000000009 1900.0000000000002 1900.0000000000002 1.5000000000000002 2450.0000000000005 1.5000000000000002 1100.0000000000002 5.5000000000000009 7.5000000000000009 1.5000000000000002 2350.0000000000005 4.5000000000000009 1900.0000000000002 2.5000000000000004 8.5000000000000018 8.5000000000000018 7.5000000000000009 1700.0000000000002 8.5000000000000018 1.5000000000000002 2.5000000000000004 2.5000000000000004
decision_type=2 2 2 2 2 2 2 2 2 2 2 2 2 2 2 2 2 2 2 2 2 2 2 2 2 2 2 2 2 2 2 2 2 2 2 2 2 2 2 2 2 2 2 2 2 2 2 2 2 2 2 2
left_child=1 12 3 4 5 35 7 -3 -9 14 25 -12 39 17 41 -16 32 36 -13 -17 -21 -10 30 40 -25 26 -11 42 31 44 34 -29 -4 -7 -20 47 -14 -38 -31 -1 -24 -5 -27 -41 -30 46 -19 -2 -40 -6 -35 -37
right_child=2 6 16 9 49 33 -8 8 21 10 11 18 13 -15 15 19 -18 45 22 20 -22 -23 23 24 -26 27 -28 28 29 38 -32 -33 -34 50 -36 51 37 -39 48 43 -42 -43 -44 -45 -46 -47 -48 -49 -50 -51 -52 -53
leaf_value=-0.25826658831801325 0.028494121377090259 -0.17290962749855623 -0.042767051056818627 0.1328752790522926 0.097797447213759797 -0.076244537587519048 -0.18276087764534169 0.075377693516053973 -0.11006063532124284 0.14678474885775991 -0.11107562102732205 0.12251899197697641 -0.11712148388226827 -0.23831167167920564 -0.015867104944704204 0.10921443434138048 0.082013266361676732 -0.092481508285834874 0.091501834832202159 -0.0013214180530566309 0.087944513356604553 -0.025078908521159789 0.15529887259006503 -0.089901077170856297 0.076712969795335095 0.16231463682510563 -0.013503455762800418 0.11748515067544457 0.094940408638545457 0.16916969692484546 -0.040829639456101824 0.053312258631634857 -0.110703792267225 -0.1526640514598081 -0.013350438809878119 -0.015588302345111452 -0.27236984211664933 -0.14115235400431367 0.12334014284061201 -0.22552022421121842 0.091499794002563251 0.089053027124307349 0.13300919062014491 -0.20224960362835295 0.069569016095589506 -0.099848574896653497 -0.06114308483516559 0.055773350122143274 0.13750071331448513 0.12362706649303437 -0.16291437363252045 -0.022521827315411917
leaf_weight=69 56 63 113 68 26 54 80 157 93 92 42 110 72 191 203 114 26 58 53 180 147 107 45 25 64 185 76 108 112 149 56 162 110 38 37 58 39 103 141 122 63 204 126 157 88 60 78 54 109 50 64 82
leaf_count=69 56 63 113 68 26 54 80 157 93 92 42 110 72 191 203 114 26 58 53 180 147 107 45 25 64 185 76 108 112 149 56 162 110 38 37 58 39 103 141 122 63 204 126 157 88 60 78 54 109 50 64 82
internal_value=0.00137373 -0.137282 0.0589416 0.0680605 -0.020258 -0.045538 -0.0531979 -0.0285193 -0.00303861 0.0834898 0.0983324 0.0531235 -0.181583 -0.158462 0.0536264 0.0340364 -0.05975 -0.121263 0.0683472 0.0570078 0.0388073 -0.0645954 0.0509744 0.0782489 0.0299113 0.114934 0.0742734 0.120723 0.110087 0.124107 0.0141724 0.0789814 -0.0762784 -0.130416 0.0483959 0.00742608 -0.156981 -0.177191 0.144323 -0.221515 0.118083 0.100009 0.150442 -0.212425 0.083777 -0.0822653 -0.074508 0.0418857 0.129514 0.114791 -0.159096 -0.0196494
internal_weight=4939 1449 3490 3241 482 406 500 420 357 2759 1843 495 949 601 916 644 249 410 453 441 327 200 343 197 89 1348 168 1180 869 599 146 270 223 156 90 250 214 142 399 348 108 272 311 279 200 196 136 110 250 76 102 140
internal_count=4939 1449 3490 3241 482 406 500 420 357 2759 1843 495 949 601 916 644 249 410 453 441 327 200 343 197 89 1348 168 1180 869 599 146 270 223 156 90 250 214 142 399 348 108 272 311 279 200 196 136 110 250 76 102 140
is_linear=0
shrinkage=0.05


Tree=21
num_leaves=53
num_cat=0
split_feature=0 0 2 2 0 0 2 2 2 0 0 2 2 2 2 2 0 2 2 2 2 2 2 2 0 2 0 2 2 0 2 0 0 2 0 2 0 2 2 2 0 2 0 2 2 2 2 0 2 2 2 2
split_gain=14231.9 1948.52 1363.62 1594.35 594.048 658.889 577.138 557.834 622.097 441.478 499.34 446.689 316.305 644.44 300.462 266.509 210.621 206.164 153.904 151.271 232.767 129.716 124.288 136.934 180.161 114.542 386.013 134.649 136.813 176.3 99.2117 96.3353 92.8716 87.4929 86.4764 84.2042 62.2332 175.835 52.9992 41.9657 38.5714 35.3563 23.2373 13.4208 11.4516 9.65103 11.7936 7.38518 4.45015 4.11977 0.90437 0.589561
threshold=1450.0000000000002 1300.0000000000002 9.5000000000000018 3.5000000000000004 2550.0000000000005 1900.0000000000002 8.5000000000000018 4.5000000000000009 6.5000000000000009 1700.0000000000002 2100.0000000000005 4.5000000000000009 3.5000000000000004 9.5000000000000018 5.5000000000000009 6.5000000000000009 2550.0000000000005 6.5000000000000009 5.5000000000000009 7.5000000000000009 8.5000000000000018 7.5000000000000009 7.5000000000000009 8.5000000000000018 2350.0000000000005 4.5000000000000009 1900.0000000000002 5.5000000000000009 6.5000000000000009 1900.0000000000002 6.5000000000000009 1900.0000000000002 1900.0000000000002 1.5000000000000002 2450.0000000000005 1.5000000000000002 1100.0000000000002 5.5000000000000009 7.5000000000000009 1.5000000000000002 2350.0000000000005 4.5000000000000009 1900.0000000000002 2.5000000000000004 8.5000000000000018 8.5000000000000018 7.5000000000000009 1700.0000000000002 8.5000000000000018 1.5000000000000002 2.5000000000000004 2.5000000000000004
decision_type=2 2 2 2 2 2 2 2 2 2 2 2 2 2 2 2 2 2 2 2 2 2 2 2 2 2 2 2 2 2 2 2 2 2 2 2 2 2 2 2 2 2 2 2 2 2 2 2 2 2 2 2
left_child=1 12 3 4 5 35 7 -3 -9 14 25 -12 39 17 41 -16 32 36 -13 -17 -21 -10 30 40 -25 26 -11 42 31 44 34 -29 -4 -7 -20 47 -14 -38 -31 -1 -24 -5 -27 -41 -30 46 -19 -2 -40 -6 -35 -37
right_child=2 6 16 9 49 33 -8 8 21 10 11 18 13 -15 15 19 -18 45 22 20 -22 -23 23 24 -26 27 -28 28 29 38 -32 -33 -34 50 -36 51 37 -39 48 43 -42 -43 -44 -45 -46 -47 -48 -49 -50 -51 -52 -53
leaf_value=-0.24535323818740637 0.027069418814166319 -0.16426413564218417 -0.04062869992535726 0.12623151340247954 0.092907551504098462 -0.072432311182772671 -0.17362281887792053 0.071608824514825448 -0.1045576229346015 0.13944552098805815 -0.105521832300084 0.11639304171739656 -0.11126540154218674 -0.2263960929060872 -0.015073758657342696 0.10375371105609495 0.0779125954096134 -0.087857432817590661 0.086926718804774428 -0.0012553521701031262 0.08354727156004127 -0.023824985659568112 0.14753390944666334 -0.08540602181851864 0.072877334617078307 0.15419889933354147 -0.012828276811265632 0.11161089514002756 0.090193390220935865 0.16071122882750211 -0.038788158233676644 0.050646646671503051 -0.10516860253431581 -0.14503084413315123 -0.012682919184098375 -0.014808889401370082 -0.25875134863890709 -0.13409472373901929 0.11717312807045509 -0.21424420417408596 0.086924811961158879 0.084600385161591518 0.12635873189816874 -0.19213712638730457 0.066090568138117145 -0.094856140116850549 -0.058085947161397117 0.052984697164760702 0.13062567609712619 0.11744569319486618 -0.15476865546079355 -0.021395735079195441
leaf_weight=69 56 63 113 68 26 54 80 157 93 92 42 110 72 191 203 114 26 58 53 180 147 107 45 25 64 185 76 108 112 149 56 162 110 38 37 58 39 103 141 122 63 204 126 157 88 60 78 54 109 50 64 82
leaf_count=69 56 63 113 68 26 54 80 157 93 92 42 110 72 191 203 114 26 58 53 180 147 107 45 25 64 185 76 108 112 149 56 162 110 38 37 58 39 103 141 122 63 204 126 157 88 60 78 54 109 50 64 82
internal_value=0.00130505 -0.130418 0.0559945 0.0646575 -0.0192451 -0.0432611 -0.050538 -0.0270933 -0.00288669 0.0793153 0.0934158 0.0504673 -0.172504 -0.150538 0.050945 0.0323345 -0.0567625 -0.1152 0.0649299 0.0541574 0.0368669 -0.0613657 0.0484257 0.0743365 0.0284157 0.109187 0.0705598 0.114686 0.104582 0.117902 0.0134638 0.0750323 -0.0724645 -0.123896 0.0459761 0.00705478 -0.149132 -0.168331 0.137107 -0.210439 0.112179 0.0950082 0.14292 -0.201804 0.0795881 -0.0781521 -0.0707826 0.0397915 0.123038 0.109051 -0.151141 -0.0186669
internal_weight=4939 1449 3490 3241 482 406 500 420 357 2759 1843 495 949 601 916 644 249 410 453 441 327 200 343 197 89 1348 168 1180 869 599 146 270 223 156 90 250 214 142 399 348 108 272 311 279 200 196 136 110 250 76 102 140
internal_count=4939 1449 3490 3241 482 406 500 420 357 2759 1843 495 949 601 916 644 249 410 453 441 327 200 343 197 89 1348 168 1180 869 599 146 270 223 156 90 250 214 142 399 348 108 272 311 279 200 196 136 110 250 76 102 140
is_linear=0
shrinkage=0.05


Tree=22
num_leaves=53
num_cat=0
split_feature=0 0 2 2 0 0 2 2 2 0 0 2 2 2 2 2 0 2 2 2 2 2 2 2 0 2 0 2 2 0 2 0 0 2 0 2 0 2 2 2 0 2 0 2 2 2 2 0 2 2 2 2
split_gain=12844.3 1758.54 1230.67 1438.9 536.129 594.647 520.867 503.445 561.442 398.434 450.654 403.137 285.465 581.607 271.167 240.524 190.086 186.063 138.898 136.522 210.072 117.069 112.17 123.583 162.595 103.374 348.377 121.521 123.474 159.111 89.5386 86.9427 83.8167 78.9624 78.045 75.9944 56.1655 158.691 47.8317 37.8741 34.8107 31.9091 20.9717 12.1123 10.3351 8.71005 10.6437 6.66512 4.01626 3.71809 0.816193 0.532081
threshold=1450.0000000000002 1300.0000000000002 9.5000000000000018 3.5000000000000004 2550.0000000000005 1900.0000000000002 8.5000000000000018 4.5000000000000009 6.5000000000000009 1700.0000000000002 2100.0000000000005 4.5000000000000009 3.5000000000000004 9.5000000000000018 5.5000000000000009 6.5000000000000009 2550.0000000000005 6.5000000000000009 5.5000000000000009 7.5000000000000009 8.5000000000000018 7.5000000000000009 7.5000000000000009 8.5000000000000018 2350.0000000000005 4.5000000000000009 1900.0000000000002 5.5000000000000009 6.5000000000000009 1900.0000000000002 6.5000000000000009 1900.0000000000002 1900.0000000000002 1.5000000000000002 2450.0000000000005 1.5000000000000002 1100.0000000000002 5.5000000000000009 7.5000000000000009 1.5000000000000002 2350.0000000000005 4.5000000000000009 1900.0000000000002 2.5000000000000004 8.5000000000000018 8.5000000000000018 7.5000000000000009 1700.0000000000002 8.5000000000000018 1.5000000000000002 2.5000000000000004 2.5000000000000004
decision_type=2 2 2 2 2 2 2 2 2 2 2 2 2 2 2 2 2 2 2 2 2 2 2 2 2 2 2 2 2 2 2 2 2 2 2 2 2 2 2 2 2 2 2 2 2 2 2 2 2 2 2 2
left_child=1 12 3 4 5 35 7 -3 -9 14 25 -12 39 17 41 -16 32 36 -13 -17 -21 -10 30 40 -25 26 -11 42 31 44 34 -29 -4 -7 -20 47 -14 -38 -31 -1 -24 -5 -27 -41 -30 46 -19 -2 -40 -6 -35 -37
right_child=2 6 16 9 49 33 -8 8 21 10 11 18 13 -15 15 19 -18 45 22 20 -22 -23 23 24 -26 27 -28 28 29 38 -32 -33 -34 50 -36 51 37 -39 48 43 -42 -43 -44 -45 -46 -47 -48 -49 -50 -51 -52 -53
leaf_value=-0.23308559216666913 0.025715948950632346 -0.15605092738710702 -0.038597238261615284 0.1199199486140381 0.088262180754771602 -0.068810682605814064 -0.16494168639183046 0.068028370722843581 -0.099329742364665519 0.13247323299798627 -0.10024573405583699 0.11057338282465934 -0.10570213529798721 -0.21507629804430209 -0.014320067049283994 0.098566022123161123 0.074016966670751569 -0.083464577074708612 0.082580404067939192 -0.0011925796163268388 0.079369928535758236 -0.022633741517490317 0.14015721574425696 -0.081135711207985892 0.069233463669661433 0.14648896734456759 -0.012186857111948102 0.10603035030265649 0.085683722900492809 0.15267566602502095 -0.036848742727722442 0.048114298168788261 -0.099910165667533885 -0.13777930165984129 -0.012048773427267333 -0.014068449879514762 -0.24581379034580331 -0.12738999822312622 0.11131448107408293 -0.20353199098198141 0.082578560662648043 0.08037036306991735 0.12004080391562884 -0.18253025747005158 0.062786048820072965 -0.09011332965145509 -0.055181637599777726 0.050335466992799886 0.12409440410930082 0.11157341235876084 -0.14703021723544227 -0.020325964189520696
leaf_weight=69 56 63 113 68 26 54 80 157 93 92 42 110 72 191 203 114 26 58 53 180 147 107 45 25 64 185 76 108 112 149 56 162 110 38 37 58 39 103 141 122 63 204 126 157 88 60 78 54 109 50 64 82
leaf_count=69 56 63 113 68 26 54 80 157 93 92 42 110 72 191 203 114 26 58 53 180 147 107 45 25 64 185 76 108 112 149 56 162 110 38 37 58 39 103 141 122 63 204 126 157 88 60 78 54 109 50 64 82
internal_value=0.0012398 -0.123897 0.0531948 0.0614246 -0.0182828 -0.0410981 -0.0480111 -0.0257386 -0.00274236 0.0753496 0.088745 0.0479439 -0.163879 -0.143012 0.0483978 0.0307178 -0.0539244 -0.10944 0.0616834 0.0514495 0.0350236 -0.0582974 0.0460044 0.0706197 0.0269949 0.103728 0.0670318 0.108952 0.0993531 0.112007 0.0127906 0.0712807 -0.0688413 -0.117701 0.0436773 0.00670204 -0.141675 -0.159915 0.130251 -0.199917 0.10657 0.0902578 0.135774 -0.191714 0.0756087 -0.0742445 -0.0672435 0.0378019 0.116887 0.103599 -0.143584 -0.0177336
internal_weight=4939 1449 3490 3241 482 406 500 420 357 2759 1843 495 949 601 916 644 249 410 453 441 327 200 343 197 89 1348 168 1180 869 599 146 270 223 156 90 250 214 142 399 348 108 272 311 279 200 196 136 110 250 76 102 140
internal_count=4939 1449 3490 3241 482 406 500 420 357 2759 1843 495 949 601 916 644 249 410 453 441 327 200 343 197 89 1348 168 1180 869 599 146 270 223 156 90 250 214 142 399 348 108 272 311 279 200 196 136 110 250 76 102 140
is_linear=0
shrinkage=0.05


Tree=23
num_leaves=53
num_cat=0
split_feature=0 0 2 2 0 0 2 2 2 0 0 2 2 2 2 2 0 2 2 2 2 2 2 2 0 2 0 2 2 0 2 0 0 2 0 2 0 2 2 2 0 2 0 2 2 2 2 0 2 2 2 2
split_gain=11592 1587.08 1110.68 1298.61 483.856 536.669 470.082 454.36 506.702 359.586 406.715 363.831 257.632 524.9 244.728 217.073 171.552 167.922 125.356 123.211 189.59 105.655 101.234 111.533 146.742 93.2949 314.41 109.672 111.435 143.597 80.8086 78.4657 75.6446 71.2635 70.4356 68.5849 50.6893 143.218 43.1681 34.1814 31.4166 28.7979 18.9269 10.9313 9.3274 7.86083 9.60593 6.01527 3.62467 3.35558 0.736613 0.480201
threshold=1450.0000000000002 1300.0000000000002 9.5000000000000018 3.5000000000000004 2550.0000000000005 1900.0000000000002 8.5000000000000018 4.5000000000000009 6.5000000000000009 1700.0000000000002 2100.0000000000005 4.5000000000000009 3.5000000000000004 9.5000000000000018 5.5000000000000009 6.5000000000000009 2550.0000000000005 6.5000000000000009 5.5000000000000009 7.5000000000000009 8.5000000000000018 7.5000000000000009 7.5000000000000009 8.5000000000000018 2350.0000000000005 4.5000000000000009 1900.0000000000002 5.5000000000000009 6.5000000000000009 1900.0000000000002 6.5000000000000009 1900.0000000000002 1900.0000000000002 1.5000000000000002 2450.0000000000005 1.5000000000000002 1100.0000000000002 5.5000000000000009 7.5000000000000009 1.5000000000000002 2350.0000000000005 4.5000000000000009 1900.0000000000002 2.5000000000000004 8.5000000000000018 8.5000000000000018 7.5000000000000009 1700.0000000000002 8.5000000000000018 1.5000000000000002 2.5000000000000004 2.5000000000000004
decision_type=2 2 2 2 2 2 2 2 2 2 2 2 2 2 2 2 2 2 2 2 2 2 2 2 2 2 2 2 2 2 2 2 2 2 2 2 2 2 2 2 2 2 2 2 2 2 2 2 2 2 2 2
left_child=1 12 3 4 5 35 7 -3 -9 14 25 -12 39 17 41 -16 32 36 -13 -17 -21 -10 30 40 -25 26 -11 42 31 44 34 -29 -4 -7 -20 47 -14 -38 -31 -1 -24 -5 -27 -41 -30 46 -19 -2 -40 -6 -35 -37
right_child=2 6 16 9 49 33 -8 8 21 10 11 18 13 -15 15 19 -18 45 22 20 -22 -23 23 24 -26 27 -28 28 29 38 -32 -33 -34 50 -36 51 37 -39 48 43 -42 -43 -44 -45 -46 -47 -48 -49 -50 -51 -52 -53
leaf_value=-0.22143130957864332 0.024430146908187973 -0.14824839346702137 -0.036667380844597273 0.11392394246478731 0.08384906512040359 -0.065370162990358138 -0.15669459916185591 0.064626971335642658 -0.094363248157465177 0.12584957294571011 -0.09523346024964538 0.10504472179169005 -0.10041703267229929 -0.20432248032451927 -0.01360405635001514 0.093637714848706602 0.070316110264796478 -0.079291337060517275 0.078451379806787347 -0.0011329372108189598 0.075401424678663412 -0.021502034776957238 0.13314935568202702 -0.077078933924436571 0.065771794028114533 0.1391645052676668 -0.011577524053619098 0.10072883974105395 0.081399537755974707 0.14504188397686754 -0.03500631164227213 0.045708597474444057 -0.094914667917923495 -0.13089033930905555 -0.011446332468374357 -0.013365024430998441 -0.23352310886749855 -0.12102049781570157 0.10574875693266272 -0.19335539741899635 0.07844962652713533 0.076351845887142666 0.11403876106062578 -0.17340375317889414 0.059646745373240932 -0.085607676506042493 -0.052422562836167912 0.047818674942202592 0.11788966763730442 0.10599473595619202 -0.13967870364431292 -0.019309649780029206
leaf_weight=69 56 63 113 68 26 54 80 157 93 92 42 110 72 191 203 114 26 58 53 180 147 107 45 25 64 185 76 108 112 149 56 162 110 38 37 58 39 103 141 122 63 204 126 157 88 60 78 54 109 50 64 82
leaf_count=69 56 63 113 68 26 54 80 157 93 92 42 110 72 191 203 114 26 58 53 180 147 107 45 25 64 185 76 108 112 149 56 162 110 38 37 58 39 103 141 122 63 204 126 157 88 60 78 54 109 50 64 82
internal_value=0.00117781 -0.117702 0.0505351 0.0583534 -0.0173687 -0.0390432 -0.0456106 -0.0244517 -0.00260522 0.0715821 0.0843077 0.0455467 -0.155685 -0.135861 0.0459779 0.0291819 -0.0512281 -0.103968 0.0585992 0.0488771 0.0332724 -0.0553825 0.0437042 0.0670887 0.0256452 0.0985412 0.0636802 0.103504 0.0943855 0.106406 0.0121511 0.0677167 -0.0653992 -0.111816 0.0414934 0.00636694 -0.134591 -0.151919 0.123739 -0.189921 0.101241 0.0857449 0.128985 -0.182128 0.0718283 -0.0705322 -0.0638813 0.0359118 0.111042 0.0984186 -0.136405 -0.0168469
internal_weight=4939 1449 3490 3241 482 406 500 420 357 2759 1843 495 949 601 916 644 249 410 453 441 327 200 343 197 89 1348 168 1180 869 599 146 270 223 156 90 250 214 142 399 348 108 272 311 279 200 196 136 110 250 76 102 140
internal_count=4939 1449 3490 3241 482 406 500 420 357 2759 1843 495 949 601 916 644 249 410 453 441 327 200 343 197 89 1348 168 1180 869 599 146 270 223 156 90 250 214 142 399 348 108 272 311 279 200 196 136 110 250 76 102 140
is_linear=0
shrinkage=0.05


Tree=24
num_leaves=53
num_cat=0
split_feature=0 0 2 2 0 0 2 2 2 0 0 2 2 2 2 2 0 2 2 2 2 2 2 2 0 2 0 2 2 0 2 0 0 2 0 2 0 2 2 2 0 2 0 2 2 2 2 0 2 2 2 2
split_gain=10461.8 1432.34 1002.39 1172 436.68 484.344 424.249 410.059 457.298 324.527 367.061 328.357 232.513 473.723 220.867 195.909 154.826 151.549 113.134 111.198 171.105 95.3535 91.3633 100.659 132.435 84.1986 283.755 98.9794 100.57 129.597 72.9298 70.8154 68.2692 64.3153 63.5682 61.8979 45.7471 129.255 38.9592 30.8487 28.3535 25.9901 17.0815 9.86552 8.41798 7.0944 8.66937 5.42879 3.27127 3.02841 0.664791 0.433381
threshold=1450.0000000000002 1300.0000000000002 9.5000000000000018 3.5000000000000004 2550.0000000000005 1900.0000000000002 8.5000000000000018 4.5000000000000009 6.5000000000000009 1700.0000000000002 2100.0000000000005 4.5000000000000009 3.5000000000000004 9.5000000000000018 5.5000000000000009 6.5000000000000009 2550.0000000000005 6.5000000000000009 5.5000000000000009 7.5000000000000009 8.5000000000000018 7.5000000000000009 7.5000000000000009 8.5000000000000018 2350.0000000000005 4.5000000000000009 1900.0000000000002 5.5000000000000009 6.5000000000000009 1900.0000000000002 6.5000000000000009 1900.0000000000002 1900.0000000000002 1.5000000000000002 2450.0000000000005 1.5000000000000002 1100.0000000000002 5.5000000000000009 7.5000000000000009 1.5000000000000002 2350.0000000000005 4.5000000000000009 1900.0000000000002 2.5000000000000004 8.5000000000000018 8.5000000000000018 7.5000000000000009 1700.0000000000002 8.5000000000000018 1.5000000000000002 2.5000000000000004 2.5000000000000004
decision_type=2 2 2 2 2 2 2 2 2 2 2 2 2 2 2 2 2 2 2 2 2 2 2 2 2 2 2 2 2 2 2 2 2 2 2 2 2 2 2 2 2 2 2 2 2 2 2 2 2 2 2 2
left_child=1 12 3 4 5 35 7 -3 -9 14 25 -12 39 17 41 -16 32 36 -13 -17 -21 -10 30 40 -25 26 -11 42 31 44 34 -29 -4 -7 -20 47 -14 -38 -31 -1 -24 -5 -27 -41 -30 46 -19 -2 -40 -6 -35 -37
right_child=2 6 16 9 49 33 -8 8 21 10 11 18 13 -15 15 19 -18 45 22 20 -22 -23 23 24 -26 27 -28 28 29 38 -32 -33 -34 50 -36 51 37 -39 48 43 -42 -43 -44 -45 -46 -47 -48 -49 -50 -51 -52 -53
leaf_value=-0.21035974405274011 0.023208639554546349 -0.14083596628735817 -0.034834014472708237 0.10822774982627702 0.079656616770304167 -0.062101654432438036 -0.14885987556772307 0.06139561853662228 -0.089645100152620713 0.11955710547146103 -0.090471779124899995 0.099792477292093368 -0.095396167288223907 -0.19410635823510705 -0.012923866972898414 0.088955840559905033 0.066800317855981686 -0.075326782208064505 0.074528812798056399 -0.0010762889972991414 0.0716313562096179 -0.020426945903590909 0.1264918992254469 -0.073224977590143681 0.062483190328930509 0.13220628372720772 -0.010998644287648955 0.09569239841981067 0.077329559717327356 0.13778977747131513 -0.033256000599690846 0.043423154844254269 -0.090168924575502227 -0.12434583040150374 -0.010874015555993932 -0.01269677641062901 -0.22184693888307383 -0.11496946539693667 0.10046131188868948 -0.18368762431696792 0.074527153467375137 0.072534244259198508 0.10833682566068122 -0.16473355612652318 0.056664409439756792 -0.081327289578039197 -0.049801423276464148 0.045427759760921754 0.11199518893631773 0.1006950159072876 -0.13269476299174129 -0.018344167947042279
leaf_weight=69 56 63 113 68 26 54 80 157 93 92 42 110 72 191 203 114 26 58 53 180 147 107 45 25 64 185 76 108 112 149 56 162 110 38 37 58 39 103 141 122 63 204 126 157 88 60 78 54 109 50 64 82
leaf_count=69 56 63 113 68 26 54 80 157 93 92 42 110 72 191 203 114 26 58 53 180 147 107 45 25 64 185 76 108 112 149 56 162 110 38 37 58 39 103 141 122 63 204 126 157 88 60 78 54 109 50 64 82
internal_value=0.00111892 -0.111817 0.0480083 0.0554357 -0.0165003 -0.037091 -0.04333 -0.0232291 -0.00247497 0.068003 0.0800924 0.0432694 -0.147901 -0.129068 0.043679 0.0277228 -0.0486667 -0.0987695 0.0556693 0.0464332 0.0316088 -0.0526134 0.0415189 0.0637342 0.0243629 0.0936141 0.0604962 0.0983292 0.0896662 0.101086 0.0115435 0.0643309 -0.0621293 -0.106225 0.0394188 0.00604859 -0.127862 -0.144323 0.117552 -0.180425 0.0961791 0.0814576 0.122536 -0.173022 0.0682369 -0.0670056 -0.0606872 0.0341162 0.10549 0.0934977 -0.129584 -0.0160045
internal_weight=4939 1449 3490 3241 482 406 500 420 357 2759 1843 495 949 601 916 644 249 410 453 441 327 200 343 197 89 1348 168 1180 869 599 146 270 223 156 90 250 214 142 399 348 108 272 311 279 200 196 136 110 250 76 102 140
internal_count=4939 1449 3490 3241 482 406 500 420 357 2759 1843 495 949 601 916 644 249 410 453 441 327 200 343 197 89 1348 168 1180 869 599 146 270 223 156 90 250 214 142 399 348 108 272 311 279 200 196 136 110 250 76 102 140
is_linear=0
shrinkage=0.05


Tree=25
num_leaves=53
num_cat=0
split_feature=0 0 2 2 0 0 2 2 0 2 2 2 2 0 0 2 2 0 0 0 0 2 2 2 2 2 2 0 2 2 0 2 2 2 2 2 2 0 2 2 0 2 2 2 0 2 2 2 0 2 2 2
split_gain=11448.3 1223.89 1310.36 973.53 878.73 593.753 482.303 464.14 598.813 460.862 376.914 365.848 341.815 322.25 296.242 287.355 762.254 170.01 168.161 156.065 138.284 221.138 125.414 123.035 115.192 96.2248 63.8811 63.5934 47.1829 50.5307 49.2267 27.5839 18.282 23.2475 33.6934 18.2034 16.2609 16.1655 50.8581 14.9404 30.3152 14.1687 22.7421 13.9685 11.5905 6.14108 10.9894 4.85337 4.67539 3.45424 1.95184 1.89459
threshold=1300.0000000000002 1450.0000000000002 9.5000000000000018 3.5000000000000004 1700.0000000000002 2100.0000000000005 7.5000000000000009 1.5000000000000002 2550.0000000000005 4.5000000000000009 6.5000000000000009 7.5000000000000009 8.5000000000000018 2550.0000000000005 1900.0000000000002 9.5000000000000018 5.5000000000000009 2350.0000000000005 1900.0000000000002 1700.0000000000002 1900.0000000000002 2.5000000000000004 8.5000000000000018 2.5000000000000004 8.5000000000000018 1.5000000000000002 5.5000000000000009 1900.0000000000002 5.5000000000000009 8.5000000000000018 2450.0000000000005 7.5000000000000009 8.5000000000000018 7.5000000000000009 6.5000000000000009 4.5000000000000009 6.5000000000000009 1100.0000000000002 3.5000000000000004 6.5000000000000009 1900.0000000000002 4.5000000000000009 5.5000000000000009 5.5000000000000009 2550.0000000000005 6.5000000000000009 8.5000000000000018 5.5000000000000009 1900.0000000000002 4.5000000000000009 7.5000000000000009 2.5000000000000004
decision_type=2 2 2 2 2 2 2 2 2 2 2 2 2 2 2 2 2 2 2 2 2 2 2 2 2 2 2 2 2 2 2 2 2 2 2 2 2 2 2 2 2 2 2 2 2 2 2 2 2 2 2 2
left_child=15 9 3 7 22 6 39 14 20 -2 -11 -12 -13 18 19 16 23 26 -4 -3 21 -9 31 25 27 -1 -7 -8 -19 30 -30 35 33 34 -28 -5 47 -25 -39 40 41 -6 -43 49 -16 -18 50 -37 -26 -42 -47 -22
right_child=1 2 13 4 5 17 24 8 -10 10 11 12 -14 -15 44 -17 45 28 -20 -21 51 -23 -24 37 48 -27 32 -29 29 -31 -32 -33 -34 -35 -36 36 -38 38 -40 -41 43 42 -44 -45 -46 46 -48 -49 -50 -51 -52 -53
leaf_value=-0.20071132321288621 -0.16351052474108388 0.049514126567678021 -0.040270472391736957 0.049725108598805461 0.11821754290454689 -0.054348532191943383 0.017079151594530672 0.036325829489189283 0.1066678595330034 0.047053008040548953 -0.13402305412623616 0.045239941715388692 -0.089369631504140248 0.087790321342406732 -0.026616938114166263 -0.21470917070794374 -0.070266843812152896 0.094999159528789193 -0.12933283965542633 0.16809352726808616 -0.12232893609847778 -0.089269647534404487 0.07290956633125277 -0.18491847765061165 0.085449138319208515 -0.12626341918212736 0.04272008020369733 0.067224487315776738 -0.00070127660577947446 0.089664718476293884 0.06682347867567584 0.0034474440497627278 -0.017963714897632599 0.058155221654021219 -0.0098323456576613136 0.013205475478998047 0.040139638825573705 -0.20136950010682939 -0.2645238368026912 0.14305744734899092 0.11515090282474245 0.15212907435142259 0.12260949605515281 0.12626396988518537 0.013904549598693847 -0.086890652927301693 -0.066897289996797393 0.024076152373105286 0.10127530549253737 0.10123783059539349 -0.099236254521778658 -0.10888815991580487
leaf_weight=69 61 55 106 73 87 32 124 57 56 151 90 111 82 31 60 179 101 110 106 56 39 91 139 62 84 117 61 129 55 60 53 169 25 46 61 211 110 157 40 152 70 178 103 160 25 59 55 200 105 123 70 80
leaf_count=69 61 55 106 73 87 32 124 57 56 151 90 111 82 31 60 179 101 110 106 56 39 91 139 62 84 117 61 129 55 60 53 169 25 46 61 211 110 157 40 152 70 178 103 160 25 59 55 200 105 123 70 80
internal_value=0.00215102 0.0387415 0.0491996 0.0576009 0.0695749 0.0895928 0.107265 -0.00515286 -0.0419859 -0.034824 -0.0167367 -0.050773 -0.0119517 -0.0627837 0.0555465 -0.157937 -0.144017 0.0433915 -0.0848017 0.109338 -0.0731642 -0.0408984 0.0292283 -0.184905 0.0647091 -0.153881 0.0110802 0.0426473 0.0695427 0.0528747 0.0324359 0.0212706 0.0219285 0.0278648 0.0164439 0.0263415 0.0230652 -0.207185 -0.214193 0.128812 0.125808 0.13585 0.141309 0.11534 -0.0146989 -0.0801733 -0.0856111 0.0184953 0.0942415 0.106284 -0.0935898 -0.113293
internal_weight=4886 3977 3482 3239 2720 1818 1315 519 323 495 434 283 193 243 196 909 730 503 212 111 267 148 902 445 442 186 225 253 278 168 108 763 193 168 122 594 521 259 197 873 721 368 281 353 85 285 184 411 189 193 129 119
internal_count=4886 3977 3482 3239 2720 1818 1315 519 323 495 434 283 193 243 196 909 730 503 212 111 267 148 902 445 442 186 225 253 278 168 108 763 193 168 122 594 521 259 197 873 721 368 281 353 85 285 184 411 189 193 129 119
is_linear=0
shrinkage=0.05


Tree=26
num_leaves=53
num_cat=0
split_feature=0 0 2 2 0 0 2 2 0 2 2 2 2 0 0 2 2 0 0 0 0 2 2 2 2 2 2 0 2 2 0 2 2 2 2 2 2 0 2 2 0 2 2 2 0 2 2 2 0 2 2 2
split_gain=10332.1 1104.56 1182.6 878.61 793.054 535.862 435.279 418.886 540.428 415.928 340.165 330.178 308.488 290.83 267.359 259.338 687.935 153.434 151.765 140.849 124.801 199.577 113.187 111.039 103.96 86.8428 57.6526 57.393 42.5826 45.604 44.4271 24.8945 16.4995 20.9809 30.4083 16.4286 14.6754 14.5894 45.8994 13.4837 27.3595 12.7873 20.5248 12.6066 10.4605 5.54232 9.91794 4.38017 4.21954 3.11745 1.76154 1.70987
threshold=1300.0000000000002 1450.0000000000002 9.5000000000000018 3.5000000000000004 1700.0000000000002 2100.0000000000005 7.5000000000000009 1.5000000000000002 2550.0000000000005 4.5000000000000009 6.5000000000000009 7.5000000000000009 8.5000000000000018 2550.0000000000005 1900.0000000000002 9.5000000000000018 5.5000000000000009 2350.0000000000005 1900.0000000000002 1700.0000000000002 1900.0000000000002 2.5000000000000004 8.5000000000000018 2.5000000000000004 8.5000000000000018 1.5000000000000002 5.5000000000000009 1900.0000000000002 5.5000000000000009 8.5000000000000018 2450.0000000000005 7.5000000000000009 8.5000000000000018 7.5000000000000009 6.5000000000000009 4.5000000000000009 6.5000000000000009 1100.0000000000002 3.5000000000000004 6.5000000000000009 1900.0000000000002 4.5000000000000009 5.5000000000000009 5.5000000000000009 2550.0000000000005 6.5000000000000009 8.5000000000000018 5.5000000000000009 1900.0000000000002 4.5000000000000009 7.5000000000000009 2.5000000000000004
decision_type=2 2 2 2 2 2 2 2 2 2 2 2 2 2 2 2 2 2 2 2 2 2 2 2 2 2 2 2 2 2 2 2 2 2 2 2 2 2 2 2 2 2 2 2 2 2 2 2 2 2 2 2
left_child=15 9 3 7 22 6 39 14 20 -2 -11 -12 -13 18 19 16 23 26 -4 -3 21 -9 31 25 27 -1 -7 -8 -19 30 -30 35 33 34 -28 -5 47 -25 -39 40 41 -6 -43 49 -16 -18 50 -37 -26 -42 -47 -22
right_child=1 2 13 4 5 17 24 8 -10 10 11 12 -14 -15 44 -17 45 28 -20 -21 51 -23 -24 37 48 -27 32 -29 29 -31 -32 -33 -34 -35 -36 36 -38 38 -40 -41 43 42 -44 -45 -46 46 -48 -49 -50 -51 -52 -53
leaf_value=-0.19067573996557707 -0.15533500527657693 0.047038416530598294 -0.038256957786122585 0.047238847205083666 0.11230666188673043 -0.051631086948327722 0.016225204257775221 0.034509548910877166 0.1013344623946718 0.044700352673030255 -0.12732189594043627 0.042977944687680084 -0.084901140108363846 0.083400801689394066 -0.02528609613577525 -0.20397372123207794 -0.066753505004367039 0.09024920191954483 -0.12286621911345788 0.15968886698995319 -0.1162124755099798 -0.084806161431165844 0.069264097736893793 -0.1756725527105793 0.081176678658950896 -0.11995025234342689 0.040584067243044496 0.063863262984641775 -0.00066620393232865772 0.085181487364073605 0.063482307249082714 0.0032750552619350026 -0.017065533578395846 0.055247461342293282 -0.0093407236650341844 0.012545191278566398 0.038132644439624115 -0.19130102042049457 -0.25129763945937156 0.13590455843429816 0.10939335713828249 0.14452260846162235 0.11647902367980156 0.11995076697901824 0.013209322452545167 -0.082546127448647713 -0.0635524253953587 0.022872335239313545 0.096211524180003574 0.096175935419230932 -0.094274449657116621 -0.10344374059466646
leaf_weight=69 61 55 106 73 87 32 124 57 56 151 90 111 82 31 60 179 101 110 106 56 39 91 139 62 84 117 61 129 55 60 53 169 25 46 61 211 110 157 40 152 70 178 103 160 25 59 55 200 105 123 70 80
leaf_count=69 61 55 106 73 87 32 124 57 56 151 90 111 82 31 60 179 101 110 106 56 39 91 139 62 84 117 61 129 55 60 53 169 25 46 61 211 110 157 40 152 70 178 103 160 25 59 55 200 105 123 70 80
internal_value=0.00204347 0.0368044 0.0467396 0.0547209 0.0660961 0.0851132 0.101902 -0.00489521 -0.0398866 -0.0330828 -0.0158999 -0.0482343 -0.0113541 -0.0596446 0.0527692 -0.150041 -0.136816 0.0412219 -0.0805616 0.103871 -0.069506 -0.0388535 0.0277669 -0.17566 0.0614736 -0.146187 0.0105262 0.040515 0.0660655 0.050231 0.0308141 0.0202071 0.0208321 0.0264716 0.0156217 0.0250245 0.0219119 -0.196826 -0.203483 0.122371 0.119518 0.129057 0.134243 0.109573 -0.0139639 -0.0761646 -0.0813305 0.0175706 0.0895294 0.10097 -0.0889103 -0.107628
internal_weight=4886 3977 3482 3239 2720 1818 1315 519 323 495 434 283 193 243 196 909 730 503 212 111 267 148 902 445 442 186 225 253 278 168 108 763 193 168 122 594 521 259 197 873 721 368 281 353 85 285 184 411 189 193 129 119
internal_count=4886 3977 3482 3239 2720 1818 1315 519 323 495 434 283 193 243 196 909 730 503 212 111 267 148 902 445 442 186 225 253 278 168 108 763 193 168 122 594 521 259 197 873 721 368 281 353 85 285 184 411 189 193 129 119
is_linear=0
shrinkage=0.05


Tree=27
num_leaves=53
num_cat=0
split_feature=0 0 2 2 0 0 2 2 0 2 2 2 2 0 0 2 2 0 0 0 0 2 2 2 2 2 2 0 2 2 0 2 2 2 2 2 2 0 2 2 0 2 2 2 0 2 2 2 0 2 2 2
split_gain=9324.73 996.863 1067.3 792.946 715.731 483.615 392.839 378.045 487.737 375.375 306.999 297.986 278.411 262.474 241.291 234.052 620.861 138.474 136.968 127.116 112.633 180.118 102.151 100.213 93.8242 78.3757 52.0315 51.7972 38.4308 41.1576 40.0955 22.4673 14.8908 18.9353 27.4435 14.8268 13.2446 13.1669 41.4242 12.1691 24.6919 11.5405 18.5236 11.3775 9.44055 5.00195 8.95094 3.95309 3.80814 2.8135 1.58979 1.54315
threshold=1300.0000000000002 1450.0000000000002 9.5000000000000018 3.5000000000000004 1700.0000000000002 2100.0000000000005 7.5000000000000009 1.5000000000000002 2550.0000000000005 4.5000000000000009 6.5000000000000009 7.5000000000000009 8.5000000000000018 2550.0000000000005 1900.0000000000002 9.5000000000000018 5.5000000000000009 2350.0000000000005 1900.0000000000002 1700.0000000000002 1900.0000000000002 2.5000000000000004 8.5000000000000018 2.5000000000000004 8.5000000000000018 1.5000000000000002 5.5000000000000009 1900.0000000000002 5.5000000000000009 8.5000000000000018 2450.0000000000005 7.5000000000000009 8.5000000000000018 7.5000000000000009 6.5000000000000009 4.5000000000000009 6.5000000000000009 1100.0000000000002 3.5000000000000004 6.5000000000000009 1900.0000000000002 4.5000000000000009 5.5000000000000009 5.5000000000000009 2550.0000000000005 6.5000000000000009 8.5000000000000018 5.5000000000000009 1900.0000000000002 4.5000000000000009 7.5000000000000009 2.5000000000000004
decision_type=2 2 2 2 2 2 2 2 2 2 2 2 2 2 2 2 2 2 2 2 2 2 2 2 2 2 2 2 2 2 2 2 2 2 2 2 2 2 2 2 2 2 2 2 2 2 2 2 2 2 2 2
left_child=15 9 3 7 22 6 39 14 20 -2 -11 -12 -13 18 19 16 23 26 -4 -3 21 -9 31 25 27 -1 -7 -8 -19 30 -30 35 33 34 -28 -5 47 -25 -39 40 41 -6 -43 49 -16 -18 50 -37 -26 -42 -47 -22
right_child=1 2 13 4 5 17 24 8 -10 10 11 12 -14 -15 44 -17 45 28 -20 -21 51 -23 -24 37 48 -27 32 -29 29 -31 -32 -33 -34 -35 -36 36 -38 38 -40 -41 43 42 -44 -45 -46 46 -48 -49 -50 -51 -52 -53
leaf_value=-0.18114195258721064 -0.14756824707642932 0.044686499116095631 -0.036344102601397713 0.044876913024648413 0.1066913332361942 -0.04904954517260194 0.015413935115981487 0.032784066597620648 0.096267730183899405 0.042465329246706519 -0.12095580675949653 0.040829039143549434 -0.080656075418540626 0.079230765373476092 -0.024021775523821513 -0.19377503306266733 -0.063415828384090184 0.085736747397617871 -0.11672291311452974 0.15170442004288948 -0.11040185025105109 -0.080565850158314134 0.065800882669554348 -0.16688893074470182 0.077117842183049234 -0.11395273152102009 0.038554880939057623 0.060670110848984986 -0.0006328931721774015 0.08092240555211902 0.060308191152113791 0.0031113105434814152 -0.016212263971567154 0.052485080646431974 -0.0088736878066766455 0.011917942736774543 0.036226032772524792 -0.18173596426239536 -0.23873276263475418 0.12910933270927913 0.10392370250076055 0.13729648637805092 0.11065506985212126 0.11395324138458818 0.012548867166042327 -0.078418816436650385 -0.06037480625239286 0.021728715633507818 0.091400965679259538 0.091367137380610641 -0.089560735885586065 -0.098271567513002089
leaf_weight=69 61 55 106 73 87 32 124 57 56 151 90 111 82 31 60 179 101 110 106 56 39 91 139 62 84 117 61 129 55 60 53 169 25 46 61 211 110 157 40 152 70 178 103 160 25 59 55 200 105 123 70 80
leaf_count=69 61 55 106 73 87 32 124 57 56 151 90 111 82 31 60 179 101 110 106 56 39 91 139 62 84 117 61 129 55 60 53 169 25 46 61 211 110 157 40 152 70 178 103 160 25 59 55 200 105 123 70 80
internal_value=0.0019413 0.0349642 0.0444026 0.0519848 0.0627913 0.0808575 0.0968069 -0.00465045 -0.0378923 -0.0314287 -0.0151049 -0.0458226 -0.0107864 -0.0566623 0.0501307 -0.142539 -0.129975 0.0391608 -0.0765335 0.0986775 -0.0660307 -0.0369108 0.0263785 -0.166877 0.0583999 -0.138878 0.00999989 0.0384892 0.0627623 0.0477195 0.0292734 0.0191967 0.0197905 0.025148 0.0148406 0.0237732 0.0208163 -0.186984 -0.193309 0.116252 0.113542 0.122604 0.127531 0.104094 -0.0132657 -0.0723564 -0.077264 0.016692 0.0850529 0.0959213 -0.0844648 -0.102247
internal_weight=4886 3977 3482 3239 2720 1818 1315 519 323 495 434 283 193 243 196 909 730 503 212 111 267 148 902 445 442 186 225 253 278 168 108 763 193 168 122 594 521 259 197 873 721 368 281 353 85 285 184 411 189 193 129 119
internal_count=4886 3977 3482 3239 2720 1818 1315 519 323 495 434 283 193 243 196 909 730 503 212 111 267 148 902 445 442 186 225 253 278 168 108 763 193 168 122 594 521 259 197 873 721 368 281 353 85 285 184 411 189 193 129 119
is_linear=0
shrinkage=0.05


Tree=28
num_leaves=53
num_cat=0
split_feature=0 0 2 2 0 0 2 2 0 2 2 2 2 0 0 2 2 0 0 0 0 2 2 2 2 2 2 0 2 2 0 2 2 2 2 2 2 0 2 2 0 2 2 2 0 2 2 2 0 2 2 2
split_gain=8415.57 899.668 963.235 715.634 645.947 436.463 354.537 341.186 440.182 338.776 277.066 268.932 251.266 236.883 217.765 211.232 560.327 124.973 123.614 114.722 101.651 162.556 92.1912 90.4421 84.6763 70.7341 46.9585 46.747 34.6838 37.1447 36.1862 20.2767 13.439 17.0891 24.7678 13.3812 11.9533 11.8831 37.3854 10.9826 22.2845 10.4153 16.7175 10.2681 8.5201 4.51425 8.07823 3.56767 3.43684 2.53918 1.43478 1.3927
threshold=1300.0000000000002 1450.0000000000002 9.5000000000000018 3.5000000000000004 1700.0000000000002 2100.0000000000005 7.5000000000000009 1.5000000000000002 2550.0000000000005 4.5000000000000009 6.5000000000000009 7.5000000000000009 8.5000000000000018 2550.0000000000005 1900.0000000000002 9.5000000000000018 5.5000000000000009 2350.0000000000005 1900.0000000000002 1700.0000000000002 1900.0000000000002 2.5000000000000004 8.5000000000000018 2.5000000000000004 8.5000000000000018 1.5000000000000002 5.5000000000000009 1900.0000000000002 5.5000000000000009 8.5000000000000018 2450.0000000000005 7.5000000000000009 8.5000000000000018 7.5000000000000009 6.5000000000000009 4.5000000000000009 6.5000000000000009 1100.0000000000002 3.5000000000000004 6.5000000000000009 1900.0000000000002 4.5000000000000009 5.5000000000000009 5.5000000000000009 2550.0000000000005 6.5000000000000009 8.5000000000000018 5.5000000000000009 1900.0000000000002 4.5000000000000009 7.5000000000000009 2.5000000000000004
decision_type=2 2 2 2 2 2 2 2 2 2 2 2 2 2 2 2 2 2 2 2 2 2 2 2 2 2 2 2 2 2 2 2 2 2 2 2 2 2 2 2 2 2 2 2 2 2 2 2 2 2 2 2
left_child=15 9 3 7 22 6 39 14 20 -2 -11 -12 -13 18 19 16 23 26 -4 -3 21 -9 31 25 27 -1 -7 -8 -19 30 -30 35 33 34 -28 -5 47 -25 -39 40 41 -6 -43 49 -16 -18 50 -37 -26 -42 -47 -22
right_child=1 2 13 4 5 17 24 8 -10 10 11 12 -14 -15 44 -17 45 28 -20 -21 51 -23 -24 37 48 -27 32 -29 29 -31 -32 -33 -34 -35 -36 36 -38 38 -40 -41 43 42 -44 -45 -46 46 -48 -49 -50 -51 -52 -53
leaf_value=-0.17208487400110217 -0.14018983558797446 0.042452174181287938 -0.034526886453606048 0.042633063907492656 0.1013567633134709 -0.046597070246934894 0.01464324396163706 0.031144865563041288 0.091454345107610746 0.040342063298880661 -0.11490799902627867 0.038787591725856337 -0.076623274867491029 0.075269236103180925 -0.02282069245974223 -0.18408628398417262 -0.06024504707443832 0.081449910175393936 -0.11088674909101343 0.14411918475691762 -0.10488176576984234 -0.076537550314442149 0.062510850032617291 -0.15854447737952035 0.073261957533568858 -0.10825509677330654 0.036627136525072039 0.057636596943980968 -0.00060124939138239079 0.076876298186058803 0.057292785734500529 0.0029557407188874028 -0.015401650547981264 0.049860831123331319 -0.0084299992342464266 0.01132203305043033 0.034414729448882013 -0.1726491650483411 -0.22679612398147586 0.12265387669107633 0.098727518618106858 0.13043165727612679 0.10512231850580683 0.10825555926669039 0.011921422064304353 -0.074497879201830444 -0.057356055866588242 0.020642274841666225 0.086830900297278454 0.086798792283951764 -0.08508268244298442 -0.093357983008027084
leaf_weight=69 61 55 106 73 87 32 124 57 56 151 90 111 82 31 60 179 101 110 106 56 39 91 139 62 84 117 61 129 55 60 53 169 25 46 61 211 110 157 40 152 70 178 103 160 25 59 55 200 105 123 70 80
leaf_count=69 61 55 106 73 87 32 124 57 56 151 90 111 82 31 60 179 101 110 106 56 39 91 139 62 84 117 61 129 55 60 53 169 25 46 61 211 110 157 40 152 70 178 103 160 25 59 55 200 105 123 70 80
internal_value=0.00184423 0.033216 0.0421825 0.0493856 0.0596518 0.0768147 0.0919666 -0.00441793 -0.0359977 -0.0298572 -0.0143497 -0.0435315 -0.0102471 -0.0538292 0.0476242 -0.135412 -0.123476 0.0372028 -0.0727068 0.0937436 -0.0627292 -0.0350653 0.0250596 -0.158533 0.0554799 -0.131934 0.00949989 0.0365648 0.0596242 0.0453335 0.0278097 0.0182369 0.0188009 0.0238906 0.0140986 0.0225846 0.0197755 -0.177635 -0.183643 0.11044 0.107865 0.116474 0.121155 0.0988897 -0.0126024 -0.0687386 -0.0734008 0.0158574 0.0808003 0.0911253 -0.0802416 -0.0971347
internal_weight=4886 3977 3482 3239 2720 1818 1315 519 323 495 434 283 193 243 196 909 730 503 212 111 267 148 902 445 442 186 225 253 278 168 108 763 193 168 122 594 521 259 197 873 721 368 281 353 85 285 184 411 189 193 129 119
internal_count=4886 3977 3482 3239 2720 1818 1315 519 323 495 434 283 193 243 196 909 730 503 212 111 267 148 902 445 442 186 225 253 278 168 108 763 193 168 122 594 521 259 197 873 721 368 281 353 85 285 184 411 189 193 129 119
is_linear=0
shrinkage=0.05


Tree=29
num_leaves=54
num_cat=0
split_feature=0 0 2 2 0 0 2 2 0 2 2 2 2 0 0 2 2 0 0 0 0 2 2 2 2 2 2 0 2 2 0 2 2 2 2 2 2 2 0 2 2 0 2 2 2 0 2 2 2 0 2 2 2
split_gain=7595.05 811.951 869.32 645.859 582.967 393.908 319.97 307.92 397.265 305.746 250.052 242.711 226.767 213.787 196.533 190.637 505.695 112.788 111.561 103.537 91.7403 146.707 83.2025 81.624 76.4204 63.8375 42.38 42.1892 31.3021 36.0078 71.9805 66.8164 18.2997 12.1287 15.4229 22.3529 12.0765 10.7878 10.7245 33.7403 9.9118 20.1117 9.39981 15.0876 9.26701 7.68939 4.07411 7.2906 3.21983 3.10175 2.29161 1.29489 1.25691
threshold=1300.0000000000002 1450.0000000000002 9.5000000000000018 3.5000000000000004 1700.0000000000002 2100.0000000000005 7.5000000000000009 1.5000000000000002 2550.0000000000005 4.5000000000000009 6.5000000000000009 7.5000000000000009 8.5000000000000018 2550.0000000000005 1900.0000000000002 9.5000000000000018 5.5000000000000009 2350.0000000000005 1900.0000000000002 1700.0000000000002 1900.0000000000002 2.5000000000000004 8.5000000000000018 2.5000000000000004 8.5000000000000018 1.5000000000000002 5.5000000000000009 1900.0000000000002 5.5000000000000009 7.5000000000000009 2550.0000000000005 8.5000000000000018 7.5000000000000009 8.5000000000000018 7.5000000000000009 6.5000000000000009 4.5000000000000009 6.5000000000000009 1100.0000000000002 3.5000000000000004 6.5000000000000009 1900.0000000000002 4.5000000000000009 5.5000000000000009 5.5000000000000009 2550.0000000000005 6.5000000000000009 8.5000000000000018 5.5000000000000009 1900.0000000000002 4.5000000000000009 7.5000000000000009 2.5000000000000004
decision_type=2 2 2 2 2 2 2 2 2 2 2 2 2 2 2 2 2 2 2 2 2 2 2 2 2 2 2 2 2 2 2 2 2 2 2 2 2 2 2 2 2 2 2 2 2 2 2 2 2 2 2 2 2
left_child=15 9 3 7 22 6 40 14 20 -2 -11 -12 -13 18 19 16 23 26 -4 -3 21 -9 32 25 27 -1 -7 -8 -19 -30 31 -31 36 34 35 -28 -5 48 -25 -40 41 42 -6 -44 50 -16 -18 51 -38 -26 -43 -48 -22
right_child=1 2 13 4 5 17 24 8 -10 10 11 12 -14 -15 45 -17 46 28 -20 -21 52 -23 -24 38 49 -27 33 -29 29 30 -32 -33 -34 -35 -36 -37 37 -39 39 -41 -42 44 43 -45 -46 -47 47 -49 -50 -51 -52 -53 -54
leaf_value=-0.16348062218099402 -0.13318034809876661 0.040329563807357444 -0.032800544784316481 0.040501410085452744 0.096288927567416235 -0.044267213810235267 0.013911084013600503 0.029587619346484809 0.086881633096241528 0.038324977673392824 -0.10916260605057081 0.036848210932703705 -0.072792121658964856 0.071505777297481407 -0.021679671406745912 -0.17488196831425476 -0.057232783572508564 0.077377416305243973 -0.10534242837742534 0.13691322782209941 -0.099637680634474146 -0.072710664979704132 0.059385299343588972 -0.15061724532035092 0.069598867603677464 -0.10284233528197323 0.034795781395962982 0.054754773449412611 0.0016583758965134623 -0.00057119542902166187 0.12852585241198541 0.081089282845673349 0.0028079707627377565 -0.014631563007831576 0.047367783830217697 -0.0080085072361054978 0.010755931831437264 0.032693999365649443 -0.16401670982551045 -0.2154563271999359 0.11652118305210024 0.09379113878755431 0.12391007300257013 0.099866206009388517 0.10284278863051442 0.011325339317321777 -0.070772982343648552 -0.054488250450654467 0.019610173495486383 0.082489369823819117 0.082458844332864933 -0.080828547323388719 -0.088690092209726568
leaf_weight=69 61 55 106 73 87 32 124 57 56 151 90 111 82 31 60 179 101 110 106 56 39 91 139 62 84 117 61 129 40 55 27 46 169 25 46 61 211 110 157 40 152 70 178 103 160 25 59 55 200 105 123 70 80
leaf_count=69 61 55 106 73 87 32 124 57 56 151 90 111 82 31 60 179 101 110 106 56 39 91 139 62 84 117 61 129 40 55 27 46 169 25 46 61 211 110 157 40 152 70 178 103 160 25 59 55 200 105 123 70 80
internal_value=0.00175202 0.0315552 0.0400734 0.0469163 0.0566692 0.0729739 0.0873683 -0.00419704 -0.0341978 -0.0283644 -0.0136322 -0.0413549 -0.00973473 -0.0511378 0.045243 -0.128641 -0.117303 0.0353426 -0.0690715 0.0890565 -0.0595927 -0.033312 0.0238066 -0.150606 0.0527059 -0.125337 0.0090249 0.0347365 0.056643 0.0430668 0.0560069 0.0366207 0.0173251 0.0178609 0.0226961 0.0133936 0.0214554 0.0187867 -0.168753 -0.174461 0.104918 0.102472 0.11065 0.115097 0.0939452 -0.0119723 -0.0653016 -0.0697308 0.0150646 0.0767603 0.086569 -0.0762295 -0.092278
internal_weight=4886 3977 3482 3239 2720 1818 1315 519 323 495 434 283 193 243 196 909 730 503 212 111 267 148 902 445 442 186 225 253 278 168 128 101 763 193 168 122 594 521 259 197 873 721 368 281 353 85 285 184 411 189 193 129 119
internal_count=4886 3977 3482 3239 2720 1818 1315 519 323 495 434 283 193 243 196 909 730 503 212 111 267 148 902 445 442 186 225 253 278 168 128 101 763 193 168 122 594 521 259 197 873 721 368 281 353 85 285 184 411 189 193 129 119
is_linear=0
shrinkage=0.05


Tree=30
num_leaves=53
num_cat=0
split_feature=0 2 2 0 2 2 0 2 0 0 2 0 0 2 2 2 2 0 2 2 2 0 2 0 0 0 0 2 2 0 2 2 0 0 0 2 2 2 0 0 2 0 2 2 2 0 2 2 2 2 2 2
split_gain=6130.4 722.587 561.492 674.018 332.034 310.808 208.074 184.418 365.792 200.151 173.201 155.967 255.367 142.5 138.907 133.028 398.727 130.853 119.513 116.994 115.737 90.2891 67.7963 35.8342 47.3197 31.611 19.7242 34.1746 17.2313 94.5265 38.3142 15.6422 56.3464 55.9647 14.3302 183.106 44.3483 11.9342 62.1358 44.6712 5.75543 4.64704 3.90416 3.85181 9.64684 3.27543 8.0226 6.61044 2.56291 1.97675 1.85264 0.209448
threshold=1300.0000000000002 9.5000000000000018 3.5000000000000004 1550.0000000000002 1.5000000000000002 6.5000000000000009 1100.0000000000002 5.5000000000000009 1900.0000000000002 2350.0000000000005 7.5000000000000009 2550.0000000000005 1900.0000000000002 4.5000000000000009 7.5000000000000009 7.5000000000000009 9.5000000000000018 2100.0000000000005 7.5000000000000009 8.5000000000000018 8.5000000000000018 2550.0000000000005 4.5000000000000009 2550.0000000000005 1900.0000000000002 2100.0000000000005 1900.0000000000002 4.5000000000000009 6.5000000000000009 1700.0000000000002 7.5000000000000009 2.5000000000000004 1900.0000000000002 1900.0000000000002 2100.0000000000005 6.5000000000000009 6.5000000000000009 4.5000000000000009 1700.0000000000002 1700.0000000000002 8.5000000000000018 1700.0000000000002 8.5000000000000018 3.5000000000000004 6.5000000000000009 1700.0000000000002 8.5000000000000018 8.5000000000000018 2.5000000000000004 5.5000000000000009 8.5000000000000018 1.5000000000000002
decision_type=2 2 2 2 2 2 2 2 2 2 2 2 2 2 2 2 2 2 2 2 2 2 2 2 2 2 2 2 2 2 2 2 2 2 2 2 2 2 2 2 2 2 2 2 2 2 2 2 2 2 2 2
left_child=6 2 4 5 23 13 -1 17 28 18 -11 12 -3 -4 -7 43 50 26 34 -12 -16 31 -19 24 41 42 37 -28 29 -9 -30 32 -6 -33 36 -36 -10 38 -5 -39 -27 -2 -20 48 49 47 -47 -32 51 -45 -17 -8
right_child=1 11 3 7 21 14 15 8 9 10 19 -13 -14 -15 20 16 -18 22 25 -21 -22 -23 -24 -25 -26 40 27 -29 30 -31 45 33 -34 -35 35 -37 -38 39 -40 -41 -42 -43 -44 44 -46 46 -48 -49 -50 -51 -52 -53
leaf_value=-0.03381138025824703 0.033429731747117948 -0.018011210865300633 -0.032763448839004221 0.12839046841167581 -0.075186262365247392 -0.097663242661768623 -0.13900569999028767 -0.011176447598842914 0.043099826099585348 -0.088616715568829996 0.088766963481903077 0.052791425328830188 -0.12408474470887865 0.055107529058396443 0.006699036326036494 -0.03884165352210403 -0.14710695618583311 -0.028487317818541857 0.082359511770808427 -0.0091729524996011485 -0.073529380488477333 0.0084919993524198191 0.045847558139640594 0.087335999596577438 -0.010954969632821006 0.13706956207752227 0.032869977385483008 0.078380252414128992 0.048443884206696965 0.046972750883017271 0.013670477366305134 -0.044790676761079923 0.005140569236348657 -0.10336414812818956 0.1112817428385218 -0.021801587034549035 0.081690415660185478 0.060621525770009954 0.063659780104476288 0.094383433818196263 0.10807144641876221 0.054085416253656149 0.095070522590117029 -0.14326244184845371 -0.12922019795825085 0.020481774998389612 0.0010209891504497938 0.028163561103403147 -0.13238318825156653 -0.15653780743340467 -0.026916949973817456 -0.14258695224556944
leaf_weight=67 53 115 65 67 61 97 63 209 159 34 60 29 112 159 117 76 186 43 134 62 73 54 107 26 61 44 66 110 117 105 178 88 34 76 48 56 140 215 83 180 28 56 110 38 60 123 93 141 145 107 57 116
leaf_count=67 53 115 65 67 61 97 63 209 159 34 60 29 112 159 117 76 186 43 134 62 73 54 107 26 61 44 66 110 117 105 178 88 34 76 48 56 140 215 83 180 28 56 110 38 60 123 93 141 145 107 57 116
internal_value=-0.001916 0.0248644 0.0304386 0.0381459 -0.0183639 -0.0145298 -0.118637 0.0480711 0.0391028 0.0625206 0.0111816 -0.0563978 -0.0703471 0.0296093 -0.0489798 -0.125339 -0.0998374 0.067027 0.0736595 0.0389942 -0.0241256 -0.0503203 0.0245382 0.0326686 0.0243077 0.0966804 0.0758666 0.0613139 0.0178911 0.00826835 0.0225254 -0.0625824 -0.0464377 -0.0719345 0.0556084 0.0396215 0.061169 0.0805662 0.0925728 0.0760067 0.125793 0.0440418 0.0880899 -0.140718 -0.146082 0.0168572 0.0121028 0.0200765 -0.137324 -0.153059 -0.0337311 -0.141327
internal_weight=4903 3988 3732 3223 509 511 915 2712 1841 875 156 256 227 224 287 848 319 871 719 122 190 313 150 196 170 316 721 176 966 314 652 259 95 164 403 104 299 545 150 395 72 109 244 529 205 535 216 319 324 145 133 179
internal_count=4903 3988 3732 3223 509 511 915 2712 1841 875 156 256 227 224 287 848 319 871 719 122 190 313 150 196 170 316 721 176 966 314 652 259 95 164 403 104 299 545 150 395 72 109 244 529 205 535 216 319 324 145 133 179
is_linear=0
shrinkage=0.05


Tree=31
num_leaves=53
num_cat=0
split_feature=0 2 2 0 2 2 0 2 0 0 2 0 0 2 2 2 2 0 2 2 2 0 2 0 0 0 0 2 2 0 2 2 0 0 0 2 2 2 0 0 2 0 2 2 2 0 2 2 2 2 2 2
split_gain=5532.69 652.134 506.746 608.301 299.661 280.505 187.787 166.438 330.127 180.636 156.314 140.76 230.468 128.606 125.363 120.057 359.851 118.095 107.86 105.587 104.453 81.4859 61.1862 32.3404 42.7061 28.529 17.8011 30.8425 15.5513 85.3101 34.5786 14.1171 50.8527 50.5081 12.933 165.253 40.0244 10.7706 56.0776 40.3158 5.19428 4.19396 3.52351 3.47626 8.70626 2.95608 7.2404 5.96591 2.31303 1.78402 1.67201 0.189027
threshold=1300.0000000000002 9.5000000000000018 3.5000000000000004 1550.0000000000002 1.5000000000000002 6.5000000000000009 1100.0000000000002 5.5000000000000009 1900.0000000000002 2350.0000000000005 7.5000000000000009 2550.0000000000005 1900.0000000000002 4.5000000000000009 7.5000000000000009 7.5000000000000009 9.5000000000000018 2100.0000000000005 7.5000000000000009 8.5000000000000018 8.5000000000000018 2550.0000000000005 4.5000000000000009 2550.0000000000005 1900.0000000000002 2100.0000000000005 1900.0000000000002 4.5000000000000009 6.5000000000000009 1700.0000000000002 7.5000000000000009 2.5000000000000004 1900.0000000000002 1900.0000000000002 2100.0000000000005 6.5000000000000009 6.5000000000000009 4.5000000000000009 1700.0000000000002 1700.0000000000002 8.5000000000000018 1700.0000000000002 8.5000000000000018 3.5000000000000004 6.5000000000000009 1700.0000000000002 8.5000000000000018 8.5000000000000018 2.5000000000000004 5.5000000000000009 8.5000000000000018 1.5000000000000002
decision_type=2 2 2 2 2 2 2 2 2 2 2 2 2 2 2 2 2 2 2 2 2 2 2 2 2 2 2 2 2 2 2 2 2 2 2 2 2 2 2 2 2 2 2 2 2 2 2 2 2 2 2 2
left_child=6 2 4 5 23 13 -1 17 28 18 -11 12 -3 -4 -7 43 50 26 34 -12 -16 31 -19 24 41 42 37 -28 29 -9 -30 32 -6 -33 36 -36 -10 38 -5 -39 -27 -2 -20 48 49 47 -47 -32 51 -45 -17 -8
right_child=1 11 3 7 21 14 15 8 9 10 19 -13 -14 -15 20 16 -18 22 25 -21 -22 -23 -24 -25 -26 40 27 -29 30 -31 45 33 -34 -35 35 -37 -38 39 -40 -41 -42 -43 -44 44 -46 46 -48 -49 -50 -51 -52 -53
leaf_value=-0.032120808803323492 0.03175824659366934 -0.017110658378704735 -0.031125287344822519 0.12197094096510269 -0.071426945045346121 -0.092780083840348068 -0.13205541722358219 -0.010617620859776388 0.040944824168610873 -0.084185878800995206 0.084328596889972685 0.05015184699461378 -0.11788049896380731 0.052352162373234645 0.0063640968714896431 -0.036899569861002658 -0.13975161826738747 -0.027062936057878097 0.078241518139839178 -0.008714294734020387 -0.069852907404507683 0.0080674036785408302 0.0435551750325711 0.082969194020216297 -0.010407229232006387 0.13021608049219305 0.031226480464366352 0.074461234665729778 0.046021710986940141 0.044624120775787604 0.012986958255007697 -0.042551148513501343 0.0048835471272468574 -0.098195929119461456 0.10571764999379714 -0.02071151113403695 0.077605900689959539 0.057590455077588559 0.060476793133350741 0.089664260696412798 0.10266785686835647 0.051381156249304442 0.09031698740341447 -0.13609932504202191 -0.12275919748470188 0.019457694285405364 0.00096993984714631117 0.026755383769248395 -0.12576402497959549 -0.14871091647682905 -0.025571107785952719 -0.13545761206026735
leaf_weight=67 53 115 65 67 61 97 63 209 159 34 60 29 112 159 117 76 186 43 134 62 73 54 107 26 61 44 66 110 117 105 178 88 34 76 48 56 140 215 83 180 28 56 110 38 60 123 93 141 145 107 57 116
leaf_count=67 53 115 65 67 61 97 63 209 159 34 60 29 112 159 117 76 186 43 134 62 73 54 107 26 61 44 66 110 117 105 178 88 34 76 48 56 140 215 83 180 28 56 110 38 60 123 93 141 145 107 57 116
internal_value=-0.0018202 0.0236211 0.0289167 0.0362386 -0.0174457 -0.0138033 -0.112706 0.0456676 0.0371477 0.0593945 0.0106225 -0.0535779 -0.0668297 0.0281288 -0.0465308 -0.119072 -0.0948455 0.0636757 0.0699765 0.0370445 -0.0229193 -0.0478043 0.0233113 0.0310352 0.0230923 0.0918463 0.0720733 0.0582482 0.0169966 0.00785494 0.0213991 -0.0594533 -0.0441158 -0.0683378 0.0528279 0.0376404 0.0581105 0.0765379 0.0879442 0.0722064 0.119503 0.0418397 0.0836854 -0.133682 -0.138778 0.0160144 0.0114977 0.0190727 -0.130458 -0.145406 -0.0320445 -0.13426
internal_weight=4903 3988 3732 3223 509 511 915 2712 1841 875 156 256 227 224 287 848 319 871 719 122 190 313 150 196 170 316 721 176 966 314 652 259 95 164 403 104 299 545 150 395 72 109 244 529 205 535 216 319 324 145 133 179
internal_count=4903 3988 3732 3223 509 511 915 2712 1841 875 156 256 227 224 287 848 319 871 719 122 190 313 150 196 170 316 721 176 966 314 652 259 95 164 403 104 299 545 150 395 72 109 244 529 205 535 216 319 324 145 133 179
is_linear=0
shrinkage=0.05


Tree=32
num_leaves=53
num_cat=0
split_feature=0 2 2 0 2 2 0 2 0 0 2 0 0 2 2 2 2 0 2 2 2 0 2 0 0 0 0 2 2 0 2 2 0 0 0 2 2 2 0 0 2 0 2 2 2 0 2 2 2 2 2 2
split_gain=4993.25 588.551 457.339 548.992 270.444 253.155 169.478 150.21 297.94 163.024 141.073 127.036 207.998 116.067 113.14 108.352 324.765 106.58 97.3441 95.2921 94.2683 73.541 55.2205 29.1872 38.5422 25.7474 16.0654 27.8354 14.035 76.9924 31.2071 12.7407 45.8945 45.5836 11.6721 149.141 36.122 9.72048 50.61 36.385 4.68784 3.78504 3.17996 3.13731 7.8574 2.66787 6.53446 5.38425 2.08751 1.61007 1.50899 0.170598
threshold=1300.0000000000002 9.5000000000000018 3.5000000000000004 1550.0000000000002 1.5000000000000002 6.5000000000000009 1100.0000000000002 5.5000000000000009 1900.0000000000002 2350.0000000000005 7.5000000000000009 2550.0000000000005 1900.0000000000002 4.5000000000000009 7.5000000000000009 7.5000000000000009 9.5000000000000018 2100.0000000000005 7.5000000000000009 8.5000000000000018 8.5000000000000018 2550.0000000000005 4.5000000000000009 2550.0000000000005 1900.0000000000002 2100.0000000000005 1900.0000000000002 4.5000000000000009 6.5000000000000009 1700.0000000000002 7.5000000000000009 2.5000000000000004 1900.0000000000002 1900.0000000000002 2100.0000000000005 6.5000000000000009 6.5000000000000009 4.5000000000000009 1700.0000000000002 1700.0000000000002 8.5000000000000018 1700.0000000000002 8.5000000000000018 3.5000000000000004 6.5000000000000009 1700.0000000000002 8.5000000000000018 8.5000000000000018 2.5000000000000004 5.5000000000000009 8.5000000000000018 1.5000000000000002
decision_type=2 2 2 2 2 2 2 2 2 2 2 2 2 2 2 2 2 2 2 2 2 2 2 2 2 2 2 2 2 2 2 2 2 2 2 2 2 2 2 2 2 2 2 2 2 2 2 2 2 2 2 2
left_child=6 2 4 5 23 13 -1 17 28 18 -11 12 -3 -4 -7 43 50 26 34 -12 -16 31 -19 24 41 42 37 -28 29 -9 -30 32 -6 -33 36 -36 -10 38 -5 -39 -27 -2 -20 48 49 47 -47 -32 51 -45 -17 -8
right_child=1 11 3 7 21 14 15 8 9 10 19 -13 -14 -15 20 16 -18 22 25 -21 -22 -23 -24 -25 -26 40 27 -29 30 -31 45 33 -34 -35 35 -37 -38 39 -40 -41 -42 -43 -44 44 -46 46 -48 -49 -50 -51 -52 -53
leaf_value=-0.030514759092188593 0.030170331290870347 -0.016255129588686901 -0.029569016654904075 0.11587239344284606 -0.067855598008046386 -0.088141087722993394 -0.12545263767242432 -0.010086731306103429 0.038897582826240479 -0.079976577421321596 0.080112182597319281 0.047644255695671878 -0.1119864697094142 0.049734548044262118 0.0060458738038427808 -0.035054591535835671 -0.13276403623643102 -0.025709791654764221 0.074329448502455195 -0.0082785893832483595 -0.066360265526869522 0.007664022346337636 0.041377422700975545 0.078820746506635966 -0.0098868566458342518 0.12370527745647864 0.029665152672113795 0.070738178684630185 0.043720615012014019 0.042392912277330962 0.012337606198290427 -0.040423591367223045 0.0046393791542333716 -0.093286127273581543 0.10043176021426917 -0.019675943255424502 0.073725603786962371 0.05471093110480281 0.057452956874327492 0.085181048816690849 0.097534473479858469 0.048812086547591858 0.085801135267723705 -0.12929435482150631 -0.11662123183409373 0.018484801505275858 0.00092143534973103511 0.025417620211786836 -0.1194758371006826 -0.14127535611112541 -0.024292551137899101 -0.1286847377902475
leaf_weight=67 53 115 65 67 61 97 63 209 159 34 60 29 112 159 117 76 186 43 134 62 73 54 107 26 61 44 66 110 117 105 178 88 34 76 48 56 140 215 83 180 28 56 110 38 60 123 93 141 145 107 57 116
leaf_count=67 53 115 65 67 61 97 63 209 159 34 60 29 112 159 117 76 186 43 134 62 73 54 107 26 61 44 66 110 117 105 178 88 34 76 48 56 140 215 83 180 28 56 110 38 60 123 93 141 145 107 57 116
internal_value=-0.00172919 0.0224401 0.0274708 0.0344266 -0.0165734 -0.0131131 -0.10707 0.0433842 0.0352903 0.0564248 0.0100914 -0.050899 -0.0634882 0.0267224 -0.0442042 -0.113119 -0.0901032 0.0604919 0.0664777 0.0351923 -0.0217733 -0.0454141 0.0221458 0.0294834 0.0219377 0.087254 0.0684696 0.0553358 0.0161467 0.00746219 0.0203292 -0.0564806 -0.04191 -0.0649209 0.0501865 0.0357584 0.055205 0.072711 0.083547 0.068596 0.113528 0.0397477 0.0795011 -0.126998 -0.131839 0.0152136 0.0109228 0.0181191 -0.123935 -0.138136 -0.0304423 -0.127547
internal_weight=4903 3988 3732 3223 509 511 915 2712 1841 875 156 256 227 224 287 848 319 871 719 122 190 313 150 196 170 316 721 176 966 314 652 259 95 164 403 104 299 545 150 395 72 109 244 529 205 535 216 319 324 145 133 179
internal_count=4903 3988 3732 3223 509 511 915 2712 1841 875 156 256 227 224 287 848 319 871 719 122 190 313 150 196 170 316 721 176 966 314 652 259 95 164 403 104 299 545 150 395 72 109 244 529 205 535 216 319 324 145 133 179
is_linear=0
shrinkage=0.05


Tree=33
num_leaves=53
num_cat=0
split_feature=0 2 2 0 2 2 0 2 0 0 2 0 0 2 2 2 2 0 2 2 2 0 2 0 0 0 0 2 2 0 2 2 0 0 0 2 2 2 0 0 2 0 2 2 2 0 2 2 2 2 2 2
split_gain=4506.41 531.168 412.748 495.465 244.076 228.473 152.954 135.564 268.891 147.129 127.318 114.65 187.718 104.75 102.109 97.7876 293.101 96.1889 87.853 86.0011 85.0772 66.3708 49.8365 26.3414 34.7844 23.237 14.4991 25.1214 12.6666 69.4856 28.1644 11.4984 41.4198 41.1392 10.5341 134.6 32.6 8.77274 45.6755 32.8374 4.23077 3.41601 2.86993 2.83144 7.09131 2.40776 5.89735 4.85928 1.88398 1.4531 1.36187 0.153965
threshold=1300.0000000000002 9.5000000000000018 3.5000000000000004 1550.0000000000002 1.5000000000000002 6.5000000000000009 1100.0000000000002 5.5000000000000009 1900.0000000000002 2350.0000000000005 7.5000000000000009 2550.0000000000005 1900.0000000000002 4.5000000000000009 7.5000000000000009 7.5000000000000009 9.5000000000000018 2100.0000000000005 7.5000000000000009 8.5000000000000018 8.5000000000000018 2550.0000000000005 4.5000000000000009 2550.0000000000005 1900.0000000000002 2100.0000000000005 1900.0000000000002 4.5000000000000009 6.5000000000000009 1700.0000000000002 7.5000000000000009 2.5000000000000004 1900.0000000000002 1900.0000000000002 2100.0000000000005 6.5000000000000009 6.5000000000000009 4.5000000000000009 1700.0000000000002 1700.0000000000002 8.5000000000000018 1700.0000000000002 8.5000000000000018 3.5000000000000004 6.5000000000000009 1700.0000000000002 8.5000000000000018 8.5000000000000018 2.5000000000000004 5.5000000000000009 8.5000000000000018 1.5000000000000002
decision_type=2 2 2 2 2 2 2 2 2 2 2 2 2 2 2 2 2 2 2 2 2 2 2 2 2 2 2 2 2 2 2 2 2 2 2 2 2 2 2 2 2 2 2 2 2 2 2 2 2 2 2 2
left_child=6 2 4 5 23 13 -1 17 28 18 -11 12 -3 -4 -7 43 50 26 34 -12 -16 31 -19 24 41 42 37 -28 29 -9 -30 32 -6 -33 36 -36 -10 38 -5 -39 -27 -2 -20 48 49 47 -47 -32 51 -45 -17 -8
right_child=1 11 3 7 21 14 15 8 9 10 19 -13 -14 -15 20 16 -18 22 25 -21 -22 -23 -24 -25 -26 40 27 -29 30 -31 45 33 -34 -35 35 -37 -38 39 -40 -41 -42 -43 -44 44 -46 46 -48 -49 -50 -51 -52 -53
leaf_value=-0.028989031710731451 0.028661815590172446 -0.01544238304314406 -0.02809057092867219 0.11007878118708952 -0.064462825582652802 -0.083734024679000235 -0.11918000157863376 -0.0095824049206441678 0.036952716791592309 -0.075977749399402564 0.076106563607851674 0.045262062549591066 -0.10638713772890956 0.047247819924645079 0.0057435745850969583 -0.03330185972950666 -0.12612583407711597 -0.024424306459205097 0.070612974338400275 -0.0078646523817892996 -0.063042250153136581 0.0072808328602049083 0.039308545745421794 0.074879701750782832 -0.0093925266969399381 0.11752000857483258 0.028181900490414014 0.067201270744289193 0.04153458670689128 0.040273268077345124 0.011720738826800935 -0.038402403205294505 0.0044073901632252863 -0.08862182327399129 0.095410177608331051 -0.018692141585052013 0.070039311780461244 0.051975389371604425 0.054580304291413501 0.08092198623603003 0.092657755168953124 0.046371492736839826 0.081511093080043798 -0.12282964140176773 -0.11079017095267774 0.017560563572659726 0.00087536368318783344 0.024146745428244801 -0.1135020356137177 -0.13421160932456222 -0.023077910824825892 -0.12225049714204567
leaf_weight=67 53 115 65 67 61 97 63 209 159 34 60 29 112 159 117 76 186 43 134 62 73 54 107 26 61 44 66 110 117 105 178 88 34 76 48 56 140 215 83 180 28 56 110 38 60 123 93 141 145 107 57 116
leaf_count=67 53 115 65 67 61 97 63 209 159 34 60 29 112 159 117 76 186 43 134 62 73 54 107 26 61 44 66 110 117 105 178 88 34 76 48 56 140 215 83 180 28 56 110 38 60 123 93 141 145 107 57 116
internal_value=-0.00164273 0.0213181 0.0260973 0.0327053 -0.0157448 -0.0124575 -0.101717 0.041215 0.0335258 0.0536036 0.00958681 -0.048354 -0.0603138 0.0253862 -0.041994 -0.107463 -0.0855981 0.0574673 0.0631538 0.0334327 -0.0206847 -0.0431434 0.0210385 0.0280092 0.0208408 0.0828913 0.0650461 0.052569 0.0153394 0.00708908 0.0193127 -0.0536566 -0.0398145 -0.0616748 0.0476772 0.0339705 0.0524448 0.0690754 0.0793696 0.0651662 0.107851 0.0377604 0.0755261 -0.120648 -0.125247 0.014453 0.0103767 0.0172131 -0.117738 -0.131229 -0.0289202 -0.12117
internal_weight=4903 3988 3732 3223 509 511 915 2712 1841 875 156 256 227 224 287 848 319 871 719 122 190 313 150 196 170 316 721 176 966 314 652 259 95 164 403 104 299 545 150 395 72 109 244 529 205 535 216 319 324 145 133 179
internal_count=4903 3988 3732 3223 509 511 915 2712 1841 875 156 256 227 224 287 848 319 871 719 122 190 313 150 196 170 316 721 176 966 314 652 259 95 164 403 104 299 545 150 395 72 109 244 529 205 535 216 319 324 145 133 179
is_linear=0
shrinkage=0.05


Tree=34
num_leaves=54
num_cat=0
split_feature=0 2 2 0 2 2 0 2 0 0 2 0 0 2 2 2 2 0 0 2 2 0 2 0 0 2 0 0 2 2 0 2 2 0 0 0 2 2 2 0 0 2 0 2 2 2 0 2 2 2 2 2 2
split_gain=4067.03 479.379 372.505 447.157 220.278 206.197 138.041 122.347 242.674 132.784 114.905 103.471 169.415 94.5371 92.1536 88.2533 264.524 86.8105 80.5337 79.2873 76.7822 59.8997 44.9775 23.7731 31.3929 22.6954 20.9714 13.0854 22.6721 11.4316 62.7108 25.4184 10.3774 37.3814 37.1281 9.50699 121.476 29.4216 7.91739 41.2222 29.6358 3.81827 3.08295 2.59009 2.55537 6.39991 2.173 5.32236 4.38549 1.70029 1.31142 1.22908 0.138951
threshold=1300.0000000000002 9.5000000000000018 3.5000000000000004 1550.0000000000002 1.5000000000000002 6.5000000000000009 1100.0000000000002 5.5000000000000009 1900.0000000000002 2350.0000000000005 7.5000000000000009 2550.0000000000005 1900.0000000000002 4.5000000000000009 7.5000000000000009 7.5000000000000009 9.5000000000000018 2100.0000000000005 2550.0000000000005 7.5000000000000009 8.5000000000000018 2550.0000000000005 4.5000000000000009 2550.0000000000005 1900.0000000000002 8.5000000000000018 2100.0000000000005 1900.0000000000002 4.5000000000000009 6.5000000000000009 1700.0000000000002 7.5000000000000009 2.5000000000000004 1900.0000000000002 1900.0000000000002 2100.0000000000005 6.5000000000000009 6.5000000000000009 4.5000000000000009 1700.0000000000002 1700.0000000000002 8.5000000000000018 1700.0000000000002 8.5000000000000018 3.5000000000000004 6.5000000000000009 1700.0000000000002 8.5000000000000018 8.5000000000000018 2.5000000000000004 5.5000000000000009 8.5000000000000018 1.5000000000000002
decision_type=2 2 2 2 2 2 2 2 2 2 2 2 2 2 2 2 2 2 2 2 2 2 2 2 2 2 2 2 2 2 2 2 2 2 2 2 2 2 2 2 2 2 2 2 2 2 2 2 2 2 2 2 2
left_child=6 2 4 5 23 13 -1 17 29 19 -11 12 -3 -4 -7 44 51 27 25 35 -16 32 -19 24 42 -12 43 38 -29 30 -9 -31 33 -6 -34 37 -37 -10 39 -5 -40 -28 -2 -21 49 50 48 -48 -33 52 -46 -17 -8
right_child=1 11 3 7 21 14 15 8 9 10 18 -13 -14 -15 20 16 -18 22 -20 26 -22 -23 -24 -25 -26 -27 41 28 -30 31 -32 46 34 -35 -36 36 -38 -39 40 -41 -42 -43 -44 -45 45 -47 47 -49 -50 -51 -52 -53 -54
leaf_value=-0.02753957812465839 0.027228719776250285 -0.014670266042584959 -0.026686035338072824 0.10457484107186546 -0.061239672098003455 -0.079547334477766282 -0.11322101496514821 -0.009103279313045826 0.035105075903892891 -0.072178864917334384 0.034429507352867907 0.042998957377055599 -0.10106779359547156 0.044885437952870005 0.0054564006626605993 -0.0316367534908319 -0.11981953932272811 -0.023203099051187205 0.10982091656097999 0.067082339799015983 -0.059890141144190751 0.0069167950639018308 0.037343118353703318 0.07113570787299138 -0.0089228934929019132 -0.01420306297058755 0.11164402148940347 0.026772812923247166 0.063841205976734108 0.039457857498946869 0.038259600131284627 0.011134700615775218 -0.036482281720435078 0.0041870185119264273 -0.084190740591944438 0.090639672117928671 -0.017757534049451351 0.066537362563290778 0.049376623464185143 0.051851290610832081 0.076875894197987182 0.088024859702480696 0.044052919652312998 0.0774355252485045 -0.11668815361826045 -0.1052506613234679 0.016682530861211624 0.00083159729838371281 0.02293940209420332 -0.1078269328279742 -0.12750101950124046 -0.021924017591957459 -0.11613796239654567
leaf_weight=67 53 115 65 67 61 97 63 209 159 34 49 29 112 159 117 76 186 43 26 134 73 54 107 26 61 47 44 66 110 117 105 178 88 34 76 48 56 140 215 83 180 28 56 110 38 60 123 93 141 145 107 57 116
leaf_count=67 53 115 65 67 61 97 63 209 159 34 49 29 112 159 117 76 186 43 26 134 73 54 107 26 61 47 44 66 110 117 105 178 88 34 76 48 56 140 215 83 180 28 56 110 38 60 123 93 141 145 107 57 116
internal_value=-0.00156059 0.0202522 0.0247924 0.03107 -0.0149575 -0.0118346 -0.0966309 0.0391542 0.0318495 0.0509234 0.00910746 -0.0459363 -0.0572981 0.0241169 -0.0398943 -0.10209 -0.0813182 0.0545939 0.031761 0.0599961 -0.0196504 -0.0409862 0.0199865 0.0266088 0.0197988 0.0106198 0.0787468 0.0617938 0.0499406 0.0145724 0.00673463 0.0183471 -0.0509737 -0.0378238 -0.0585911 0.0452934 0.0322719 0.0498225 0.0656217 0.0754011 0.0619079 0.102459 0.0358723 0.0717498 -0.114616 -0.118984 0.0137303 0.00985782 0.0163525 -0.111851 -0.124667 -0.0274742 -0.115111
internal_weight=4903 3988 3732 3223 509 511 915 2712 1841 875 156 256 227 224 287 848 319 871 122 719 190 313 150 196 170 96 316 721 176 966 314 652 259 95 164 403 104 299 545 150 395 72 109 244 529 205 535 216 319 324 145 133 179
internal_count=4903 3988 3732 3223 509 511 915 2712 1841 875 156 256 227 224 287 848 319 871 122 719 190 313 150 196 170 96 316 721 176 966 314 652 259 95 164 403 104 299 545 150 395 72 109 244 529 205 535 216 319 324 145 133 179
is_linear=0
shrinkage=0.05


Tree=35
num_leaves=53
num_cat=0
split_feature=0 2 2 2 0 2 0 0 0 2 2 2 0 2 2 0 0 2 0 2 0 0 2 0 2 2 2 2 0 2 2 0 0 2 2 0 0 2 2 2 2 2 2 0 2 2 2 2 2 0 2 2
split_gain=3901.19 316.677 266.914 290.434 556.213 376.024 208.615 352.823 181.025 178.266 230.971 164.008 349.394 140.888 118.493 202.439 108.643 160.602 105.425 87.1109 81.0342 54.8816 181.235 80.7126 154.874 51.6315 50.0713 103.142 48.4476 42.93 32.7019 28.2654 26.023 22.8553 22.4332 21.8957 40.1856 19.1207 17.8616 11.2125 10.3652 7.04761 6.84242 3.41228 2.15469 1.64656 0.746146 0.534991 0.282704 0.140314 0.0105736 0.00221244
threshold=1300.0000000000002 1.5000000000000002 9.5000000000000018 3.5000000000000004 1700.0000000000002 5.5000000000000009 2550.0000000000005 1900.0000000000002 1900.0000000000002 7.5000000000000009 8.5000000000000018 4.5000000000000009 1550.0000000000002 4.5000000000000009 5.5000000000000009 1550.0000000000002 2350.0000000000005 7.5000000000000009 1550.0000000000002 1.5000000000000002 1550.0000000000002 2100.0000000000005 8.5000000000000018 1900.0000000000002 6.5000000000000009 1.5000000000000002 6.5000000000000009 9.5000000000000018 1550.0000000000002 4.5000000000000009 7.5000000000000009 2100.0000000000005 2250.0000000000005 8.5000000000000018 7.5000000000000009 2550.0000000000005 1900.0000000000002 8.5000000000000018 6.5000000000000009 7.5000000000000009 3.5000000000000004 8.5000000000000018 8.5000000000000018 1100.0000000000002 2.5000000000000004 1.5000000000000002 2.5000000000000004 2.5000000000000004 7.5000000000000009 1700.0000000000002 5.5000000000000009 6.5000000000000009
decision_type=2 2 2 2 2 2 2 2 2 2 2 2 2 2 2 2 2 2 2 2 2 2 2 2 2 2 2 2 2 2 2 2 2 2 2 2 2 2 2 2 2 2 2 2 2 2 2 2 2 2 2 2
left_child=1 -1 3 6 9 8 7 25 29 11 28 12 -5 31 15 -13 21 -18 -16 -9 -12 23 48 34 -25 49 40 30 -11 -6 -28 -10 -15 -19 -7 36 -4 39 -20 -26 47 -36 -32 -42 -21 -8 -27 -3 51 -2 -45 -23
right_child=2 26 35 4 5 16 45 19 13 10 20 14 -14 32 18 -17 17 33 38 44 -22 22 -24 24 37 46 27 -29 -30 -31 42 -33 -34 -35 41 -37 -38 -39 -40 -41 43 -43 -44 50 -46 -47 -48 -49 -50 -51 -52 -53
leaf_value=-0.18770142746144447 0.04501821944173777 -0.083283177834034952 -0.0063148745429625203 -0.10637738198380581 0.093055131689322237 0.037700490038329315 0.06033534824986149 -0.019516878189711734 0.03506151212228311 -0.014309819408438423 -0.01454742953584001 0.098235744148216869 0.052890874453199413 0.10190561183584415 -0.029915547144153842 0.023921446518981343 -0.011796341896862598 0.085805110557604647 0.021928214817190889 -0.10287595162558001 0.049606891466798836 0.033495952839201149 -0.098854055527772294 0.0084627948630197798 0.069786685431065656 0.0060449269510084586 -0.067236761944215809 -0.088558646586096412 -0.056846635566196513 0.13488304818548807 -0.033260317622787423 -0.018955055375893912 0.067838808344405838 0.13000454927698291 0.017925376950179119 0.016110231208078789 -0.049552143505721728 0.084390795474822547 0.046749478286099544 0.050288163993892999 -0.086534389087132055 -0.00042537761891775949 -0.010292583388292184 -0.099396759198933121 -0.088997660967288547 0.075411912582137364 -0.0010996992082408306 -0.078852928716402801 0.028656504830966396 0.048592118108481692 -0.10035303831100464 0.033041053981735159
leaf_weight=69 53 121 109 66 98 109 27 58 74 110 74 162 72 123 92 211 37 59 199 43 147 55 32 157 150 62 61 196 171 164 72 36 103 58 118 33 106 113 114 145 70 94 59 41 80 55 89 156 48 57 98 52
leaf_count=69 53 121 109 66 98 109 27 58 74 110 74 162 72 123 92 211 37 59 199 43 147 55 32 157 150 62 61 196 171 164 72 36 103 58 118 33 106 113 114 145 70 94 59 41 80 55 89 156 48 57 98 52
internal_value=0.0069382 -0.0845789 0.0284328 0.0317406 0.0373213 0.0555738 -0.00279794 -0.0163865 0.0880839 0.0138298 -0.0101178 0.0269539 -0.0232809 0.0637915 0.0358644 0.0561974 0.0397295 0.079002 0.0171381 -0.0700302 0.0281254 0.034093 0.00947912 0.039288 0.050663 0.0208147 -0.0764377 -0.0630437 -0.0401952 0.119237 -0.0369971 0.0173834 0.0863796 0.107716 0.0192665 -0.0218113 -0.0276319 0.0669018 0.0309685 0.0602027 -0.0871309 0.00978872 -0.0229161 -0.0955372 -0.0938494 0.0704477 0.00183386 -0.0807882 0.0318447 0.0468701 -0.100071 0.0332749
internal_weight=4958 943 4015 3767 3243 1825 524 442 598 1418 502 916 138 336 778 373 1227 154 405 181 221 1073 187 886 565 261 874 388 281 262 192 110 226 117 321 248 215 408 313 295 486 212 131 209 123 82 151 277 155 110 139 107
internal_count=4958 943 4015 3767 3243 1825 524 442 598 1418 502 916 138 336 778 373 1227 154 405 181 221 1073 187 886 565 261 874 388 281 262 192 110 226 117 321 248 215 408 313 295 486 212 131 209 123 82 151 277 155 110 139 107
is_linear=0
shrinkage=0.05


Tree=36
num_leaves=53
num_cat=0
split_feature=0 2 2 2 0 2 0 0 0 2 2 2 0 2 2 0 0 2 0 2 0 0 2 0 2 2 2 2 0 2 2 0 0 2 2 0 0 2 2 2 0 2 2 2 2 2 2 2 2 0 2 2
split_gain=3520.83 285.801 240.89 262.116 501.982 339.362 188.275 318.423 163.375 160.885 208.451 148.017 315.328 127.151 106.94 182.701 98.0504 144.944 95.1463 78.6175 73.1334 49.5307 163.565 72.8432 139.773 46.5974 45.1893 93.086 43.724 38.7443 29.5135 25.5095 23.4857 20.6269 20.246 19.7609 36.2675 17.2565 16.1201 10.1192 10.0299 7.17787 6.36047 6.17527 5.59506 1.94461 1.48602 0.673395 0.255139 0.126634 0.00954288 0.0019966
threshold=1300.0000000000002 1.5000000000000002 9.5000000000000018 3.5000000000000004 1700.0000000000002 5.5000000000000009 2550.0000000000005 1900.0000000000002 1900.0000000000002 7.5000000000000009 8.5000000000000018 4.5000000000000009 1550.0000000000002 4.5000000000000009 5.5000000000000009 1550.0000000000002 2350.0000000000005 7.5000000000000009 1550.0000000000002 1.5000000000000002 1550.0000000000002 2100.0000000000005 8.5000000000000018 1900.0000000000002 6.5000000000000009 1.5000000000000002 6.5000000000000009 9.5000000000000018 1550.0000000000002 4.5000000000000009 7.5000000000000009 2100.0000000000005 2250.0000000000005 8.5000000000000018 7.5000000000000009 2550.0000000000005 1900.0000000000002 8.5000000000000018 6.5000000000000009 7.5000000000000009 1100.0000000000002 3.5000000000000004 8.5000000000000018 8.5000000000000018 2.5000000000000004 2.5000000000000004 1.5000000000000002 2.5000000000000004 7.5000000000000009 1700.0000000000002 5.5000000000000009 6.5000000000000009
decision_type=2 2 2 2 2 2 2 2 2 2 2 2 2 2 2 2 2 2 2 2 2 2 2 2 2 2 2 2 2 2 2 2 2 2 2 2 2 2 2 2 2 2 2 2 2 2 2 2 2 2 2 2
left_child=1 -1 3 6 9 8 7 25 29 11 28 12 -5 31 15 -13 21 -18 -16 -9 -12 23 48 34 -25 49 40 30 -11 -6 -28 -10 -15 -19 -7 36 -4 39 -20 -26 -3 44 -36 -32 -42 -21 -8 -27 51 -2 -43 -23
right_child=2 26 35 4 5 16 46 19 13 10 20 14 -14 32 18 -17 17 33 38 45 -22 22 -24 24 37 47 27 -29 -30 -31 43 -33 -34 -35 42 -37 -38 -39 -40 -41 41 50 -44 -45 -46 -47 -48 -49 -50 -51 -52 -53
leaf_value=-0.17831635855246283 0.042767307506698486 -0.065825777923738643 -0.0059991367639751613 -0.10105851714809735 0.088402365368543845 0.03581546010159025 0.057318587283845306 -0.018541039680612499 0.033308446648958566 -0.013594309999184177 -0.01382005740259145 0.093323949446188825 0.050246331801948457 0.096810331289482313 -0.028419754079178624 0.022725371259013059 -0.011206528041008357 0.081514853592646319 0.020831800106182768 -0.097732143069422517 0.047126550532459302 0.031821146959608256 -0.093911352485883989 0.0080396593180574044 0.066297353141630697 0.0057426848719196941 -0.063874932390744571 -0.084130721190012997 -0.054004304605530719 0.12813888703453036 -0.031597301198376553 -0.018007295620110299 0.064446870302691042 0.12350431988336917 0.017029104293402982 0.015304723833546495 -0.047074525520416369 0.080171257837683751 0.044412013596299579 0.047773765610723662 -0.089374618506074976 -0.094426915740094541 -0.000404111089858603 -0.0097779686168088763 -0.074910278224911642 -0.084547758419066671 0.071641327630389814 -0.0010446989887885833 0.027223688088512672 0.046162515538826325 -0.095335389061697903 0.031389007344841957
leaf_weight=69 53 74 109 66 98 109 27 58 74 110 74 162 72 123 92 211 37 59 199 43 147 55 32 157 150 62 61 196 171 164 72 36 103 58 118 33 106 113 114 145 117 41 94 59 156 80 55 89 48 57 98 52
leaf_count=69 53 74 109 66 98 109 27 58 74 110 74 162 72 123 92 211 37 59 199 43 147 55 32 157 150 62 61 196 171 164 72 36 103 58 118 33 106 113 114 145 117 41 94 59 156 80 55 89 48 57 98 52
internal_value=0.00659129 -0.08035 0.0270111 0.0301535 0.0354552 0.0527951 -0.00265803 -0.0155672 0.0836797 0.0131383 -0.00961194 0.0256062 -0.0221169 0.060602 0.0340712 0.0533875 0.037743 0.0750519 0.0162812 -0.0665286 0.0267191 0.0323883 0.00900516 0.0373236 0.0481299 0.0197739 -0.0726158 -0.0598915 -0.0381854 0.113276 -0.0351473 0.0165142 0.0820606 0.10233 0.0183032 -0.0207208 -0.0262503 0.0635567 0.0294201 0.0571925 -0.0827743 -0.0858185 0.00929928 -0.0217703 -0.0811093 -0.0891569 0.0669253 0.00174217 0.0302524 0.0445266 -0.0950674 0.0316111
internal_weight=4958 943 4015 3767 3243 1825 524 442 598 1418 502 916 138 336 778 373 1227 154 405 181 221 1073 187 886 565 261 874 388 281 262 192 110 226 117 321 248 215 408 313 295 486 412 212 131 273 123 82 151 155 110 139 107
internal_count=4958 943 4015 3767 3243 1825 524 442 598 1418 502 916 138 336 778 373 1227 154 405 181 221 1073 187 886 565 261 874 388 281 262 192 110 226 117 321 248 215 408 313 295 486 412 212 131 273 123 82 151 155 110 139 107
is_linear=0
shrinkage=0.05


Tree=37
num_leaves=53
num_cat=0
split_feature=0 2 2 2 0 2 0 0 0 2 2 2 0 2 2 0 0 2 0 2 0 0 2 0 2 2 2 2 0 2 2 0 0 2 2 0 0 2 2 2 2 2 2 0 2 2 2 2 2 0 2 2
split_gain=3177.55 257.935 217.403 236.56 453.039 306.274 169.918 287.377 147.446 145.199 188.127 133.585 284.584 114.754 96.5133 164.887 88.4905 130.812 85.8695 70.9523 66.0029 44.7014 147.617 65.7409 126.146 42.0542 40.7833 84.0101 39.4609 34.9668 26.6359 23.0224 21.1959 18.6158 18.272 17.8342 32.7314 15.574 14.5484 9.1326 9.0641 5.74032 5.57319 2.41913 1.75501 1.34114 0.607742 0.338588 0.230263 0.114288 0.00861252 0.00180199
threshold=1300.0000000000002 1.5000000000000002 9.5000000000000018 3.5000000000000004 1700.0000000000002 5.5000000000000009 2550.0000000000005 1900.0000000000002 1900.0000000000002 7.5000000000000009 8.5000000000000018 4.5000000000000009 1550.0000000000002 4.5000000000000009 5.5000000000000009 1550.0000000000002 2350.0000000000005 7.5000000000000009 1550.0000000000002 1.5000000000000002 1550.0000000000002 2100.0000000000005 8.5000000000000018 1900.0000000000002 6.5000000000000009 1.5000000000000002 6.5000000000000009 9.5000000000000018 1550.0000000000002 4.5000000000000009 7.5000000000000009 2100.0000000000005 2250.0000000000005 8.5000000000000018 7.5000000000000009 2550.0000000000005 1900.0000000000002 8.5000000000000018 6.5000000000000009 7.5000000000000009 3.5000000000000004 8.5000000000000018 8.5000000000000018 1100.0000000000002 2.5000000000000004 1.5000000000000002 2.5000000000000004 2.5000000000000004 7.5000000000000009 1700.0000000000002 5.5000000000000009 6.5000000000000009
decision_type=2 2 2 2 2 2 2 2 2 2 2 2 2 2 2 2 2 2 2 2 2 2 2 2 2 2 2 2 2 2 2 2 2 2 2 2 2 2 2 2 2 2 2 2 2 2 2 2 2 2 2 2
left_child=1 -1 3 6 9 8 7 25 29 11 28 12 -5 31 15 -13 21 -18 -16 -9 -12 23 48 34 -25 49 40 30 -11 -6 -28 -10 -15 -19 -7 36 -4 39 -20 -26 47 -36 -32 -42 -21 -8 -27 -3 51 -2 -45 -23
right_child=2 26 35 4 5 16 45 19 13 10 20 14 -14 32 18 -17 17 33 38 44 -22 22 -24 24 37 46 27 -29 -30 -31 42 -33 -34 -35 41 -37 -38 -39 -40 -41 43 -43 -44 50 -46 -47 -48 -49 -50 -51 -52 -53
leaf_value=-0.16940054651619732 0.040628943606367651 -0.07468921059419302 -0.0056991765258509082 -0.09600559238231543 0.083982257970741825 0.034024684254182584 0.054452644260945149 -0.017613995023842515 0.031643027872652621 -0.01291461009870876 -0.013129070662968867 0.088657745743676297 0.047734009019202661 0.091969806130036594 -0.026998772601718492 0.021589109555363514 -0.010646198730211 0.07743910369226488 0.019790203876830826 -0.092845536664474843 0.044770219158001091 0.030230096172202722 -0.089215775951743126 0.0076376735357342254 0.062982485180099801 0.0054555481480013943 -0.060681174451210462 -0.079924184034521492 -0.051304087221448184 0.12173195325474187 -0.030017438386049533 -0.017106928966111608 0.061224523548362324 0.11732909980005231 0.016177653306621617 0.014539473616715634 -0.044720821222290402 0.076162691994578438 0.042191404094429397 0.0453850807403696 -0.078916379383632121 -0.00038390090253124847 -0.0092890618084850961 -0.089705562264454086 -0.0803203795105219 0.068059256727045242 -0.00099248725376772083 -0.071164765715216988 0.025862505559537868 0.043854400410986788 -0.090568615221038318 0.029819556984763879
leaf_weight=69 53 121 109 66 98 109 27 58 74 110 74 162 72 123 92 211 37 59 199 43 147 55 32 157 150 62 61 196 171 164 72 36 103 58 118 33 106 113 114 145 70 94 59 41 80 55 89 156 48 57 98 52
leaf_count=69 53 121 109 66 98 109 27 58 74 110 74 162 72 123 92 211 37 59 199 43 147 55 32 157 150 62 61 196 171 164 72 36 103 58 118 33 106 113 114 145 70 94 59 41 80 55 89 156 48 57 98 52
internal_value=0.00626173 -0.0763325 0.0256606 0.0286459 0.0336824 0.0501554 -0.00252514 -0.0147888 0.0794957 0.0124814 -0.00913134 0.0243259 -0.021011 0.0575719 0.0323677 0.0507181 0.0358559 0.0712993 0.0154671 -0.0632022 0.0253831 0.0307689 0.00855491 0.0354574 0.0457234 0.0187852 -0.068985 -0.0568969 -0.0362762 0.107612 -0.0333899 0.0156885 0.0779576 0.0972136 0.0173881 -0.0196847 -0.0249378 0.0603789 0.0279491 0.0543329 -0.0786356 0.00883432 -0.0206818 -0.0864966 -0.0846991 0.063579 0.00165505 -0.0727043 0.0287398 0.0423003 -0.090314 0.0300306
internal_weight=4958 943 4015 3767 3243 1825 524 442 598 1418 502 916 138 336 778 373 1227 154 405 181 221 1073 187 886 565 261 874 388 281 262 192 110 226 117 321 248 215 408 313 295 486 212 131 209 123 82 151 277 155 110 139 107
internal_count=4958 943 4015 3767 3243 1825 524 442 598 1418 502 916 138 336 778 373 1227 154 405 181 221 1073 187 886 565 261 874 388 281 262 192 110 226 117 321 248 215 408 313 295 486 212 131 209 123 82 151 277 155 110 139 107
is_linear=0
shrinkage=0.05


Tree=38
num_leaves=53
num_cat=0
split_feature=0 2 2 2 0 2 0 0 0 2 2 2 0 2 2 0 0 2 0 2 0 0 2 0 2 2 2 2 0 2 2 0 0 2 2 0 0 2 2 0 2 2 2 2 2 2 2 2 2 0 2 2
split_gain=2867.74 232.787 196.206 213.496 408.868 276.412 153.351 259.358 133.07 131.042 169.785 120.561 256.837 103.565 87.1033 148.811 79.8627 118.057 77.4972 64.0345 59.5676 40.3431 133.225 59.3312 113.846 37.9539 36.807 75.819 35.6134 31.5575 24.0389 20.7777 19.1293 16.8008 16.4905 16.0954 29.5401 14.0555 13.1299 9.05488 8.24217 5.64497 5.18064 5.02981 4.92086 1.5839 1.21037 0.548485 0.207813 0.103144 0.00777269 0.00162622
threshold=1300.0000000000002 1.5000000000000002 9.5000000000000018 3.5000000000000004 1700.0000000000002 5.5000000000000009 2550.0000000000005 1900.0000000000002 1900.0000000000002 7.5000000000000009 8.5000000000000018 4.5000000000000009 1550.0000000000002 4.5000000000000009 5.5000000000000009 1550.0000000000002 2350.0000000000005 7.5000000000000009 1550.0000000000002 1.5000000000000002 1550.0000000000002 2100.0000000000005 8.5000000000000018 1900.0000000000002 6.5000000000000009 1.5000000000000002 6.5000000000000009 9.5000000000000018 1550.0000000000002 4.5000000000000009 7.5000000000000009 2100.0000000000005 2250.0000000000005 8.5000000000000018 7.5000000000000009 2550.0000000000005 1900.0000000000002 8.5000000000000018 6.5000000000000009 1100.0000000000002 7.5000000000000009 3.5000000000000004 8.5000000000000018 8.5000000000000018 2.5000000000000004 2.5000000000000004 1.5000000000000002 2.5000000000000004 7.5000000000000009 1700.0000000000002 5.5000000000000009 6.5000000000000009
decision_type=2 2 2 2 2 2 2 2 2 2 2 2 2 2 2 2 2 2 2 2 2 2 2 2 2 2 2 2 2 2 2 2 2 2 2 2 2 2 2 2 2 2 2 2 2 2 2 2 2 2 2 2
left_child=1 -1 3 6 9 8 7 25 29 11 28 12 -5 31 15 -13 21 -18 -16 -9 -12 23 48 34 -25 49 39 30 -11 -6 -28 -10 -15 -19 -7 36 -4 40 -20 -3 -26 44 -36 -32 -41 -21 -8 -27 51 -2 -43 -23
right_child=2 26 35 4 5 16 46 19 13 10 20 14 -14 32 18 -17 17 33 38 45 -22 22 -24 24 37 47 27 -29 -30 -31 43 -33 -34 -35 42 -37 -38 -39 -40 41 -42 50 -44 -45 -46 -47 -48 -49 -50 -51 -52 -53
leaf_value=-0.16093051989657292 0.038597496416208882 -0.058600095800451335 -0.005414218612767141 -0.091205307276863046 0.079783138307761792 0.032323458792487963 0.051730011845076529 -0.016733284294605254 0.030060879604236503 -0.012268880483779041 -0.01247260719537735 0.084224856934613665 0.045347311658163865 0.087371322942700821 -0.025648825866696631 0.020509658573014372 -0.01011388632091316 0.073567157251349949 0.018800688141853969 -0.08820327936216843 0.042531695290386279 0.028718583448366686 -0.084755006310297185 0.007255779614873753 0.059833358216099447 0.005182773451651297 -0.05764712075718114 -0.075927963001387461 -0.048738880294282534 0.1156453504590545 -0.028516586642298437 -0.016251599954234232 0.058163300959519972 0.11146265165559177 0.015368767764608741 0.013812510443456244 -0.042484760906477022 0.072354561472888546 0.040081817536663851 -0.081171423043960189 0.043115826300505936 -0.085220292855690161 -0.00036470566261956035 -0.0088246140692193626 -0.067606527451425799 -0.076304360358044512 0.064656291007995609 -0.00094284482216567135 0.024569369979629607 0.041661671196159565 -0.086040187459819173 0.02832857995079114
leaf_weight=69 53 74 109 66 98 109 27 58 74 110 74 162 72 123 92 211 37 59 199 43 147 55 32 157 150 62 61 196 171 164 72 36 103 58 118 33 106 113 114 117 145 41 94 59 156 80 55 89 48 57 98 52
leaf_count=69 53 74 109 66 98 109 27 58 74 110 74 162 72 123 92 211 37 59 199 43 147 55 32 157 150 62 61 196 171 164 72 36 103 58 118 33 106 113 114 117 145 41 94 59 156 80 55 89 48 57 98 52
internal_value=0.00594864 -0.0725159 0.0243775 0.0272136 0.0319983 0.0476476 -0.00239888 -0.0140494 0.0755209 0.0118573 -0.00867478 0.0231096 -0.0199605 0.0546933 0.0307493 0.0481822 0.0340631 0.0677343 0.0146938 -0.0600421 0.024114 0.0292305 0.00812715 0.0336845 0.0434372 0.017846 -0.0655358 -0.0540521 -0.0344624 0.102231 -0.0317204 0.0149041 0.0740597 0.092353 0.0165187 -0.0187005 -0.0236909 0.05736 0.0265516 -0.0747038 0.0516163 -0.0775962 0.00839261 -0.0196477 -0.0734201 -0.0804641 0.0604001 0.00157231 0.0273028 0.0401853 -0.0857983 0.028529
internal_weight=4958 943 4015 3767 3243 1825 524 442 598 1418 502 916 138 336 778 373 1227 154 405 181 221 1073 187 886 565 261 874 388 281 262 192 110 226 117 321 248 215 408 313 486 295 412 212 131 273 123 82 151 155 110 139 107
internal_count=4958 943 4015 3767 3243 1825 524 442 598 1418 502 916 138 336 778 373 1227 154 405 181 221 1073 187 886 565 261 874 388 281 262 192 110 226 117 321 248 215 408 313 486 295 412 212 131 273 123 82 151 155 110 139 107
is_linear=0
shrinkage=0.05


Tree=39
num_leaves=53
num_cat=0
split_feature=0 2 2 2 0 2 0 0 0 2 2 2 0 2 2 0 0 2 0 2 0 0 2 0 2 2 2 2 0 2 2 0 0 2 2 0 0 2 2 0 2 2 2 2 2 2 2 2 2 0 2 2
split_gain=2588.13 210.09 177.076 192.68 369.003 249.462 138.4 234.07 120.096 118.265 153.231 108.806 231.795 93.4676 78.6107 134.302 72.0761 106.547 69.9413 57.7911 53.7598 36.4096 120.235 53.5464 102.746 34.2534 33.2183 68.4267 32.1412 28.4807 21.6951 18.7519 17.2642 15.1627 14.8827 14.5261 26.6599 12.6851 11.8498 8.17202 7.43856 5.09458 4.67552 4.5394 4.44107 1.42947 1.09236 0.49501 0.187551 0.093089 0.00701475 0.00146752
threshold=1300.0000000000002 1.5000000000000002 9.5000000000000018 3.5000000000000004 1700.0000000000002 5.5000000000000009 2550.0000000000005 1900.0000000000002 1900.0000000000002 7.5000000000000009 8.5000000000000018 4.5000000000000009 1550.0000000000002 4.5000000000000009 5.5000000000000009 1550.0000000000002 2350.0000000000005 7.5000000000000009 1550.0000000000002 1.5000000000000002 1550.0000000000002 2100.0000000000005 8.5000000000000018 1900.0000000000002 6.5000000000000009 1.5000000000000002 6.5000000000000009 9.5000000000000018 1550.0000000000002 4.5000000000000009 7.5000000000000009 2100.0000000000005 2250.0000000000005 8.5000000000000018 7.5000000000000009 2550.0000000000005 1900.0000000000002 8.5000000000000018 6.5000000000000009 1100.0000000000002 7.5000000000000009 3.5000000000000004 8.5000000000000018 8.5000000000000018 2.5000000000000004 2.5000000000000004 1.5000000000000002 2.5000000000000004 7.5000000000000009 1700.0000000000002 5.5000000000000009 6.5000000000000009
decision_type=2 2 2 2 2 2 2 2 2 2 2 2 2 2 2 2 2 2 2 2 2 2 2 2 2 2 2 2 2 2 2 2 2 2 2 2 2 2 2 2 2 2 2 2 2 2 2 2 2 2 2 2
left_child=1 -1 3 6 9 8 7 25 29 11 28 12 -5 31 15 -13 21 -18 -16 -9 -12 23 48 34 -25 49 39 30 -11 -6 -28 -10 -15 -19 -7 36 -4 40 -20 -3 -26 44 -36 -32 -41 -21 -8 -27 51 -2 -43 -23
right_child=2 26 35 4 5 16 46 19 13 10 20 14 -14 32 18 -17 17 33 38 45 -22 22 -24 24 37 47 27 -29 -30 -31 43 -33 -34 -35 42 -37 -38 -39 -40 41 -42 50 -44 -45 -46 -47 -48 -49 -50 -51 -52 -53
leaf_value=-0.15288399131293748 0.036667613642957973 -0.055670100369968938 -0.0051435024093050476 -0.086645037026116353 0.075793990029060121 0.030707285491698377 0.04914352286745001 -0.015896627050021601 0.028557826457796871 -0.011655418710275131 -0.0118489827457312 0.080013615932361587 0.04307994869951573 0.083002753742039206 -0.024366397633338754 0.019484173878585982 -0.0096081943930806345 0.069888799852233827 0.017860659612483117 -0.083793110279149791 0.040405108855695149 0.027282644591548229 -0.080517258646432319 0.0068929877274545139 0.056841690946991243 0.0049236474498625732 -0.054764763449059166 -0.072131563669868878 -0.046301942669421614 0.1098630909927235 -0.027090749827524026 -0.015439012315538195 0.055255125278552766 0.10588950807678288 0.014600326695432098 0.013121890660488245 -0.040360530764567408 0.068736820621828065 0.038077738730792419 -0.077112854367647421 0.040960034363228703 -0.080959277811301189 -0.00034646195696389425 -0.0083833807353246009 -0.064226202781383815 -0.072489154455251989 0.061423489397222343 -0.0008957054340437558 0.023340906633529813 0.039578599861839363 -0.08173817201536529 0.026912158899582352
leaf_weight=69 53 74 109 66 98 109 27 58 74 110 74 162 72 123 92 211 37 59 199 43 147 55 32 157 150 62 61 196 171 164 72 36 103 58 118 33 106 113 114 117 145 41 94 59 156 80 55 89 48 57 98 52
leaf_count=69 53 74 109 66 98 109 27 58 74 110 74 162 72 123 92 211 37 59 199 43 147 55 32 157 150 62 61 196 171 164 72 36 103 58 118 33 106 113 114 117 145 41 94 59 156 80 55 89 48 57 98 52
internal_value=0.00565121 -0.0688901 0.0231587 0.0258529 0.0303984 0.0452652 -0.00227893 -0.0133469 0.0717449 0.0112644 -0.00824104 0.0219541 -0.0189624 0.0519586 0.0292118 0.0457731 0.0323599 0.0643476 0.0139591 -0.05704 0.0229083 0.0277689 0.0077208 0.0320003 0.0412653 0.0169537 -0.062259 -0.0513495 -0.0327392 0.0971197 -0.0301344 0.0141589 0.0703567 0.0877353 0.0156927 -0.0177655 -0.0225063 0.054492 0.0252241 -0.0709686 0.0490355 -0.0737164 0.00797298 -0.0186653 -0.0697491 -0.0764409 0.0573801 0.0014937 0.0259377 0.038176 -0.0815084 0.0271026
internal_weight=4958 943 4015 3767 3243 1825 524 442 598 1418 502 916 138 336 778 373 1227 154 405 181 221 1073 187 886 565 261 874 388 281 262 192 110 226 117 321 248 215 408 313 486 295 412 212 131 273 123 82 151 155 110 139 107
internal_count=4958 943 4015 3767 3243 1825 524 442 598 1418 502 916 138 336 778 373 1227 154 405 181 221 1073 187 886 565 261 874 388 281 262 192 110 226 117 321 248 215 408 313 486 295 412 212 131 273 123 82 151 155 110 139 107
is_linear=0
shrinkage=0.05


Tree=40
num_leaves=53
num_cat=0
split_feature=0 0 2 2 2 2 0 0 0 2 2 2 2 2 2 2 2 2 0 2 2 0 2 2 0 0 0 2 2 0 0 0 0 2 0 0 2 2 0 2 0 2 0 2 2 2 2 2 0 0 2 2
split_gain=1860.59 254.076 192.064 126.206 298.962 132.568 174.404 216.455 123.464 160.116 123.333 113.593 85.7098 68.1449 151.503 71.8052 80.098 68.9955 67.5237 57.6127 107.913 44.1964 63.2804 39.5172 73.0075 61.559 34.8103 126.415 111.987 47.7864 30.9575 28.1688 39.986 26.9538 23.9246 21.2521 20.4246 30.6572 17.629 16.6737 8.76678 9.73271 8.70069 71.8967 129.027 7.88964 2.71314 6.09986 0.664067 0.616565 0.496053 0.275518
threshold=1300.0000000000002 1550.0000000000002 6.5000000000000009 1.5000000000000002 3.5000000000000004 5.5000000000000009 2350.0000000000005 2450.0000000000005 1700.0000000000002 8.5000000000000018 4.5000000000000009 9.5000000000000018 8.5000000000000018 9.5000000000000018 5.5000000000000009 7.5000000000000009 6.5000000000000009 2.5000000000000004 2550.0000000000005 6.5000000000000009 7.5000000000000009 1900.0000000000002 2.5000000000000004 4.5000000000000009 1700.0000000000002 2250.0000000000005 1900.0000000000002 6.5000000000000009 7.5000000000000009 2100.0000000000005 1900.0000000000002 1900.0000000000002 2550.0000000000005 8.5000000000000018 1900.0000000000002 1450.0000000000002 8.5000000000000018 7.5000000000000009 1900.0000000000002 1.5000000000000002 1100.0000000000002 3.5000000000000004 2100.0000000000005 8.5000000000000018 7.5000000000000009 8.5000000000000018 7.5000000000000009 8.5000000000000018 1700.0000000000002 2100.0000000000005 8.5000000000000018 2.5000000000000004
decision_type=2 2 2 2 2 2 2 2 2 2 2 2 2 2 2 2 2 2 2 2 2 2 2 2 2 2 2 2 2 2 2 2 2 2 2 2 2 2 2 2 2 2 2 2 2 2 2 2 2 2 2 2
left_child=13 2 10 31 18 23 8 12 9 19 35 26 -8 14 17 16 -16 39 21 -7 -21 51 -23 30 -25 38 28 29 -10 -28 48 -3 -33 -9 -13 -2 37 -4 -26 -1 -19 -42 46 44 -44 -17 -29 -48 -6 -32 -30 -5
right_child=1 3 36 4 5 6 7 33 11 -11 -12 34 -14 -15 15 45 -18 40 -20 20 -22 22 -24 24 25 -27 27 42 50 -31 49 32 -34 -35 -36 -37 -38 -39 -40 -41 41 -43 43 -45 -46 -47 47 -49 -50 -51 -52 -53
leaf_value=-0.074316638169733634 -0.045718579318212431 0.038635583316522934 -0.034317426807002019 -0.020599048504871983 0.037682693713420146 -0.034142271655412455 -0.13916593471238778 0.046772945206612349 0.088575593009591114 0.046882459140838467 0.039191955831591734 0.0097720798637185788 -0.041969344019889832 -0.09349921209116778 -0.03432684304506177 -0.069422475774198369 0.041110987023071005 -0.079532409729301076 0.019368987051504 0.036040853698467538 -0.025375818015908349 -0.11729316084008468 -0.038093849616746112 0.018923699011821213 0.075708218477666386 0.022788362558507785 -0.019303519225889638 0.049800031087905559 0.024178726751296249 0.034237508763346761 -0.002776578191208513 0.10909249048966628 0.034093767625314221 -0.0074055125767534431 -0.02361543756520864 -0.0033896340630375425 -0.025292164557794861 -0.072625168772607024 0.051522105277305656 -0.044197243476106277 -0.094990942318384591 -0.12458348028800066 -0.0033589015927231107 -0.048418474849313498 0.10790303501610954 -0.044346333958885889 0.033947589853237016 0.050094863413789562 0.031288868619336024 0.0051464897555273939 0.0290565161300557 -0.025020630649830167
leaf_weight=73 69 63 95 56 74 201 43 48 109 141 162 112 48 186 101 73 54 69 56 124 169 38 75 209 192 110 155 154 122 57 73 52 27 44 103 52 77 116 124 124 152 34 57 24 48 55 129 107 90 37 91 95
leaf_count=73 69 63 95 56 74 201 43 48 109 141 162 112 48 186 101 73 54 69 56 124 169 38 75 209 192 110 155 154 122 57 73 52 27 44 103 52 77 116 124 124 152 34 57 24 48 55 129 107 90 37 91 95
internal_value=-0.0023493 0.0123103 -0.0185883 0.0174139 0.0154366 0.0203447 0.0134006 -0.0332208 0.0178839 -0.000112783 0.0106652 0.0268965 -0.0878974 -0.0664631 -0.0596213 -0.0309325 -0.00804528 -0.0775836 -0.0305001 -0.0135264 0.000616221 -0.0410784 -0.0647272 0.0362802 0.0431283 0.0550034 0.0336587 0.0276251 0.0473562 -0.00490805 0.0204097 0.0635731 0.08346 0.0208615 -0.00622287 -0.0275276 -0.0473339 -0.0553776 0.0662175 -0.0553582 -0.0947537 -0.1004 0.0409141 0.0296577 0.0475037 -0.0586476 0.0446374 0.0412686 0.0341739 -0.000111546 0.0262627 -0.0233808
internal_weight=4949 4028 571 3457 3315 2995 2086 183 1903 635 283 1268 91 921 735 283 155 452 320 494 293 264 113 909 635 426 1053 731 322 212 274 142 79 92 215 121 288 211 316 197 255 186 519 129 105 128 390 236 164 110 213 151
internal_count=4949 4028 571 3457 3315 2995 2086 183 1903 635 283 1268 91 921 735 283 155 452 320 494 293 264 113 909 635 426 1053 731 322 212 274 142 79 92 215 121 288 211 316 197 255 186 519 129 105 128 390 236 164 110 213 151
is_linear=0
shrinkage=0.05


Tree=41
num_leaves=53
num_cat=0
split_feature=0 0 2 2 2 2 0 0 0 2 2 2 2 2 2 2 2 2 0 2 2 0 2 2 0 0 0 2 2 0 0 0 0 2 0 0 2 2 0 2 0 2 0 2 2 2 2 2 0 0 2 2
split_gain=1679.18 229.304 173.338 113.901 269.813 119.643 157.4 195.351 111.426 144.504 111.308 102.518 77.3531 61.5007 136.731 64.8041 72.2885 62.2685 60.9401 51.9955 97.3913 39.8872 57.1105 35.6643 65.8893 55.557 31.4163 114.089 101.068 43.1272 27.9391 25.4224 36.0874 24.3258 21.592 19.18 18.4332 27.6681 15.9102 15.0479 7.91201 8.78378 7.85238 64.8867 116.447 7.1204 2.44861 5.50512 0.599325 0.556453 0.447685 0.248656
threshold=1300.0000000000002 1550.0000000000002 6.5000000000000009 1.5000000000000002 3.5000000000000004 5.5000000000000009 2350.0000000000005 2450.0000000000005 1700.0000000000002 8.5000000000000018 4.5000000000000009 9.5000000000000018 8.5000000000000018 9.5000000000000018 5.5000000000000009 7.5000000000000009 6.5000000000000009 2.5000000000000004 2550.0000000000005 6.5000000000000009 7.5000000000000009 1900.0000000000002 2.5000000000000004 4.5000000000000009 1700.0000000000002 2250.0000000000005 1900.0000000000002 6.5000000000000009 7.5000000000000009 2100.0000000000005 1900.0000000000002 1900.0000000000002 2550.0000000000005 8.5000000000000018 1900.0000000000002 1450.0000000000002 8.5000000000000018 7.5000000000000009 1900.0000000000002 1.5000000000000002 1100.0000000000002 3.5000000000000004 2100.0000000000005 8.5000000000000018 7.5000000000000009 8.5000000000000018 7.5000000000000009 8.5000000000000018 1700.0000000000002 2100.0000000000005 8.5000000000000018 2.5000000000000004
decision_type=2 2 2 2 2 2 2 2 2 2 2 2 2 2 2 2 2 2 2 2 2 2 2 2 2 2 2 2 2 2 2 2 2 2 2 2 2 2 2 2 2 2 2 2 2 2 2 2 2 2 2 2
left_child=13 2 10 31 18 23 8 12 9 19 35 26 -8 14 17 16 -16 39 21 -7 -21 51 -23 30 -25 38 28 29 -10 -28 48 -3 -33 -9 -13 -2 37 -4 -26 -1 -19 -42 46 44 -44 -17 -29 -48 -6 -32 -30 -5
right_child=1 3 36 4 5 6 7 33 11 -11 -12 34 -14 -15 15 45 -18 40 -20 20 -22 22 -24 24 25 -27 27 42 50 -31 49 32 -34 -35 -36 -37 -38 -39 -40 -41 41 -43 43 -45 -46 -47 47 -49 -50 -51 -52 -53
leaf_value=-0.070600787596139192 -0.043432661783004152 0.036703810805366159 -0.032601555597992909 -0.019569089157240732 0.035798570343821841 -0.032435148363163815 -0.13220763601535976 0.044434301353370148 0.084146814048290261 0.04453835821320825 0.037232353069164136 0.0092834918360625001 -0.039870860901040334 -0.088824245442826577 -0.032610508009311888 -0.065951356669403105 0.039055437401488979 -0.075555800441382603 0.018400531554860728 0.034238799105984194 -0.024107027339429415 -0.11142847969343789 -0.036189152914409835 0.017977502279019241 0.071922808350063858 0.021648943867873062 -0.018338335935146579 0.047310039933238714 0.022969803690421779 0.032525616400597389 -0.0026377579528991495 0.10363788008689881 0.032389076109285708 -0.0070352360690859239 -0.022434669356901669 -0.0032201556202310789 -0.024027542249819678 -0.068993896682714592 0.048945989501812767 -0.041987386435991335 -0.090241393917485299 -0.11835430930642521 -0.0031909451150057611 -0.045997548103332522 0.10250786974017199 -0.04212901678782973 0.032250215930416604 0.047590115191153831 0.029724412974384096 0.0048891802091856271 0.02760368916359577 -0.023769600540399553
leaf_weight=73 69 63 95 56 74 201 43 48 109 141 162 112 48 186 101 73 54 69 56 124 169 38 75 209 192 110 155 154 122 57 73 52 27 44 103 52 77 116 124 124 152 34 57 24 48 55 129 107 90 37 91 95
leaf_count=73 69 63 95 56 74 201 43 48 109 141 162 112 48 186 101 73 54 69 56 124 169 38 75 209 192 110 155 154 122 57 73 52 27 44 103 52 77 116 124 124 152 34 57 24 48 55 129 107 90 37 91 95
internal_value=-0.00223183 0.0116948 -0.0176589 0.0165432 0.0146648 0.0193275 0.0127306 -0.0315597 0.0169897 -0.000107138 0.0101319 0.0255516 -0.0835025 -0.06314 -0.0566403 -0.0293859 -0.00764302 -0.0737044 -0.0289751 -0.0128501 0.000585404 -0.0390244 -0.0614909 0.0344662 0.0409719 0.0522532 0.0319758 0.0262438 0.0449884 -0.00466265 0.0193892 0.0603945 0.079287 0.0198184 -0.00591172 -0.0261513 -0.0449672 -0.0526087 0.0629066 -0.0525903 -0.090016 -0.0953803 0.0388684 0.0281748 0.0451285 -0.0557152 0.0424056 0.0392052 0.0324652 -0.00010597 0.0249495 -0.0222118
internal_weight=4949 4028 571 3457 3315 2995 2086 183 1903 635 283 1268 91 921 735 283 155 452 320 494 293 264 113 909 635 426 1053 731 322 212 274 142 79 92 215 121 288 211 316 197 255 186 519 129 105 128 390 236 164 110 213 151
internal_count=4949 4028 571 3457 3315 2995 2086 183 1903 635 283 1268 91 921 735 283 155 452 320 494 293 264 113 909 635 426 1053 731 322 212 274 142 79 92 215 121 288 211 316 197 255 186 519 129 105 128 390 236 164 110 213 151
is_linear=0
shrinkage=0.05


Tree=42
num_leaves=53
num_cat=0
split_feature=0 0 2 2 2 2 0 0 0 2 2 2 2 2 2 2 2 2 0 2 2 0 2 2 0 0 0 2 2 0 0 0 0 2 0 0 2 2 0 2 0 2 0 2 2 2 2 2 0 0 2 2
split_gain=1515.46 206.946 156.437 102.796 243.506 107.978 142.053 176.304 100.562 130.415 100.456 92.5223 69.8112 55.5044 123.4 58.4857 65.2404 56.1973 54.9985 46.9259 87.8957 35.9983 51.5423 32.187 59.4651 50.1402 28.3532 102.966 91.2139 38.9223 25.215 22.9437 32.5689 21.954 19.4868 17.31 16.636 24.9705 14.3589 13.5808 7.14058 7.92736 7.08677 58.5603 105.093 6.42615 2.20987 4.96838 0.54089 0.502199 0.40404 0.224411
threshold=1300.0000000000002 1550.0000000000002 6.5000000000000009 1.5000000000000002 3.5000000000000004 5.5000000000000009 2350.0000000000005 2450.0000000000005 1700.0000000000002 8.5000000000000018 4.5000000000000009 9.5000000000000018 8.5000000000000018 9.5000000000000018 5.5000000000000009 7.5000000000000009 6.5000000000000009 2.5000000000000004 2550.0000000000005 6.5000000000000009 7.5000000000000009 1900.0000000000002 2.5000000000000004 4.5000000000000009 1700.0000000000002 2250.0000000000005 1900.0000000000002 6.5000000000000009 7.5000000000000009 2100.0000000000005 1900.0000000000002 1900.0000000000002 2550.0000000000005 8.5000000000000018 1900.0000000000002 1450.0000000000002 8.5000000000000018 7.5000000000000009 1900.0000000000002 1.5000000000000002 1100.0000000000002 3.5000000000000004 2100.0000000000005 8.5000000000000018 7.5000000000000009 8.5000000000000018 7.5000000000000009 8.5000000000000018 1700.0000000000002 2100.0000000000005 8.5000000000000018 2.5000000000000004
decision_type=2 2 2 2 2 2 2 2 2 2 2 2 2 2 2 2 2 2 2 2 2 2 2 2 2 2 2 2 2 2 2 2 2 2 2 2 2 2 2 2 2 2 2 2 2 2 2 2 2 2 2 2
left_child=13 2 10 31 18 23 8 12 9 19 35 26 -8 14 17 16 -16 39 21 -7 -21 51 -23 30 -25 38 28 29 -10 -28 48 -3 -33 -9 -13 -2 37 -4 -26 -1 -19 -42 46 44 -44 -17 -29 -48 -6 -32 -30 -5
right_child=1 3 36 4 5 6 7 33 11 -11 -12 34 -14 -15 15 45 -18 40 -20 20 -22 22 -24 24 25 -27 27 42 50 -31 49 32 -34 -35 -36 -37 -38 -39 -40 -41 41 -43 43 -45 -46 -47 47 -49 -50 -51 -52 -53
leaf_value=-0.067070754872609495 -0.041261021339375044 0.034868600302272373 -0.03097146681558929 -0.01859064182000501 0.034008639363408387 -0.030813398877557237 -0.12559726023396781 0.042212587532897791 0.079939471390269232 0.042311439895672154 0.035370745721422597 0.0088193139859608239 -0.037877331837080419 -0.084383039557004491 -0.030979987597185201 -0.062653774921208216 0.037102680294602002 -0.071778015900349268 0.017480511830321382 0.032526861466166956 -0.022901680188242502 -0.1058570794761181 -0.034379709760348008 0.017078634250784319 0.068326659098966055 0.020566499405963855 -0.017421436982770121 0.044944535002305913 0.021821302367893401 0.030899337744503694 -0.0025058740826502239 0.098455992283729421 0.030769608197388828 -0.0066834802315993746 -0.021312945343337011 -0.0030591431718606215 -0.02282617401041381 -0.065544196886235279 0.046498688520683396 -0.039888019721594552 -0.085729315210329865 -0.1124365813591901 -0.0030314098324692043 -0.043697673020263512 0.097382485866546631 -0.040022565383802763 0.030637693776236485 0.045210611656586706 0.028238194833199184 0.0046447186856656466 0.026223519812900942 -0.022581119439319564
leaf_weight=73 69 63 95 56 74 201 43 48 109 141 162 112 48 186 101 73 54 69 56 124 169 38 75 209 192 110 155 154 122 57 73 52 27 44 103 52 77 116 124 124 152 34 57 24 48 55 129 107 90 37 91 95
leaf_count=73 69 63 95 56 74 201 43 48 109 141 162 112 48 186 101 73 54 69 56 124 169 38 75 209 192 110 155 154 122 57 73 52 27 44 103 52 77 116 124 124 152 34 57 24 48 55 129 107 90 37 91 95
internal_value=-0.00212024 0.01111 -0.0167759 0.015716 0.0139315 0.0183611 0.0120941 -0.0299818 0.0161402 -0.000101785 0.00962535 0.024274 -0.0793274 -0.059983 -0.0538082 -0.0279166 -0.00726086 -0.0700192 -0.0275263 -0.0122076 0.000556133 -0.0370732 -0.0584163 0.0327429 0.0389233 0.0496405 0.030377 0.0249316 0.0427389 -0.00442953 0.0184197 0.0573747 0.0753227 0.0188275 -0.00561614 -0.0248437 -0.0427189 -0.0499783 0.0597613 -0.0499608 -0.0855152 -0.0906113 0.036925 0.0267661 0.0428721 -0.0529294 0.0402853 0.0372449 0.0308419 -0.000100675 0.0237021 -0.0211012
internal_weight=4949 4028 571 3457 3315 2995 2086 183 1903 635 283 1268 91 921 735 283 155 452 320 494 293 264 113 909 635 426 1053 731 322 212 274 142 79 92 215 121 288 211 316 197 255 186 519 129 105 128 390 236 164 110 213 151
internal_count=4949 4028 571 3457 3315 2995 2086 183 1903 635 283 1268 91 921 735 283 155 452 320 494 293 264 113 909 635 426 1053 731 322 212 274 142 79 92 215 121 288 211 316 197 255 186 519 129 105 128 390 236 164 110 213 151
is_linear=0
shrinkage=0.05


Tree=43
num_leaves=54
num_cat=0
split_feature=0 0 2 2 2 2 0 0 0 2 2 2 2 2 2 2 2 2 0 2 2 0 2 2 0 0 0 2 2 0 0 0 0 2 0 0 2 2 0 2 0 2 0 2 2 2 2 2 2 0 0 2 2
split_gain=1367.71 186.769 141.185 92.7733 219.765 97.4498 128.203 159.114 90.7571 117.7 90.6614 83.5015 63.0046 50.0927 111.368 52.7834 58.8795 50.718 49.6361 42.3507 79.3259 32.4884 46.5169 29.0488 53.6672 45.2515 25.5887 92.9265 82.3205 35.1274 22.7566 20.7067 29.3934 19.9607 17.5868 15.6223 15.014 22.5358 12.959 12.2567 6.44439 7.15444 6.3958 52.8507 94.8465 5.79962 1.99441 4.48397 0.721073 0.488154 0.453232 0.364646 0.202532
threshold=1300.0000000000002 1550.0000000000002 6.5000000000000009 1.5000000000000002 3.5000000000000004 5.5000000000000009 2350.0000000000005 2450.0000000000005 1700.0000000000002 8.5000000000000018 4.5000000000000009 9.5000000000000018 8.5000000000000018 9.5000000000000018 5.5000000000000009 7.5000000000000009 6.5000000000000009 2.5000000000000004 2550.0000000000005 6.5000000000000009 7.5000000000000009 1900.0000000000002 2.5000000000000004 4.5000000000000009 1700.0000000000002 2250.0000000000005 1900.0000000000002 6.5000000000000009 7.5000000000000009 2100.0000000000005 1900.0000000000002 1900.0000000000002 2550.0000000000005 7.5000000000000009 1900.0000000000002 1450.0000000000002 8.5000000000000018 7.5000000000000009 1900.0000000000002 1.5000000000000002 1100.0000000000002 3.5000000000000004 2100.0000000000005 8.5000000000000018 7.5000000000000009 8.5000000000000018 7.5000000000000009 8.5000000000000018 9.5000000000000018 1700.0000000000002 2100.0000000000005 8.5000000000000018 2.5000000000000004
decision_type=2 2 2 2 2 2 2 2 2 2 2 2 2 2 2 2 2 2 2 2 2 2 2 2 2 2 2 2 2 2 2 2 2 2 2 2 2 2 2 2 2 2 2 2 2 2 2 2 2 2 2 2 2
left_child=13 2 10 31 18 23 8 12 9 19 35 26 -8 14 17 16 -16 39 21 -7 -21 52 -23 30 -25 38 28 29 -10 -28 49 -3 -33 -9 -13 -2 37 -4 -26 -1 -19 -42 46 44 -44 -17 -29 -48 -35 -6 -32 -30 -5
right_child=1 3 36 4 5 6 7 33 11 -11 -12 34 -14 -15 15 45 -18 40 -20 20 -22 22 -24 24 25 -27 27 42 51 -31 50 32 -34 48 -36 -37 -38 -39 -40 -41 41 -43 43 -45 -46 -47 47 -49 -50 -51 -52 -53 -54
leaf_value=-0.063717221478893346 -0.039197975310726441 0.033125168771024734 -0.029422891498788406 -0.017661100413118091 0.03230821051811044 -0.029272737707108705 -0.11931739186131679 -0.010509017054494973 0.075942506591592907 0.040195847627647385 0.033602196758291056 0.0083783422995890901 -0.035983456244381769 -0.080163888396915572 -0.029430996198760401 -0.05952110584468058 0.035247542681517426 -0.068189102314088659 0.01660647943083729 0.030900530511092757 -0.021756592927467542 -0.10056421319512945 -0.032660731106996542 0.016224706192104296 0.06491033604397671 0.019538174664432355 -0.016550358505018296 0.042697308566905075 0.020730234578740403 0.029354377456924374 -0.0023805734637665425 0.093533179679742229 0.029231130635296861 0.043741213724665023 -0.020247303737888061 -0.0029061890565432037 -0.021684849073554016 -0.062266988968797801 0.044173762184237284 -0.037893617690931407 -0.081442856102397571 -0.1068147559376324 -0.0028798193262334457 -0.041512795273835466 0.092513358096281695 -0.038021431091156875 0.029105806809871699 0.042950093015053564 0.032134689204394822 0.026826285661922564 0.0044124717647964894 0.024912338317013706 -0.021452059388944979
leaf_weight=73 69 63 95 56 74 201 43 37 109 141 162 112 48 186 101 73 54 69 56 124 169 38 75 209 192 110 155 154 122 57 73 52 27 23 103 52 77 116 124 124 152 34 57 24 48 55 129 107 32 90 37 91 95
leaf_count=73 69 63 95 56 74 201 43 37 109 141 162 112 48 186 101 73 54 69 56 124 169 38 75 209 192 110 155 154 122 57 73 52 27 23 103 52 77 116 124 124 152 34 57 24 48 55 129 107 32 90 37 91 95
internal_value=-0.00201423 0.0105545 -0.0159371 0.0149302 0.013235 0.017443 0.0114894 -0.0284827 0.0153332 -9.66995e-05 0.00914408 0.0230603 -0.075361 -0.0569838 -0.0511178 -0.0265208 -0.00689783 -0.0665182 -0.02615 -0.0115972 0.000528333 -0.0352196 -0.0554955 0.0311058 0.0369772 0.0471585 0.0288581 0.0236851 0.040602 -0.00420805 0.0174987 0.054506 0.0715565 0.0178861 -0.00533534 -0.0236015 -0.0405829 -0.0474794 0.0567732 -0.0474628 -0.0812395 -0.0860807 0.0350788 0.0254278 0.0407285 -0.050283 0.038271 0.0353827 0.0369883 0.0292998 -9.56401e-05 0.022517 -0.0200461
internal_weight=4949 4028 571 3457 3315 2995 2086 183 1903 635 283 1268 91 921 735 283 155 452 320 494 293 264 113 909 635 426 1053 731 322 212 274 142 79 92 215 121 288 211 316 197 255 186 519 129 105 128 390 236 55 164 110 213 151
internal_count=4949 4028 571 3457 3315 2995 2086 183 1903 635 283 1268 91 921 735 283 155 452 320 494 293 264 113 909 635 426 1053 731 322 212 274 142 79 92 215 121 288 211 316 197 255 186 519 129 105 128 390 236 55 164 110 213 151
is_linear=0
shrinkage=0.05


Tree=44
num_leaves=53
num_cat=0
split_feature=0 0 2 2 2 2 0 0 0 2 2 2 2 2 2 2 2 2 0 2 2 0 2 2 0 0 0 2 2 0 2 0 0 0 0 0 2 2 0 2 0 2 0 2 2 2 2 2 0 0 2 2
split_gain=1234.35 168.559 127.419 83.7279 198.338 87.9484 115.703 143.601 81.9082 106.224 81.8219 75.36 56.8616 45.2087 100.51 47.637 53.1387 45.773 44.7966 38.2215 71.5916 29.3208 41.9815 26.2165 48.4347 40.8396 23.0939 83.8661 74.2942 31.7025 21.2627 20.5378 18.6878 26.5275 15.8721 14.0991 13.5501 20.3386 11.6955 11.0616 5.81606 6.45689 5.77221 47.6977 85.599 5.23415 1.79995 4.04678 0.440557 0.409043 0.329091 0.182785
threshold=1300.0000000000002 1550.0000000000002 6.5000000000000009 1.5000000000000002 3.5000000000000004 5.5000000000000009 2350.0000000000005 2450.0000000000005 1700.0000000000002 8.5000000000000018 4.5000000000000009 9.5000000000000018 8.5000000000000018 9.5000000000000018 5.5000000000000009 7.5000000000000009 6.5000000000000009 2.5000000000000004 2550.0000000000005 6.5000000000000009 7.5000000000000009 1900.0000000000002 2.5000000000000004 4.5000000000000009 1700.0000000000002 2250.0000000000005 1900.0000000000002 6.5000000000000009 7.5000000000000009 2100.0000000000005 8.5000000000000018 1900.0000000000002 1900.0000000000002 2550.0000000000005 1900.0000000000002 1450.0000000000002 8.5000000000000018 7.5000000000000009 1900.0000000000002 1.5000000000000002 1100.0000000000002 3.5000000000000004 2100.0000000000005 8.5000000000000018 7.5000000000000009 8.5000000000000018 7.5000000000000009 8.5000000000000018 1700.0000000000002 2100.0000000000005 8.5000000000000018 2.5000000000000004
decision_type=2 2 2 2 2 2 2 2 2 2 2 2 2 2 2 2 2 2 2 2 2 2 2 2 2 2 2 2 2 2 2 2 2 2 2 2 2 2 2 2 2 2 2 2 2 2 2 2 2 2 2 2
left_child=13 2 10 32 18 23 8 12 9 19 35 26 -8 14 17 16 -16 39 21 -7 -21 51 -23 31 -25 38 28 29 -10 -28 -9 48 -3 -34 -13 -2 37 -4 -26 -1 -19 -42 46 44 -44 -17 -29 -48 -6 -33 -30 -5
right_child=1 3 36 4 5 6 7 30 11 -11 -12 34 -14 -15 15 45 -18 40 -20 20 -22 22 -24 24 25 -27 27 42 50 -31 -32 49 33 -35 -36 -37 -38 -39 -40 -41 41 -43 43 -45 -46 -47 47 -49 -50 -51 -52 -53
leaf_value=-0.060531352929873009 -0.03723807028238324 0.031468914425562301 -0.027951750751388699 -0.016778055019676687 0.030692798820500439 -0.027809103070503445 -0.11335151895534162 0.040005787943179411 0.072145370144499552 0.038186063406103893 0.031922095445456149 0.0079594200210911896 -0.034184278481310081 -0.076155691153259694 -0.027959429976152313 -0.056545047380336347 0.033485173296045376 -0.064779641187709319 0.015776174888014794 0.029355504360770987 -0.020668768909203231 -0.09553601908448496 -0.031027676194906234 0.015413456836617307 0.061664821882732215 0.018561256460168148 -0.015722844869859757 0.040562433003472148 0.019693733094504381 0.02788665544307023 -0.008114306899634275 -0.0022615461929203716 0.088856528928646678 0.027769584125942656 -0.019234924795992168 -0.0027608809419549431 -0.020600617406043142 -0.059153659795892655 0.041965073635689021 -0.035998935971949857 -0.077370705577701107 -0.1014740270726821 -0.0027358433656525195 -0.039437151048332453 0.087887696106918156 -0.036120372075926173 0.027650514195940293 0.040802590089423635 0.025484982161886161 0.0041918551599657216 0.023666720861917016 -0.020379465339999452
leaf_weight=73 69 63 95 56 74 201 43 48 109 141 162 112 48 186 101 73 54 69 56 124 169 38 75 209 192 110 155 154 122 57 44 73 52 27 103 52 77 116 124 124 152 34 57 24 48 55 129 107 90 37 91 95
leaf_count=73 69 63 95 56 74 201 43 48 109 141 162 112 48 186 101 73 54 69 56 124 169 38 75 209 192 110 155 154 122 57 44 73 52 27 103 52 77 116 124 124 152 34 57 24 48 55 129 107 90 37 91 95
internal_value=-0.00191352 0.0100268 -0.0151403 0.0141837 0.0125732 0.0165709 0.0109149 -0.0270585 0.0145666 -9.18649e-05 0.00868688 0.0219073 -0.071593 -0.0541346 -0.0485619 -0.0251947 -0.00655292 -0.0631923 -0.0248425 -0.0110173 0.000501913 -0.0334586 -0.0527207 0.0295505 0.0351283 0.0448006 0.0274152 0.0225008 0.0385719 -0.00399765 0.0169918 0.0166238 0.0517807 0.0679787 -0.00506857 -0.0224214 -0.0385538 -0.0451054 0.0539345 -0.0450896 -0.0771775 -0.0817767 0.0333248 0.0241564 0.0386921 -0.0477688 0.0363575 0.0336135 0.0278349 -9.08566e-05 0.0213911 -0.0190438
internal_weight=4949 4028 571 3457 3315 2995 2086 183 1903 635 283 1268 91 921 735 283 155 452 320 494 293 264 113 909 635 426 1053 731 322 212 92 274 142 79 215 121 288 211 316 197 255 186 519 129 105 128 390 236 164 110 213 151
internal_count=4949 4028 571 3457 3315 2995 2086 183 1903 635 283 1268 91 921 735 283 155 452 320 494 293 264 113 909 635 426 1053 731 322 212 92 274 142 79 215 121 288 211 316 197 255 186 519 129 105 128 390 236 164 110 213 151
is_linear=0
shrinkage=0.05


Tree=45
num_leaves=54
num_cat=0
split_feature=0 2 2 2 2 0 2 2 0 0 0 0 0 2 0 0 2 0 2 0 2 2 2 2 0 2 0 0 0 2 2 2 2 0 0 2 2 0 2 2 2 2 0 2 0 2 2 2 2 2 2 0 0
split_gain=616.109 179.273 171.809 130.526 115.356 96.9272 269.14 131.211 71.922 72.6764 52.0786 115.388 184.993 104.549 26.3919 26.8878 25.1509 24.8321 144.38 28.1292 30.612 46.5813 25.6174 43.9086 22.0725 27.7774 49.6652 31.4125 15.6876 46.5698 33.5917 29.84 62.0869 33.2279 14.9906 14.8445 14.5565 12.6261 89.3556 12.2706 26.0035 21.8565 11.7478 6.86663 2.5753 12.1573 2.15122 2.05891 0.169698 0.0741414 0.0489101 20.6418 6.6868
threshold=1300.0000000000002 7.5000000000000009 9.5000000000000018 2.5000000000000004 9.5000000000000018 1700.0000000000002 3.5000000000000004 5.5000000000000009 2250.0000000000005 2450.0000000000005 1900.0000000000002 2100.0000000000005 2350.0000000000005 8.5000000000000018 1900.0000000000002 2550.0000000000005 5.5000000000000009 2550.0000000000005 1.5000000000000002 1900.0000000000002 1.5000000000000002 2.5000000000000004 1.5000000000000002 2.5000000000000004 1550.0000000000002 8.5000000000000018 1700.0000000000002 1700.0000000000002 2100.0000000000005 6.5000000000000009 5.5000000000000009 5.5000000000000009 6.5000000000000009 1900.0000000000002 1550.0000000000002 3.5000000000000004 8.5000000000000018 2550.0000000000005 8.5000000000000018 6.5000000000000009 7.5000000000000009 8.5000000000000018 1900.0000000000002 1.5000000000000002 1100.0000000000002 3.5000000000000004 4.5000000000000009 6.5000000000000009 4.5000000000000009 8.5000000000000018 4.5000000000000009 1550.0000000000002 1550.0000000000002
decision_type=2 2 2 2 2 2 2 2 2 2 2 2 2 2 2 2 2 2 2 2 2 2 2 2 2 2 2 2 2 2 2 2 2 2 2 2 2 2 2 2 2 2 2 2 2 2 2 2 2 2 2 2 2
left_child=3 5 10 43 16 7 17 35 28 -10 24 36 13 -13 -4 -16 44 19 -19 20 -7 -22 -21 -24 49 27 -27 -26 31 30 -30 42 33 -33 -9 -2 -12 38 -14 -18 -41 -42 48 -1 -5 -46 -44 -36 -8 -3 51 -37 -52
right_child=1 2 14 4 -6 6 8 34 9 -11 11 12 37 -15 15 -17 39 18 -20 22 21 -23 23 -25 25 26 -28 -29 29 -31 -32 32 -34 -35 47 50 -38 -39 -40 40 41 -43 46 -45 45 -47 -48 -49 -50 -51 52 -53 -54
leaf_value=-0.092489220879294662 0.024588715019994059 0.0034224294117489542 -0.037919444237884722 -0.040223059939666538 -0.067372831685583029 -0.053150163883609436 0.018874335476289413 -0.05585466165055511 -0.039778639186246724 0.035368227215602677 0.07319174121609695 -0.0090128254583653287 0.0076406650245189672 -0.13383195722103119 0.0076293287532670159 -0.047927939040320264 0.004751250717077363 0.095240333139896396 -0.051922764271497723 -0.023234350719149151 0.025193867164439172 -0.032266916038675444 -0.10440811651259117 -0.039904227077558238 0.027306597012405592 0.01807329948026714 0.067138979100500137 -0.0052189101606845527 0.017581271330515544 0.0023221657437793282 0.083355162238532843 0.015821386782490478 0.03485374853331992 -0.021714369139659243 -0.036197403597062215 -0.022069877297130985 0.048458717734767842 0.015748763797075852 0.1022444696434272 -0.046333931998482777 0.011792297543663729 -0.029374406220657484 0.03014800542167255 -0.072410521680722026 -0.035642271106636605 -0.005272880693276724 0.041283769533038139 -0.027939860768555133 0.021533758438784967 0.0013634058200333217 0.0038363930489867929 0.017635779140982778 -0.0098471203874243365
leaf_weight=66 52 109 114 71 179 56 91 93 102 47 139 51 48 25 98 28 89 25 50 63 58 90 41 74 168 139 82 133 30 59 55 98 141 148 198 67 104 23 52 56 76 56 70 120 153 42 114 122 176 73 160 64 202
leaf_count=66 52 109 114 71 179 56 91 93 102 47 139 51 48 25 98 28 89 25 50 63 58 90 41 74 168 139 82 133 30 59 55 98 141 148 198 67 104 23 52 56 76 56 70 120 153 42 114 122 176 73 160 64 202
internal_value=-0.00506277 0.00350982 0.0179798 -0.0421855 -0.0325636 -0.0043674 0.00321001 -0.0169279 0.0162946 -0.0160746 0.0260359 0.0394878 0.0112575 -0.0500718 -0.020488 -0.00471673 -0.0210887 -0.0291723 -0.0028684 -0.0343366 -0.0216627 -0.0097485 -0.0488619 -0.0629013 0.0175903 0.022818 0.0362787 0.0129349 0.0212061 0.0364512 0.0601408 0.0185864 0.0084009 -0.0067611 -0.0381846 -0.000819586 0.0626064 0.0491519 0.0568346 -0.0105436 -0.0177843 -0.00567236 0.0273264 -0.0795352 -0.0320698 -0.0291012 0.0370473 -0.0330492 0.0206274 0.00259656 -0.00349957 -0.00267169 -0.00379916
internal_weight=4840 3932 1386 908 722 2546 1588 958 1131 149 1146 442 199 76 240 126 543 457 75 382 204 148 178 115 704 522 221 301 982 144 85 838 387 246 413 545 243 123 100 277 188 132 451 186 266 195 184 320 267 182 493 131 362
internal_count=4840 3932 1386 908 722 2546 1588 958 1131 149 1146 442 199 76 240 126 543 457 75 382 204 148 178 115 704 522 221 301 982 144 85 838 387 246 413 545 243 123 100 277 188 132 451 186 266 195 184 320 267 182 493 131 362
is_linear=0
shrinkage=0.05


Tree=46
num_leaves=54
num_cat=0
split_feature=0 2 2 2 2 0 2 2 0 0 0 0 0 2 0 0 2 0 2 0 2 2 2 2 0 2 0 0 0 2 2 2 2 0 0 2 2 0 2 2 2 2 0 2 0 2 2 2 2 2 2 0 0
split_gain=556.039 161.794 155.057 117.799 104.109 87.4767 242.899 118.418 64.9096 65.5905 47.001 104.138 166.957 94.3552 23.8187 24.2662 22.6987 22.411 130.303 25.3866 27.6274 42.0397 23.1197 39.6275 19.9204 25.0691 44.8228 28.3498 14.158 42.0293 30.3165 26.9307 56.0334 29.9882 13.529 13.3971 13.1372 11.395 80.6435 11.0742 23.4682 19.7255 10.6024 6.19713 2.32421 10.972 1.94148 1.85815 0.15315 0.0669124 0.0441414 18.6292 6.03484
threshold=1300.0000000000002 7.5000000000000009 9.5000000000000018 2.5000000000000004 9.5000000000000018 1700.0000000000002 3.5000000000000004 5.5000000000000009 2250.0000000000005 2450.0000000000005 1900.0000000000002 2100.0000000000005 2350.0000000000005 8.5000000000000018 1900.0000000000002 2550.0000000000005 5.5000000000000009 2550.0000000000005 1.5000000000000002 1900.0000000000002 1.5000000000000002 2.5000000000000004 1.5000000000000002 2.5000000000000004 1550.0000000000002 8.5000000000000018 1700.0000000000002 1700.0000000000002 2100.0000000000005 6.5000000000000009 5.5000000000000009 5.5000000000000009 6.5000000000000009 1900.0000000000002 1550.0000000000002 3.5000000000000004 8.5000000000000018 2550.0000000000005 8.5000000000000018 6.5000000000000009 7.5000000000000009 8.5000000000000018 1900.0000000000002 1.5000000000000002 1100.0000000000002 3.5000000000000004 4.5000000000000009 6.5000000000000009 4.5000000000000009 8.5000000000000018 4.5000000000000009 1550.0000000000002 1550.0000000000002
decision_type=2 2 2 2 2 2 2 2 2 2 2 2 2 2 2 2 2 2 2 2 2 2 2 2 2 2 2 2 2 2 2 2 2 2 2 2 2 2 2 2 2 2 2 2 2 2 2 2 2 2 2 2 2
left_child=3 5 10 43 16 7 17 35 28 -10 24 36 13 -13 -4 -16 44 19 -19 20 -7 -22 -21 -24 49 27 -27 -26 31 30 -30 42 33 -33 -9 -2 -12 38 -14 -18 -41 -42 48 -1 -5 -46 -44 -36 -8 -3 51 -37 -52
right_child=1 2 14 4 -6 6 8 34 9 -11 11 12 37 -15 15 -17 39 18 -20 22 21 -23 23 -25 25 26 -28 -29 29 -31 -32 32 -34 -35 47 50 -38 -39 -40 40 41 -43 46 -45 45 -47 -48 -49 -50 -51 52 -53 -54
leaf_value=-0.0878647657957944 0.023359280993015721 0.0032513133942260659 -0.036023470210401635 -0.038211900794970423 -0.064004192746884334 -0.050492655060120996 0.017930632604511231 -0.053061924137735889 -0.037789712320355807 0.033599818672271485 0.069532169798295282 -0.0085621895524216635 0.0072586248318354295 -0.12714034509658814 0.0072478606308601342 -0.04553154515368598 0.0045136891807732961 0.090478316664695746 -0.049326631069183356 -0.022072621091963757 0.023934168060278073 -0.030653580959058471 -0.099187705683998956 -0.037909008271841182 0.025941252361406531 0.01716962570404942 0.06378203004644048 -0.0049579723689116935 0.016702201565106708 0.0022060455912250583 0.07918740682642568 0.015030315153452815 0.03311104381073874 -0.020628662689312086 -0.034387526687498046 -0.020966376697839198 0.046035786234558777 0.014961331953173099 0.097132254766228679 -0.044017238702092856 0.011202691926767953 -0.027905702205108747 0.028640605466706416 -0.068790005842844656 -0.033860149103052482 -0.0050092306165468135 0.039219588624607581 -0.026542881447592842 0.02045706402171742 0.0012952442906082494 0.0036445780005306006 0.016753989539574833 -0.0093547631156547829
leaf_weight=66 52 109 114 71 179 56 91 93 102 47 139 51 48 25 98 28 89 25 50 63 58 90 41 74 168 139 82 133 30 59 55 98 141 148 198 67 104 23 52 56 76 56 70 120 153 42 114 122 176 73 160 64 202
leaf_count=66 52 109 114 71 179 56 91 93 102 47 139 51 48 25 98 28 89 25 50 63 58 90 41 74 168 139 82 133 30 59 55 98 141 148 198 67 104 23 52 56 76 56 70 120 153 42 114 122 176 73 160 64 202
internal_value=-0.00480964 0.00333433 0.0170808 -0.0400762 -0.0309354 -0.00414903 0.00304951 -0.0160815 0.0154799 -0.0152709 0.0247341 0.0375134 0.0106946 -0.0475682 -0.0194636 -0.0044809 -0.0200342 -0.0277137 -0.00272498 -0.0326198 -0.0205796 -0.00926108 -0.0464188 -0.0597562 0.0167108 0.0216771 0.0344647 0.0122881 0.0201457 0.0346287 0.0571338 0.017657 0.00798084 -0.00642305 -0.0362754 -0.000778604 0.0594761 0.0466943 0.0539929 -0.0100165 -0.0168951 -0.00538875 0.0259601 -0.0755585 -0.0304663 -0.0276461 0.035195 -0.0313968 0.019596 0.00246674 -0.00332459 -0.00253811 -0.0036092
internal_weight=4840 3932 1386 908 722 2546 1588 958 1131 149 1146 442 199 76 240 126 543 457 75 382 204 148 178 115 704 522 221 301 982 144 85 838 387 246 413 545 243 123 100 277 188 132 451 186 266 195 184 320 267 182 493 131 362
internal_count=4840 3932 1386 908 722 2546 1588 958 1131 149 1146 442 199 76 240 126 543 457 75 382 204 148 178 115 704 522 221 301 982 144 85 838 387 246 413 545 243 123 100 277 188 132 451 186 266 195 184 320 267 182 493 131 362
is_linear=0
shrinkage=0.05


Tree=47
num_leaves=54
num_cat=0
split_feature=0 2 2 2 2 0 2 2 0 0 0 0 0 2 0 0 2 0 2 0 2 2 2 2 0 2 0 0 0 2 2 2 2 0 0 2 2 0 2 2 2 2 0 2 0 2 2 2 2 2 2 0 0
split_gain=501.825 146.019 139.939 106.314 93.9582 78.9478 219.217 106.872 58.5809 59.1954 42.4184 93.9842 150.678 85.1556 21.4964 21.9003 20.4856 20.2259 117.598 22.9114 24.9337 37.9408 20.8655 35.7638 17.9782 22.6248 40.4526 25.5857 12.7776 37.9314 27.3607 24.3049 50.5702 27.0644 12.21 12.0909 11.8563 10.284 72.7807 9.99446 21.18 17.8022 9.56868 5.5929 2.0976 9.90222 1.75218 1.67698 0.138217 0.0603872 0.0398377 16.8129 5.44645
threshold=1300.0000000000002 7.5000000000000009 9.5000000000000018 2.5000000000000004 9.5000000000000018 1700.0000000000002 3.5000000000000004 5.5000000000000009 2250.0000000000005 2450.0000000000005 1900.0000000000002 2100.0000000000005 2350.0000000000005 8.5000000000000018 1900.0000000000002 2550.0000000000005 5.5000000000000009 2550.0000000000005 1.5000000000000002 1900.0000000000002 1.5000000000000002 2.5000000000000004 1.5000000000000002 2.5000000000000004 1550.0000000000002 8.5000000000000018 1700.0000000000002 1700.0000000000002 2100.0000000000005 6.5000000000000009 5.5000000000000009 5.5000000000000009 6.5000000000000009 1900.0000000000002 1550.0000000000002 3.5000000000000004 8.5000000000000018 2550.0000000000005 8.5000000000000018 6.5000000000000009 7.5000000000000009 8.5000000000000018 1900.0000000000002 1.5000000000000002 1100.0000000000002 3.5000000000000004 4.5000000000000009 6.5000000000000009 4.5000000000000009 8.5000000000000018 4.5000000000000009 1550.0000000000002 1550.0000000000002
decision_type=2 2 2 2 2 2 2 2 2 2 2 2 2 2 2 2 2 2 2 2 2 2 2 2 2 2 2 2 2 2 2 2 2 2 2 2 2 2 2 2 2 2 2 2 2 2 2 2 2 2 2 2 2
left_child=3 5 10 43 16 7 17 35 28 -10 24 36 13 -13 -4 -16 44 19 -19 20 -7 -22 -21 -24 49 27 -27 -26 31 30 -30 42 33 -33 -9 -2 -12 38 -14 -18 -41 -42 48 -1 -5 -46 -44 -36 -8 -3 51 -37 -52
right_child=1 2 14 4 -6 6 8 34 9 -11 11 12 37 -15 15 -17 39 18 -20 22 21 -23 23 -25 25 26 -28 -29 29 -31 -32 32 -34 -35 47 50 -38 -39 -40 40 41 -43 46 -45 45 -47 -48 -49 -50 -51 52 -53 -54
leaf_value=-0.083471511530153683 0.022191319929865692 0.0030887367502880209 -0.034222307513680376 -0.036301309311054124 -0.060803990124324185 -0.047968016298753878 0.017034098372927735 -0.050408826335783932 -0.035900222389575319 0.031919829690075938 0.066055553336795289 -0.0081340611090554901 0.0068957097828388214 -0.12078333568572999 0.0068854651736969851 -0.043254979167665755 0.0042879934391278898 0.085954403042793281 -0.046860309630632403 -0.020968996343158543 0.022737461508348072 -0.029120904979192549 -0.094228317561309519 -0.03601355557833371 0.024644210623643761 0.016311135287430112 0.060592935326304748 -0.0047100774138549668 0.015867100705703099 0.0020957485599032905 0.075228039933876556 0.014278804731308199 0.031455506630083348 -0.019597222323755964 -0.032668149938825712 -0.019918065907350228 0.043733997730753177 0.014213264182857847 0.092275629436167392 -0.041816376149654388 0.01064254810151301 -0.026510409199233566 0.027208574946437566 -0.065350497098018726 -0.032167141324554394 -0.0047587689899262937 0.037258599653611321 -0.025215743166073914 0.019434201289814983 0.0012304900443717225 0.003462352305650711 0.015916293021291494 -0.0088870328371551382
leaf_weight=66 52 109 114 71 179 56 91 93 102 47 139 51 48 25 98 28 89 25 50 63 58 90 41 74 168 139 82 133 30 59 55 98 141 148 198 67 104 23 52 56 76 56 70 120 153 42 114 122 176 73 160 64 202
leaf_count=66 52 109 114 71 179 56 91 93 102 47 139 51 48 25 98 28 89 25 50 63 58 90 41 74 168 139 82 133 30 59 55 98 141 148 198 67 104 23 52 56 76 56 70 120 153 42 114 122 176 73 160 64 202
internal_value=-0.00456916 0.00316761 0.0162268 -0.0380724 -0.0293886 -0.00394158 0.00289704 -0.0152774 0.0147059 -0.0145073 0.0234974 0.0356377 0.0101599 -0.0451897 -0.0184904 -0.00425686 -0.0190325 -0.026328 -0.00258874 -0.0309888 -0.0195506 -0.00879803 -0.0440978 -0.0567684 0.0158752 0.0205932 0.0327415 0.0116737 0.0191385 0.0328973 0.0542771 0.0167742 0.00758181 -0.00610189 -0.0344616 -0.000739676 0.0565023 0.0443596 0.0512933 -0.00951565 -0.0160504 -0.00511931 0.0246621 -0.0717805 -0.028943 -0.0262638 0.0334352 -0.0298269 0.0186162 0.0023434 -0.00315836 -0.0024112 -0.00342874
internal_weight=4840 3932 1386 908 722 2546 1588 958 1131 149 1146 442 199 76 240 126 543 457 75 382 204 148 178 115 704 522 221 301 982 144 85 838 387 246 413 545 243 123 100 277 188 132 451 186 266 195 184 320 267 182 493 131 362
internal_count=4840 3932 1386 908 722 2546 1588 958 1131 149 1146 442 199 76 240 126 543 457 75 382 204 148 178 115 704 522 221 301 982 144 85 838 387 246 413 545 243 123 100 277 188 132 451 186 266 195 184 320 267 182 493 131 362
is_linear=0
shrinkage=0.05


Tree=48
num_leaves=54
num_cat=0
split_feature=0 2 2 2 2 0 2 2 0 0 0 0 0 2 0 0 2 0 2 0 2 2 2 2 0 2 0 0 0 2 2 2 2 0 0 2 2 0 2 2 2 2 0 2 0 2 2 2 2 2 2 0 0
split_gain=452.897 131.782 126.295 95.9484 84.7973 71.2504 197.843 96.4523 52.8693 53.4238 38.2826 84.8208 135.987 76.853 19.4005 19.765 18.4882 18.2539 106.132 20.6776 22.5027 34.2416 18.8312 32.2769 16.2253 20.4189 36.5085 23.0911 11.5318 34.2331 24.693 21.9352 45.6396 24.4256 11.0195 10.912 10.7004 9.28131 65.6846 9.02 19.115 16.0665 8.63575 5.0476 1.89308 8.93675 1.58135 1.51346 0.124742 0.0545015 0.035953 15.1736 4.91541
threshold=1300.0000000000002 7.5000000000000009 9.5000000000000018 2.5000000000000004 9.5000000000000018 1700.0000000000002 3.5000000000000004 5.5000000000000009 2250.0000000000005 2450.0000000000005 1900.0000000000002 2100.0000000000005 2350.0000000000005 8.5000000000000018 1900.0000000000002 2550.0000000000005 5.5000000000000009 2550.0000000000005 1.5000000000000002 1900.0000000000002 1.5000000000000002 2.5000000000000004 1.5000000000000002 2.5000000000000004 1550.0000000000002 8.5000000000000018 1700.0000000000002 1700.0000000000002 2100.0000000000005 6.5000000000000009 5.5000000000000009 5.5000000000000009 6.5000000000000009 1900.0000000000002 1550.0000000000002 3.5000000000000004 8.5000000000000018 2550.0000000000005 8.5000000000000018 6.5000000000000009 7.5000000000000009 8.5000000000000018 1900.0000000000002 1.5000000000000002 1100.0000000000002 3.5000000000000004 4.5000000000000009 6.5000000000000009 4.5000000000000009 8.5000000000000018 4.5000000000000009 1550.0000000000002 1550.0000000000002
decision_type=2 2 2 2 2 2 2 2 2 2 2 2 2 2 2 2 2 2 2 2 2 2 2 2 2 2 2 2 2 2 2 2 2 2 2 2 2 2 2 2 2 2 2 2 2 2 2 2 2 2 2 2 2
left_child=3 5 10 43 16 7 17 35 28 -10 24 36 13 -13 -4 -16 44 19 -19 20 -7 -22 -21 -24 49 27 -27 -26 31 30 -30 42 33 -33 -9 -2 -12 38 -14 -18 -41 -42 48 -1 -5 -46 -44 -36 -8 -3 51 -37 -52
right_child=1 2 14 4 -6 6 8 34 9 -11 11 12 37 -15 15 -17 39 18 -20 22 21 -23 23 -25 25 26 -28 -29 29 -31 -32 32 -34 -35 47 50 -38 -39 -40 40 41 -43 46 -45 45 -47 -48 -49 -50 -51 52 -53 -54
leaf_value=-0.079297939033219314 0.021081752526179817 0.0029343118493812622 -0.032511171332576819 -0.034486232325434685 -0.05776378663891521 -0.045569619429962981 0.016182387021503278 -0.047888410996685754 -0.034105214673464244 0.030323831134654106 0.062752783084087244 -0.0077273718537945379 0.0065509249766667679 -0.11474418258666992 0.0065411922730961624 -0.041092212072440557 0.00407360288199414 0.081656692862510691 -0.044517275750637054 -0.019920549033180118 0.021600602849804123 -0.027664844646222066 -0.089516925873098577 -0.034212887453267705 0.023411991065118598 0.01549557389812075 0.057563270455816898 -0.0044745596987020254 0.015073741277058919 0.001990962533627526 0.071466635763645175 0.013564870301253943 0.029882728651905738 -0.018617364742425018 -0.03103472587342064 -0.018922157418816837 0.041547298169014257 0.013502602538336878 0.087661848421423494 -0.039725568464824133 0.010110436085807651 -0.025184882671705319 0.025848150530031751 -0.06208296457305551 -0.03055878133068677 -0.0045208273189408441 0.035395676293001888 -0.023954964077985679 0.018462492889640008 0.0011689434261762932 0.0032892358768731355 0.015120472197304481 -0.0084426706119689453
leaf_weight=66 52 109 114 71 179 56 91 93 102 47 139 51 48 25 98 28 89 25 50 63 58 90 41 74 168 139 82 133 30 59 55 98 141 148 198 67 104 23 52 56 76 56 70 120 153 42 114 122 176 73 160 64 202
leaf_count=66 52 109 114 71 179 56 91 93 102 47 139 51 48 25 98 28 89 25 50 63 58 90 41 74 168 139 82 133 30 59 55 98 141 148 198 67 104 23 52 56 76 56 70 120 153 42 114 122 176 73 160 64 202
internal_value=-0.0043407 0.00300923 0.0154154 -0.0361688 -0.0279192 -0.0037445 0.00275218 -0.0145135 0.0139706 -0.013782 0.0223225 0.0338558 0.00965186 -0.0429303 -0.0175659 -0.00404401 -0.0180809 -0.0250116 -0.00245929 -0.0294394 -0.018573 -0.00835812 -0.0418929 -0.05393 0.0150815 0.0195635 0.0311044 0.01109 0.0181815 0.0312524 0.0515633 0.0159355 0.00720272 -0.0057968 -0.0327385 -0.000702688 0.0536772 0.0421416 0.0487286 -0.00903986 -0.0152478 -0.00486334 0.023429 -0.0681915 -0.0274958 -0.0249506 0.0317635 -0.0283356 0.0176854 0.00222622 -0.00300044 -0.00229064 -0.0032573
internal_weight=4840 3932 1386 908 722 2546 1588 958 1131 149 1146 442 199 76 240 126 543 457 75 382 204 148 178 115 704 522 221 301 982 144 85 838 387 246 413 545 243 123 100 277 188 132 451 186 266 195 184 320 267 182 493 131 362
internal_count=4840 3932 1386 908 722 2546 1588 958 1131 149 1146 442 199 76 240 126 543 457 75 382 204 148 178 115 704 522 221 301 982 144 85 838 387 246 413 545 243 123 100 277 188 132 451 186 266 195 184 320 267 182 493 131 362
is_linear=0
shrinkage=0.05


Tree=49
num_leaves=54
num_cat=0
split_feature=0 2 2 2 2 0 2 2 0 0 0 0 0 2 0 0 2 0 2 0 2 2 2 2 0 2 0 0 0 2 2 2 2 0 0 2 2 0 2 2 2 2 0 2 0 2 2 2 2 2 2 0 0
split_gain=408.739 118.933 113.981 86.5934 76.5295 64.3034 178.553 87.0482 47.7146 48.215 34.55 76.5507 122.728 69.3598 17.509 17.8379 16.6856 16.4741 95.7846 18.6615 20.3086 30.903 16.9951 29.1299 14.6434 18.4281 32.9489 20.8397 10.4075 30.8954 22.2854 19.7965 41.1897 22.0441 9.9451 9.84811 9.65707 8.37639 59.2803 8.14055 17.2513 14.5 7.79374 4.55545 1.70851 8.06542 1.42716 1.36591 0.11258 0.0491854 0.0324475 13.6942 4.43618
threshold=1300.0000000000002 7.5000000000000009 9.5000000000000018 2.5000000000000004 9.5000000000000018 1700.0000000000002 3.5000000000000004 5.5000000000000009 2250.0000000000005 2450.0000000000005 1900.0000000000002 2100.0000000000005 2350.0000000000005 8.5000000000000018 1900.0000000000002 2550.0000000000005 5.5000000000000009 2550.0000000000005 1.5000000000000002 1900.0000000000002 1.5000000000000002 2.5000000000000004 1.5000000000000002 2.5000000000000004 1550.0000000000002 8.5000000000000018 1700.0000000000002 1700.0000000000002 2100.0000000000005 6.5000000000000009 5.5000000000000009 5.5000000000000009 6.5000000000000009 1900.0000000000002 1550.0000000000002 3.5000000000000004 8.5000000000000018 2550.0000000000005 8.5000000000000018 6.5000000000000009 7.5000000000000009 8.5000000000000018 1900.0000000000002 1.5000000000000002 1100.0000000000002 3.5000000000000004 4.5000000000000009 6.5000000000000009 4.5000000000000009 8.5000000000000018 4.5000000000000009 1550.0000000000002 1550.0000000000002
decision_type=2 2 2 2 2 2 2 2 2 2 2 2 2 2 2 2 2 2 2 2 2 2 2 2 2 2 2 2 2 2 2 2 2 2 2 2 2 2 2 2 2 2 2 2 2 2 2 2 2 2 2 2 2
left_child=3 5 10 43 16 7 17 35 28 -10 24 36 13 -13 -4 -16 44 19 -19 20 -7 -22 -21 -24 49 27 -27 -26 31 30 -30 42 33 -33 -9 -2 -12 38 -14 -18 -41 -42 48 -1 -5 -46 -44 -36 -8 -3 51 -37 -52
right_child=1 2 14 4 -6 6 8 34 9 -11 11 12 37 -15 15 -17 39 18 -20 22 21 -23 23 -25 25 26 -28 -29 29 -31 -32 32 -34 -35 47 50 -38 -39 -40 40 41 -43 46 -45 45 -47 -48 -49 -50 -51 52 -53 -54
leaf_value=-0.075333039868961685 0.020027658518833612 0.002787579142343287 -0.030885622114465952 -0.03276193205949287 -0.054875586169392032 -0.043291124834546023 0.015373276634228794 -0.045493968071476105 -0.032399950441265223 0.028807640012274399 0.05961513405652355 -0.0073410104174970424 0.006223374356826147 -0.10900696563720702 0.0062141424995295859 -0.03903760782309941 0.0038699113167403793 0.077573856234550487 -0.042291416585445406 -0.018924518237038265 0.020520567097540562 -0.026281623459524579 -0.085041069330238722 -0.032502239628543927 0.022241402529401794 0.014720795027536454 0.054685120641185747 -0.0042508310400285665 0.014320052514473597 0.0018914058551949969 0.067893308184363621 0.012886622000713738 0.028388591491161509 -0.017686500790453443 -0.02948299894353958 -0.017976058563634531 0.039469929809610435 0.012827468242334284 0.083278756463327094 -0.037739283697945734 0.0096049063888035326 -0.023925647485469069 0.02455574046288218 -0.058978823882838094 -0.029030852730757273 -0.0042947925272442044 0.033625885386738864 -0.022757193237756851 0.017539380058984866 0.001110517825574091 0.0031247842457378283 0.014364455174654723 -0.0080205463642936837
leaf_weight=66 52 109 114 71 179 56 91 93 102 47 139 51 48 25 98 28 89 25 50 63 58 90 41 74 168 139 82 133 30 59 55 98 141 148 198 67 104 23 52 56 76 56 70 120 153 42 114 122 176 73 160 64 202
leaf_count=66 52 109 114 71 179 56 91 93 102 47 139 51 48 25 98 28 89 25 50 63 58 90 41 74 168 139 82 133 30 59 55 98 141 148 198 67 104 23 52 56 76 56 70 120 153 42 114 122 176 73 160 64 202
internal_value=-0.00412366 0.00285877 0.0146447 -0.0343604 -0.0265232 -0.00355727 0.00261458 -0.0137879 0.0132721 -0.0130929 0.0212064 0.032163 0.00916926 -0.0407838 -0.0166876 -0.0038418 -0.0171769 -0.023761 -0.00233633 -0.0279674 -0.0176444 -0.00794022 -0.0397983 -0.0512335 0.0143274 0.0185854 0.0295492 0.0105355 0.0172725 0.0296898 0.0489851 0.0151387 0.00684258 -0.00550696 -0.0311016 -0.000667555 0.0509933 0.0400345 0.0462922 -0.00858787 -0.0144854 -0.00462018 0.0222575 -0.0647819 -0.026121 -0.0237031 0.0301753 -0.0269188 0.0168011 0.00211491 -0.00285042 -0.00217611 -0.00309443
internal_weight=4840 3932 1386 908 722 2546 1588 958 1131 149 1146 442 199 76 240 126 543 457 75 382 204 148 178 115 704 522 221 301 982 144 85 838 387 246 413 545 243 123 100 277 188 132 451 186 266 195 184 320 267 182 493 131 362
internal_count=4840 3932 1386 908 722 2546 1588 958 1131 149 1146 442 199 76 240 126 543 457 75 382 204 148 178 115 704 522 221 301 982 144 85 838 387 246 413 545 243 123 100 277 188 132 451 186 266 195 184 320 267 182 493 131 362
is_linear=0
shrinkage=0.05


Tree=50
num_leaves=53
num_cat=0
split_feature=0 2 2 2 0 0 0 2 2 0 0 2 2 2 2 2 2 0 0 2 2 2 2 2 2 2 0 0 0 2 2 2 2 0 0 2 0 2 0 0 2 0 0 2 0 0 2 2 0 0 2 0
split_gain=1006.47 173.032 119.794 407.456 141.333 92.8476 109.987 103.917 88.3208 81.2252 61.51 61.0004 51.4597 46.7842 208.884 105.325 41.2446 98.7491 39.5316 36.712 39.1341 28.181 24.6588 22.147 21.2308 102.14 20.8938 26.7582 34.167 20.5768 17.5921 39.4715 15.3469 11.7792 15.1476 9.95242 8.62132 7.22382 5.29324 4.81964 4.73844 4.63903 4.48538 3.32381 22.2044 14.243 2.36222 2.19054 0.836488 0.235981 0.0586746 0.0111857
threshold=1450.0000000000002 4.5000000000000009 5.5000000000000009 4.5000000000000009 1900.0000000000002 1900.0000000000002 2550.0000000000005 2.5000000000000004 8.5000000000000018 2100.0000000000005 2450.0000000000005 3.5000000000000004 6.5000000000000009 6.5000000000000009 7.5000000000000009 8.5000000000000018 8.5000000000000018 2350.0000000000005 2350.0000000000005 9.5000000000000018 8.5000000000000018 1.5000000000000002 6.5000000000000009 8.5000000000000018 1.5000000000000002 2.5000000000000004 1700.0000000000002 1900.0000000000002 2350.0000000000005 6.5000000000000009 3.5000000000000004 2.5000000000000004 3.5000000000000004 1100.0000000000002 1300.0000000000002 9.5000000000000018 1700.0000000000002 7.5000000000000009 1300.0000000000002 2100.0000000000005 1.5000000000000002 1700.0000000000002 1700.0000000000002 7.5000000000000009 1300.0000000000002 1300.0000000000002 2.5000000000000004 7.5000000000000009 1300.0000000000002 1700.0000000000002 9.5000000000000018 1700.0000000000002
decision_type=2 2 2 2 2 2 2 2 2 2 2 2 2 2 2 2 2 2 2 2 2 2 2 2 2 2 2 2 2 2 2 2 2 2 2 2 2 2 2 2 2 2 2 2 2 2 2 2 2 2 2 2
left_child=1 11 3 5 13 24 30 -8 29 19 12 21 -11 51 -15 41 18 -18 47 20 22 -1 -6 -12 42 -26 -5 -28 -29 48 31 40 -27 -13 -35 38 -17 -24 -10 -32 -7 -16 -2 45 -45 -31 -23 -14 -3 -34 -38 -4
right_child=2 8 4 26 9 6 7 -9 35 10 23 33 16 14 15 36 17 -19 -20 -21 -22 46 37 -25 25 32 27 28 -30 43 39 -33 49 34 -36 -37 50 -39 -40 -41 -42 -43 -44 44 -46 -47 -48 -49 -50 -51 -52 -53
leaf_value=-0.012348477410919526 0.01410869002076132 -0.012753211148526698 -0.017189247962974368 0.048575605836348852 0.021878333627038702 -0.023267593787562463 -0.013081507739566622 0.10184017017080978 -0.059065724933733715 -0.047188772182715569 0.065210038910106738 -0.093827860895544291 0.032617112488116856 0.066608790637304391 -0.032347595147047825 0.022942322979168019 -0.10535660910606384 0.016349440366029738 -0.014996135234832765 0.062947117986383846 0.0041248705442431454 -0.04303342002933308 0.039105628682621602 0.01662676771481832 0.091764117614789448 -0.00031350471756675031 0.082284064503277063 0.039221062270864367 0.078952863053806749 0.016122211980038003 -0.0017818593267184585 -0.062548763855275788 0.02375135071989563 -0.043388984261489495 -0.082316292356699711 -0.030269714193778802 0.0077512628903302063 0.055404057470150293 -0.039665435779705105 -0.023890421176568057 -0.00065717940797676915 -0.019732457021705983 -0.0062845380260394173 -0.015303855155830954 0.021272066648229275 -0.014902523720755857 -0.052448589330405193 0.047529460983755795 -0.018548424512732264 0.02757989615260158 0.0059837350658341953 -0.016544553419255249
leaf_weight=68 56 105 210 198 157 62 42 37 61 57 49 68 53 120 171 147 25 50 50 107 109 118 145 45 55 88 187 124 96 61 67 77 81 41 64 181 87 128 83 39 37 127 52 67 109 94 153 46 153 80 102 99
leaf_count=68 56 105 210 198 157 62 42 37 61 57 49 68 53 120 171 147 25 50 50 107 109 118 145 45 55 88 187 124 96 61 67 77 81 41 64 181 87 128 83 39 37 127 52 67 109 94 153 46 153 80 102 99
internal_value=0.00516572 -0.0301858 0.019727 0.031165 0.0121639 0.00711173 -0.0114006 0.0407426 -0.01715 0.02545 0.00694013 -0.0534566 -0.00477206 -0.000597212 0.00611779 -0.00533161 0.00602148 -0.0242192 0.0212433 0.0361949 0.0308841 -0.0411277 0.0376673 0.0419521 0.0233325 0.0300977 0.0618975 0.0683784 0.0565586 -0.00560455 -0.0260081 -0.0356998 0.0164766 -0.0776155 -0.0671161 -0.038074 0.0138608 0.0467474 -0.0478836 -0.00991614 -0.0148172 -0.0269713 0.00428973 0.00264627 0.00734828 -0.00269279 -0.048349 0.0395461 -0.0161899 0.0256537 0.00679736 -0.0169827
internal_weight=4888 1426 3462 1378 2084 773 361 79 914 1021 375 512 281 1063 754 634 224 75 149 646 539 339 430 94 412 304 605 407 220 589 282 176 249 173 105 325 336 273 144 106 99 298 108 331 176 155 271 99 258 161 189 309
internal_count=4888 1426 3462 1378 2084 773 361 79 914 1021 375 512 281 1063 754 634 224 75 149 646 539 339 430 94 412 304 605 407 220 589 282 176 249 173 105 325 336 273 144 106 99 298 108 331 176 155 271 99 258 161 189 309
is_linear=0
shrinkage=0.05


Tree=51
num_leaves=53
num_cat=0
split_feature=0 2 2 2 0 0 0 2 2 0 0 2 2 2 2 2 2 0 0 2 2 2 2 2 2 2 0 0 0 2 2 2 2 0 0 2 0 2 0 0 2 0 0 2 0 0 2 2 0 0 2 0
split_gain=908.335 156.161 108.114 367.729 127.553 83.795 99.2629 93.7854 79.7095 73.3057 55.5128 55.0529 46.4424 42.2227 188.518 95.0556 37.2233 89.1211 35.6773 33.1326 35.3184 25.4333 22.2546 19.9876 19.1608 92.1811 18.8566 24.1493 30.8357 18.5705 15.8769 35.6231 13.8506 10.6307 13.6707 8.98206 7.78076 6.51949 4.77715 4.34973 4.27645 4.18674 4.04806 2.99974 20.0395 12.8543 2.13191 1.97696 0.754929 0.212971 0.0529535 0.0100941
threshold=1450.0000000000002 4.5000000000000009 5.5000000000000009 4.5000000000000009 1900.0000000000002 1900.0000000000002 2550.0000000000005 2.5000000000000004 8.5000000000000018 2100.0000000000005 2450.0000000000005 3.5000000000000004 6.5000000000000009 6.5000000000000009 7.5000000000000009 8.5000000000000018 8.5000000000000018 2350.0000000000005 2350.0000000000005 9.5000000000000018 8.5000000000000018 1.5000000000000002 6.5000000000000009 8.5000000000000018 1.5000000000000002 2.5000000000000004 1700.0000000000002 1900.0000000000002 2350.0000000000005 6.5000000000000009 3.5000000000000004 2.5000000000000004 3.5000000000000004 1100.0000000000002 1300.0000000000002 9.5000000000000018 1700.0000000000002 7.5000000000000009 1300.0000000000002 2100.0000000000005 1.5000000000000002 1700.0000000000002 1700.0000000000002 7.5000000000000009 1300.0000000000002 1300.0000000000002 2.5000000000000004 7.5000000000000009 1300.0000000000002 1700.0000000000002 9.5000000000000018 1700.0000000000002
decision_type=2 2 2 2 2 2 2 2 2 2 2 2 2 2 2 2 2 2 2 2 2 2 2 2 2 2 2 2 2 2 2 2 2 2 2 2 2 2 2 2 2 2 2 2 2 2 2 2 2 2 2 2
left_child=1 11 3 5 13 24 30 -8 29 19 12 21 -11 51 -15 41 18 -18 47 20 22 -1 -6 -12 42 -26 -5 -28 -29 48 31 40 -27 -13 -35 38 -17 -24 -10 -32 -7 -16 -2 45 -45 -31 -23 -14 -3 -34 -38 -4
right_child=2 8 4 26 9 6 7 -9 35 10 23 33 16 14 15 36 17 -19 -20 -21 -22 46 37 -25 25 32 27 28 -30 43 39 -33 49 34 -36 -37 50 -39 -40 -41 -42 -43 -44 44 -46 -47 -48 -49 -50 -51 -52 -53
leaf_value=-0.011731058008530561 0.013403260175670898 -0.012115546534658366 -0.016329759508703967 0.046146837405559388 0.020784403058065542 -0.022104211512111852 -0.012427434821923574 0.096748174686689642 -0.056112440980848721 -0.044829324149248895 0.061949544050255601 -0.089136453501551471 0.030986262267490607 0.063278362628382948 -0.030730224179365398 0.02179521803750473 -0.10008878803253174 0.015531964898109436 -0.014246332585811617 0.059799771164065207 0.0039186399105355279 -0.040881743446245039 0.037150337952992017 0.01579542444811927 0.087175910906358206 -0.00029781076379797677 0.078169855370714192 0.037260011811890911 0.075005221788887869 0.015316099319301668 -0.0016927564322058834 -0.059421321135256201 0.02256379141845959 -0.041219552551827784 -0.078200468211434782 -0.028756231364912423 0.0073636976129578787 0.052633841172792017 -0.037682166839220439 -0.022695893202072534 -0.00062430621804417802 -0.0187458243529041 -0.0059703113367924332 -0.014538654462615055 0.020208461132379028 -0.014157411327308161 -0.04982615937204922 0.045152988025675654 -0.017620991573370753 0.026200896441005175 0.0056845509830643149 -0.015717328994563132
leaf_weight=68 56 105 210 198 157 62 42 37 61 57 49 68 53 120 171 147 25 50 50 107 109 118 145 45 55 88 187 124 96 61 67 77 81 41 64 181 87 128 83 39 37 127 52 67 109 94 153 46 153 80 102 99
leaf_count=68 56 105 210 198 157 62 42 37 61 57 49 68 53 120 171 147 25 50 50 107 109 118 145 45 55 88 187 124 96 61 67 77 81 41 64 181 87 128 83 39 37 127 52 67 109 94 153 46 153 80 102 99
internal_value=0.00490744 -0.0286765 0.0187407 0.0296067 0.0115557 0.00675615 -0.0108305 0.0387054 -0.0162925 0.0241775 0.00659312 -0.0507837 -0.00453345 -0.000567344 0.00581191 -0.00506502 0.00572041 -0.0230083 0.0201812 0.0343851 0.0293399 -0.0390713 0.0357839 0.0398545 0.0221659 0.0285928 0.0588026 0.0649595 0.0537306 -0.00532432 -0.0247076 -0.0339148 0.0156527 -0.0737347 -0.0637603 -0.0361703 0.0131677 0.04441 -0.0454894 -0.00942033 -0.0140764 -0.0256228 0.00407524 0.00251395 0.00698087 -0.00255816 -0.0459315 0.0375688 -0.0153804 0.024371 0.00645749 -0.0161335
internal_weight=4888 1426 3462 1378 2084 773 361 79 914 1021 375 512 281 1063 754 634 224 75 149 646 539 339 430 94 412 304 605 407 220 589 282 176 249 173 105 325 336 273 144 106 99 298 108 331 176 155 271 99 258 161 189 309
internal_count=4888 1426 3462 1378 2084 773 361 79 914 1021 375 512 281 1063 754 634 224 75 149 646 539 339 430 94 412 304 605 407 220 589 282 176 249 173 105 325 336 273 144 106 99 298 108 331 176 155 271 99 258 161 189 309
is_linear=0
shrinkage=0.05


Tree=52
num_leaves=53
num_cat=0
split_feature=0 2 2 2 0 0 0 2 2 0 0 2 2 2 2 2 2 0 0 2 2 2 2 2 2 2 0 0 0 2 2 2 2 0 0 2 0 2 0 0 2 0 0 2 0 0 2 2 0 0 2 0
split_gain=819.773 140.935 97.5732 331.875 115.116 75.625 89.5848 84.6413 71.9379 66.1584 50.1003 49.6852 41.9142 38.106 170.137 85.7876 33.594 80.4317 32.1987 29.9021 31.8749 22.9536 20.0848 18.0388 17.2926 83.1935 17.0181 21.7948 27.8292 16.7599 14.3289 32.1498 12.5001 9.59426 12.3378 8.10629 7.02213 5.88384 4.31138 3.92562 3.85949 3.77853 3.65337 2.70726 18.0856 11.601 1.92405 1.78421 0.681326 0.192206 0.0477905 0.00911032
threshold=1450.0000000000002 4.5000000000000009 5.5000000000000009 4.5000000000000009 1900.0000000000002 1900.0000000000002 2550.0000000000005 2.5000000000000004 8.5000000000000018 2100.0000000000005 2450.0000000000005 3.5000000000000004 6.5000000000000009 6.5000000000000009 7.5000000000000009 8.5000000000000018 8.5000000000000018 2350.0000000000005 2350.0000000000005 9.5000000000000018 8.5000000000000018 1.5000000000000002 6.5000000000000009 8.5000000000000018 1.5000000000000002 2.5000000000000004 1700.0000000000002 1900.0000000000002 2350.0000000000005 6.5000000000000009 3.5000000000000004 2.5000000000000004 3.5000000000000004 1100.0000000000002 1300.0000000000002 9.5000000000000018 1700.0000000000002 7.5000000000000009 1300.0000000000002 2100.0000000000005 1.5000000000000002 1700.0000000000002 1700.0000000000002 7.5000000000000009 1300.0000000000002 1300.0000000000002 2.5000000000000004 7.5000000000000009 1300.0000000000002 1700.0000000000002 9.5000000000000018 1700.0000000000002
decision_type=2 2 2 2 2 2 2 2 2 2 2 2 2 2 2 2 2 2 2 2 2 2 2 2 2 2 2 2 2 2 2 2 2 2 2 2 2 2 2 2 2 2 2 2 2 2 2 2 2 2 2 2
left_child=1 11 3 5 13 24 30 -8 29 19 12 21 -11 51 -15 41 18 -18 47 20 22 -1 -6 -12 42 -26 -5 -28 -29 48 31 40 -27 -13 -35 38 -17 -24 -10 -32 -7 -16 -2 45 -45 -31 -23 -14 -3 -34 -38 -4
right_child=2 8 4 26 9 6 7 -9 35 10 23 33 16 14 15 36 17 -19 -20 -21 -22 46 37 -25 25 32 27 28 -30 43 39 -33 49 34 -36 -37 50 -39 -40 -41 -42 -43 -44 44 -46 -47 -48 -49 -50 -51 -52 -53
leaf_value=-0.011144511467393708 0.012733099556394987 -0.01150976811313913 -0.015513287199040255 0.043839484201085688 0.019745186425502277 -0.020999002048084817 -0.011806059948035651 0.091910765783206838 -0.053306812585377311 -0.042587865732218094 0.058852063469132604 -0.0846796443576322 0.029436946252606951 0.060114449214500688 -0.029193702389143018 0.020705452784389056 -0.095084325671195985 0.014755368798971179 -0.013534005820751191 0.05680976122994167 0.0037226957619326921 -0.038837662667541184 0.035292829665323273 0.015005660851796469 0.08281711762601679 -0.00028291561386801985 0.074261374042474015 0.035397008662262273 0.07125495072687045 0.014550296498126673 -0.0016081282451971255 -0.056450259995150881 0.021435599480928096 -0.039158568440414057 -0.074290452536661181 -0.027318430348757389 0.0069955059359299732 0.05000216045882553 -0.035798047366271533 -0.021561092749620096 -0.00059309577619707263 -0.017808532937774509 -0.0056717941107658244 -0.013811734007365668 0.019198038075290143 -0.013449534522001061 -0.047334861214838778 0.042895341518780467 -0.016739950433763025 0.02489084675908089 0.0054003175274998537 -0.014931466919605178
leaf_weight=68 56 105 210 198 157 62 42 37 61 57 49 68 53 120 171 147 25 50 50 107 109 118 145 45 55 88 187 124 96 61 67 77 81 41 64 181 87 128 83 39 37 127 52 67 109 94 153 46 153 80 102 99
leaf_count=68 56 105 210 198 157 62 42 37 61 57 49 68 53 120 171 147 25 50 50 107 109 118 145 45 55 88 187 124 96 61 67 77 81 41 64 181 87 128 83 39 37 127 52 67 109 94 153 46 153 80 102 99
internal_value=0.00466206 -0.0272427 0.0178036 0.0281264 0.0109779 0.00641834 -0.010289 0.0367702 -0.0154779 0.0229686 0.00626347 -0.0482446 -0.00430678 -0.00053898 0.00552131 -0.00481177 0.00543439 -0.0218579 0.0191721 0.0326659 0.0278729 -0.0371177 0.0339947 0.0378618 0.0210576 0.0271631 0.0558625 0.0617115 0.0510441 -0.00505811 -0.0234723 -0.032219 0.0148701 -0.070048 -0.0605723 -0.0343618 0.0125094 0.0421895 -0.043215 -0.00894931 -0.0133726 -0.0243416 0.00387148 0.00238825 0.00663182 -0.00243025 -0.043635 0.0356903 -0.0146114 0.0231525 0.00613461 -0.0153269
internal_weight=4888 1426 3462 1378 2084 773 361 79 914 1021 375 512 281 1063 754 634 224 75 149 646 539 339 430 94 412 304 605 407 220 589 282 176 249 173 105 325 336 273 144 106 99 298 108 331 176 155 271 99 258 161 189 309
internal_count=4888 1426 3462 1378 2084 773 361 79 914 1021 375 512 281 1063 754 634 224 75 149 646 539 339 430 94 412 304 605 407 220 589 282 176 249 173 105 325 336 273 144 106 99 298 108 331 176 155 271 99 258 161 189 309
is_linear=0
shrinkage=0.05


Tree=53
num_leaves=53
num_cat=0
split_feature=0 2 2 2 0 0 0 2 2 0 0 2 2 2 2 2 2 0 0 2 2 2 2 2 2 2 0 0 0 2 2 2 2 0 0 2 0 2 0 0 2 0 0 2 0 0 2 2 0 0 2 0
split_gain=739.845 127.194 88.0598 299.518 103.893 68.2515 80.8502 76.3887 64.9239 59.7079 45.2155 44.8409 37.8276 34.3906 153.549 77.4234 30.3186 72.5897 29.0594 26.9867 28.7671 20.7156 18.1265 16.2801 15.6066 75.0821 15.3588 19.6698 25.1159 15.1258 12.9318 29.0152 11.2814 8.6588 11.1349 7.31594 6.33747 5.31017 3.89102 3.54288 3.48319 3.41013 3.29718 2.44331 16.3223 10.4699 1.73645 1.61024 0.614892 0.173465 0.0431316 0.00822129
threshold=1450.0000000000002 4.5000000000000009 5.5000000000000009 4.5000000000000009 1900.0000000000002 1900.0000000000002 2550.0000000000005 2.5000000000000004 8.5000000000000018 2100.0000000000005 2450.0000000000005 3.5000000000000004 6.5000000000000009 6.5000000000000009 7.5000000000000009 8.5000000000000018 8.5000000000000018 2350.0000000000005 2350.0000000000005 9.5000000000000018 8.5000000000000018 1.5000000000000002 6.5000000000000009 8.5000000000000018 1.5000000000000002 2.5000000000000004 1700.0000000000002 1900.0000000000002 2350.0000000000005 6.5000000000000009 3.5000000000000004 2.5000000000000004 3.5000000000000004 1100.0000000000002 1300.0000000000002 9.5000000000000018 1700.0000000000002 7.5000000000000009 1300.0000000000002 2100.0000000000005 1.5000000000000002 1700.0000000000002 1700.0000000000002 7.5000000000000009 1300.0000000000002 1300.0000000000002 2.5000000000000004 7.5000000000000009 1300.0000000000002 1700.0000000000002 9.5000000000000018 1700.0000000000002
decision_type=2 2 2 2 2 2 2 2 2 2 2 2 2 2 2 2 2 2 2 2 2 2 2 2 2 2 2 2 2 2 2 2 2 2 2 2 2 2 2 2 2 2 2 2 2 2 2 2 2 2 2 2
left_child=1 11 3 5 13 24 30 -8 29 19 12 21 -11 51 -15 41 18 -18 47 20 22 -1 -6 -12 42 -26 -5 -28 -29 48 31 40 -27 -13 -35 38 -17 -24 -10 -32 -7 -16 -2 45 -45 -31 -23 -14 -3 -34 -38 -4
right_child=2 8 4 26 9 6 7 -9 35 10 23 33 16 14 15 36 17 -19 -20 -21 -22 46 37 -25 25 32 27 28 -30 43 39 -33 49 34 -36 -37 50 -39 -40 -41 -42 -43 -44 44 -46 -47 -48 -49 -50 -51 -52 -53
leaf_value=-0.010587282895165332 0.012096437332885606 -0.010934290444212302 -0.01473759841661723 0.041647517767668979 0.018757932785613714 -0.019949041379074897 -0.011215754775773912 0.087315211666596906 -0.050641473248356689 -0.040458465459053981 0.055909460266025703 -0.080445641607922669 0.027965112339775517 0.057108728885650641 -0.027734034867924556 0.019670174630726275 -0.090330126881599429 0.014017601445317268 -0.012857320547103882 0.053969289418135849 0.0035365498291516522 -0.036895774784734693 0.033528181439072928 0.014255374140209623 0.078676263635808777 -0.00026879014278000053 0.070548304468194115 0.033627150351962738 0.067692208033986387 0.013822774613489869 -0.0015277253158056915 -0.053627743412341389 0.02036382422127106 -0.037200632327940408 -0.070575927972095095 -0.025952498198265613 0.0066457418724894524 0.047502043214626616 -0.034008159991129334 -0.020483047075760673 -0.00056344061284451874 -0.016918108920295407 -0.0053882243828131601 -0.013121148610292977 0.018238136806277509 -0.012777063759796798 -0.044968115971758482 0.040750566643217336 -0.015902944593355547 0.023646302106790248 0.0051303003348556224 -0.014184895248124094
leaf_weight=68 56 105 210 198 157 62 42 37 61 57 49 68 53 120 171 147 25 50 50 107 109 118 145 45 55 88 187 124 96 61 67 77 81 41 64 181 87 128 83 39 37 127 52 67 109 94 153 46 153 80 102 99
leaf_count=68 56 105 210 198 157 62 42 37 61 57 49 68 53 120 171 147 25 50 50 107 109 118 145 45 55 88 187 124 96 61 67 77 81 41 64 181 87 128 83 39 37 127 52 67 109 94 153 46 153 80 102 99
internal_value=0.00442896 -0.0258805 0.0169135 0.0267201 0.010429 0.00609742 -0.00977457 0.0349317 -0.014704 0.0218202 0.0059503 -0.0458323 -0.00409144 -0.000512029 0.00524524 -0.00457119 0.00516267 -0.020765 0.0182135 0.0310326 0.0264793 -0.0352618 0.032295 0.0359687 0.0200047 0.025805 0.0530694 0.0586259 0.0484919 -0.00480521 -0.0222987 -0.0306081 0.0141266 -0.0665456 -0.0575437 -0.0326437 0.0118839 0.04008 -0.0410542 -0.00850185 -0.0127039 -0.0231246 0.0036779 0.00226884 0.00630023 -0.00230874 -0.0414532 0.0339058 -0.0138808 0.0219949 0.00582788 -0.0145605
internal_weight=4888 1426 3462 1378 2084 773 361 79 914 1021 375 512 281 1063 754 634 224 75 149 646 539 339 430 94 412 304 605 407 220 589 282 176 249 173 105 325 336 273 144 106 99 298 108 331 176 155 271 99 258 161 189 309
internal_count=4888 1426 3462 1378 2084 773 361 79 914 1021 375 512 281 1063 754 634 224 75 149 646 539 339 430 94 412 304 605 407 220 589 282 176 249 173 105 325 336 273 144 106 99 298 108 331 176 155 271 99 258 161 189 309
is_linear=0
shrinkage=0.05


Tree=54
num_leaves=53
num_cat=0
split_feature=0 2 2 2 0 0 0 2 2 0 0 2 2 2 2 2 2 0 0 2 2 2 2 2 2 2 0 0 0 2 2 2 2 0 0 2 0 2 0 0 2 0 0 2 0 0 2 2 0 0 2 0
split_gain=667.71 114.793 79.474 270.315 93.7632 61.597 72.9674 68.9409 58.5938 53.8864 40.807 40.4689 34.1394 31.0375 138.578 69.8745 27.3625 65.5122 26.2261 24.3555 25.9623 18.6958 16.3592 14.6928 14.085 67.7616 13.8613 17.752 22.6671 13.6511 11.671 26.1862 10.1814 7.81457 10.0492 6.60264 5.71956 4.79243 3.51164 3.19744 3.14357 3.07764 2.9757 2.20509 14.7309 9.44911 1.56715 1.45324 0.554942 0.156554 0.0389256 0.00742048
threshold=1450.0000000000002 4.5000000000000009 5.5000000000000009 4.5000000000000009 1900.0000000000002 1900.0000000000002 2550.0000000000005 2.5000000000000004 8.5000000000000018 2100.0000000000005 2450.0000000000005 3.5000000000000004 6.5000000000000009 6.5000000000000009 7.5000000000000009 8.5000000000000018 8.5000000000000018 2350.0000000000005 2350.0000000000005 9.5000000000000018 8.5000000000000018 1.5000000000000002 6.5000000000000009 8.5000000000000018 1.5000000000000002 2.5000000000000004 1700.0000000000002 1900.0000000000002 2350.0000000000005 6.5000000000000009 3.5000000000000004 2.5000000000000004 3.5000000000000004 1100.0000000000002 1300.0000000000002 9.5000000000000018 1700.0000000000002 7.5000000000000009 1300.0000000000002 2100.0000000000005 1.5000000000000002 1700.0000000000002 1700.0000000000002 7.5000000000000009 1300.0000000000002 1300.0000000000002 2.5000000000000004 7.5000000000000009 1300.0000000000002 1700.0000000000002 9.5000000000000018 1700.0000000000002
decision_type=2 2 2 2 2 2 2 2 2 2 2 2 2 2 2 2 2 2 2 2 2 2 2 2 2 2 2 2 2 2 2 2 2 2 2 2 2 2 2 2 2 2 2 2 2 2 2 2 2 2 2 2
left_child=1 11 3 5 13 24 30 -8 29 19 12 21 -11 51 -15 41 18 -18 47 20 22 -1 -6 -12 42 -26 -5 -28 -29 48 31 40 -27 -13 -35 38 -17 -24 -10 -32 -7 -16 -2 45 -45 -31 -23 -14 -3 -34 -38 -4
right_child=2 8 4 26 9 6 7 -9 35 10 23 33 16 14 15 36 17 -19 -20 -21 -22 46 37 -25 25 32 27 28 -30 43 39 -33 49 34 -36 -37 50 -39 -40 -41 -42 -43 -44 44 -46 -47 -48 -49 -50 -51 -52 -53
leaf_value=-0.010057923833236976 0.01149161673550095 -0.010387566841783978 -0.014000742080665771 0.039565147858376455 0.017820041517543187 -0.018951588941197244 -0.010654971216406142 0.082949468976742519 -0.048109400809788316 -0.038435536060939759 0.053113990497528289 -0.076423364959876339 0.026566858589649203 0.054253277468184639 -0.026347326535230493 0.018686657383733866 -0.085813620209693908 0.013316729377955198 -0.012214450836181641 0.051270814232362842 0.0033597301102217731 -0.035050986959772594 0.03185178133948096 0.01354260716173384 0.074742452448064642 -0.00025533979589288886 0.06702088838004891 0.031945795914338486 0.064307597201938432 0.013131638823962602 -0.0014513381381533038 -0.050946361099841533 0.019345626487960052 -0.035340608329307743 -0.067047126710531299 -0.024654875630873013 0.0063134405676318313 0.045126954768784346 -0.032307747473199686 -0.019458892865058704 -0.00053527935131176098 -0.016072203139737836 -0.0051188119042378209 -0.01246508106366912 0.017326229947422622 -0.012138200438323808 -0.042719707362889464 0.038713037578955944 -0.015107796238917932 0.022463994757272305 0.0048737848506254311 -0.013475646906428869
leaf_weight=68 56 105 210 198 157 62 42 37 61 57 49 68 53 120 171 147 25 50 50 107 109 118 145 45 55 88 187 124 96 61 67 77 81 41 64 181 87 128 83 39 37 127 52 67 109 94 153 46 153 80 102 99
leaf_count=68 56 105 210 198 157 62 42 37 61 57 49 68 53 120 171 147 25 50 50 107 109 118 145 45 55 88 187 124 96 61 67 77 81 41 64 181 87 128 83 39 37 127 52 67 109 94 153 46 153 80 102 99
internal_value=0.00420751 -0.0245865 0.0160678 0.0253841 0.00990758 0.00579255 -0.00928584 0.0331851 -0.0139688 0.0207292 0.00565278 -0.0435407 -0.00388686 -0.000486435 0.00498298 -0.00434263 0.00490454 -0.0197267 0.0173028 0.0294809 0.0251553 -0.0334987 0.0306802 0.0341702 0.0190044 0.0245147 0.0504159 0.0556946 0.0460673 -0.00456494 -0.0211837 -0.0290777 0.0134203 -0.0632183 -0.0546665 -0.0310115 0.0112897 0.038076 -0.0390015 -0.00807676 -0.0120687 -0.0219683 0.003494 0.0021554 0.00598522 -0.0021933 -0.0393806 0.0322105 -0.0131868 0.0208951 0.00553648 -0.0138325
internal_weight=4888 1426 3462 1378 2084 773 361 79 914 1021 375 512 281 1063 754 634 224 75 149 646 539 339 430 94 412 304 605 407 220 589 282 176 249 173 105 325 336 273 144 106 99 298 108 331 176 155 271 99 258 161 189 309
internal_count=4888 1426 3462 1378 2084 773 361 79 914 1021 375 512 281 1063 754 634 224 75 149 646 539 339 430 94 412 304 605 407 220 589 282 176 249 173 105 325 336 273 144 106 99 298 108 331 176 155 271 99 258 161 189 309
is_linear=0
shrinkage=0.05


Tree=55
num_leaves=53
num_cat=0
split_feature=0 2 0 0 2 2 2 0 2 2 2 0 0 0 0 2 0 0 2 2 0 0 2 2 0 2 2 2 0 0 2 2 2 0 2 2 2 2 0 2 0 2 2 2 2 0 2 2 2 2 2 0
split_gain=642.994 325.185 523.53 133.606 238.568 154.691 131.73 120.375 144.159 327.199 160.742 57.2075 52.8808 57.314 45.167 128.011 132.875 102.746 53.6653 40.4305 116.101 98.6458 229.452 40.1338 34.5884 31.2843 30.5385 25.8785 31.3981 24.5413 49.5387 48.3282 20.2713 19.3039 18.8469 10.5592 10.4476 9.19024 7.45373 4.34067 3.71517 101.749 55.8021 49.378 36.6714 4.34901 2.35312 1.3078 0.548883 0.419371 0.0808458 0.057648
threshold=1300.0000000000002 9.5000000000000018 1900.0000000000002 1550.0000000000002 6.5000000000000009 4.5000000000000009 4.5000000000000009 1100.0000000000002 5.5000000000000009 8.5000000000000018 7.5000000000000009 2550.0000000000005 2550.0000000000005 2100.0000000000005 2100.0000000000005 8.5000000000000018 2350.0000000000005 2350.0000000000005 7.5000000000000009 3.5000000000000004 1900.0000000000002 1900.0000000000002 2.5000000000000004 1.5000000000000002 2450.0000000000005 1.5000000000000002 6.5000000000000009 7.5000000000000009 1900.0000000000002 1700.0000000000002 8.5000000000000018 8.5000000000000018 2.5000000000000004 1700.0000000000002 8.5000000000000018 8.5000000000000018 9.5000000000000018 7.5000000000000009 1450.0000000000002 3.5000000000000004 1900.0000000000002 5.5000000000000009 5.5000000000000009 6.5000000000000009 6.5000000000000009 1700.0000000000002 6.5000000000000009 1.5000000000000002 1.5000000000000002 2.5000000000000004 7.5000000000000009 1700.0000000000002
decision_type=2 2 2 2 2 2 2 2 2 2 2 2 2 2 2 2 2 2 2 2 2 2 2 2 2 2 2 2 2 2 2 2 2 2 2 2 2 2 2 2 2 2 2 2 2 2 2 2 2 2 2 2
left_child=7 3 -3 4 5 38 12 -1 32 10 26 -4 13 19 27 16 18 -17 46 21 33 22 25 -23 37 -5 -10 40 29 30 -29 -31 47 -21 50 -30 -11 -18 -2 -34 42 -42 51 45 -43 -44 -16 -9 -14 -25 -6 -8
right_child=1 2 11 6 34 -7 14 8 9 36 -12 -13 48 -15 15 17 24 -19 -20 20 -22 23 -24 49 -26 -27 -28 28 35 31 -32 -33 39 -35 -36 -37 -38 -39 -40 -41 41 44 43 -45 -46 -47 -48 -49 -50 -51 -52 -53
leaf_value=0.029971737341221535 -0.028792122877561128 0.033879625678589917 -0.13142824400588871 0.092103574790206616 -0.030810694678833614 0.059103693436114359 0.0077628968090846621 -0.070291380281897561 0.010679429137909955 -0.043274588831539812 0.087681260914541786 -0.052704156339168556 0.047736265442588112 -0.060325874284256335 -0.011289410229905376 0.14987705144286156 0.019127959608221834 0.029803898431841405 -0.081886540795676421 0.012136063067656425 0.070168922258459998 -0.070262077162342687 -0.044454612439641585 -0.016518948769027538 0.05451267443056549 0.037496913031295494 -0.033200521238388556 0.013990254625237201 0.029175052464459884 0.074701875033638163 0.053398369149064387 0.026568635704202787 -0.048077511057771492 -0.022513613514192815 -0.0606412636234036 0.0081996778195554572 -0.067460546886413994 -0.0075037224292755127 -0.0032566332349590228 -0.066007050600918868 0.066682898741343921 -0.0042172642469585657 0.047820200850662679 0.0060993680455645582 0.030393465362738455 0.035648424812314804 -0.025987917943945473 -0.079057164772136798 0.038198935240507131 -0.022731392042593321 -0.032806135027096908 0.0065426604711526148
leaf_weight=66 65 113 100 51 95 152 203 69 110 58 64 30 22 43 56 25 92 62 48 72 69 62 91 44 62 54 62 169 132 124 151 90 145 91 79 110 194 50 51 44 116 166 206 122 142 114 53 111 48 71 109 185
leaf_count=66 65 113 100 51 95 152 203 69 110 58 64 30 22 43 56 25 92 62 48 72 69 62 91 44 62 54 62 169 132 124 151 90 145 91 79 110 194 50 51 44 116 166 206 122 142 114 53 111 48 71 109 185
internal_value=0.00251397 0.0112139 -0.0448377 0.0148489 -0.00788994 0.0259186 0.0187692 -0.0350945 -0.0401054 -0.0222733 0.0200335 -0.113261 -8.8883e-05 -0.00454871 0.0242333 0.00986388 -0.00325692 0.0643077 -0.0378352 -0.000584384 0.0158048 -0.0107782 0.0136569 -0.0378362 0.0233548 0.0640201 -0.00513776 0.0274045 0.0345809 0.0413515 0.032586 0.0544589 -0.0636883 -0.00720823 -0.0399065 0.0196408 -0.0618939 0.00975061 -0.0175653 -0.0522516 0.0229635 0.0267713 0.0210184 0.0331652 0.0117396 0.043484 -0.0184364 -0.0756969 0.0411964 -0.0203545 -0.0318769 0.00718108
internal_weight=4913 3990 243 3747 551 268 3196 923 857 488 236 130 718 648 2478 448 361 87 157 605 232 373 196 177 204 105 172 2030 776 534 320 214 369 163 283 242 252 142 116 189 1254 424 830 442 308 320 109 180 70 115 204 388
internal_count=4913 3990 243 3747 551 268 3196 923 857 488 236 130 718 648 2478 448 361 87 157 605 232 373 196 177 204 105 172 2030 776 534 320 214 369 163 283 242 252 142 116 189 1254 424 830 442 308 320 109 180 70 115 204 388
is_linear=0
shrinkage=0.05


Tree=56
num_leaves=53
num_cat=0
split_feature=0 2 0 0 2 2 2 0 2 2 2 0 0 0 0 2 0 0 2 2 0 0 2 2 0 2 2 2 0 0 2 2 2 0 2 2 2 2 0 2 0 2 2 2 2 0 2 2 2 2 2 0
split_gain=580.302 293.479 472.486 120.58 215.308 139.609 118.886 108.638 130.104 295.297 145.07 51.6298 47.7249 51.7259 40.7632 115.53 119.919 92.7281 48.4329 36.4885 104.781 89.0278 207.08 36.2207 31.216 28.234 27.561 23.3553 28.3368 22.1486 44.7087 43.6162 18.2948 17.4218 17.0094 9.52968 9.42894 8.2942 6.727 3.91745 3.35294 91.8288 50.3614 44.5637 33.0959 3.92497 2.1237 1.18029 0.495369 0.378482 0.072963 0.0520281
threshold=1300.0000000000002 9.5000000000000018 1900.0000000000002 1550.0000000000002 6.5000000000000009 4.5000000000000009 4.5000000000000009 1100.0000000000002 5.5000000000000009 8.5000000000000018 7.5000000000000009 2550.0000000000005 2550.0000000000005 2100.0000000000005 2100.0000000000005 8.5000000000000018 2350.0000000000005 2350.0000000000005 7.5000000000000009 3.5000000000000004 1900.0000000000002 1900.0000000000002 2.5000000000000004 1.5000000000000002 2450.0000000000005 1.5000000000000002 6.5000000000000009 7.5000000000000009 1900.0000000000002 1700.0000000000002 8.5000000000000018 8.5000000000000018 2.5000000000000004 1700.0000000000002 8.5000000000000018 8.5000000000000018 9.5000000000000018 7.5000000000000009 1450.0000000000002 3.5000000000000004 1900.0000000000002 5.5000000000000009 5.5000000000000009 6.5000000000000009 6.5000000000000009 1700.0000000000002 6.5000000000000009 1.5000000000000002 1.5000000000000002 2.5000000000000004 7.5000000000000009 1700.0000000000002
decision_type=2 2 2 2 2 2 2 2 2 2 2 2 2 2 2 2 2 2 2 2 2 2 2 2 2 2 2 2 2 2 2 2 2 2 2 2 2 2 2 2 2 2 2 2 2 2 2 2 2 2 2 2
left_child=7 3 -3 4 5 38 12 -1 32 10 26 -4 13 19 27 16 18 -17 46 21 33 22 25 -23 37 -5 -10 40 29 30 -29 -31 47 -21 50 -30 -11 -18 -2 -34 42 -42 51 45 -43 -44 -16 -9 -14 -25 -6 -8
right_child=1 2 11 6 34 -7 14 8 9 36 -12 -13 48 -15 15 17 24 -19 -20 20 -22 23 -24 49 -26 -27 -28 28 35 31 -32 -33 39 -35 -36 -37 -38 -39 -40 -41 41 44 43 -45 -46 -47 -48 -49 -50 -51 -52 -53
leaf_value=0.028473141614460587 -0.027352525500150826 0.032185636249791205 -0.1248568174019456 0.08749839128816829 -0.029270157586587103 0.056148492314509663 0.0073747516449155478 -0.066776808578035113 0.010145461156286978 -0.041110863202604757 0.083297197474166751 -0.0500689442952474 0.045349471677433362 -0.057309576522472296 -0.010724932111666672 0.14238319194316865 0.018171573073967644 0.028313698871962487 -0.077792215471466392 0.0115292697524031 0.066660475212594744 -0.066748979399281164 -0.042231879399700481 -0.015692999078468842 0.051787040095716233 0.03562206239612014 -0.03154048246722068 0.013290739055039616 0.027716308617682168 0.07096678961909586 0.05072844944992997 0.025240209628310469 -0.045673648488932649 -0.021387923836380572 -0.057609211936404441 0.0077896959588608962 -0.064087524122952197 -0.0071285443305969245 -0.0030938023445652983 -0.062706700441512206 0.063348753833822144 -0.0040064069633203815 0.045429181277263662 0.0057943903520459037 0.028873795387663055 0.033866004652360025 -0.024688532864147763 -0.075104308340002091 0.036288983949149652 -0.021594822490719007 -0.031165821857135231 0.0062155176014513586
leaf_weight=66 65 113 100 51 95 152 203 69 110 58 64 30 22 43 56 25 92 62 48 72 69 62 91 44 62 54 62 169 132 124 151 90 145 91 79 110 194 50 51 44 116 166 206 122 142 114 53 111 48 71 109 185
leaf_count=66 65 113 100 51 95 152 203 69 110 58 64 30 22 43 56 25 92 62 48 72 69 62 91 44 62 54 62 169 132 124 151 90 145 91 79 110 194 50 51 44 116 166 206 122 142 114 53 111 48 71 109 185
internal_value=0.00238827 0.0106532 -0.0425958 0.0141065 -0.00749545 0.0246227 0.0178307 -0.0333398 -0.0381002 -0.0211596 0.0190318 -0.107598 -8.44371e-05 -0.00432127 0.0230216 0.00937069 -0.00309407 0.0610923 -0.0359434 -0.000555163 0.0150146 -0.0102393 0.012974 -0.0359444 0.022187 0.0608191 -0.00488087 0.0260342 0.0328519 0.039284 0.0309567 0.051736 -0.0605039 -0.00684781 -0.0379112 0.0186588 -0.0587992 0.00926308 -0.0166871 -0.049639 0.0218154 0.0254327 0.0199675 0.0315069 0.0111526 0.0413098 -0.0175146 -0.0719121 0.0391366 -0.0193367 -0.030283 0.00682202
internal_weight=4913 3990 243 3747 551 268 3196 923 857 488 236 130 718 648 2478 448 361 87 157 605 232 373 196 177 204 105 172 2030 776 534 320 214 369 163 283 242 252 142 116 189 1254 424 830 442 308 320 109 180 70 115 204 388
internal_count=4913 3990 243 3747 551 268 3196 923 857 488 236 130 718 648 2478 448 361 87 157 605 232 373 196 177 204 105 172 2030 776 534 320 214 369 163 283 242 252 142 116 189 1254 424 830 442 308 320 109 180 70 115 204 388
is_linear=0
shrinkage=0.05


Tree=57
num_leaves=54
num_cat=0
split_feature=0 2 0 0 2 2 2 0 2 2 2 0 0 0 0 0 2 0 0 2 2 0 0 2 2 2 2 2 0 0 2 2 2 0 2 2 2 2 0 2 0 2 2 2 2 0 2 2 0 2 2 2 0
split_gain=523.723 264.865 426.418 108.823 194.315 125.997 107.295 98.0462 117.418 266.505 130.926 46.5959 43.0717 46.6826 37.3238 60.6403 168.126 62.6548 59.5695 43.7107 32.9309 94.5646 80.3476 186.89 32.6892 25.4812 24.8738 21.0782 25.574 19.9891 40.3496 39.3636 16.5111 15.7231 15.351 8.60054 8.50961 6.58767 6.07111 3.53551 3.02603 82.8755 45.4512 40.2187 29.8691 3.54229 1.91663 1.06521 0.898518 0.447071 0.341577 0.0658509 0.0469533
threshold=1300.0000000000002 9.5000000000000018 1900.0000000000002 1550.0000000000002 6.5000000000000009 4.5000000000000009 4.5000000000000009 1100.0000000000002 5.5000000000000009 8.5000000000000018 7.5000000000000009 2550.0000000000005 2550.0000000000005 2100.0000000000005 2550.0000000000005 2100.0000000000005 8.5000000000000018 2350.0000000000005 2350.0000000000005 7.5000000000000009 3.5000000000000004 1900.0000000000002 1900.0000000000002 2.5000000000000004 1.5000000000000002 1.5000000000000002 6.5000000000000009 7.5000000000000009 1900.0000000000002 1700.0000000000002 8.5000000000000018 8.5000000000000018 2.5000000000000004 1700.0000000000002 8.5000000000000018 8.5000000000000018 9.5000000000000018 7.5000000000000009 1450.0000000000002 3.5000000000000004 1900.0000000000002 5.5000000000000009 5.5000000000000009 6.5000000000000009 6.5000000000000009 1700.0000000000002 6.5000000000000009 1.5000000000000002 2450.0000000000005 1.5000000000000002 2.5000000000000004 7.5000000000000009 1700.0000000000002
decision_type=2 2 2 2 2 2 2 2 2 2 2 2 2 2 2 2 2 2 2 2 2 2 2 2 2 2 2 2 2 2 2 2 2 2 2 2 2 2 2 2 2 2 2 2 2 2 2 2 2 2 2 2 2
left_child=7 3 -3 4 5 38 12 -1 32 10 26 -4 13 20 15 27 17 19 -18 46 22 33 23 25 -24 -5 -10 40 29 30 -29 -31 47 -22 51 -30 -11 48 -2 -34 42 -42 52 45 -43 -44 -17 -9 -19 -14 -26 -6 -8
right_child=1 2 11 6 34 -7 14 8 9 36 -12 -13 49 -15 -16 16 18 37 -20 -21 21 -23 24 -25 50 -27 -28 28 35 31 -32 -33 39 -35 -36 -37 -38 -39 -40 -41 41 44 43 -45 -46 -47 -48 -49 -50 -51 -52 -53 -54
leaf_value=0.0270494897257198 -0.025984890191600874 0.030576373755404382 -0.11861397102475167 0.083123481799574461 -0.027806649623732818 0.053341065306755669 0.0070060034507307516 -0.063437959767770086 0.0096381853122941476 -0.039055320826070064 0.079132334887981423 -0.047565509130557376 0.043082005327398129 -0.054444100205288386 0.075520037766546019 -0.010188686631486886 0.13526404923200608 0.017262995603453856 0.040082501402745649 -0.07390261654897283 0.010952805205144817 0.06332745288593182 -0.063411523449805482 -0.040120277299985782 -0.014908371814949948 0.033840970639829285 -0.029963462679616866 0.012626208501630987 0.026330498628544086 0.067418447377220289 0.048192035826231473 0.023978207805711364 -0.043389952429409684 -0.02031853434803722 -0.054728751700324353 0.0074002146280624653 -0.060883136877079608 -0.0067721101641654976 -0.0029391148803280852 -0.059571368789130996 0.060181318027577528 -0.0038060934698007191 0.043157719900307145 0.0055046715880515146 0.027430106052787791 0.03217270073660633 -0.023454099331261979 -0.071349094120097586 0.0085757401941174826 0.034474537832041581 -0.020515078977799753 -0.029607555052316794 0.0059047560051486304
leaf_weight=66 65 113 100 51 95 152 203 69 110 58 64 30 22 43 32 56 25 92 48 48 72 69 62 91 44 54 62 169 132 124 151 90 145 91 79 110 194 50 51 44 116 166 206 122 142 114 53 111 44 48 71 109 185
leaf_count=66 65 113 100 51 95 152 203 69 110 58 64 30 22 43 32 56 25 92 48 48 72 69 62 91 44 54 62 169 132 124 151 90 145 91 79 110 194 50 51 44 116 166 206 122 142 114 53 111 44 48 71 109 185
internal_value=0.00226886 0.0101205 -0.040466 0.0134012 -0.00712068 0.0233915 0.0169392 -0.0316728 -0.0361952 -0.0201016 0.0180802 -0.102218 -8.02137e-05 -0.00410521 0.0218705 0.0211687 0.0037777 -0.0108864 0.0726789 -0.0341462 -0.000527403 0.0142638 -0.00972732 0.0123253 -0.0341472 0.0577782 -0.00463683 0.0247325 0.0312093 0.0373198 0.0294088 0.0491492 -0.0574787 -0.00650543 -0.0360156 0.0177258 -0.0558593 0.0087469 -0.0158527 -0.0471571 0.0207246 0.0241611 0.0189691 0.0299316 0.010595 0.0392443 -0.0166388 -0.0683165 0.0144524 0.0371797 -0.0183699 -0.0287689 0.00648092
internal_weight=4913 3990 243 3747 551 268 3196 923 857 488 236 130 718 648 2478 2446 416 343 73 157 605 232 373 196 177 105 172 2030 776 534 320 214 369 163 283 242 252 186 116 189 1254 424 830 442 308 320 109 180 136 70 115 204 388
internal_count=4913 3990 243 3747 551 268 3196 923 857 488 236 130 718 648 2478 2446 416 343 73 157 605 232 373 196 177 105 172 2030 776 534 320 214 369 163 283 242 252 186 116 189 1254 424 830 442 308 320 109 180 136 70 115 204 388
is_linear=0
shrinkage=0.05


Tree=58
num_leaves=54
num_cat=0
split_feature=0 2 0 0 2 2 2 0 2 2 2 0 0 0 0 0 2 0 0 2 2 0 0 2 2 2 2 2 0 0 2 2 2 0 2 2 2 2 0 2 0 2 2 2 2 0 2 2 0 2 2 2 0
split_gain=472.66 239.041 384.843 98.2128 175.37 113.712 96.8334 88.4866 105.97 240.521 118.16 42.0528 38.8722 42.1311 33.6847 54.7278 151.734 56.5459 53.7615 39.4489 29.7201 85.3446 72.5137 168.668 29.502 22.9968 22.4486 19.0231 23.0805 18.0401 36.4155 35.5257 14.9013 14.1901 13.8542 7.76199 7.67994 5.94537 5.47918 3.19079 2.731 74.7952 41.0197 36.2974 26.9569 3.19692 1.72976 0.961351 0.810911 0.403478 0.308278 0.0594308 0.0423762
threshold=1300.0000000000002 9.5000000000000018 1900.0000000000002 1550.0000000000002 6.5000000000000009 4.5000000000000009 4.5000000000000009 1100.0000000000002 5.5000000000000009 8.5000000000000018 7.5000000000000009 2550.0000000000005 2550.0000000000005 2100.0000000000005 2550.0000000000005 2100.0000000000005 8.5000000000000018 2350.0000000000005 2350.0000000000005 7.5000000000000009 3.5000000000000004 1900.0000000000002 1900.0000000000002 2.5000000000000004 1.5000000000000002 1.5000000000000002 6.5000000000000009 7.5000000000000009 1900.0000000000002 1700.0000000000002 8.5000000000000018 8.5000000000000018 2.5000000000000004 1700.0000000000002 8.5000000000000018 8.5000000000000018 9.5000000000000018 7.5000000000000009 1450.0000000000002 3.5000000000000004 1900.0000000000002 5.5000000000000009 5.5000000000000009 6.5000000000000009 6.5000000000000009 1700.0000000000002 6.5000000000000009 1.5000000000000002 2450.0000000000005 1.5000000000000002 2.5000000000000004 7.5000000000000009 1700.0000000000002
decision_type=2 2 2 2 2 2 2 2 2 2 2 2 2 2 2 2 2 2 2 2 2 2 2 2 2 2 2 2 2 2 2 2 2 2 2 2 2 2 2 2 2 2 2 2 2 2 2 2 2 2 2 2 2
left_child=7 3 -3 4 5 38 12 -1 32 10 26 -4 13 20 15 27 17 19 -18 46 22 33 23 25 -24 -5 -10 40 29 30 -29 -31 47 -22 51 -30 -11 48 -2 -34 42 -42 52 45 -43 -44 -17 -9 -19 -14 -26 -6 -8
right_child=1 2 11 6 34 -7 14 8 9 36 -12 -13 49 -15 -16 16 18 37 -20 -21 21 -23 24 -25 50 -27 -28 28 35 31 -32 -33 39 -35 -36 -37 -38 -39 -40 -41 41 44 43 -45 -46 -47 -48 -49 -50 -51 -52 -53 -54
leaf_value=0.025696997745244796 -0.024685653258974736 0.029047543179672376 -0.11268329418450594 0.07896729827511545 -0.026416305523169672 0.050674016334998767 0.0066557083297245608 -0.060266068340211677 0.0091562643168832773 -0.037102552426272424 0.075175723410211504 -0.045187230457862222 0.040927884253588592 -0.051721899453983755 0.071744036581367257 -0.0096792515982607654 0.12850083631277084 0.016399841500527184 0.038078375874708102 -0.070207471398559082 0.010405155607602662 0.060161083677540653 -0.060240940893850015 -0.038114286803609725 -0.014162926223467698 0.032148925573737538 -0.028465286233732779 0.011994897234722003 0.025013973970304838 0.064047516984564651 0.045782422121392184 0.022779283775016666 -0.041220466535666897 -0.019302601899419514 -0.051992304717438133 0.0070301972837610686 -0.057838993719250886 -0.0064335068464279185 -0.0027921568237098994 -0.056592791188846941 0.057172256977907544 -0.003615781963320382 0.040999833938837493 0.0052294403497801451 0.02605860773473978 0.030564060245166749 -0.022281384271270827 -0.067781627674897524 0.0081469563005322765 0.032750823566069204 -0.019489339209148582 -0.02812717115920926 0.0056095127157262861
leaf_weight=66 65 113 100 51 95 152 203 69 110 58 64 30 22 43 32 56 25 92 48 48 72 69 62 91 44 54 62 169 132 124 151 90 145 91 79 110 194 50 51 44 116 166 206 122 142 114 53 111 44 48 71 109 185
leaf_count=66 65 113 100 51 95 152 203 69 110 58 64 30 22 43 32 56 25 92 48 48 72 69 62 91 44 54 62 169 132 124 151 90 145 91 79 110 194 50 51 44 116 166 206 122 142 114 53 111 44 48 71 109 185
internal_value=0.00215541 0.0096145 -0.0384427 0.0127311 -0.00676465 0.022222 0.0160922 -0.0300892 -0.0343854 -0.0190966 0.0171762 -0.0971073 -7.62055e-05 -0.00389995 0.020777 0.0201102 0.00358882 -0.0103421 0.069045 -0.0324389 -0.000501036 0.0135506 -0.00924095 0.0117091 -0.0324398 0.0548893 -0.00440499 0.0234959 0.0296488 0.0354538 0.0279384 0.0466917 -0.0546048 -0.00618016 -0.0342149 0.0168395 -0.0530663 0.00830955 -0.0150601 -0.0447992 0.0196884 0.022953 0.0180206 0.028435 0.0100653 0.0372821 -0.0158069 -0.0649007 0.0137298 0.0353208 -0.0174514 -0.0273304 0.00615688
internal_weight=4913 3990 243 3747 551 268 3196 923 857 488 236 130 718 648 2478 2446 416 343 73 157 605 232 373 196 177 105 172 2030 776 534 320 214 369 163 283 242 252 186 116 189 1254 424 830 442 308 320 109 180 136 70 115 204 388
internal_count=4913 3990 243 3747 551 268 3196 923 857 488 236 130 718 648 2478 2446 416 343 73 157 605 232 373 196 177 105 172 2030 776 534 320 214 369 163 283 242 252 186 116 189 1254 424 830 442 308 320 109 180 136 70 115 204 388
is_linear=0
shrinkage=0.05


Tree=59
num_leaves=54
num_cat=0
split_feature=0 2 0 0 2 2 2 0 2 2 2 0 0 0 0 0 2 0 0 2 2 0 0 2 2 2 2 2 0 0 2 2 2 0 2 2 2 2 0 2 0 2 2 2 2 0 2 2 0 2 2 2 0
split_gain=426.576 215.734 347.32 88.637 158.271 102.625 87.3922 79.8592 95.638 217.07 106.64 37.9526 35.0822 38.0233 30.4005 49.3919 136.94 51.0327 48.5197 35.6027 26.8224 77.0235 65.4436 152.223 26.6256 20.7546 20.2599 17.1683 20.8302 16.2812 32.865 32.0619 13.4484 12.8066 12.5034 7.00519 6.93115 5.3657 4.94496 2.87969 2.46472 67.5026 37.0202 32.7584 24.3286 2.88521 1.56111 0.86762 0.731849 0.364139 0.27822 0.0536361 0.0382452
threshold=1300.0000000000002 9.5000000000000018 1900.0000000000002 1550.0000000000002 6.5000000000000009 4.5000000000000009 4.5000000000000009 1100.0000000000002 5.5000000000000009 8.5000000000000018 7.5000000000000009 2550.0000000000005 2550.0000000000005 2100.0000000000005 2550.0000000000005 2100.0000000000005 8.5000000000000018 2350.0000000000005 2350.0000000000005 7.5000000000000009 3.5000000000000004 1900.0000000000002 1900.0000000000002 2.5000000000000004 1.5000000000000002 1.5000000000000002 6.5000000000000009 7.5000000000000009 1900.0000000000002 1700.0000000000002 8.5000000000000018 8.5000000000000018 2.5000000000000004 1700.0000000000002 8.5000000000000018 8.5000000000000018 9.5000000000000018 7.5000000000000009 1450.0000000000002 3.5000000000000004 1900.0000000000002 5.5000000000000009 5.5000000000000009 6.5000000000000009 6.5000000000000009 1700.0000000000002 6.5000000000000009 1.5000000000000002 2450.0000000000005 1.5000000000000002 2.5000000000000004 7.5000000000000009 1700.0000000000002
decision_type=2 2 2 2 2 2 2 2 2 2 2 2 2 2 2 2 2 2 2 2 2 2 2 2 2 2 2 2 2 2 2 2 2 2 2 2 2 2 2 2 2 2 2 2 2 2 2 2 2 2 2 2 2
left_child=7 3 -3 4 5 38 12 -1 32 10 26 -4 13 20 15 27 17 19 -18 46 22 33 23 25 -24 -5 -10 40 29 30 -29 -31 47 -22 51 -30 -11 48 -2 -34 42 -42 52 45 -43 -44 -17 -9 -19 -14 -26 -6 -8
right_child=1 2 11 6 34 -7 14 8 9 36 -12 -13 49 -15 -16 16 18 37 -20 -21 21 -23 24 -25 50 -27 -28 28 35 31 -32 -33 39 -35 -36 -37 -38 -39 -40 -41 41 44 43 -45 -46 -47 -48 -49 -50 -51 -52 -53 -54
leaf_value=0.024412156754370893 -0.023451359813603072 0.027595172018076465 -0.10704911554604768 0.075018945686957425 -0.025095492177887969 0.048140318093723378 0.0063229334875574252 -0.05725277229279712 0.0086984574790536003 -0.035247412221185097 0.0714169263956137 -0.042927857985099155 0.038881489905444065 -0.049135795478210897 0.068156836275011304 -0.0091952976770699035 0.12207580709457398 0.015579850775311176 0.03617445609221856 -0.066697118679682407 0.0098849015931288409 0.057153035074040515 -0.057228910538458057 -0.036208561423060663 -0.013454790972173215 0.030541474261769543 -0.027042022203245471 0.011395145793990976 0.02376325960750833 0.060845150875167987 0.043493303177964612 0.021640318164394962 -0.039159439452763262 -0.018337478120248395 -0.049392687816974486 0.0066786808486689227 -0.054947043479103411 -0.0061118401288986213 -0.0026525492761649339 -0.053763154149055484 0.054313636828085481 -0.0034349895003868876 0.038949840855829927 0.0049679620771623054 0.024755680351190166 0.029035865352080581 -0.021167319197699708 -0.064392555578871899 0.0077396018853919078 0.031113280697415275 -0.018514870516431164 -0.02672081053974705 0.0053290381302704692
leaf_weight=66 65 113 100 51 95 152 203 69 110 58 64 30 22 43 32 56 25 92 48 48 72 69 62 91 44 54 62 169 132 124 151 90 145 91 79 110 194 50 51 44 116 166 206 122 142 114 53 111 44 48 71 109 185
leaf_count=66 65 113 100 51 95 152 203 69 110 58 64 30 22 43 32 56 25 92 48 48 72 69 62 91 44 54 62 169 132 124 151 90 145 91 79 110 194 50 51 44 116 166 206 122 142 114 53 111 44 48 71 109 185
internal_value=0.00204764 0.00913377 -0.0365205 0.0120945 -0.00642641 0.0211109 0.0152876 -0.0285847 -0.0326661 -0.0181417 0.0163174 -0.0922519 -7.23948e-05 -0.00370495 0.0197382 0.0191047 0.00340937 -0.00982498 0.0655927 -0.030817 -0.000475984 0.0128731 -0.00877891 0.0111236 -0.0308178 0.0521448 -0.00418474 0.0223211 0.0281664 0.0336811 0.0265415 0.0443571 -0.0518746 -0.00587115 -0.0325041 0.0159975 -0.050413 0.00789407 -0.0143071 -0.0425592 0.018704 0.0218054 0.0171196 0.0270132 0.00956201 0.035418 -0.0150166 -0.0616556 0.0130433 0.0335547 -0.0165788 -0.0259639 0.00584904
internal_weight=4913 3990 243 3747 551 268 3196 923 857 488 236 130 718 648 2478 2446 416 343 73 157 605 232 373 196 177 105 172 2030 776 534 320 214 369 163 283 242 252 186 116 189 1254 424 830 442 308 320 109 180 136 70 115 204 388
internal_count=4913 3990 243 3747 551 268 3196 923 857 488 236 130 718 648 2478 2446 416 343 73 157 605 232 373 196 177 105 172 2030 776 534 320 214 369 163 283 242 252 186 116 189 1254 424 830 442 308 320 109 180 136 70 115 204 388
is_linear=0
shrinkage=0.05


Tree=60
num_leaves=54
num_cat=0
split_feature=0 2 2 2 2 2 0 0 0 2 0 0 2 2 2 0 2 2 2 0 2 2 2 0 0 0 2 2 0 0 0 2 0 2 2 2 2 2 2 0 2 2 0 2 2 0 0 0 0 0 0 2 0
split_gain=207.045 200.009 189.426 119.059 166.136 100.725 68.475 81.5862 67.2632 142.371 65.526 55.1328 50.3309 45.3633 44.2418 36.7373 29.9643 73.086 43.9724 32.6726 25.5617 23.4126 29.6062 35.7032 22.1519 17.4737 40.7175 13.1271 11.8086 10.9738 15.8952 59.0628 15.7608 57.7902 14.5402 9.94079 8.34239 14.1482 5.85848 7.84921 5.555 5.52866 4.9758 4.87349 3.1577 1.65427 0.928328 0.916733 0.729171 0.505734 0.0682712 0.0604733 0.0553369
threshold=1550.0000000000002 5.5000000000000009 4.5000000000000009 8.5000000000000018 7.5000000000000009 1.5000000000000002 2550.0000000000005 2100.0000000000005 1900.0000000000002 9.5000000000000018 1450.0000000000002 1300.0000000000002 9.5000000000000018 2.5000000000000004 2.5000000000000004 1900.0000000000002 6.5000000000000009 4.5000000000000009 3.5000000000000004 1100.0000000000002 8.5000000000000018 7.5000000000000009 6.5000000000000009 1700.0000000000002 2350.0000000000005 1900.0000000000002 1.5000000000000002 2.5000000000000004 1300.0000000000002 2350.0000000000005 2100.0000000000005 8.5000000000000018 2450.0000000000005 7.5000000000000009 6.5000000000000009 9.5000000000000018 7.5000000000000009 6.5000000000000009 3.5000000000000004 1700.0000000000002 1.5000000000000002 3.5000000000000004 1700.0000000000002 8.5000000000000018 8.5000000000000018 1300.0000000000002 1300.0000000000002 2550.0000000000005 1900.0000000000002 1300.0000000000002 1700.0000000000002 7.5000000000000009 1700.0000000000002
decision_type=2 2 2 2 2 2 2 2 2 2 2 2 2 2 2 2 2 2 2 2 2 2 2 2 2 2 2 2 2 2 2 2 2 2 2 2 2 2 2 2 2 2 2 2 2 2 2 2 2 2 2 2 2
left_child=3 2 6 4 5 10 7 13 12 29 -1 -6 20 25 -8 38 17 18 27 -20 21 22 23 -3 42 26 -2 -7 -18 30 36 34 44 -34 -32 46 37 -10 -15 -40 -27 -17 -4 -38 -31 -21 -5 -11 -44 -19 -22 -36 -23
right_child=1 8 24 35 11 16 14 -9 9 47 -12 -13 -14 15 -16 41 28 49 19 45 50 52 -24 -25 -26 40 -28 -29 -30 32 31 -33 33 -35 51 -37 43 -39 39 -41 -42 -43 48 -45 -46 -47 -48 -49 -50 -51 -52 -53 -54
leaf_value=0.055537403098335769 0.026660139537325097 -0.030140191015571055 0.039299348283272528 -0.052178475819528107 0.066116170798029214 -0.010536864581478745 0.0084111318756372507 -0.075265201238485485 -0.012116725759532973 0.052644934772633684 -0.01911444276008966 0.0096468885058322851 -0.047946663267977606 -0.012252320148932037 0.085277018530501264 0.038934132375129285 -0.065203183197549405 -0.0045501980652083085 -0.028642497223336252 -0.082665902674198155 0.0028879461000705588 -0.02804692555111268 0.011702501748998961 0.0059274282554785413 0.058104516134004705 -0.044633586406707768 -0.034105969170729319 -0.032979720091033317 -0.036312213912606243 -0.037735643807579489 0.02219216647868355 0.081572010397911079 -0.035325059305048652 0.067535399916497138 -0.012923162569433955 -0.039056442968155212 -0.020434375801159227 0.0092821798975171611 -0.0091079708162537763 0.012917834617435299 -0.019789635659092003 0.01940710677040948 0.027251174476939245 -0.0058984128016870002 -0.020225602703598831 -0.069250309777756536 -0.06035159873825155 0.042815313824722846 0.032297423303618601 -5.5760551060055512e-05 0.0010897655758153962 -0.010473996942693537 -0.02669338548361366
leaf_weight=66 51 198 208 64 70 119 39 39 156 101 53 113 111 93 36 73 56 102 64 40 145 173 120 105 110 60 60 144 96 51 45 25 36 22 59 190 131 153 71 94 36 72 182 103 52 54 76 31 118 162 83 44 134
leaf_count=66 51 198 208 64 70 119 39 39 156 101 53 113 111 93 36 73 56 102 64 40 145 173 120 105 110 60 60 144 96 51 45 25 36 22 59 190 131 153 71 94 36 72 182 103 52 54 76 31 118 162 83 44 134
internal_value=-0.00436077 0.00238279 0.017429 -0.0200606 -0.0123987 -0.0207535 7.34516e-05 -0.00515382 -0.00733426 0.00192506 0.0222891 0.0312472 -0.0160739 -0.000671287 0.0453068 0.00910086 -0.0268731 -0.0224166 -0.0353497 -0.0561979 -0.0123809 -0.0169454 -0.00931697 -0.0176415 0.0377614 -0.0196963 -0.00618641 -0.022825 -0.0469563 -0.00536149 -0.00270929 0.0104892 -0.0171564 0.00369098 -0.00151807 -0.0465057 -0.00691432 -0.00152115 -0.00221649 0.00344006 -0.0353171 0.029238 0.0333564 -0.0140361 -0.0288956 -0.0749591 -0.0566153 0.0503365 0.029236 -0.00179225 0.00223335 -0.0118769 -0.0274561
internal_weight=4889 3420 1342 1469 1139 956 724 649 2078 1009 119 183 1069 610 75 403 837 685 421 158 958 730 423 303 618 207 111 263 152 877 716 173 161 58 148 330 543 309 258 165 96 145 508 234 103 94 140 132 300 264 228 103 307
internal_count=4889 3420 1342 1469 1139 956 724 649 2078 1009 119 183 1069 610 75 403 837 685 421 158 958 730 423 303 618 207 111 263 152 877 716 173 161 58 148 330 543 309 258 165 96 145 508 234 103 94 140 132 300 264 228 103 307
is_linear=0
shrinkage=0.05


Tree=61
num_leaves=54
num_cat=0
split_feature=0 2 2 2 2 2 0 0 0 2 0 0 2 2 2 0 2 2 2 0 2 2 2 0 0 0 2 2 0 0 0 2 0 2 2 2 2 2 2 0 2 2 0 2 2 0 0 0 0 0 0 2 0
split_gain=186.858 180.508 170.957 107.451 149.938 90.9041 61.7986 73.6315 60.705 128.49 59.1373 49.7573 45.4236 40.9404 39.9283 33.1554 27.0428 65.9601 39.6851 29.487 23.0695 21.1299 26.7195 32.2221 19.9921 15.77 36.7476 11.8473 10.6573 9.90388 14.3454 53.3042 14.2241 52.1556 13.1225 8.97156 7.529 12.7687 5.28729 7.08391 5.01339 4.98962 4.49066 4.39833 2.84982 1.49298 0.83782 0.827349 0.658075 0.456422 0.0616148 0.0545763 0.0499429
threshold=1550.0000000000002 5.5000000000000009 4.5000000000000009 8.5000000000000018 7.5000000000000009 1.5000000000000002 2550.0000000000005 2100.0000000000005 1900.0000000000002 9.5000000000000018 1450.0000000000002 1300.0000000000002 9.5000000000000018 2.5000000000000004 2.5000000000000004 1900.0000000000002 6.5000000000000009 4.5000000000000009 3.5000000000000004 1100.0000000000002 8.5000000000000018 7.5000000000000009 6.5000000000000009 1700.0000000000002 2350.0000000000005 1900.0000000000002 1.5000000000000002 2.5000000000000004 1300.0000000000002 2350.0000000000005 2100.0000000000005 8.5000000000000018 2450.0000000000005 7.5000000000000009 6.5000000000000009 9.5000000000000018 7.5000000000000009 6.5000000000000009 3.5000000000000004 1700.0000000000002 1.5000000000000002 3.5000000000000004 1700.0000000000002 8.5000000000000018 8.5000000000000018 1300.0000000000002 1300.0000000000002 2550.0000000000005 1900.0000000000002 1300.0000000000002 1700.0000000000002 7.5000000000000009 1700.0000000000002
decision_type=2 2 2 2 2 2 2 2 2 2 2 2 2 2 2 2 2 2 2 2 2 2 2 2 2 2 2 2 2 2 2 2 2 2 2 2 2 2 2 2 2 2 2 2 2 2 2 2 2 2 2 2 2
left_child=3 2 6 4 5 10 7 13 12 29 -1 -6 20 25 -8 38 17 18 27 -20 21 22 23 -3 42 26 -2 -7 -18 30 36 34 44 -34 -32 46 37 -10 -15 -40 -27 -17 -4 -38 -31 -21 -5 -11 -44 -19 -22 -36 -23
right_child=1 8 24 35 11 16 14 -9 9 47 -12 -13 -14 15 -16 41 28 49 19 45 50 52 -24 -25 -26 40 -28 -29 -30 32 31 -33 33 -35 51 -37 43 -39 39 -41 -42 -43 48 -45 -46 -47 -48 -49 -50 -51 -52 -53 -54
leaf_value=0.052760549047679621 0.025327147689520147 -0.02863316024192656 0.03733437903619443 -0.049569547083228832 0.06281035981007986 -0.010010012258000736 0.0079905695640123814 -0.071501956880092629 -0.011510906998927777 0.050012671286332439 -0.018158724173060005 0.0091645643724936315 -0.045549323295687776 -0.01163972318172455 0.081013161606258821 0.036987426856609239 -0.061943013966083531 -0.0043226849875816912 -0.027210361091420054 -0.078532613515853888 0.0027435523066027413 -0.026644590305369028 0.011117360467712084 0.005631054618528912 0.055199296853759072 -0.042401905109484994 -0.03240068872769674 -0.031330741000258261 -0.03449660399928689 -0.035848867893218998 0.021082556078003512 0.077493414819240575 -0.033558805612847208 0.064158630032430997 -0.012276989625672162 -0.037103629998470604 -0.019412667378214482 0.0088180633249625665 -0.0086525758964494919 0.012271940169182231 -0.018800135826071106 0.018436744891934927 0.025888622421157234 -0.0056034988606149709 -0.019214325656111426 -0.065787792205810547 -0.05733402913534328 0.040674541890621189 0.030682550296503103 -5.2983213767961222e-05 0.0010352812393243055 -0.0099503011866049346 -0.025358710121085395
leaf_weight=66 51 198 208 64 70 119 39 39 156 101 53 113 111 93 36 73 56 102 64 40 145 173 120 105 110 60 60 144 96 51 45 25 36 22 59 190 131 153 71 94 36 72 182 103 52 54 76 31 118 162 83 44 134
leaf_count=66 51 198 208 64 70 119 39 39 156 101 53 113 111 93 36 73 56 102 64 40 145 173 120 105 110 60 60 144 96 51 45 25 36 22 59 190 131 153 71 94 36 72 182 103 52 54 76 31 118 162 83 44 134
internal_value=-0.00414274 0.00226365 0.0165576 -0.0190575 -0.0117788 -0.0197158 6.97745e-05 -0.00489613 -0.00696755 0.0018288 0.0211747 0.0296848 -0.0152702 -0.000637726 0.0430414 0.00864581 -0.0255294 -0.0212958 -0.0335822 -0.053388 -0.0117619 -0.0160981 -0.00885112 -0.0167594 0.0358734 -0.0187115 -0.00587709 -0.0216837 -0.0446084 -0.00509342 -0.00257383 0.00996471 -0.0162985 0.00350643 -0.00144217 -0.0441804 -0.00656861 -0.00144511 -0.00210568 0.00326806 -0.0335512 0.0277761 0.0316886 -0.0133343 -0.0274508 -0.0712111 -0.0537846 0.0478196 0.0277742 -0.00170264 0.00212168 -0.0112831 -0.0260833
internal_weight=4889 3420 1342 1469 1139 956 724 649 2078 1009 119 183 1069 610 75 403 837 685 421 158 958 730 423 303 618 207 111 263 152 877 716 173 161 58 148 330 543 309 258 165 96 145 508 234 103 94 140 132 300 264 228 103 307
internal_count=4889 3420 1342 1469 1139 956 724 649 2078 1009 119 183 1069 610 75 403 837 685 421 158 958 730 423 303 618 207 111 263 152 877 716 173 161 58 148 330 543 309 258 165 96 145 508 234 103 94 140 132 300 264 228 103 307
is_linear=0
shrinkage=0.05


Tree=62
num_leaves=54
num_cat=0
split_feature=0 2 2 2 2 2 0 0 0 2 0 0 2 2 0 2 2 2 2 0 2 2 2 0 0 0 2 2 0 0 0 2 0 2 2 2 2 2 2 0 2 2 0 2 2 0 0 0 0 0 0 2 0
split_gain=168.639 162.908 154.289 96.9743 135.319 82.041 56.221 109.769 54.7863 115.962 53.3714 44.9059 40.9949 36.9487 29.9227 26.4236 24.4061 59.529 35.8158 26.612 20.8202 19.0697 24.1144 29.0804 18.0429 14.2325 33.1647 10.6921 9.6182 8.93826 12.9467 48.107 12.8373 47.0705 11.843 8.09682 6.79492 11.5238 4.77177 6.39323 4.52458 4.50313 4.05282 3.96949 2.57197 1.34741 0.756129 0.746684 0.593917 0.411923 0.0556077 0.0492552 0.0450726
threshold=1550.0000000000002 5.5000000000000009 4.5000000000000009 8.5000000000000018 7.5000000000000009 1.5000000000000002 2350.0000000000005 2100.0000000000005 1900.0000000000002 9.5000000000000018 1450.0000000000002 1300.0000000000002 9.5000000000000018 2.5000000000000004 1900.0000000000002 2.5000000000000004 6.5000000000000009 4.5000000000000009 3.5000000000000004 1100.0000000000002 8.5000000000000018 7.5000000000000009 6.5000000000000009 1700.0000000000002 2350.0000000000005 1900.0000000000002 1.5000000000000002 2.5000000000000004 1300.0000000000002 2350.0000000000005 2100.0000000000005 8.5000000000000018 2450.0000000000005 7.5000000000000009 6.5000000000000009 9.5000000000000018 7.5000000000000009 6.5000000000000009 3.5000000000000004 1700.0000000000002 1.5000000000000002 3.5000000000000004 1700.0000000000002 8.5000000000000018 8.5000000000000018 1300.0000000000002 1300.0000000000002 2550.0000000000005 1900.0000000000002 1300.0000000000002 1700.0000000000002 7.5000000000000009 1700.0000000000002
decision_type=2 2 2 2 2 2 2 2 2 2 2 2 2 2 2 2 2 2 2 2 2 2 2 2 2 2 2 2 2 2 2 2 2 2 2 2 2 2 2 2 2 2 2 2 2 2 2 2 2 2 2 2 2
left_child=3 2 6 4 5 10 7 13 12 29 -1 -6 20 25 38 -8 17 18 27 -20 21 22 23 -3 42 26 -2 -7 -18 30 36 34 44 -34 -32 46 37 -10 -15 -40 -27 -16 -4 -38 -31 -21 -5 -11 -44 -19 -22 -36 -23
right_child=1 8 24 35 11 16 15 -9 9 47 -12 -13 -14 14 41 -17 28 49 19 45 50 52 -24 -25 -26 40 -28 -29 -30 32 31 -33 33 -35 51 -37 43 -39 39 -41 -42 -43 48 -45 -46 -47 -48 -49 -50 -51 -52 -53 -54
leaf_value=0.050122523228778984 0.024060790445290359 -0.027201504122955029 0.03546766077275746 -0.047091070935130125 0.059669833077849559 -0.009509514654133501 0.0075910552571981389 -0.10185150509434088 -0.010935352570735492 0.047512037402922563 -0.017250787705745337 0.0087063338887770625 -0.043271871407826741 -0.011057720934191058 0.03513805933602869 0.063262664986417652 -0.058845861362559461 -0.0041065515845320096 -0.025849848380312325 -0.07460597693920136 0.0026063831767131544 -0.02531234632122379 0.010561482856671016 0.0053495025741202495 0.052439333314330067 -0.04028180961807569 -0.030780651619036994 -0.029764190316200256 -0.032771775530030328 -0.034056429535734893 0.020028439346286987 0.073618737697601327 -0.03188086215199696 0.060950694076547574 -0.01166314250331814 -0.035248447366450962 -0.018442024188187287 0.0083771650113311485 -0.0082199524405976426 0.011658342341159254 -0.017860149716337523 0.017514912452962664 0.02459417998299494 -0.0053233192347496468 -0.018253605927412327 -0.062498396855813487 -0.054467314667999749 0.038640806078910829 0.029148428776632929 -5.0323509415726608e-05 0.00098351955144520263 -0.0094527855854142796 -0.02409077150496974
leaf_weight=66 51 198 208 64 70 119 39 28 156 101 53 113 111 93 73 47 56 102 64 40 145 173 120 105 110 60 60 144 96 51 45 25 36 22 59 190 131 153 71 94 36 72 182 103 52 54 76 31 118 162 83 44 134
leaf_count=66 51 198 208 64 70 119 39 28 156 101 53 113 111 93 73 47 56 102 64 40 145 173 120 105 110 60 60 144 96 51 45 25 36 22 59 190 131 153 71 94 36 72 182 103 52 54 76 31 118 162 83 44 134
internal_value=-0.0039356 0.00215047 0.0157297 -0.0181047 -0.0111898 -0.01873 6.62887e-05 -0.00504922 -0.00661917 0.00173737 0.0201159 0.0282006 -0.0145067 -0.000605838 0.00821353 0.0380162 -0.0242529 -0.020231 -0.0319031 -0.0507186 -0.0111738 -0.0152932 -0.00840856 -0.0159215 0.0340797 -0.0177759 -0.00558323 -0.0205995 -0.042378 -0.00483874 -0.00244513 0.00946648 -0.0154836 0.00333111 -0.00137006 -0.0419714 -0.00624018 -0.00137284 -0.00200039 0.00310465 -0.0318737 0.0263873 0.0301042 -0.0126676 -0.0260783 -0.0676506 -0.0510953 0.0454286 0.0263855 -0.0016175 0.0020156 -0.0107189 -0.0247792
internal_weight=4889 3420 1342 1469 1139 956 724 638 2078 1009 119 183 1069 610 403 86 837 685 421 158 958 730 423 303 618 207 111 263 152 877 716 173 161 58 148 330 543 309 258 165 96 145 508 234 103 94 140 132 300 264 228 103 307
internal_count=4889 3420 1342 1469 1139 956 724 638 2078 1009 119 183 1069 610 403 86 837 685 421 158 958 730 423 303 618 207 111 263 152 877 716 173 161 58 148 330 543 309 258 165 96 145 508 234 103 94 140 132 300 264 228 103 307
is_linear=0
shrinkage=0.05


Tree=63
num_leaves=53
num_cat=0
split_feature=0 2 2 2 2 2 0 0 0 2 0 0 2 2 2 0 2 2 2 0 2 2 2 0 0 0 2 2 0 0 2 0 2 2 2 2 2 2 0 2 2 0 2 2 0 0 0 0 0 0 2 0
split_gain=152.197 147.025 139.246 87.5193 122.125 74.042 51.1925 61.1651 49.4446 104.656 48.1677 40.5277 36.9979 33.3462 33.2014 27.0053 22.0265 53.7249 32.3238 24.0173 18.7902 17.2104 21.7632 26.2451 16.2837 12.8448 29.9311 9.64965 8.68043 8.06678 13.3608 11.6844 43.4166 10.6883 7.3074 6.13242 10.4002 4.30653 5.76989 4.08343 4.06407 3.65766 3.58247 2.012 1.21604 0.68241 0.673883 0.536007 0.371759 0.0501848 0.0444532 0.0406783
threshold=1550.0000000000002 5.5000000000000009 4.5000000000000009 8.5000000000000018 7.5000000000000009 1.5000000000000002 2550.0000000000005 2100.0000000000005 1900.0000000000002 9.5000000000000018 1450.0000000000002 1300.0000000000002 9.5000000000000018 2.5000000000000004 2.5000000000000004 1900.0000000000002 6.5000000000000009 4.5000000000000009 3.5000000000000004 1100.0000000000002 8.5000000000000018 7.5000000000000009 6.5000000000000009 1700.0000000000002 2350.0000000000005 1900.0000000000002 1.5000000000000002 2.5000000000000004 1300.0000000000002 2350.0000000000005 6.5000000000000009 2100.0000000000005 8.5000000000000018 6.5000000000000009 9.5000000000000018 7.5000000000000009 6.5000000000000009 3.5000000000000004 1700.0000000000002 1.5000000000000002 3.5000000000000004 1700.0000000000002 8.5000000000000018 8.5000000000000018 1300.0000000000002 1300.0000000000002 2550.0000000000005 1900.0000000000002 1300.0000000000002 1700.0000000000002 7.5000000000000009 1700.0000000000002
decision_type=2 2 2 2 2 2 2 2 2 2 2 2 2 2 2 2 2 2 2 2 2 2 2 2 2 2 2 2 2 2 2 2 2 2 2 2 2 2 2 2 2 2 2 2 2 2 2 2 2 2 2 2
left_child=3 2 6 4 5 10 7 13 12 29 -1 -6 20 25 -8 37 17 18 27 -20 21 22 23 -3 41 26 -2 -7 -18 31 -31 35 33 -33 45 36 -10 -15 -39 -27 -17 -4 -37 -32 -21 -5 -11 -43 -19 -22 -35 -23
right_child=1 8 24 34 11 16 14 -9 9 46 -12 -13 -14 15 -16 40 28 48 19 44 49 51 -24 -25 -26 39 -28 -29 -30 30 43 32 -34 50 -36 42 -38 38 -40 -41 -42 47 -44 -45 -46 -47 -48 -49 -50 -51 -52 -53
leaf_value=0.047616381943225865 0.022857735788120944 -0.025841437376132516 0.033694261766504495 -0.044736516289412977 0.056686350155089583 -0.009034040047466255 0.0072114982666113443 -0.065162808448076245 -0.010388577944384171 0.045136434134870479 -0.016388246304584003 0.0082710006562745682 -0.041108268217460532 -0.010504850769235243 0.073799376686414092 0.033381144375833748 -0.055903565883636479 -0.0039012225093685241 -0.024557370343245566 -0.070875679776072495 0.0024760524157820076 -0.024046735407386215 0.01003341641277075 0.0050820261772189824 0.049817360334775664 -0.038267724240819617 -0.029241615881522499 -0.028275982859647938 -0.031133185373619199 0.013128404187805512 -0.028605888928136522 0.019027006444003847 0.06993781095743179 -0.011079993187370948 -0.033486016643674753 -0.017519923544112054 0.0079583101705008857 -0.0078089483711921001 0.011075429095232741 -0.016967140759030979 0.016639165249135762 0.023364475877075408 -0.0050571505559011574 -0.016015678397738018 -0.059373485697088418 -0.051743963047077783 0.036708762568812218 0.027691001410327726 -4.7812208441304577e-05 0.00093434975897691344 -0.0089801449328660975 -0.022886235606092126
leaf_weight=66 51 198 208 64 70 119 39 39 156 101 53 113 111 93 36 73 56 102 64 40 145 173 120 105 110 60 60 144 96 34 62 45 25 59 190 131 153 71 94 36 72 182 103 65 54 76 31 118 162 83 44 134
leaf_count=66 51 198 208 64 70 119 39 39 156 101 53 113 111 93 36 73 56 102 64 40 145 173 120 105 110 60 60 144 96 34 62 45 25 59 190 131 153 71 94 36 72 182 103 65 54 76 31 118 162 83 44 134
internal_value=-0.00373882 0.00204295 0.0149432 -0.0171994 -0.0106303 -0.0177935 6.29708e-05 -0.00445676 -0.00628821 0.0016505 0.0191101 0.0267905 -0.0137813 -0.00057555 0.0391737 0.00780285 -0.0230403 -0.0192195 -0.030308 -0.0481827 -0.0106151 -0.0145285 -0.00798814 -0.0151254 0.0323757 -0.0168871 -0.00530408 -0.0195696 -0.0402591 -0.0045968 -0.0147094 -0.00232288 0.00899315 -0.00130156 -0.0398728 -0.00592816 -0.0013042 -0.00190037 0.00294942 -0.03028 0.0250679 0.028599 -0.0120342 -0.0221621 -0.064268 -0.0485406 0.0431572 0.0250662 -0.00153663 0.00191482 -0.010183 -0.0235402
internal_weight=4889 3420 1342 1469 1139 956 724 649 2078 1009 119 183 1069 610 75 403 837 685 421 158 958 730 423 303 618 207 111 263 152 877 161 716 173 148 330 543 309 258 165 96 145 508 234 127 94 140 132 300 264 228 103 307
internal_count=4889 3420 1342 1469 1139 956 724 649 2078 1009 119 183 1069 610 75 403 837 685 421 158 958 730 423 303 618 207 111 263 152 877 161 716 173 148 330 543 309 258 165 96 145 508 234 127 94 140 132 300 264 228 103 307
is_linear=0
shrinkage=0.05


Tree=64
num_leaves=53
num_cat=0
split_feature=0 2 2 2 2 2 0 0 0 2 0 0 2 2 0 2 2 2 2 0 2 2 2 0 0 0 2 2 0 0 2 0 2 2 2 2 2 2 0 2 2 0 2 2 0 0 0 0 0 0 2 0
split_gain=137.357 132.69 125.669 78.9861 110.218 66.8229 47.1781 92.5259 44.6238 94.4517 43.4713 36.5762 33.3906 30.095 24.3722 22.336 19.8789 48.4867 29.1722 21.6757 16.9582 15.5324 19.6413 23.6862 14.696 11.5924 27.0128 8.70881 7.83409 7.28026 12.0581 10.5452 39.1835 9.64624 6.59493 5.53452 9.3862 3.88664 5.20733 3.68531 3.66783 3.30105 3.23317 1.81583 1.09748 0.615873 0.608182 0.483748 0.33551 0.0452926 0.0401187 0.0367123
threshold=1550.0000000000002 5.5000000000000009 4.5000000000000009 8.5000000000000018 7.5000000000000009 1.5000000000000002 2350.0000000000005 2100.0000000000005 1900.0000000000002 9.5000000000000018 1450.0000000000002 1300.0000000000002 9.5000000000000018 2.5000000000000004 1900.0000000000002 2.5000000000000004 6.5000000000000009 4.5000000000000009 3.5000000000000004 1100.0000000000002 8.5000000000000018 7.5000000000000009 6.5000000000000009 1700.0000000000002 2350.0000000000005 1900.0000000000002 1.5000000000000002 2.5000000000000004 1300.0000000000002 2350.0000000000005 6.5000000000000009 2100.0000000000005 8.5000000000000018 6.5000000000000009 9.5000000000000018 7.5000000000000009 6.5000000000000009 3.5000000000000004 1700.0000000000002 1.5000000000000002 3.5000000000000004 1700.0000000000002 8.5000000000000018 8.5000000000000018 1300.0000000000002 1300.0000000000002 2550.0000000000005 1900.0000000000002 1300.0000000000002 1700.0000000000002 7.5000000000000009 1700.0000000000002
decision_type=2 2 2 2 2 2 2 2 2 2 2 2 2 2 2 2 2 2 2 2 2 2 2 2 2 2 2 2 2 2 2 2 2 2 2 2 2 2 2 2 2 2 2 2 2 2 2 2 2 2 2 2
left_child=3 2 6 4 5 10 7 13 12 29 -1 -6 20 25 37 -8 17 18 27 -20 21 22 23 -3 41 26 -2 -7 -18 31 -31 35 33 -33 45 36 -10 -15 -39 -27 -16 -4 -37 -32 -21 -5 -11 -43 -19 -22 -35 -23
right_child=1 8 24 34 11 16 15 -9 9 46 -12 -13 -14 14 40 -17 28 48 19 44 49 51 -24 -25 -26 39 -28 -29 -30 30 43 32 -34 50 -36 42 -38 38 -40 -41 -42 47 -44 -45 -46 -47 -48 -49 -50 -51 -52 -53
leaf_value=0.045235561985861178 0.021714850843829268 -0.02454937172000005 0.032009562506573275 -0.042499694204889242 0.053852030549730583 -0.0085823350625128299 0.0068509181340535479 -0.093500786727028232 -0.0098691573175482272 0.042879628338436088 -0.015568835892767278 0.0078574708745345091 -0.039052876400517994 -0.0099795951958625562 0.031712089948458221 0.058035711151488284 -0.05310839403952871 -0.0037061511735230982 -0.023329479061067106 -0.067331899777054782 0.0023522565077091087 -0.022844403982162476 0.0095317618548870081 0.0048279278725385667 0.047326500366272575 -0.036354346995552386 -0.027779539028803507 -0.026862184465345409 -0.029576522717252376 0.012471985328353613 -0.027175591645702241 0.018075670434368984 0.066440913453698167 -0.010525983369956582 -0.031811707145289372 -0.016643936670463506 0.0075603866109661029 -0.0074185060993046826 0.010521654994722377 -0.016118766905532943 0.01580719624956449 0.022196249745704319 -0.0048043086726977996 -0.015214892150117801 -0.056404807059853172 -0.049156756976031162 0.034873322709914181 0.026306453760776477 -4.5425719639033449e-05 0.00088762628834649748 -0.0085311364043842673 -0.021741926967541673
leaf_weight=66 51 198 208 64 70 119 39 28 156 101 53 113 111 93 73 47 56 102 64 40 145 173 120 105 110 60 60 144 96 34 62 45 25 59 190 131 153 71 94 36 72 182 103 65 54 76 31 118 162 83 44 134
leaf_count=66 51 198 208 64 70 119 39 28 156 101 53 113 111 93 73 47 56 102 64 40 145 173 120 105 110 60 60 144 96 34 62 45 25 59 190 131 153 71 94 36 72 182 103 65 54 76 31 118 162 83 44 134
internal_value=-0.00355188 0.0019408 0.014196 -0.0163395 -0.0100988 -0.0169038 5.98216e-05 -0.00462626 -0.0059738 0.00156797 0.0181546 0.025451 -0.0130923 -0.000546773 0.0074127 0.034824 -0.0218883 -0.0182585 -0.0287926 -0.0457736 -0.0100843 -0.0138021 -0.00758873 -0.0143691 0.0307569 -0.0160428 -0.00503887 -0.0185911 -0.0382462 -0.00436697 -0.013974 -0.00220674 0.0085435 -0.00123647 -0.0378791 -0.00563177 -0.00123899 -0.00180535 0.00280195 -0.028766 0.0238145 0.027169 -0.0114325 -0.021054 -0.0610546 -0.0461135 0.0409994 0.0238129 -0.0014598 0.00181908 -0.00967382 -0.0223632
internal_weight=4889 3420 1342 1469 1139 956 724 638 2078 1009 119 183 1069 610 403 86 837 685 421 158 958 730 423 303 618 207 111 263 152 877 161 716 173 148 330 543 309 258 165 96 145 508 234 127 94 140 132 300 264 228 103 307
internal_count=4889 3420 1342 1469 1139 956 724 638 2078 1009 119 183 1069 610 403 86 837 685 421 158 958 730 423 303 618 207 111 263 152 877 161 716 173 148 330 543 309 258 165 96 145 508 234 127 94 140 132 300 264 228 103 307
is_linear=0
shrinkage=0.05


Tree=65
num_leaves=53
num_cat=0
split_feature=0 2 2 0 2 2 0 2 2 2 0 2 0 0 0 0 0 2 0 2 0 0 0 2 0 0 0 2 0 2 0 2 0 0 2 0 2 2 0 0 2 0 2 2 0 2 0 0 0 0 2 0
split_gain=557.973 180.438 136.281 186.565 115.559 106.948 90.8615 70.8998 108.164 100.511 70.4866 87.1667 144.293 66.6049 50.7236 79.624 49.8567 49.7667 39.5166 65.4313 55.5431 54.217 44.7029 38.1669 35.7492 30.4333 45.3334 29.561 24.7001 20.5416 19.1968 20.9529 18.3681 15.7696 8.3201 8.7777 65.0913 7.52208 8.0655 5.98923 4.88088 4.26904 4.04813 7.70256 18.2462 2.82166 3.8336 2.6394 2.07318 1.82597 1.27668 0.0514639
threshold=1300.0000000000002 6.5000000000000009 2.5000000000000004 2550.0000000000005 8.5000000000000018 6.5000000000000009 1900.0000000000002 7.5000000000000009 8.5000000000000018 9.5000000000000018 1700.0000000000002 1.5000000000000002 1900.0000000000002 1700.0000000000002 2550.0000000000005 2350.0000000000005 2350.0000000000005 7.5000000000000009 1900.0000000000002 5.5000000000000009 2450.0000000000005 2100.0000000000005 2550.0000000000005 5.5000000000000009 1700.0000000000002 1900.0000000000002 2100.0000000000005 9.5000000000000018 1900.0000000000002 1.5000000000000002 2100.0000000000005 9.5000000000000018 1550.0000000000002 1550.0000000000002 3.5000000000000004 1550.0000000000002 4.5000000000000009 3.5000000000000004 1100.0000000000002 1900.0000000000002 5.5000000000000009 2100.0000000000005 3.5000000000000004 4.5000000000000009 2100.0000000000005 4.5000000000000009 1700.0000000000002 2250.0000000000005 1550.0000000000002 1700.0000000000002 2.5000000000000004 1700.0000000000002
decision_type=2 2 2 2 2 2 2 2 2 2 2 2 2 2 2 2 2 2 2 2 2 2 2 2 2 2 2 2 2 2 2 2 2 2 2 2 2 2 2 2 2 2 2 2 2 2 2 2 2 2 2 2
left_child=5 2 3 10 16 29 13 -7 -9 -10 -2 39 -13 32 15 30 17 28 23 22 21 -21 42 34 -25 48 -27 -15 33 -1 31 -8 -6 -3 -4 36 -36 50 -39 -12 -40 -30 -20 44 -44 49 -47 -45 -19 -37 -31 -50
right_child=1 4 18 -5 6 7 14 8 9 -11 11 12 -14 27 -16 -17 -18 25 19 20 -22 -23 -24 24 -26 26 -28 -29 41 37 -32 -33 -34 -35 35 45 -38 38 40 -41 -42 -43 43 47 -46 46 -48 -49 51 -51 -52 -53
leaf_value=-0.012105573926653181 -0.037858185516152942 0.0043221672996878622 0.047293567160765333 -0.10025552159973555 0.038726724212966773 0.044279181058444674 0.017753240877860472 -0.074821200726901071 0.059457873872348244 -0.01654029185955341 0.04221933393470817 0.036973488853688827 -0.09440374053788908 0.080756224120656653 -0.051586262685687924 0.06727444696426392 0.038835206853620935 -0.016998678522751384 0.036951831458136443 0.059301920071724926 0.0067013172846701417 0.11873395523312046 0.080986549918140693 0.024765215560910294 -0.012348841404428289 0.017247872834022231 -0.040050910555935924 0.04076795352132697 -0.010441565194300242 -0.040986443111406909 -0.040952540604381027 -0.013521784579146212 0.0093050169650794705 0.030974979636048068 -0.00034383935587746755 0.027730533455128537 0.057631805120332606 -0.064059331200339575 -0.028355549675662346 0.064387981475345676 -0.048811083563631126 0.005593530555902902 -0.0013025924563407898 0.03494113517009606 0.040815489590168001 0.030278560285082207 0.020332106501705902 0.024015627969772774 -0.025443388189588273 0.038372646056943474 -0.033970566219710688 -0.02412116767501268
leaf_weight=63 54 104 93 42 83 63 114 59 56 195 59 57 33 90 38 50 66 115 80 155 36 51 42 192 98 130 47 95 140 112 28 101 147 119 70 73 157 66 41 63 101 59 72 118 40 214 177 104 175 90 154 127
leaf_count=63 54 104 93 42 83 63 114 59 56 195 59 57 33 90 38 50 66 115 80 155 36 51 42 192 98 130 47 95 140 112 28 101 147 119 70 73 157 66 41 63 101 59 72 118 40 214 177 104 175 90 154 127
internal_value=0.0106931 0.0187362 0.0284855 -0.00232313 0.007163 -0.0246435 0.0223031 -0.00407662 -0.0139038 0.000415474 0.0131399 0.0261299 -0.0111982 0.0378872 0.00276418 0.00981304 -0.00327555 -0.00601109 0.0335816 0.0429879 0.064002 0.0740157 0.0318357 0.0279411 0.0122232 -0.0153384 0.00203294 0.0602217 0.00711784 -0.0389293 -0.0020103 0.00306125 0.0199224 0.018545 0.0331564 0.031473 0.0397539 -0.0424944 -0.0496174 0.0536671 -0.0429049 -0.00568744 0.0268494 0.0244297 0.0137396 0.0280799 0.0257759 0.0298229 -0.0227118 0.0336065 -0.0369246 -0.0248874
internal_weight=4908 3998 2170 308 1828 910 746 373 310 251 266 212 90 415 331 293 1082 1016 1862 698 242 206 456 1164 290 594 177 185 422 537 243 215 230 223 874 781 227 474 208 122 142 199 414 334 112 554 391 222 417 163 266 302
internal_count=4908 3998 2170 308 1828 910 746 373 310 251 266 212 90 415 331 293 1082 1016 1862 698 242 206 456 1164 290 594 177 185 422 537 243 215 230 223 874 781 227 474 208 122 142 199 414 334 112 554 391 222 417 163 266 302
is_linear=0
shrinkage=0.05


Tree=66
num_leaves=53
num_cat=0
split_feature=0 2 2 0 2 2 0 2 2 2 0 2 0 0 0 0 0 2 0 2 0 0 0 2 0 0 0 2 0 2 0 2 0 0 2 0 2 2 0 0 2 0 2 2 0 2 0 0 0 0 2 0
split_gain=503.571 162.845 122.993 168.375 104.292 96.5206 82.0025 63.987 97.6181 90.7115 63.6142 78.668 130.225 60.111 45.778 71.8606 44.9957 44.9144 35.6637 59.0517 50.1276 48.9309 40.3443 34.4456 32.2636 27.4661 40.9134 26.6788 22.2918 18.5388 17.3251 18.91 16.5772 14.2321 7.5089 7.92189 58.7449 6.78868 7.2791 5.40528 4.405 3.85281 3.65343 6.95155 16.4672 2.54656 3.45982 2.38206 1.87104 1.64794 1.1522 0.046446
threshold=1300.0000000000002 6.5000000000000009 2.5000000000000004 2550.0000000000005 8.5000000000000018 6.5000000000000009 1900.0000000000002 7.5000000000000009 8.5000000000000018 9.5000000000000018 1700.0000000000002 1.5000000000000002 1900.0000000000002 1700.0000000000002 2550.0000000000005 2350.0000000000005 2350.0000000000005 7.5000000000000009 1900.0000000000002 5.5000000000000009 2450.0000000000005 2100.0000000000005 2550.0000000000005 5.5000000000000009 1700.0000000000002 1900.0000000000002 2100.0000000000005 9.5000000000000018 1900.0000000000002 1.5000000000000002 2100.0000000000005 9.5000000000000018 1550.0000000000002 1550.0000000000002 3.5000000000000004 1550.0000000000002 4.5000000000000009 3.5000000000000004 1100.0000000000002 1900.0000000000002 5.5000000000000009 2100.0000000000005 3.5000000000000004 4.5000000000000009 2100.0000000000005 4.5000000000000009 1700.0000000000002 2250.0000000000005 1550.0000000000002 1700.0000000000002 2.5000000000000004 1700.0000000000002
decision_type=2 2 2 2 2 2 2 2 2 2 2 2 2 2 2 2 2 2 2 2 2 2 2 2 2 2 2 2 2 2 2 2 2 2 2 2 2 2 2 2 2 2 2 2 2 2 2 2 2 2 2 2
left_child=5 2 3 10 16 29 13 -7 -9 -10 -2 39 -13 32 15 30 17 28 23 22 21 -21 42 34 -25 48 -27 -15 33 -1 31 -8 -6 -3 -4 36 -36 50 -39 -12 -40 -30 -20 44 -44 49 -47 -45 -19 -37 -31 -50
right_child=1 4 18 -5 6 7 14 8 9 -11 11 12 -14 27 -16 -17 -18 25 19 20 -22 -23 -24 24 -26 26 -28 -29 41 37 -32 -33 -34 -35 35 45 -38 38 40 -41 -42 -43 43 47 -46 46 -48 -49 51 -51 -52 -53
leaf_value=-0.011500286606569141 -0.035965268770922668 0.0041060496838046957 0.044928907707173338 -0.095242738368965338 0.036790385202915658 0.042065202622186576 0.016865579545367184 -0.071080142840490509 0.056484992429614071 -0.015713278330289401 0.040108373227639722 0.035124803739681576 -0.089683572135188364 0.076718426247437799 -0.049006950580760052 0.063910725772380828 0.036893444756666824 -0.016148745066121871 0.035104230511933565 0.056336827308179876 0.0063662492385548027 0.11279725964162864 0.076937235643466328 0.023526950411420937 -0.011731400831165362 0.016385474571814905 -0.03804836745591874 0.038729563386816733 -0.0099194897711277017 -0.038937120884656909 -0.038904924670766505 -0.012845696812716896 0.0088397542382178656 0.029426250087112939 -0.00032664720501218524 0.026344016765894956 0.054750234086161399 -0.060856348682533618 -0.026937775640952878 0.061168576185665437 -0.046370532430044499 0.0053138623298224757 -0.0012374578250779046 0.033194082883833832 0.038774720877408984 0.028764628194202887 0.01931550104781396 0.022814846203590818 -0.024171207840953557 0.036454020722044837 -0.032272036780010574 -0.022915099974809672
leaf_weight=63 54 104 93 42 83 63 114 59 56 195 59 57 33 90 38 50 66 115 80 155 36 51 42 192 98 130 47 95 140 112 28 101 147 119 70 73 157 66 41 63 101 59 72 118 40 214 177 104 175 90 154 127
leaf_count=63 54 104 93 42 83 63 114 59 56 195 59 57 33 90 38 50 66 115 80 155 36 51 42 192 98 130 47 95 140 112 28 101 147 119 70 73 157 66 41 63 101 59 72 118 40 214 177 104 175 90 154 127
internal_value=0.0101585 0.0177994 0.0270612 -0.00220698 0.00680485 -0.0234113 0.0211879 -0.00387279 -0.0132086 0.000394702 0.0124829 0.0248234 -0.0106383 0.0359928 0.00262597 0.00932239 -0.00311177 -0.00571054 0.0319026 0.0408385 0.0608019 0.0703149 0.0302439 0.026544 0.0116121 -0.0145715 0.00193129 0.0572106 0.00676195 -0.0369828 -0.00190978 0.00290819 0.0189263 0.0176177 0.0314986 0.0298993 0.0377662 -0.0403697 -0.0471365 0.0509837 -0.0407597 -0.00540307 0.0255069 0.0232082 0.0130526 0.0266759 0.0244871 0.0283317 -0.0215762 0.0319262 -0.0350784 -0.023643
internal_weight=4908 3998 2170 308 1828 910 746 373 310 251 266 212 90 415 331 293 1082 1016 1862 698 242 206 456 1164 290 594 177 185 422 537 243 215 230 223 874 781 227 474 208 122 142 199 414 334 112 554 391 222 417 163 266 302
internal_count=4908 3998 2170 308 1828 910 746 373 310 251 266 212 90 415 331 293 1082 1016 1862 698 242 206 456 1164 290 594 177 185 422 537 243 215 230 223 874 781 227 474 208 122 142 199 414 334 112 554 391 222 417 163 266 302
is_linear=0
shrinkage=0.05


Tree=67
num_leaves=53
num_cat=0
split_feature=0 2 2 0 2 2 0 2 2 2 0 2 0 0 0 0 0 2 0 2 0 0 0 2 0 0 0 2 0 2 0 2 0 0 2 0 2 2 0 0 2 0 2 2 0 2 0 0 0 0 2 0
split_gain=454.473 146.968 111.002 151.959 94.1238 87.1099 74.0073 57.7483 88.1003 81.8672 57.4118 70.9979 117.528 54.2501 41.3147 64.8542 40.6086 40.5352 32.1865 53.2942 45.2402 44.1601 36.4108 31.0872 29.118 24.7881 36.9244 24.0776 20.1184 16.7312 15.6359 17.0662 14.9609 12.8445 6.77678 7.14951 53.0173 6.12678 6.56938 4.87826 3.97551 3.47716 3.29723 6.27378 14.8616 2.29826 3.12249 2.14981 1.68862 1.48726 1.03986 0.041917
threshold=1300.0000000000002 6.5000000000000009 2.5000000000000004 2550.0000000000005 8.5000000000000018 6.5000000000000009 1900.0000000000002 7.5000000000000009 8.5000000000000018 9.5000000000000018 1700.0000000000002 1.5000000000000002 1900.0000000000002 1700.0000000000002 2550.0000000000005 2350.0000000000005 2350.0000000000005 7.5000000000000009 1900.0000000000002 5.5000000000000009 2450.0000000000005 2100.0000000000005 2550.0000000000005 5.5000000000000009 1700.0000000000002 1900.0000000000002 2100.0000000000005 9.5000000000000018 1900.0000000000002 1.5000000000000002 2100.0000000000005 9.5000000000000018 1550.0000000000002 1550.0000000000002 3.5000000000000004 1550.0000000000002 4.5000000000000009 3.5000000000000004 1100.0000000000002 1900.0000000000002 5.5000000000000009 2100.0000000000005 3.5000000000000004 4.5000000000000009 2100.0000000000005 4.5000000000000009 1700.0000000000002 2250.0000000000005 1550.0000000000002 1700.0000000000002 2.5000000000000004 1700.0000000000002
decision_type=2 2 2 2 2 2 2 2 2 2 2 2 2 2 2 2 2 2 2 2 2 2 2 2 2 2 2 2 2 2 2 2 2 2 2 2 2 2 2 2 2 2 2 2 2 2 2 2 2 2 2 2
left_child=5 2 3 10 16 29 13 -7 -9 -10 -2 39 -13 32 15 30 17 28 23 22 21 -21 42 34 -25 48 -27 -15 33 -1 31 -8 -6 -3 -4 36 -36 50 -39 -12 -40 -30 -20 44 -44 49 -47 -45 -19 -37 -31 -50
right_child=1 4 18 -5 6 7 14 8 9 -11 11 12 -14 27 -16 -17 -18 25 19 20 -22 -23 -24 24 -26 26 -28 -29 41 37 -32 -33 -34 -35 35 45 -38 38 40 -41 -42 -43 43 47 -46 46 -48 -49 51 -51 -52 -53
leaf_value=-0.010925280456505126 -0.034167012034191029 0.0039007524888102826 0.042682453381117952 -0.090480603685691247 0.034950874568557881 0.039961942509999349 0.016022310680464693 -0.067526122113153092 0.053660741288747107 -0.014927615202390233 0.038102965869830328 0.033368574631841556 -0.085199395273671014 0.072882495674615105 -0.046556602967412847 0.060715187013149263 0.035048773388067882 -0.015341295794300411 0.033349033826962117 0.053519982925330806 0.0060479365987703209 0.1071573982636134 0.073090377591905148 0.022350611021101943 -0.011144833863541788 0.015566195616355308 -0.036145939000267933 0.036793094559719686 -0.009423514663108758 -0.036990265162395584 -0.036959686343158993 -0.012203408165438343 0.0083977815194600288 0.027954937104417502 -0.00031031583036695209 0.025026814670187154 0.052012718661101 -0.057813535088842564 -0.025590888828766058 0.058110163278049902 -0.044052016853105905 0.0050481686652716941 -0.0011756024840805267 0.031534379610191968 0.03683599099516869 0.027326395417450466 0.018349728026127412 0.021674099313811618 -0.022962641554219385 0.034631310312284364 -0.030658442478675347 -0.021769346789581572
leaf_weight=63 54 104 93 42 83 63 114 59 56 195 59 57 33 90 38 50 66 115 80 155 36 51 42 192 98 130 47 95 140 112 28 101 147 119 70 73 157 66 41 63 101 59 72 118 40 214 177 104 175 90 154 127
leaf_count=63 54 104 93 42 83 63 114 59 56 195 59 57 33 90 38 50 66 115 80 155 36 51 42 192 98 130 47 95 140 112 28 101 147 119 70 73 157 66 41 63 101 59 72 118 40 214 177 104 175 90 154 127
internal_value=0.00965055 0.0169094 0.0257081 -0.00209662 0.00646461 -0.0222408 0.0201286 -0.00367915 -0.0125481 0.000374966 0.0118587 0.0235823 -0.0101063 0.0341932 0.00249467 0.00885627 -0.00295618 -0.00542501 0.0303074 0.0387966 0.0577618 0.0667991 0.0287317 0.0252168 0.0110315 -0.0138429 0.00183472 0.0543501 0.00642385 -0.0351337 -0.00181429 0.00276279 0.01798 0.0167368 0.0299236 0.0284044 0.0358779 -0.0383512 -0.0447797 0.0484346 -0.0387217 -0.00513292 0.0242316 0.0220478 0.0124 0.0253421 0.0232628 0.0269151 -0.0204974 0.0303299 -0.0333245 -0.0224608
internal_weight=4908 3998 2170 308 1828 910 746 373 310 251 266 212 90 415 331 293 1082 1016 1862 698 242 206 456 1164 290 594 177 185 422 537 243 215 230 223 874 781 227 474 208 122 142 199 414 334 112 554 391 222 417 163 266 302
internal_count=4908 3998 2170 308 1828 910 746 373 310 251 266 212 90 415 331 293 1082 1016 1862 698 242 206 456 1164 290 594 177 185 422 537 243 215 230 223 874 781 227 474 208 122 142 199 414 334 112 554 391 222 417 163 266 302
is_linear=0
shrinkage=0.05


Tree=68
num_leaves=53
num_cat=0
split_feature=0 2 2 0 2 2 0 2 2 2 0 2 0 0 0 0 0 2 0 2 0 0 0 2 0 0 0 2 0 2 0 2 0 0 2 0 2 2 0 0 2 0 2 2 0 2 0 0 0 0 2 0
split_gain=410.162 132.639 100.179 137.143 84.9468 78.6167 66.7916 52.1178 79.5105 73.8851 51.8142 64.0755 106.069 48.9608 37.2865 58.5309 36.6493 36.583 29.0483 48.098 40.8293 39.8545 32.8607 28.0562 26.2789 22.3713 33.3242 21.7301 18.1569 15.0999 14.1114 15.4023 13.5022 11.5921 6.11604 6.45242 47.8481 5.52942 5.92887 4.40263 3.5879 3.13815 2.97574 5.66209 13.4126 2.07419 2.81803 1.94021 1.52398 1.34225 0.938473 0.0378299
threshold=1300.0000000000002 6.5000000000000009 2.5000000000000004 2550.0000000000005 8.5000000000000018 6.5000000000000009 1900.0000000000002 7.5000000000000009 8.5000000000000018 9.5000000000000018 1700.0000000000002 1.5000000000000002 1900.0000000000002 1700.0000000000002 2550.0000000000005 2350.0000000000005 2350.0000000000005 7.5000000000000009 1900.0000000000002 5.5000000000000009 2450.0000000000005 2100.0000000000005 2550.0000000000005 5.5000000000000009 1700.0000000000002 1900.0000000000002 2100.0000000000005 9.5000000000000018 1900.0000000000002 1.5000000000000002 2100.0000000000005 9.5000000000000018 1550.0000000000002 1550.0000000000002 3.5000000000000004 1550.0000000000002 4.5000000000000009 3.5000000000000004 1100.0000000000002 1900.0000000000002 5.5000000000000009 2100.0000000000005 3.5000000000000004 4.5000000000000009 2100.0000000000005 4.5000000000000009 1700.0000000000002 2250.0000000000005 1550.0000000000002 1700.0000000000002 2.5000000000000004 1700.0000000000002
decision_type=2 2 2 2 2 2 2 2 2 2 2 2 2 2 2 2 2 2 2 2 2 2 2 2 2 2 2 2 2 2 2 2 2 2 2 2 2 2 2 2 2 2 2 2 2 2 2 2 2 2 2 2
left_child=5 2 3 10 16 29 13 -7 -9 -10 -2 39 -13 32 15 30 17 28 23 22 21 -21 42 34 -25 48 -27 -15 33 -1 31 -8 -6 -3 -4 36 -36 50 -39 -12 -40 -30 -20 44 -44 49 -47 -45 -19 -37 -31 -50
right_child=1 4 18 -5 6 7 14 8 9 -11 11 12 -14 27 -16 -17 -18 25 19 20 -22 -23 -24 24 -26 26 -28 -29 41 37 -32 -33 -34 -35 35 45 -38 38 40 -41 -42 -43 43 47 -46 46 -48 -49 51 -51 -52 -53
leaf_value=-0.010379015831720262 -0.032458656357118379 0.0037057145498692991 0.040548325874792637 -0.085956581584399658 0.033203321372170046 0.037963855739623784 0.015221200425896728 -0.064149811712362004 0.05097770706883499 -0.01418122933461116 0.036197812852086661 0.031700148080524647 -0.080939427289095797 0.06923838042550616 -0.044228772740615041 0.05767942905426026 0.033296342465010557 -0.01457423643573471 0.031681570652872325 0.050844005262178762 0.0057455433998256922 0.10179951826439185 0.069435845807726895 0.021233079546679315 -0.010587591693109397 0.014787891782247105 -0.03433863822311322 0.034953422264048926 -0.008952352660042899 -0.035140746938330789 -0.035111683221267807 -0.011593241032471162 0.0079778872176903461 0.026557173874197888 -0.00029479746307645529 0.023775476338469412 0.049412076943998885 -0.054922860431851767 -0.024311344289198157 0.055204643711211192 -0.041849411585100804 0.0047957649170342143 -0.0011168073862791062 0.029957665250463002 0.034994177669286732 0.025960069352317011 0.017432250913842925 0.020590400387747929 -0.021814511324678151 0.032899757044182881 -0.029125516871353247 -0.020680884072395763
leaf_weight=63 54 104 93 42 83 63 114 59 56 195 59 57 33 90 38 50 66 115 80 155 36 51 42 192 98 130 47 95 140 112 28 101 147 119 70 73 157 66 41 63 101 59 72 118 40 214 177 104 175 90 154 127
leaf_count=63 54 104 93 42 83 63 114 59 56 195 59 57 33 90 38 50 66 115 80 155 36 51 42 192 98 130 47 95 140 112 28 101 147 119 70 73 157 66 41 63 101 59 72 118 40 214 177 104 175 90 154 127
internal_value=0.00916802 0.016064 0.0244227 -0.0019918 0.00614138 -0.0211287 0.0191221 -0.00349519 -0.0119207 0.000356223 0.0112658 0.0224032 -0.00960103 0.0324835 0.00236994 0.00841346 -0.00280837 -0.00515376 0.0287921 0.0368568 0.0548737 0.0634592 0.0272952 0.023956 0.0104799 -0.0131507 0.00174299 0.0516326 0.00610265 -0.033377 -0.00172357 0.00262465 0.017081 0.0159 0.0284275 0.0269841 0.034084 -0.0364337 -0.0425407 0.0460128 -0.0367856 -0.00487628 0.02302 0.0209454 0.01178 0.024075 0.0220997 0.0255694 -0.0194725 0.0288134 -0.0316582 -0.0213378
internal_weight=4908 3998 2170 308 1828 910 746 373 310 251 266 212 90 415 331 293 1082 1016 1862 698 242 206 456 1164 290 594 177 185 422 537 243 215 230 223 874 781 227 474 208 122 142 199 414 334 112 554 391 222 417 163 266 302
internal_count=4908 3998 2170 308 1828 910 746 373 310 251 266 212 90 415 331 293 1082 1016 1862 698 242 206 456 1164 290 594 177 185 422 537 243 215 230 223 874 781 227 474 208 122 142 199 414 334 112 554 391 222 417 163 266 302
is_linear=0
shrinkage=0.05


Tree=69
num_leaves=53
num_cat=0
split_feature=0 2 2 0 2 2 0 2 2 2 0 2 0 0 0 0 0 2 0 2 0 0 0 2 0 0 0 2 0 2 0 2 0 0 2 0 2 2 0 0 2 0 2 2 0 2 0 0 0 0 2 0
split_gain=370.171 119.706 90.4115 123.771 76.6644 70.9515 60.2794 47.0363 71.7583 66.6813 46.7623 57.8282 95.7272 44.1871 33.6511 52.8242 33.076 33.0162 26.2161 43.4085 36.8484 35.9687 29.6568 25.3207 23.7168 20.1901 30.0751 19.6114 16.3866 13.6277 12.7355 13.9006 12.1858 10.4619 5.51972 5.82332 43.1829 4.99031 5.35081 3.97337 3.23807 2.83217 2.68561 5.11003 12.1049 1.87195 2.54329 1.75104 1.37539 1.21139 0.846971 0.0341418
threshold=1300.0000000000002 6.5000000000000009 2.5000000000000004 2550.0000000000005 8.5000000000000018 6.5000000000000009 1900.0000000000002 7.5000000000000009 8.5000000000000018 9.5000000000000018 1700.0000000000002 1.5000000000000002 1900.0000000000002 1700.0000000000002 2550.0000000000005 2350.0000000000005 2350.0000000000005 7.5000000000000009 1900.0000000000002 5.5000000000000009 2450.0000000000005 2100.0000000000005 2550.0000000000005 5.5000000000000009 1700.0000000000002 1900.0000000000002 2100.0000000000005 9.5000000000000018 1900.0000000000002 1.5000000000000002 2100.0000000000005 9.5000000000000018 1550.0000000000002 1550.0000000000002 3.5000000000000004 1550.0000000000002 4.5000000000000009 3.5000000000000004 1100.0000000000002 1900.0000000000002 5.5000000000000009 2100.0000000000005 3.5000000000000004 4.5000000000000009 2100.0000000000005 4.5000000000000009 1700.0000000000002 2250.0000000000005 1550.0000000000002 1700.0000000000002 2.5000000000000004 1700.0000000000002
decision_type=2 2 2 2 2 2 2 2 2 2 2 2 2 2 2 2 2 2 2 2 2 2 2 2 2 2 2 2 2 2 2 2 2 2 2 2 2 2 2 2 2 2 2 2 2 2 2 2 2 2 2 2
left_child=5 2 3 10 16 29 13 -7 -9 -10 -2 39 -13 32 15 30 17 28 23 22 21 -21 42 34 -25 48 -27 -15 33 -1 31 -8 -6 -3 -4 36 -36 50 -39 -12 -40 -30 -20 44 -44 49 -47 -45 -19 -37 -31 -50
right_child=1 4 18 -5 6 7 14 8 9 -11 11 12 -14 27 -16 -17 -18 25 19 20 -22 -23 -24 24 -26 26 -28 -29 41 37 -32 -33 -34 -35 35 45 -38 38 40 -41 -42 -43 43 47 -46 46 -48 -49 51 -51 -52 -53
leaf_value=-0.0098600606123606382 -0.030835724870363873 0.0035204484270742308 0.038520905944288419 -0.081658752903430942 0.031543156993855917 0.036065662380248782 0.014460128297408423 -0.060942322154671463 0.048428812410150263 -0.013472171349403187 0.034387927552906136 0.030115141340515073 -0.076892442594874988 0.065776454806327822 -0.042017334248674543 0.05479545122385026 0.031631521700006542 -0.013845529559513799 0.030097499596886335 0.04830179966745838 0.0054582710119171277 0.096709545117382917 0.065964065971119076 0.020171434630174193 -0.010058211976168109 0.014048496438906745 -0.032621709308884243 0.033205760152716389 -0.0085047230443784164 -0.033383699400084364 -0.033356126717158728 -0.011013586634751594 0.0075789889713533884 0.025229326873516839 -0.00028005467993872507 0.022586694178299036 0.046941480287321057 -0.052176715930302944 -0.023095780465661027 0.052444417892940465 -0.039756924813581028 0.0045559782597978235 -0.0010609793994161819 0.028459772885129866 0.033244470059871675 0.024662080515942007 0.016560632373485189 0.0195608697939091 -0.020723785919802531 0.03125476969612969 -0.027669233625585384 -0.019646835328981749
leaf_weight=63 54 104 93 42 83 63 114 59 56 195 59 57 33 90 38 50 66 115 80 155 36 51 42 192 98 130 47 95 140 112 28 101 147 119 70 73 157 66 41 63 101 59 72 118 40 214 177 104 175 90 154 127
leaf_count=63 54 104 93 42 83 63 114 59 56 195 59 57 33 90 38 50 66 115 80 155 36 51 42 192 98 130 47 95 140 112 28 101 147 119 70 73 157 66 41 63 101 59 72 118 40 214 177 104 175 90 154 127
internal_value=0.00870962 0.0152608 0.0232016 -0.0018922 0.00583431 -0.0200723 0.018166 -0.00332043 -0.0113247 0.000338407 0.0107025 0.021283 -0.00912097 0.0308593 0.00225143 0.00799278 -0.00266795 -0.00489607 0.0273525 0.0350139 0.05213 0.0602862 0.0259304 0.0227582 0.0099559 -0.0124932 0.00165584 0.049051 0.00579753 -0.0317081 -0.0016374 0.00249341 0.0162269 0.015105 0.0270061 0.0256349 0.0323798 -0.034612 -0.0404137 0.0437122 -0.0349463 -0.00463245 0.021869 0.0198981 0.011191 0.0228713 0.0209947 0.0242909 -0.0184989 0.0273727 -0.0300753 -0.0202709
internal_weight=4908 3998 2170 308 1828 910 746 373 310 251 266 212 90 415 331 293 1082 1016 1862 698 242 206 456 1164 290 594 177 185 422 537 243 215 230 223 874 781 227 474 208 122 142 199 414 334 112 554 391 222 417 163 266 302
internal_count=4908 3998 2170 308 1828 910 746 373 310 251 266 212 90 415 331 293 1082 1016 1862 698 242 206 456 1164 290 594 177 185 422 537 243 215 230 223 874 781 227 474 208 122 142 199 414 334 112 554 391 222 417 163 266 302
is_linear=0
shrinkage=0.05


Tree=70
num_leaves=53
num_cat=0
split_feature=2 0 0 2 2 2 2 0 2 2 0 0 2 2 0 2 0 2 2 0 2 0 2 0 2 0 0 0 0 2 0 2 2 0 0 2 0 0 0 0 0 2 0 0 0 0 2 2 2 0 0 2
split_gain=353.113 249.255 131.229 184.174 58.6687 367.142 125.643 64.0137 55.278 210.095 106.416 46.1891 87.3472 67.4323 133.909 67.1208 43.0047 37.367 32.8111 143.765 260.571 91.2308 88.4774 31.5481 12.3236 110.198 45.5618 10.2413 18.2685 53.3649 6.81964 24.5324 6.65164 6.04463 5.78968 15.7896 5.2935 11.9129 4.41731 3.83591 4.24061 7.5588 35.2743 16.3886 3.00816 2.03078 1.71606 1.54066 1.08733 1.84951 0.574384 0.166158
threshold=5.5000000000000009 1550.0000000000002 1900.0000000000002 3.5000000000000004 1.5000000000000002 2.5000000000000004 3.5000000000000004 2550.0000000000005 7.5000000000000009 8.5000000000000018 2350.0000000000005 1450.0000000000002 1.5000000000000002 2.5000000000000004 1700.0000000000002 2.5000000000000004 2450.0000000000005 1.5000000000000002 8.5000000000000018 1300.0000000000002 7.5000000000000009 1300.0000000000002 6.5000000000000009 2550.0000000000005 4.5000000000000009 2100.0000000000005 2350.0000000000005 1700.0000000000002 1550.0000000000002 4.5000000000000009 2100.0000000000005 6.5000000000000009 4.5000000000000009 1300.0000000000002 1900.0000000000002 6.5000000000000009 2350.0000000000005 2550.0000000000005 1700.0000000000002 2100.0000000000005 1700.0000000000002 9.5000000000000018 1900.0000000000002 1900.0000000000002 1900.0000000000002 1100.0000000000002 4.5000000000000009 9.5000000000000018 6.5000000000000009 1700.0000000000002 2100.0000000000005 7.5000000000000009
decision_type=2 2 2 2 2 2 2 2 2 2 2 2 2 2 2 2 2 2 2 2 2 2 2 2 2 2 2 2 2 2 2 2 2 2 2 2 2 2 2 2 2 2 2 2 2 2 2 2 2 2 2 2
left_child=2 18 3 11 7 -6 23 -4 16 10 38 12 -1 14 -13 -14 30 -16 19 22 -21 47 -2 -7 25 -8 -26 28 32 -30 34 -32 33 45 48 -36 39 -38 -10 40 -11 43 -43 -42 -40 -5 -29 -20 49 -3 -46 -24
right_child=1 8 4 27 5 6 24 -9 9 36 -12 13 15 -15 17 -17 -18 -19 21 20 -22 -23 51 -25 26 -27 -28 46 29 -31 31 -33 -34 -35 35 -37 37 -39 44 -41 41 42 -44 -45 50 -47 -48 -49 -50 -51 -52 -53
leaf_value=-0.070772075117565697 0.00016821319858233133 0.015953699194739018 -0.066233761936931299 -0.050968888687760866 0.12794601637870073 -0.036267776772766921 0.032505382450533589 0.029232558369636535 0.032614779157771008 -0.003074641080496654 0.10792832421878028 0.055660646236589499 0.021359432443615892 0.042867455047737694 -0.012193754741123745 -0.028210748379167757 -0.044085273108421232 -0.070216771906072437 -0.020757848024368288 -0.036702166313363108 0.075957229056762998 -0.076126930562706752 -0.063149793714773458 -0.09409510814310873 -0.0064810299035957739 -0.068920017570950273 0.039734049589962378 -0.044396102908013879 0.0070473121541241805 -0.042341818273215009 0.043519137029425579 -0.0022732270175013047 -0.038470225861399539 -0.065073732687876779 -0.0081624766547278866 0.014429200465816097 0.0327556871175766 -0.003136654769958452 0.048405239577331241 -0.014410009569135206 -0.0022733608217433443 0.021383008933984315 -0.019055997899600441 0.026980295839409037 0.036514741323125648 -0.037062936221680991 -0.052948663979768752 -0.011612936410498112 0.0074690070709791685 0.0078549449573512425 0.043035730087886692 -0.059603089818523997
leaf_weight=64 105 203 59 73 56 77 71 25 180 146 63 53 124 97 56 152 39 55 61 97 109 77 61 34 117 43 98 87 75 202 59 58 144 65 162 148 50 43 126 29 86 104 112 108 127 41 180 188 116 108 46 72
leaf_count=64 105 203 59 73 56 77 71 25 180 146 63 53 124 97 56 152 39 55 61 97 109 77 61 34 117 43 98 87 75 202 59 58 144 65 162 148 50 43 126 29 86 104 112 108 127 41 180 188 116 108 46 72
internal_value=-0.00343978 0.00783745 -0.0193149 -0.0272705 0.000820904 0.00736513 -0.00798153 -0.0378212 0.0167124 0.0236314 0.046838 -0.00599916 -0.0181438 0.0098214 -0.00972414 -0.00594009 0.00725979 -0.0409439 -0.0165168 -0.00767268 0.0229089 -0.0285621 -0.0341424 -0.0539807 0.00753793 -0.00575157 0.0145844 -0.0420156 -0.0383905 -0.0289693 0.00960459 0.0208186 -0.04647 -0.0529056 0.00782434 0.00262323 0.00507971 0.0161603 0.0388032 0.00331818 0.00424285 0.0068486 0.000414635 0.0140122 0.0425287 -0.0459676 -0.0501619 -0.0138533 0.0116003 0.0131413 0.0382486 -0.0612298
internal_weight=4931 2883 2048 1468 580 496 440 84 2113 1220 542 601 340 261 164 276 893 111 770 444 206 326 238 111 329 114 215 867 600 277 854 117 323 179 737 310 678 93 479 585 556 410 216 194 299 114 267 249 427 311 173 133
internal_count=4931 2883 2048 1468 580 496 440 84 2113 1220 542 601 340 261 164 276 893 111 770 444 206 326 238 111 329 114 215 867 600 277 854 117 323 179 737 310 678 93 479 585 556 410 216 194 299 114 267 249 427 311 173 133
is_linear=0
shrinkage=0.05


Tree=71
num_leaves=53
num_cat=0
split_feature=2 0 0 2 2 2 2 0 2 2 0 0 2 2 0 2 0 2 2 0 2 0 2 0 2 0 0 0 0 2 0 2 2 0 0 2 0 0 0 0 0 2 0 0 0 0 2 2 2 0 0 2
split_gain=318.685 224.953 118.434 166.217 52.9485 331.346 113.393 57.7724 49.8884 189.611 96.0408 41.6857 78.8308 60.8576 120.853 60.5765 38.8117 33.7237 29.6121 129.748 235.165 82.3358 79.8508 28.4721 11.1221 99.454 41.1195 9.2428 16.4873 48.1618 6.15473 22.1405 6.0031 5.45529 5.22519 14.2502 4.77738 10.7514 3.98664 3.4619 3.82716 6.82181 31.8351 14.7907 2.71487 1.83277 1.54875 1.39045 0.981322 1.66918 0.518381 0.149958
threshold=5.5000000000000009 1550.0000000000002 1900.0000000000002 3.5000000000000004 1.5000000000000002 2.5000000000000004 3.5000000000000004 2550.0000000000005 7.5000000000000009 8.5000000000000018 2350.0000000000005 1450.0000000000002 1.5000000000000002 2.5000000000000004 1700.0000000000002 2.5000000000000004 2450.0000000000005 1.5000000000000002 8.5000000000000018 1300.0000000000002 7.5000000000000009 1300.0000000000002 6.5000000000000009 2550.0000000000005 4.5000000000000009 2100.0000000000005 2350.0000000000005 1700.0000000000002 1550.0000000000002 4.5000000000000009 2100.0000000000005 6.5000000000000009 4.5000000000000009 1300.0000000000002 1900.0000000000002 6.5000000000000009 2350.0000000000005 2550.0000000000005 1700.0000000000002 2100.0000000000005 1700.0000000000002 9.5000000000000018 1900.0000000000002 1900.0000000000002 1900.0000000000002 1100.0000000000002 4.5000000000000009 9.5000000000000018 6.5000000000000009 1700.0000000000002 2100.0000000000005 7.5000000000000009
decision_type=2 2 2 2 2 2 2 2 2 2 2 2 2 2 2 2 2 2 2 2 2 2 2 2 2 2 2 2 2 2 2 2 2 2 2 2 2 2 2 2 2 2 2 2 2 2 2 2 2 2 2 2
left_child=2 18 3 11 7 -6 23 -4 16 10 38 12 -1 14 -13 -14 30 -16 19 22 -21 47 -2 -7 25 -8 -26 28 32 -30 34 -32 33 45 48 -36 39 -38 -10 40 -11 43 -43 -42 -40 -5 -29 -20 49 -3 -46 -24
right_child=1 8 4 27 5 6 24 -9 9 36 -12 13 15 -15 17 -17 -18 -19 21 20 -22 -23 51 -25 26 -27 -28 46 29 -31 31 -33 -34 -35 35 -37 37 -39 44 -41 41 42 -44 -45 50 -47 -48 -49 -50 -51 -52 -53
leaf_value=-0.06723346933722496 0.00015979140996932984 0.015156020262631879 -0.062922067157292774 -0.048420430209538706 0.12154870600040471 -0.034454378495355702 0.030880101801643911 0.027770936012268068 0.03098402224481106 -0.0029209087998287322 0.10253190705700527 0.052877606985703957 0.02029145517416539 0.040724079775595175 -0.011584065215928216 -0.026800223675213366 -0.041881009275750378 -0.066705935434861627 -0.019719957523658627 -0.034867070200517006 0.072159381346657461 -0.072320591339043214 -0.059992306349707439 -0.089390347869245004 -0.0061569757361569985 -0.065474012866616249 0.037747350274300095 -0.042176302205557112 0.0066949581330021232 -0.04022473103924664 0.041343191278687984 -0.0021595733432934203 -0.036546726196279959 -0.061820056621844956 -0.0077543652639436873 0.013707739024146185 0.031117891654372218 -0.0029798140359479329 0.045984980369371084 -0.013689501968951063 -0.0021596896169750498 0.020313885120245127 -0.018103206570127182 0.025631287121386445 0.034689012645032463 -0.035209798231357482 -0.050301235549979742 -0.011032285699818997 0.0070955530354945831 0.007462197307635237 0.040883949131745367 -0.056622929188112417
leaf_weight=64 105 203 59 73 56 77 71 25 180 146 63 53 124 97 56 152 39 55 61 97 109 77 61 34 117 43 98 87 75 202 59 58 144 65 162 148 50 43 126 29 86 104 112 108 127 41 180 188 116 108 46 72
leaf_count=64 105 203 59 73 56 77 71 25 180 146 63 53 124 97 56 152 39 55 61 97 109 77 61 34 117 43 98 87 75 202 59 58 144 65 162 148 50 43 126 29 86 104 112 108 127 41 180 188 116 108 46 72
internal_value=-0.00326779 0.00744557 -0.0183492 -0.0259069 0.00077986 0.00699687 -0.00758245 -0.0359301 0.0158768 0.0224498 0.0444961 -0.0056992 -0.0172366 0.00933032 -0.00923793 -0.00564309 0.0068968 -0.0388967 -0.0156909 -0.00728905 0.0217634 -0.027134 -0.0324353 -0.0512816 0.00716103 -0.00546399 0.0138552 -0.0399148 -0.036471 -0.0275208 0.00912436 0.0197777 -0.0441465 -0.0502603 0.00743312 0.00249206 0.00482573 0.0153523 0.036863 0.00315228 0.00403072 0.00650617 0.000393912 0.0133116 0.0404023 -0.0436692 -0.0476538 -0.0131606 0.0110203 0.0124842 0.0363362 -0.0581683
internal_weight=4931 2883 2048 1468 580 496 440 84 2113 1220 542 601 340 261 164 276 893 111 770 444 206 326 238 111 329 114 215 867 600 277 854 117 323 179 737 310 678 93 479 585 556 410 216 194 299 114 267 249 427 311 173 133
internal_count=4931 2883 2048 1468 580 496 440 84 2113 1220 542 601 340 261 164 276 893 111 770 444 206 326 238 111 329 114 215 867 600 277 854 117 323 179 737 310 678 93 479 585 556 410 216 194 299 114 267 249 427 311 173 133
is_linear=0
shrinkage=0.05


Tree=72
num_leaves=53
num_cat=0
split_feature=2 0 0 2 2 2 2 0 2 2 0 0 2 2 0 2 0 2 2 0 2 0 2 0 2 0 0 0 0 2 0 2 2 0 0 2 0 0 0 0 0 2 0 0 0 0 2 2 2 0 0 2
split_gain=287.613 203.02 106.887 150.011 47.786 299.039 102.337 52.1396 45.0243 171.124 86.6768 37.6213 71.1448 54.924 109.07 54.6703 35.0276 30.4356 26.7249 117.097 212.237 74.308 72.0654 25.6961 10.0377 89.7573 37.1104 8.34162 14.8798 43.4661 5.55464 19.9818 5.41779 4.92339 4.71573 12.8607 4.31158 9.70315 3.59793 3.12437 3.454 6.15667 28.7311 13.3486 2.45017 1.65408 1.39775 1.25488 0.885642 1.50644 0.467839 0.135337
threshold=5.5000000000000009 1550.0000000000002 1900.0000000000002 3.5000000000000004 1.5000000000000002 2.5000000000000004 3.5000000000000004 2550.0000000000005 7.5000000000000009 8.5000000000000018 2350.0000000000005 1450.0000000000002 1.5000000000000002 2.5000000000000004 1700.0000000000002 2.5000000000000004 2450.0000000000005 1.5000000000000002 8.5000000000000018 1300.0000000000002 7.5000000000000009 1300.0000000000002 6.5000000000000009 2550.0000000000005 4.5000000000000009 2100.0000000000005 2350.0000000000005 1700.0000000000002 1550.0000000000002 4.5000000000000009 2100.0000000000005 6.5000000000000009 4.5000000000000009 1300.0000000000002 1900.0000000000002 6.5000000000000009 2350.0000000000005 2550.0000000000005 1700.0000000000002 2100.0000000000005 1700.0000000000002 9.5000000000000018 1900.0000000000002 1900.0000000000002 1900.0000000000002 1100.0000000000002 4.5000000000000009 9.5000000000000018 6.5000000000000009 1700.0000000000002 2100.0000000000005 7.5000000000000009
decision_type=2 2 2 2 2 2 2 2 2 2 2 2 2 2 2 2 2 2 2 2 2 2 2 2 2 2 2 2 2 2 2 2 2 2 2 2 2 2 2 2 2 2 2 2 2 2 2 2 2 2 2 2
left_child=2 18 3 11 7 -6 23 -4 16 10 38 12 -1 14 -13 -14 30 -16 19 22 -21 47 -2 -7 25 -8 -26 28 32 -30 34 -32 33 45 48 -36 39 -38 -10 40 -11 43 -43 -42 -40 -5 -29 -20 49 -3 -46 -24
right_child=1 8 4 27 5 6 24 -9 9 36 -12 13 15 -15 17 -17 -18 -19 21 20 -22 -23 51 -25 26 -27 -28 46 29 -31 31 -33 -34 -35 35 -37 37 -39 44 -41 41 42 -44 -45 50 -47 -48 -49 -50 -51 -52 -53
leaf_value=-0.063871794927399611 0.00015181479709489007 0.014398224493993328 -0.059775964890496205 -0.045999414790166566 0.11547128226874132 -0.032731659720083336 0.029336097710569144 0.026382391571998599 0.029434838692347212 -0.0027748491372657966 0.097405316668843472 0.050233726284273396 0.019276884267286909 0.038687877399251641 -0.011004873258726938 -0.025460214363901241 -0.039786957519558762 -0.06337063269181685 -0.01873395951067815 -0.033123713247862056 0.068551419741995287 -0.068704556918086176 -0.056992684426854873 -0.084920832821551495 -0.0058491281018807342 -0.062200309009139622 0.03585997469229054 -0.040067480487385017 0.0063602096761266394 -0.038213506349740495 0.039276021605325957 -0.0020515906913527128 -0.034719390065098804 -0.058729047637719384 -0.0073666330357944525 0.013022350328596864 0.029561993807554244 -0.0028308242559432987 0.043685742834257704 -0.013005022293534771 -0.0020517070636932931 0.019298168314764136 -0.017198020213150554 0.024349706557889782 0.03295456547084756 -0.033449293927448553 -0.047786172752579056 -0.010480678969241203 0.0067407805970388247 0.0070890788333835431 0.03883975245787398 -0.053791782560033932
leaf_weight=64 105 203 59 73 56 77 71 25 180 146 63 53 124 97 56 152 39 55 61 97 109 77 61 34 117 43 98 87 75 202 59 58 144 65 162 148 50 43 126 29 86 104 112 108 127 41 180 188 116 108 46 72
leaf_count=64 105 203 59 73 56 77 71 25 180 146 63 53 124 97 56 152 39 55 61 97 109 77 61 34 117 43 98 87 75 202 59 58 144 65 162 148 50 43 126 29 86 104 112 108 127 41 180 188 116 108 46 72
internal_value=-0.0031044 0.0070733 -0.0174317 -0.0246116 0.000740867 0.00664703 -0.00720333 -0.0341336 0.0150829 0.0213273 0.0422713 -0.00541424 -0.0163747 0.00886381 -0.00877604 -0.00536094 0.00655197 -0.0369519 -0.0149064 -0.00692459 0.0206753 -0.0257773 -0.0308135 -0.0487175 0.00680298 -0.00519079 0.0131625 -0.0379191 -0.0346475 -0.0261448 0.00866815 0.0187888 -0.0419392 -0.0477473 0.00706147 0.00236746 0.00458444 0.0145847 0.0350199 0.00299467 0.00382918 0.00618086 0.000374219 0.012646 0.0383821 -0.0414858 -0.0452711 -0.0125026 0.0104693 0.01186 0.0345194 -0.0552599
internal_weight=4931 2883 2048 1468 580 496 440 84 2113 1220 542 601 340 261 164 276 893 111 770 444 206 326 238 111 329 114 215 867 600 277 854 117 323 179 737 310 678 93 479 585 556 410 216 194 299 114 267 249 427 311 173 133
internal_count=4931 2883 2048 1468 580 496 440 84 2113 1220 542 601 340 261 164 276 893 111 770 444 206 326 238 111 329 114 215 867 600 277 854 117 323 179 737 310 678 93 479 585 556 410 216 194 299 114 267 249 427 311 173 133
is_linear=0
shrinkage=0.05


Tree=73
num_leaves=53
num_cat=0
split_feature=2 0 0 2 2 2 2 0 2 2 0 0 2 2 0 2 0 2 2 0 2 0 2 0 2 0 0 0 0 2 0 2 2 0 0 2 0 0 0 0 0 2 0 0 0 0 2 2 2 0 0 2
split_gain=259.571 183.225 96.4653 135.385 43.1269 269.883 92.3592 47.056 40.6344 154.439 78.2258 33.9532 64.2082 49.569 98.4355 49.34 31.6124 27.4682 24.1192 105.68 191.544 67.063 65.039 23.1907 9.05901 81.0059 33.4921 7.52831 13.429 39.2281 5.01307 18.0336 4.88956 4.44336 4.25595 11.6068 3.8912 8.7571 3.24714 2.81974 3.11723 5.55641 25.9299 12.0471 2.21128 1.49281 1.26147 1.13253 0.79929 1.35956 0.422226 0.122142
threshold=5.5000000000000009 1550.0000000000002 1900.0000000000002 3.5000000000000004 1.5000000000000002 2.5000000000000004 3.5000000000000004 2550.0000000000005 7.5000000000000009 8.5000000000000018 2350.0000000000005 1450.0000000000002 1.5000000000000002 2.5000000000000004 1700.0000000000002 2.5000000000000004 2450.0000000000005 1.5000000000000002 8.5000000000000018 1300.0000000000002 7.5000000000000009 1300.0000000000002 6.5000000000000009 2550.0000000000005 4.5000000000000009 2100.0000000000005 2350.0000000000005 1700.0000000000002 1550.0000000000002 4.5000000000000009 2100.0000000000005 6.5000000000000009 4.5000000000000009 1300.0000000000002 1900.0000000000002 6.5000000000000009 2350.0000000000005 2550.0000000000005 1700.0000000000002 2100.0000000000005 1700.0000000000002 9.5000000000000018 1900.0000000000002 1900.0000000000002 1900.0000000000002 1100.0000000000002 4.5000000000000009 9.5000000000000018 6.5000000000000009 1700.0000000000002 2100.0000000000005 7.5000000000000009
decision_type=2 2 2 2 2 2 2 2 2 2 2 2 2 2 2 2 2 2 2 2 2 2 2 2 2 2 2 2 2 2 2 2 2 2 2 2 2 2 2 2 2 2 2 2 2 2 2 2 2 2 2 2
left_child=2 18 3 11 7 -6 23 -4 16 10 38 12 -1 14 -13 -14 30 -16 19 22 -21 47 -2 -7 25 -8 -26 28 32 -30 34 -32 33 45 48 -36 39 -38 -10 40 -11 43 -43 -42 -40 -5 -29 -20 49 -3 -46 -24
right_child=1 8 4 27 5 6 24 -9 9 36 -12 13 15 -15 17 -17 -18 -19 21 20 -22 -23 51 -25 26 -27 -28 46 29 -31 31 -33 -34 -35 35 -37 37 -39 44 -41 41 42 -44 -45 50 -47 -48 -49 -50 -51 -52 -53
leaf_value=-0.060678215778898453 0.00014421269297599794 0.013678305023556273 -0.056787170621298122 -0.043699449372209917 0.10969771812004703 -0.031095080793677989 0.027869295738112761 0.025063270330429079 0.027963080857363012 -0.002636106012465611 0.092535049527410485 0.047722042766004308 0.018313042711346383 0.036753504056022644 -0.010454614247594562 -0.024187194144255238 -0.037797612353013113 -0.060202126232060518 -0.017797260597103931 -0.031467530261917218 0.065123842588258443 -0.065269330119738331 -0.054143065311869631 -0.080674789780203038 -0.0055566663320502667 -0.05909028862451398 0.034066974995087609 -0.038064105628893292 0.0060421953474481902 -0.036302827866655764 0.037312220340057954 -0.0019490105324778064 -0.032983418409195213 -0.055792593405796932 -0.0069983034049747169 0.01237122482947401 0.028083893992006781 -0.0026892880367678264 0.041501452569805447 -0.012354769018189661 -0.001949118535835729 0.018333263122118439 -0.016338146078799451 0.023132223056422343 0.031306829541100291 -0.031776825683872877 -0.045396869257092479 -0.0099566364383443882 0.0064037390807964688 0.0067346219594279933 0.036897771279125108 -0.051102202665060763
leaf_weight=64 105 203 59 73 56 77 71 25 180 146 63 53 124 97 56 152 39 55 61 97 109 77 61 34 117 43 98 87 75 202 59 58 144 65 162 148 50 43 126 29 86 104 112 108 127 41 180 188 116 108 46 72
leaf_count=64 105 203 59 73 56 77 71 25 180 146 63 53 124 97 56 152 39 55 61 97 109 77 61 34 117 43 98 87 75 202 59 58 144 65 162 148 50 43 126 29 86 104 112 108 127 41 180 188 116 108 46 72
internal_value=-0.00294918 0.00671963 -0.0165601 -0.023381 0.000703824 0.00631468 -0.00684317 -0.0324269 0.0143288 0.0202609 0.0401578 -0.00514353 -0.015556 0.00842062 -0.00833724 -0.00509288 0.00622436 -0.0351043 -0.0141611 -0.00657837 0.0196415 -0.0244884 -0.0292729 -0.0462817 0.00646283 -0.00493125 0.0125043 -0.0360231 -0.0329151 -0.0248376 0.00823473 0.0178494 -0.0398422 -0.0453599 0.00670839 0.00224908 0.00435522 0.0138554 0.0332689 0.00284493 0.00363772 0.00587181 0.000355495 0.0120137 0.036463 -0.0394115 -0.0430075 -0.0118774 0.00994583 0.011267 0.0327934 -0.0524969
internal_weight=4931 2883 2048 1468 580 496 440 84 2113 1220 542 601 340 261 164 276 893 111 770 444 206 326 238 111 329 114 215 867 600 277 854 117 323 179 737 310 678 93 479 585 556 410 216 194 299 114 267 249 427 311 173 133
internal_count=4931 2883 2048 1468 580 496 440 84 2113 1220 542 601 340 261 164 276 893 111 770 444 206 326 238 111 329 114 215 867 600 277 854 117 323 179 737 310 678 93 479 585 556 410 216 194 299 114 267 249 427 311 173 133
is_linear=0
shrinkage=0.05


Tree=74
num_leaves=53
num_cat=0
split_feature=2 0 0 2 2 2 2 0 2 2 0 0 2 2 0 2 0 2 2 0 2 0 2 0 2 0 0 0 0 2 0 2 2 0 0 2 0 0 0 0 0 2 0 0 0 0 2 2 2 0 0 2
split_gain=234.263 165.361 87.06 122.185 38.922 243.569 83.3542 42.468 36.6726 139.381 70.5988 30.6428 57.9479 44.736 88.838 44.5293 28.5302 24.7901 21.7676 95.3764 172.868 60.5244 58.6977 20.9296 8.17577 73.1078 30.2266 6.7943 12.1197 35.4034 4.52429 16.2753 4.41284 4.01013 3.84101 10.4752 3.51181 7.90328 2.93053 2.54481 2.81329 5.01466 23.4017 10.8725 1.99568 1.34726 1.13847 1.02211 0.721359 1.22701 0.38106 0.110234
threshold=5.5000000000000009 1550.0000000000002 1900.0000000000002 3.5000000000000004 1.5000000000000002 2.5000000000000004 3.5000000000000004 2550.0000000000005 7.5000000000000009 8.5000000000000018 2350.0000000000005 1450.0000000000002 1.5000000000000002 2.5000000000000004 1700.0000000000002 2.5000000000000004 2450.0000000000005 1.5000000000000002 8.5000000000000018 1300.0000000000002 7.5000000000000009 1300.0000000000002 6.5000000000000009 2550.0000000000005 4.5000000000000009 2100.0000000000005 2350.0000000000005 1700.0000000000002 1550.0000000000002 4.5000000000000009 2100.0000000000005 6.5000000000000009 4.5000000000000009 1300.0000000000002 1900.0000000000002 6.5000000000000009 2350.0000000000005 2550.0000000000005 1700.0000000000002 2100.0000000000005 1700.0000000000002 9.5000000000000018 1900.0000000000002 1900.0000000000002 1900.0000000000002 1100.0000000000002 4.5000000000000009 9.5000000000000018 6.5000000000000009 1700.0000000000002 2100.0000000000005 7.5000000000000009
decision_type=2 2 2 2 2 2 2 2 2 2 2 2 2 2 2 2 2 2 2 2 2 2 2 2 2 2 2 2 2 2 2 2 2 2 2 2 2 2 2 2 2 2 2 2 2 2 2 2 2 2 2 2
left_child=2 18 3 11 7 -6 23 -4 16 10 38 12 -1 14 -13 -14 30 -16 19 22 -21 47 -2 -7 25 -8 -26 28 32 -30 34 -32 33 45 48 -36 39 -38 -10 40 -11 43 -43 -42 -40 -5 -29 -20 49 -3 -46 -24
right_child=1 8 4 27 5 6 24 -9 9 36 -12 13 15 -15 17 -17 -18 -19 21 20 -22 -23 51 -25 26 -27 -28 46 29 -31 31 -33 -34 -35 35 -37 37 -39 44 -41 41 42 -44 -45 50 -47 -48 -49 -50 -51 -52 -53
leaf_value=-0.057644300359243061 0.0001369960889929817 0.012994400808000434 -0.05394782461857392 -0.041514475123114784 0.10421281563384194 -0.029540337293179005 0.026475822883592529 0.023810112237930298 0.026564942809442677 -0.0025042951885253604 0.087908304589135317 0.045335935622031961 0.017397396220645355 0.034915814251091679 -0.0099318964140755802 -0.022977838116256814 -0.035907729122883238 -0.05719201786951586 -0.016907395104892919 -0.029894156669525759 0.061867638752547971 -0.062005860048842121 -0.051435906281236746 -0.076641043494729444 -0.0052788353692262598 -0.056135776794927067 0.032363634784610906 -0.036160907080803793 0.0057400794029235846 -0.034487689839817801 0.035446622210033869 -0.0018515660331167025 -0.031334237045504983 -0.053002969118265013 -0.0066483961027345544 0.011752668586937158 0.026679703027009966 -0.0025548225745212205 0.039426373727323993 -0.011737027224795573 -0.0018516562294301599 0.017416593145865661 -0.015521234759528721 0.021975612937024349 0.029741480128883613 -0.030187993442139977 -0.04312702136735122 -0.0094588054145904304 0.0060835632784613253 0.0063979004613227315 0.035052878927925357 -0.048547078213757942
leaf_weight=64 105 203 59 73 56 77 71 25 180 146 63 53 124 97 56 152 39 55 61 97 109 77 61 34 117 43 98 87 75 202 59 58 144 65 162 148 50 43 126 29 86 104 112 108 127 41 180 188 116 108 46 72
leaf_count=64 105 203 59 73 56 77 71 25 180 146 63 53 124 97 56 152 39 55 61 97 109 77 61 34 117 43 98 87 75 202 59 58 144 65 162 148 50 43 126 29 86 104 112 108 127 41 180 188 116 108 46 72
internal_value=-0.00280172 0.00638365 -0.0157321 -0.022212 0.000668629 0.00599894 -0.00650101 -0.0308056 0.0136123 0.0192479 0.0381499 -0.00488635 -0.0147782 0.00799958 -0.00792038 -0.00483824 0.00591315 -0.0333491 -0.013453 -0.00624945 0.0186594 -0.023264 -0.0278092 -0.0439676 0.00613969 -0.00468469 0.0118791 -0.034222 -0.0312693 -0.0235957 0.007823 0.0169569 -0.0378501 -0.0430919 0.00637298 0.00213663 0.00413746 0.0131627 0.0316055 0.00270268 0.00345583 0.00557822 0.000337719 0.011413 0.0346399 -0.0374409 -0.0408572 -0.0112836 0.00944855 0.0107037 0.0311538 -0.049872
internal_weight=4931 2883 2048 1468 580 496 440 84 2113 1220 542 601 340 261 164 276 893 111 770 444 206 326 238 111 329 114 215 867 600 277 854 117 323 179 737 310 678 93 479 585 556 410 216 194 299 114 267 249 427 311 173 133
internal_count=4931 2883 2048 1468 580 496 440 84 2113 1220 542 601 340 261 164 276 893 111 770 444 206 326 238 111 329 114 215 867 600 277 854 117 323 179 737 310 678 93 479 585 556 410 216 194 299 114 267 249 427 311 173 133
is_linear=0
shrinkage=0.05


Tree=75
num_leaves=53
num_cat=0
split_feature=0 2 2 2 2 2 0 0 2 0 2 0 0 2 2 0 2 0 0 2 0 2 2 0 0 0 2 0 0 2 2 2 0 2 0 0 0 2 2 2 2 2 2 0 0 0 2 2 0 2 0 0
split_gain=82.4735 214.822 140.649 77.9942 295.697 76.9189 91.482 87.7794 63.6743 44.2135 92.1534 41.8528 25.1721 64.3209 24.0834 26.4362 68.1669 35.4579 22.2479 18.3236 36.2622 140.305 38.5356 59.5979 23.4845 31.8221 34.6807 21.0168 44.8198 17.2726 16.8707 16.186 15.0077 14.5359 14.2203 13.8503 12.3897 12.0917 11.8457 11.6993 9.78298 9.12767 8.82817 6.94201 4.42781 3.84928 3.74723 3.39178 1.06956 0.904794 0.244274 0.221738
threshold=2100.0000000000005 9.5000000000000018 1.5000000000000002 7.5000000000000009 6.5000000000000009 8.5000000000000018 2350.0000000000005 2350.0000000000005 8.5000000000000018 2350.0000000000005 4.5000000000000009 1900.0000000000002 1300.0000000000002 9.5000000000000018 3.5000000000000004 1900.0000000000002 1.5000000000000002 1700.0000000000002 1450.0000000000002 6.5000000000000009 1300.0000000000002 7.5000000000000009 7.5000000000000009 1900.0000000000002 1300.0000000000002 1700.0000000000002 5.5000000000000009 1550.0000000000002 1900.0000000000002 3.5000000000000004 4.5000000000000009 1.5000000000000002 1700.0000000000002 1.5000000000000002 2450.0000000000005 1700.0000000000002 1900.0000000000002 5.5000000000000009 9.5000000000000018 2.5000000000000004 2.5000000000000004 2.5000000000000004 4.5000000000000009 1550.0000000000002 1550.0000000000002 1100.0000000000002 5.5000000000000009 9.5000000000000018 1550.0000000000002 4.5000000000000009 1900.0000000000002 1550.0000000000002
decision_type=2 2 2 2 2 2 2 2 2 2 2 2 2 2 2 2 2 2 2 2 2 2 2 2 2 2 2 2 2 2 2 2 2 2 2 2 2 2 2 2 2 2 2 2 2 2 2 2 2 2 2 2
left_child=8 2 -2 4 9 7 -7 -5 14 10 -4 12 13 -10 15 17 -17 18 31 24 21 -21 27 35 37 30 36 -22 -29 -11 51 -1 44 -19 -31 43 42 45 -13 -35 -33 -18 -27 -24 -14 -16 48 -34 -32 -38 -28 -26
right_child=1 -3 3 5 -6 6 -8 -9 11 29 -12 38 32 -15 19 16 41 33 -20 20 22 -23 23 -25 25 26 50 28 -30 34 46 40 47 39 -36 -37 49 -39 -40 -41 -42 -43 -44 -45 -46 -47 -48 -49 -50 -51 -52 -53
leaf_value=0.016560999793751585 0.075752919415632891 0.11489373577965632 0.011543927987416587 0.079189298626704097 -0.16195994639396669 -0.12673207521438598 -0.010948922497741247 -0.017487224431361182 -0.064753159265669574 -0.043800156905005383 -0.096086250681240687 -0.045122306617823515 -0.0019616283193419253 -0.0062181823279546661 -0.005466151069084259 0.016869030230575139 -0.069376921568598079 -0.0067764109916101075 -0.040549465907471521 -0.034009542917051626 -0.013827565631976253 0.067958730781400523 -0.019941323011293324 0.014096878586080519 -0.0025066672380153949 -0.002202387739505087 0.0134505878408662 0.035500061047077182 -0.0052262982949107684 -0.02064109487772578 0.019518544081961964 -0.022673626104767763 -0.0039768580315906682 0.039840169478270966 0.010955767536705192 -0.010402091368472666 0.006586186950271195 -0.022075721857083196 -0.022072511009740094 0.011128436995858557 -0.0035734162304052125 -0.038518710517765661 -0.020946060580866677 -0.035929984963602495 0.012664293996989729 0.01339175073906433 0.014046480820523392 -0.017159723318009464 0.024965914779342711 -0.00040016861692551649 0.016507413467812922 0.0016076392494142056
leaf_weight=62 30 27 30 39 50 24 59 59 63 48 59 110 79 184 73 63 35 59 56 62 95 74 109 138 65 98 113 125 147 101 164 117 89 59 55 133 74 102 113 89 157 76 175 180 150 43 204 108 200 124 155 66
leaf_count=62 30 27 30 39 50 24 59 59 63 48 59 110 79 184 73 63 35 59 56 62 95 74 109 138 65 98 113 125 147 101 164 117 89 59 55 133 74 102 113 89 157 76 175 180 150 43 204 108 200 124 155 66
internal_value=-0.00512277 -0.0228254 -0.0295373 -0.0355654 -0.0495783 -0.00901061 -0.0444284 0.0209861 -0.00277883 -0.0304006 -0.0598064 -0.0146694 -0.0084489 -0.0211482 0.000272126 -0.00751553 -0.0246716 -0.00253195 -0.011372 0.00248612 -0.002637 0.0214732 -0.0061742 -0.014427 0.0057747 0.00809305 0.000859172 0.00641859 0.0134899 -0.0175715 0.0157409 -0.0065091 -0.00108572 0.0142087 -0.00950118 -0.0237547 -0.00731133 -0.00951792 -0.0334424 0.0225743 -0.0117293 -0.0482488 -0.0142176 -0.0298997 0.00761867 0.00152428 0.0194713 -0.011204 0.0225116 0.00221089 0.0152185 -0.000433811
internal_weight=4969 581 554 524 343 181 83 98 4388 293 89 896 673 247 3492 773 174 599 392 2719 1063 136 927 560 1656 1438 739 367 272 204 699 336 426 207 156 422 471 218 223 148 274 111 273 289 229 116 568 197 364 198 268 131
internal_count=4969 581 554 524 343 181 83 98 4388 293 89 896 673 247 3492 773 174 599 392 2719 1063 136 927 560 1656 1438 739 367 272 204 699 336 426 207 156 422 471 218 223 148 274 111 273 289 229 116 568 197 364 198 268 131
is_linear=0
shrinkage=0.05


Tree=76
num_leaves=53
num_cat=0
split_feature=0 2 2 2 2 2 0 0 2 0 2 0 0 2 2 0 2 0 0 2 0 2 2 0 0 0 2 0 0 2 2 2 0 2 0 0 0 2 2 2 2 2 2 0 0 0 2 2 0 2 0 0
split_gain=74.4323 193.877 126.936 70.3898 266.867 69.4193 82.5626 79.2209 57.466 39.9027 83.1685 37.7722 22.7178 58.0496 21.7352 23.8587 61.5206 32.0008 20.0788 16.537 32.7266 126.626 34.7784 53.7872 21.1948 28.7194 31.2993 18.9676 40.4499 15.5885 15.2258 14.6079 13.5445 13.1186 12.8338 12.4999 11.1817 10.9127 10.6907 10.5586 8.82914 8.23774 7.96743 6.26515 3.99611 3.47397 3.38188 3.06107 0.965275 0.816576 0.220456 0.200118
threshold=2100.0000000000005 9.5000000000000018 1.5000000000000002 7.5000000000000009 6.5000000000000009 8.5000000000000018 2350.0000000000005 2350.0000000000005 8.5000000000000018 2350.0000000000005 4.5000000000000009 1900.0000000000002 1300.0000000000002 9.5000000000000018 3.5000000000000004 1900.0000000000002 1.5000000000000002 1700.0000000000002 1450.0000000000002 6.5000000000000009 1300.0000000000002 7.5000000000000009 7.5000000000000009 1900.0000000000002 1300.0000000000002 1700.0000000000002 5.5000000000000009 1550.0000000000002 1900.0000000000002 3.5000000000000004 4.5000000000000009 1.5000000000000002 1700.0000000000002 1.5000000000000002 2450.0000000000005 1700.0000000000002 1900.0000000000002 5.5000000000000009 9.5000000000000018 2.5000000000000004 2.5000000000000004 2.5000000000000004 4.5000000000000009 1550.0000000000002 1550.0000000000002 1100.0000000000002 5.5000000000000009 9.5000000000000018 1550.0000000000002 4.5000000000000009 1900.0000000000002 1550.0000000000002
decision_type=2 2 2 2 2 2 2 2 2 2 2 2 2 2 2 2 2 2 2 2 2 2 2 2 2 2 2 2 2 2 2 2 2 2 2 2 2 2 2 2 2 2 2 2 2 2 2 2 2 2 2 2
left_child=8 2 -2 4 9 7 -7 -5 14 10 -4 12 13 -10 15 17 -17 18 31 24 21 -21 27 35 37 30 36 -22 -29 -11 51 -1 44 -19 -31 43 42 45 -13 -35 -33 -18 -27 -24 -14 -16 48 -34 -32 -38 -28 -26
right_child=1 -3 3 5 -6 6 -8 -9 11 29 -12 38 32 -15 19 16 41 33 -20 20 22 -23 23 -25 25 26 50 28 -30 34 46 40 47 39 -36 -37 49 -39 -40 -41 -42 -43 -44 -45 -46 -47 -48 -49 -50 -51 -52 -53
leaf_value=0.015732958827227837 0.071965283950169878 0.10914903415573969 0.010966753164927165 0.075229833609400665 -0.15386193528771402 -0.12039547401169937 -0.010401465655383418 -0.016612849952810902 -0.061515487564934627 -0.04161014156416059 -0.091281954603174995 -0.042866188484159386 -0.0018635568786648255 -0.0059072711059580682 -0.0051928355320267489 0.016025566558043162 -0.065908090025186536 -0.0064375834760524459 -0.038521983557646827 -0.032309057635645712 -0.013136169254338663 0.064560790319700509 -0.01894425915195308 0.013392042882902466 -0.002381334763306838 -0.0020922589134805057 0.012778057626127144 0.033725066949054604 -0.004964983924513772 -0.019609038911686087 0.018542620198937453 -0.021539937187400132 -0.0037780131370331463 0.037848163156186124 0.010407977754419501 -0.0098819832604630561 0.0062568710865201181 -0.020971934745709103 -0.020968895359376891 0.01057202642511451 -0.003394737146842252 -0.036592770067631807 -0.019898751982620786 -0.034133470323350699 0.012031075711051623 0.012722154620081881 0.013344137122690239 -0.016301720230667682 0.023717607613652946 -0.00038016462518322854 0.015682037025690081 0.001527257531768445
leaf_weight=62 30 27 30 39 50 24 59 59 63 48 59 110 79 184 73 63 35 59 56 62 95 74 109 138 65 98 113 125 147 101 164 117 89 59 55 133 74 102 113 89 157 76 175 180 150 43 204 108 200 124 155 66
leaf_count=62 30 27 30 39 50 24 59 59 63 48 59 110 79 184 73 63 35 59 56 62 95 74 109 138 65 98 113 125 147 101 164 117 89 59 55 133 74 102 113 89 157 76 175 180 150 43 204 108 200 124 155 66
internal_value=-0.00486663 -0.0216841 -0.0280605 -0.0337871 -0.0470994 -0.00856007 -0.042207 0.0199368 -0.00263988 -0.0288805 -0.0568161 -0.0139359 -0.00802645 -0.0200907 0.000258521 -0.00713974 -0.0234381 -0.00240534 -0.0108034 0.00236182 -0.00250515 0.0203995 -0.00586549 -0.0137056 0.00548596 0.00768839 0.000816213 0.00609767 0.0128154 -0.0166929 0.0149538 -0.00618364 -0.00103143 0.0134982 -0.00902612 -0.0225669 -0.00694576 -0.00904203 -0.0317703 0.0214456 -0.0111429 -0.0458363 -0.0135067 -0.0284047 0.00723773 0.00144807 0.0184977 -0.0106438 0.021386 0.00210034 0.0144576 -0.00041212
internal_weight=4969 581 554 524 343 181 83 98 4388 293 89 896 673 247 3492 773 174 599 392 2719 1063 136 927 560 1656 1438 739 367 272 204 699 336 426 207 156 422 471 218 223 148 274 111 273 289 229 116 568 197 364 198 268 131
internal_count=4969 581 554 524 343 181 83 98 4388 293 89 896 673 247 3492 773 174 599 392 2719 1063 136 927 560 1656 1438 739 367 272 204 699 336 426 207 156 422 471 218 223 148 274 111 273 289 229 116 568 197 364 198 268 131
is_linear=0
shrinkage=0.05


Tree=77
num_leaves=53
num_cat=0
split_feature=0 2 2 2 2 2 0 0 2 0 2 0 0 2 2 0 2 0 0 2 0 2 2 0 0 0 2 0 0 2 2 2 0 2 0 0 0 2 2 2 2 2 2 0 0 0 2 2 0 2 0 0
split_gain=67.1752 174.974 114.559 63.5268 240.847 62.651 74.5127 71.4968 51.8631 36.0122 75.0596 34.0894 20.5028 52.3898 19.6161 21.5325 55.5224 28.8807 18.1211 14.9247 29.5358 114.28 31.3875 48.5429 19.1283 25.9192 28.2476 17.1183 36.506 14.0687 13.7413 13.1836 12.2239 11.8396 11.5825 11.2811 10.0915 9.84873 9.64839 9.52912 7.9683 7.43455 7.19061 5.65429 3.60648 3.13526 3.05214 2.76261 0.87116 0.736961 0.19896 0.180605
threshold=2100.0000000000005 9.5000000000000018 1.5000000000000002 7.5000000000000009 6.5000000000000009 8.5000000000000018 2350.0000000000005 2350.0000000000005 8.5000000000000018 2350.0000000000005 4.5000000000000009 1900.0000000000002 1300.0000000000002 9.5000000000000018 3.5000000000000004 1900.0000000000002 1.5000000000000002 1700.0000000000002 1450.0000000000002 6.5000000000000009 1300.0000000000002 7.5000000000000009 7.5000000000000009 1900.0000000000002 1300.0000000000002 1700.0000000000002 5.5000000000000009 1550.0000000000002 1900.0000000000002 3.5000000000000004 4.5000000000000009 1.5000000000000002 1700.0000000000002 1.5000000000000002 2450.0000000000005 1700.0000000000002 1900.0000000000002 5.5000000000000009 9.5000000000000018 2.5000000000000004 2.5000000000000004 2.5000000000000004 4.5000000000000009 1550.0000000000002 1550.0000000000002 1100.0000000000002 5.5000000000000009 9.5000000000000018 1550.0000000000002 4.5000000000000009 1900.0000000000002 1550.0000000000002
decision_type=2 2 2 2 2 2 2 2 2 2 2 2 2 2 2 2 2 2 2 2 2 2 2 2 2 2 2 2 2 2 2 2 2 2 2 2 2 2 2 2 2 2 2 2 2 2 2 2 2 2 2 2
left_child=8 2 -2 4 9 7 -7 -5 14 10 -4 12 13 -10 15 17 -17 18 31 24 21 -21 27 35 37 30 36 -22 -29 -11 51 -1 44 -19 -31 43 42 45 -13 -35 -33 -18 -27 -24 -14 -16 48 -34 -32 -38 -28 -26
right_child=1 -3 3 5 -6 6 -8 -9 11 29 -12 38 32 -15 19 16 41 33 -20 20 22 -23 23 -25 25 26 50 28 -30 34 46 40 47 39 -36 -37 49 -39 -40 -41 -42 -43 -44 -45 -46 -47 -48 -49 -50 -51 -52 -53
leaf_value=0.014946305028711178 0.068367011348406476 0.1036915918191274 0.010418397982915243 0.07146834371229395 -0.14616883713006976 -0.11437569459279379 -0.0098814000138791949 -0.015782205028049015 -0.05843973214191104 -0.039529651310294872 -0.086717859213635076 -0.040722880959510807 -0.0017703779890567443 -0.0056119040140639185 -0.004933195724470975 0.015224289326440722 -0.062612682708672124 -0.0061157137092392325 -0.036595892927808953 -0.030693614458845511 -0.012479369569765895 0.061332759784685602 -0.017997054728346135 0.01272243321535812 -0.0022622619225428657 -0.0019876399818731815 0.01213915986297405 0.03203880747705698 -0.0047167355511464233 -0.018628594412071871 0.017615486767779038 -0.020462945536670524 -0.0035891143463845001 0.035955738617201985 0.009887578162279996 -0.0093878880927437246 0.0059440410620457424 -0.019923341265130862 -0.019920434939996463 0.010043422994988688 -0.0032250094850351861 -0.0347631391545292 -0.018903814393494811 -0.0324267966631386 0.011429513702789943 0.01208604508361151 0.012676939778212533 -0.015486631818391659 0.022531722485087814 -0.00036115037097084906 0.014897930316867368 0.0014508878473531118
leaf_weight=62 30 27 30 39 50 24 59 59 63 48 59 110 79 184 73 63 35 59 56 62 95 74 109 138 65 98 113 125 147 101 164 117 89 59 55 133 74 102 113 89 157 76 175 180 150 43 204 108 200 124 155 66
leaf_count=62 30 27 30 39 50 24 59 59 63 48 59 110 79 184 73 63 35 59 56 62 95 74 109 138 65 98 113 125 147 101 164 117 89 59 55 133 74 102 113 89 157 76 175 180 150 43 204 108 200 124 155 66
internal_value=-0.0046233 -0.0205999 -0.0266575 -0.0320978 -0.0447444 -0.00813207 -0.0400966 0.01894 -0.00250789 -0.0274365 -0.0539753 -0.0132391 -0.00762513 -0.0190862 0.000245593 -0.00678276 -0.0222662 -0.00228508 -0.0102632 0.00224372 -0.00237989 0.0193796 -0.00557222 -0.0130203 0.00521166 0.00730397 0.000775405 0.00579278 0.0121746 -0.0158583 0.0142061 -0.00587446 -0.00097986 0.0128233 -0.00857482 -0.0214386 -0.00659847 -0.00858993 -0.0301817 0.0203733 -0.0105857 -0.0435445 -0.0128313 -0.0269844 0.00687584 0.00137566 0.0175729 -0.0101116 0.0203167 0.00199534 0.0137347 -0.000391515
internal_weight=4969 581 554 524 343 181 83 98 4388 293 89 896 673 247 3492 773 174 599 392 2719 1063 136 927 560 1656 1438 739 367 272 204 699 336 426 207 156 422 471 218 223 148 274 111 273 289 229 116 568 197 364 198 268 131
internal_count=4969 581 554 524 343 181 83 98 4388 293 89 896 673 247 3492 773 174 599 392 2719 1063 136 927 560 1656 1438 739 367 272 204 699 336 426 207 156 422 471 218 223 148 274 111 273 289 229 116 568 197 364 198 268 131
is_linear=0
shrinkage=0.05


Tree=78
num_leaves=53
num_cat=0
split_feature=0 2 2 2 2 2 0 0 2 0 2 0 0 2 2 0 2 0 0 2 0 2 2 0 0 0 2 0 0 2 2 2 0 2 0 0 0 2 2 2 2 2 2 0 0 0 2 2 0 2 0 0
split_gain=60.6256 157.914 103.39 57.3329 217.365 56.5425 67.2477 64.5259 46.8064 32.501 67.7412 30.7657 18.5038 47.2818 17.7035 19.4331 50.1089 26.0648 16.3543 13.4696 26.656 103.137 28.3272 43.81 17.2633 23.3922 25.4935 15.4492 32.9467 12.697 12.4015 11.8982 11.0321 10.6852 10.4532 10.1812 9.10755 8.88848 8.70769 8.60005 7.19139 6.70969 6.48953 5.10302 3.25486 2.82957 2.75456 2.49326 0.786218 0.665106 0.179564 0.162997
threshold=2100.0000000000005 9.5000000000000018 1.5000000000000002 7.5000000000000009 6.5000000000000009 8.5000000000000018 2350.0000000000005 2350.0000000000005 8.5000000000000018 2350.0000000000005 4.5000000000000009 1900.0000000000002 1300.0000000000002 9.5000000000000018 3.5000000000000004 1900.0000000000002 1.5000000000000002 1700.0000000000002 1450.0000000000002 6.5000000000000009 1300.0000000000002 7.5000000000000009 7.5000000000000009 1900.0000000000002 1300.0000000000002 1700.0000000000002 5.5000000000000009 1550.0000000000002 1900.0000000000002 3.5000000000000004 4.5000000000000009 1.5000000000000002 1700.0000000000002 1.5000000000000002 2450.0000000000005 1700.0000000000002 1900.0000000000002 5.5000000000000009 9.5000000000000018 2.5000000000000004 2.5000000000000004 2.5000000000000004 4.5000000000000009 1550.0000000000002 1550.0000000000002 1100.0000000000002 5.5000000000000009 9.5000000000000018 1550.0000000000002 4.5000000000000009 1900.0000000000002 1550.0000000000002
decision_type=2 2 2 2 2 2 2 2 2 2 2 2 2 2 2 2 2 2 2 2 2 2 2 2 2 2 2 2 2 2 2 2 2 2 2 2 2 2 2 2 2 2 2 2 2 2 2 2 2 2 2 2
left_child=8 2 -2 4 9 7 -7 -5 14 10 -4 12 13 -10 15 17 -17 18 31 24 21 -21 27 35 37 30 36 -22 -29 -11 51 -1 44 -19 -31 43 42 45 -13 -35 -33 -18 -27 -24 -14 -16 48 -34 -32 -38 -28 -26
right_child=1 -3 3 5 -6 6 -8 -9 11 29 -12 38 32 -15 19 16 41 33 -20 20 22 -23 23 -25 25 26 50 28 -30 34 46 40 47 39 -36 -37 49 -39 -40 -41 -42 -43 -44 -45 -46 -47 -48 -49 -50 -51 -52 -53
leaf_value=0.014198997691874543 0.064948661128679905 0.098507010274463236 0.0098974939187367762 0.067894926141851983 -0.13886041074246167 -0.10865690211455029 -0.0093873224268525342 -0.014993103530447364 -0.055517727396790943 -0.037553168305506313 -0.082381950015738864 -0.038686750036748978 -0.0016818598855899859 -0.0053313077305969991 -0.0046865260764344099 0.014463068923306843 -0.059482053858893262 -0.0058099350781511457 -0.034766095396064754 -0.029158934494180069 -0.011855387536710815 0.058266123726561259 -0.017097195149014848 0.012086309641059759 -0.0021491487668110778 -0.0018882620395446312 0.011532190144144461 0.030436877229809763 -0.0044808972044055968 -0.017697165080226295 0.016734728332972383 -0.019439798122287816 -0.0034096693238138821 0.034157958677259542 0.0093931995738636368 -0.0089184906193636431 0.0056468261657534428 -0.018927166676696611 -0.018924415685582612 0.009541234219174707 -0.0030637598341437663 -0.033024974868289737 -0.017958628392645292 -0.030805479950375025 0.010858051403115195 0.011481742006401684 0.0120430988177438 -0.01471231116188897 0.021405141716822982 -0.00034309996952933651 0.014153037566331126 0.0013783466635328351
leaf_weight=62 30 27 30 39 50 24 59 59 63 48 59 110 79 184 73 63 35 59 56 62 95 74 109 138 65 98 113 125 147 101 164 117 89 59 55 133 74 102 113 89 157 76 175 180 150 43 204 108 200 124 155 66
leaf_count=62 30 27 30 39 50 24 59 59 63 48 59 110 79 184 73 63 35 59 56 62 95 74 109 138 65 98 113 125 147 101 164 117 89 59 55 133 74 102 113 89 157 76 175 180 150 43 204 108 200 124 155 66
internal_value=-0.00439214 -0.0195699 -0.0253246 -0.0304929 -0.0425072 -0.00772546 -0.0380918 0.0179929 -0.0023825 -0.0260647 -0.0512765 -0.0125772 -0.00724387 -0.0181319 0.000233314 -0.00644363 -0.0211529 -0.00217083 -0.00975008 0.00213154 -0.0022609 0.0184106 -0.00529361 -0.0123693 0.00495108 0.00693878 0.00073663 0.00550315 0.0115659 -0.0150654 0.0134958 -0.00558074 -0.000930867 0.0121821 -0.00814607 -0.0203667 -0.00626855 -0.00816042 -0.0286727 0.0193547 -0.0100564 -0.0413673 -0.0121898 -0.0256352 0.00653206 0.00130688 0.0166942 -0.00960604 0.0193009 0.00189556 0.013048 -0.000371937
internal_weight=4969 581 554 524 343 181 83 98 4388 293 89 896 673 247 3492 773 174 599 392 2719 1063 136 927 560 1656 1438 739 367 272 204 699 336 426 207 156 422 471 218 223 148 274 111 273 289 229 116 568 197 364 198 268 131
internal_count=4969 581 554 524 343 181 83 98 4388 293 89 896 673 247 3492 773 174 599 392 2719 1063 136 927 560 1656 1438 739 367 272 204 699 336 426 207 156 422 471 218 223 148 274 111 273 289 229 116 568 197 364 198 268 131
is_linear=0
shrinkage=0.05


Tree=79
num_leaves=53
num_cat=0
split_feature=0 2 2 2 2 2 0 0 2 0 2 0 0 2 2 0 2 0 0 2 0 2 2 0 0 0 2 0 0 2 2 2 0 2 0 0 0 2 2 2 2 2 2 0 0 0 2 2 0 2 0 0
split_gain=54.7146 142.517 93.3094 51.743 196.172 51.0296 60.6911 58.2346 42.2428 29.3322 61.1365 27.766 16.6997 42.6718 15.9774 17.5383 45.2233 23.5235 14.7597 12.1563 24.0571 93.0815 25.5653 39.5385 15.5801 21.1114 23.0079 13.9429 29.7344 11.459 11.1924 10.7381 9.95642 9.6434 9.43401 9.18856 8.21958 8.02185 7.85868 7.76153 6.49023 6.05549 5.8568 4.60548 2.9375 2.55369 2.48599 2.25016 0.709568 0.600259 0.162056 0.147105
threshold=2100.0000000000005 9.5000000000000018 1.5000000000000002 7.5000000000000009 6.5000000000000009 8.5000000000000018 2350.0000000000005 2350.0000000000005 8.5000000000000018 2350.0000000000005 4.5000000000000009 1900.0000000000002 1300.0000000000002 9.5000000000000018 3.5000000000000004 1900.0000000000002 1.5000000000000002 1700.0000000000002 1450.0000000000002 6.5000000000000009 1300.0000000000002 7.5000000000000009 7.5000000000000009 1900.0000000000002 1300.0000000000002 1700.0000000000002 5.5000000000000009 1550.0000000000002 1900.0000000000002 3.5000000000000004 4.5000000000000009 1.5000000000000002 1700.0000000000002 1.5000000000000002 2450.0000000000005 1700.0000000000002 1900.0000000000002 5.5000000000000009 9.5000000000000018 2.5000000000000004 2.5000000000000004 2.5000000000000004 4.5000000000000009 1550.0000000000002 1550.0000000000002 1100.0000000000002 5.5000000000000009 9.5000000000000018 1550.0000000000002 4.5000000000000009 1900.0000000000002 1550.0000000000002
decision_type=2 2 2 2 2 2 2 2 2 2 2 2 2 2 2 2 2 2 2 2 2 2 2 2 2 2 2 2 2 2 2 2 2 2 2 2 2 2 2 2 2 2 2 2 2 2 2 2 2 2 2 2
left_child=8 2 -2 4 9 7 -7 -5 14 10 -4 12 13 -10 15 17 -17 18 31 24 21 -21 27 35 37 30 36 -22 -29 -11 51 -1 44 -19 -31 43 42 45 -13 -35 -33 -18 -27 -24 -14 -16 48 -34 -32 -38 -28 -26
right_child=1 -3 3 5 -6 6 -8 -9 11 29 -12 38 32 -15 19 16 41 33 -20 20 22 -23 23 -25 25 26 50 28 -30 34 46 40 47 39 -36 -37 49 -39 -40 -41 -42 -43 -44 -45 -46 -47 -48 -49 -50 -51 -52 -53
leaf_value=0.013489031018088422 0.061701242228349051 0.093581663237677692 0.0094026080767313641 0.06450016718023481 -0.13191739097237587 -0.10322407186031342 -0.008917952051102105 -0.014243440809896438 -0.052741845614380313 -0.035675498874237141 -0.078262867917448797 -0.036752409880811514 -0.0015977641591165639 -0.005064742331919463 -0.0044522113638789688 0.013739933641183944 -0.056507936886378701 -0.0055194163568696736 -0.033027791015670764 -0.027700986809307535 -0.01126263292996507 0.055352817858393133 -0.016242328586928343 0.011481991018830004 -0.0020417026831553533 -0.0017938488296100072 0.010955586097104293 0.02891502568721771 -0.0042568605367829205 -0.016812309895706649 0.015897982944620821 -0.018467811695658243 -0.0032391798893104864 0.032450062844712857 0.0089235362546010461 -0.0084725608054856613 0.0053644938646136113 -0.017980813774663738 -0.017978196802128733 0.0090641902069027499 -0.0029105733439421201 -0.031373721665065545 -0.01706070479112012 -0.029265203310383694 0.010315138487766187 0.010907660597978637 0.011440944476235733 -0.013976684847363719 0.020334893894381825 -0.0003259379416704178 0.013445389118766594 0.0013094277036460964
leaf_weight=62 30 27 30 39 50 24 59 59 63 48 59 110 79 184 73 63 35 59 56 62 95 74 109 138 65 98 113 125 147 101 164 117 89 59 55 133 74 102 113 89 157 76 175 180 150 43 204 108 200 124 155 66
leaf_count=62 30 27 30 39 50 24 59 59 63 48 59 110 79 184 73 63 35 59 56 62 95 74 109 138 65 98 113 125 147 101 164 117 89 59 55 133 74 102 113 89 157 76 175 180 150 43 204 108 200 124 155 66
internal_value=-0.00417253 -0.0185914 -0.0240584 -0.0289683 -0.0403818 -0.00733919 -0.0361872 0.0170933 -0.00226337 -0.0247614 -0.0487127 -0.0119483 -0.00688168 -0.0172253 0.000221648 -0.00612144 -0.0200952 -0.00206229 -0.00926258 0.00202496 -0.00214785 0.0174901 -0.00502893 -0.0117509 0.00470353 0.00659184 0.0006998 0.00522798 0.0109876 -0.0143121 0.012821 -0.00530171 -0.000884323 0.011573 -0.00773877 -0.0193483 -0.00595513 -0.00775241 -0.027239 0.0183869 -0.00955363 -0.0392989 -0.0115803 -0.0243535 0.00620545 0.00124153 0.0158595 -0.00912573 0.0183358 0.00180079 0.0123956 -0.000353347
internal_weight=4969 581 554 524 343 181 83 98 4388 293 89 896 673 247 3492 773 174 599 392 2719 1063 136 927 560 1656 1438 739 367 272 204 699 336 426 207 156 422 471 218 223 148 274 111 273 289 229 116 568 197 364 198 268 131
internal_count=4969 581 554 524 343 181 83 98 4388 293 89 896 673 247 3492 773 174 599 392 2719 1063 136 927 560 1656 1438 739 367 272 204 699 336 426 207 156 422 471 218 223 148 274 111 273 289 229 116 568 197 364 198 268 131
is_linear=0
shrinkage=0.05


Tree=80
num_leaves=53
num_cat=0
split_feature=2 0 0 2 2 0 0 0 0 0 2 0 2 0 2 0 2 2 0 0 2 2 0 0 0 0 0 0 2 0 0 0 2 2 2 0 0 0 0 0 0 2 0 0 0 2 0 0 2 2 0 2
split_gain=172.213 175.088 141.746 83.0959 120.089 131.881 88.1499 85.3477 72.32 58.8502 299.705 85.2625 77.74 63.7861 59.5447 50.4587 63.7681 26.8718 100.322 25.2007 45.7281 24.8076 21.4064 20.6993 20.5363 20.1963 17.2287 9.88631 16.2292 9.85806 9.31143 7.22001 203.806 81.4119 6.69197 6.55272 6.04172 5.93481 5.18201 10.9875 4.72658 3.71372 3.6553 0.925104 2.59529 0.863442 0.656517 0.497359 0.49687 0.243467 0.188721 29.8343
threshold=2.5000000000000004 2550.0000000000005 1100.0000000000002 6.5000000000000009 8.5000000000000018 1300.0000000000002 2100.0000000000005 1550.0000000000002 2550.0000000000005 1900.0000000000002 4.5000000000000009 2550.0000000000005 5.5000000000000009 1550.0000000000002 5.5000000000000009 1900.0000000000002 7.5000000000000009 9.5000000000000018 1900.0000000000002 1300.0000000000002 9.5000000000000018 4.5000000000000009 2100.0000000000005 1700.0000000000002 1700.0000000000002 2100.0000000000005 1450.0000000000002 1550.0000000000002 7.5000000000000009 1700.0000000000002 1900.0000000000002 1900.0000000000002 1.5000000000000002 1.5000000000000002 3.5000000000000004 1700.0000000000002 1700.0000000000002 1700.0000000000002 2100.0000000000005 2450.0000000000005 2350.0000000000005 1.5000000000000002 1300.0000000000002 1550.0000000000002 1700.0000000000002 7.5000000000000009 2250.0000000000005 1550.0000000000002 7.5000000000000009 3.5000000000000004 2350.0000000000005 7.5000000000000009
decision_type=2 2 2 2 2 2 2 2 2 2 2 2 2 2 2 2 2 2 2 2 2 2 2 2 2 2 2 2 2 2 2 2 2 2 2 2 2 2 2 2 2 2 2 2 2 2 2 2 2 2 2 2
left_child=1 23 -2 9 5 48 15 19 17 12 11 22 21 -14 46 27 -17 25 -19 20 -6 34 49 26 -15 29 41 45 -29 -9 -31 33 -33 -25 35 -4 -30 47 -16 -40 -27 -1 -36 -44 -45 -7 -12 -23 -5 -11 51 -8
right_child=2 -3 3 4 7 6 50 8 -10 10 14 -13 13 24 38 16 -18 18 -20 -21 -22 37 -24 31 -26 40 -28 28 36 30 -32 32 -34 -35 42 -37 -38 -39 39 -41 -42 -43 43 44 -46 -47 -48 -49 -50 -51 -52 -53
leaf_value=-0.0023018997783462209 -0.062197301105729179 -0.12736930802867219 0.036943368826593673 -0.061258326098322873 0.040815878001352154 0.0081614848428770252 -0.011001432885161855 0.027650444010431149 -0.034991401757882991 -0.046662342280913621 0.010542604124362944 0.026887013100915486 -0.029042558894596168 0.0060964638118942583 0.037618446061156274 0.044304912495944239 -0.0032587733308690179 0.078728599031016519 0.0092667882056797265 -0.029945324604900986 -0.0086787553912117382 0.01608382071218183 -0.090653755035447453 0.010407835107158732 0.032531699786514899 0.061484562631311093 0.021329647660828555 -0.023420801593829657 0.0036837040179077234 -0.00087276911332689151 0.020528813544660809 -0.068018495675289267 0.079876977536413415 -0.074216216901938123 0.045609019478646727 0.053866575903944919 -0.010972653465124511 0.029553683190195659 0.065398121327161787 0.030457650290595162 0.036202964478848028 -0.016782284149009251 0.034585414613996238 0.020713639670571726 0.033154978552509262 0.0016500935350593768 0.0051605071530703012 0.019833199463296428 -0.054809245280921459 -0.050724200734070371 -0.039105364928642916 -0.066239376670934935
leaf_weight=72 70 37 154 56 60 92 55 141 46 78 118 36 108 210 161 144 138 106 102 78 210 155 38 54 113 29 52 131 174 96 108 66 36 60 41 91 118 170 60 36 51 115 63 77 92 114 109 206 64 70 60 44
leaf_count=72 70 37 154 56 60 92 55 141 46 78 118 36 108 210 161 144 138 106 102 78 210 155 38 54 113 29 52 131 174 96 108 66 36 60 41 91 118 170 60 36 51 115 63 77 92 114 109 206 64 70 60 44
internal_value=0.00530559 -0.022772 0.00839394 0.00951621 0.00269553 -0.00811509 -0.00254084 0.015222 0.0255409 0.0164336 0.00455551 -0.0435462 0.0220998 0.00422214 0.0266187 0.0034547 0.0210291 0.0299398 0.0446656 -0.00491184 0.00232005 0.0294451 -0.0571785 -0.0142663 0.0153447 0.0227328 -0.00412786 -0.00442443 -0.0087989 0.0174842 0.0104575 -0.0254843 -0.0158201 -0.0341311 0.0372301 0.0432291 -0.00223907 0.0218508 0.0431009 0.0522954 0.0453675 -0.0112069 0.0318464 0.0294142 0.0274864 0.00455809 0.00795825 0.0182234 -0.0578188 -0.0485835 -0.0368927 -0.0355516
internal_weight=4965 492 4473 4403 2217 1190 1070 1027 679 2186 706 222 1480 431 484 911 282 633 208 348 270 1049 186 455 323 425 239 629 423 345 204 216 102 114 518 245 292 531 257 96 80 187 273 232 169 206 227 361 120 148 159 99
internal_count=4965 492 4473 4403 2217 1190 1070 1027 679 2186 706 222 1480 431 484 911 282 633 208 348 270 1049 186 455 323 425 239 629 423 345 204 216 102 114 518 245 292 531 257 96 80 187 273 232 169 206 227 361 120 148 159 99
is_linear=0
shrinkage=0.05


Tree=81
num_leaves=53
num_cat=0
split_feature=2 0 0 2 2 0 0 0 0 0 2 0 2 0 2 0 2 2 0 0 2 2 0 0 0 0 0 0 2 0 0 0 2 2 2 0 0 0 0 0 0 2 0 0 0 2 0 0 2 2 0 2
split_gain=155.422 158.017 127.926 74.994 108.381 119.023 79.5553 77.0263 65.2688 53.1123 270.484 76.9494 70.1603 57.5669 53.739 45.539 57.5507 24.2518 90.5404 22.7436 41.2696 22.3889 19.3192 18.6811 18.534 18.2271 15.5489 8.9224 14.6469 8.89688 8.40356 6.51606 183.935 73.4743 6.0395 5.91381 5.45265 5.35616 4.67677 9.91623 4.26574 3.35163 3.2989 0.834903 2.34226 0.779256 0.592505 0.448867 0.448425 0.21973 0.170318 26.9254
threshold=2.5000000000000004 2550.0000000000005 1100.0000000000002 6.5000000000000009 8.5000000000000018 1300.0000000000002 2100.0000000000005 1550.0000000000002 2550.0000000000005 1900.0000000000002 4.5000000000000009 2550.0000000000005 5.5000000000000009 1550.0000000000002 5.5000000000000009 1900.0000000000002 7.5000000000000009 9.5000000000000018 1900.0000000000002 1300.0000000000002 9.5000000000000018 4.5000000000000009 2100.0000000000005 1700.0000000000002 1700.0000000000002 2100.0000000000005 1450.0000000000002 1550.0000000000002 7.5000000000000009 1700.0000000000002 1900.0000000000002 1900.0000000000002 1.5000000000000002 1.5000000000000002 3.5000000000000004 1700.0000000000002 1700.0000000000002 1700.0000000000002 2100.0000000000005 2450.0000000000005 2350.0000000000005 1.5000000000000002 1300.0000000000002 1550.0000000000002 1700.0000000000002 7.5000000000000009 2250.0000000000005 1550.0000000000002 7.5000000000000009 3.5000000000000004 2350.0000000000005 7.5000000000000009
decision_type=2 2 2 2 2 2 2 2 2 2 2 2 2 2 2 2 2 2 2 2 2 2 2 2 2 2 2 2 2 2 2 2 2 2 2 2 2 2 2 2 2 2 2 2 2 2 2 2 2 2 2 2
left_child=1 23 -2 9 5 48 15 19 17 12 11 22 21 -14 46 27 -17 25 -19 20 -6 34 49 26 -15 29 41 45 -29 -9 -31 33 -33 -25 35 -4 -30 47 -16 -40 -27 -1 -36 -44 -45 -7 -12 -23 -5 -11 51 -8
right_child=2 -3 3 4 7 6 50 8 -10 10 14 -13 13 24 38 16 -18 18 -20 -21 -22 37 -24 31 -26 40 -28 28 36 30 -32 32 -34 -35 42 -37 -38 -39 39 -41 -42 -43 43 44 -46 -47 -48 -49 -50 -51 -52 -53
leaf_value=-0.0021868095629745061 -0.059087444197918698 -0.1210008479654789 0.035096215272878671 -0.058195413063679424 0.038775100943942868 0.0077534126563240657 -0.010451360317687928 0.026267914656311911 -0.033241839382959451 -0.044329215576633434 0.010015466579993776 0.025542673137452867 -0.027590432000794897 0.0057916471184719176 0.035737515151824641 0.042089658499591884 -0.0030958251339261948 0.074792185531191102 0.008803453250769892 -0.02844805632455227 -0.0082448197830291021 0.015279620318643508 -0.086121064797043803 0.0098874593498530228 0.03090511550055405 0.058410324927034053 0.02026317176910547 -0.022249772166477819 0.0034995225397334707 -0.00082911175298553048 0.01950237529214334 -0.064617572137803753 0.075883142815695873 -0.070505423645178478 0.043328567830527707 0.051173234247899317 -0.010424017446841729 0.028075990028241099 0.06212819944446285 0.028934772892130745 0.034392815959804195 -0.015943175761596016 0.032856141290967429 0.019677960728113723 0.031497245217147078 0.0015675905634436691 0.0049024786236226015 0.018841529788123895 -0.052068782737478614 -0.048187992700508664 -0.037150078664223353 -0.062927418291060772
leaf_weight=72 70 37 154 56 60 92 55 141 46 78 118 36 108 210 161 144 138 106 102 78 210 155 38 54 113 29 52 131 174 96 108 66 36 60 41 91 118 170 60 36 51 115 63 77 92 114 109 206 64 70 60 44
leaf_count=72 70 37 154 56 60 92 55 141 46 78 118 36 108 210 161 144 138 106 102 78 210 155 38 54 113 29 52 131 174 96 108 66 36 60 41 91 118 170 60 36 51 115 63 77 92 114 109 206 64 70 60 44
internal_value=0.00504031 -0.0216334 0.00797424 0.0090404 0.00256076 -0.00770934 -0.0024138 0.0144609 0.0242639 0.0156119 0.00432773 -0.0413689 0.0209948 0.00401104 0.0252878 0.00328196 0.0199776 0.0284428 0.0424323 -0.00466625 0.00220405 0.0279729 -0.0543196 -0.013553 0.0145775 0.0215962 -0.00392147 -0.00420321 -0.00835895 0.01661 0.00993462 -0.02421 -0.0150291 -0.0324246 0.0353686 0.0410677 -0.00212711 0.0207582 0.0409459 0.0496807 0.0430992 -0.0106466 0.0302541 0.0279435 0.0261121 0.00433019 0.00756033 0.0173122 -0.0549279 -0.0461543 -0.035048 -0.0337741
internal_weight=4965 492 4473 4403 2217 1190 1070 1027 679 2186 706 222 1480 431 484 911 282 633 208 348 270 1049 186 455 323 425 239 629 423 345 204 216 102 114 518 245 292 531 257 96 80 187 273 232 169 206 227 361 120 148 159 99
internal_count=4965 492 4473 4403 2217 1190 1070 1027 679 2186 706 222 1480 431 484 911 282 633 208 348 270 1049 186 455 323 425 239 629 423 345 204 216 102 114 518 245 292 531 257 96 80 187 273 232 169 206 227 361 120 148 159 99
is_linear=0
shrinkage=0.05


Tree=82
num_leaves=53
num_cat=0
split_feature=2 0 0 2 2 0 0 0 0 0 2 0 2 0 2 0 2 2 0 0 2 2 0 0 0 0 0 0 2 0 0 0 2 2 2 0 0 0 0 0 0 2 0 0 0 2 0 0 2 2 0 2
split_gain=140.268 142.61 115.453 67.6821 97.8134 107.418 71.7987 69.5162 58.9051 47.9339 244.112 69.4469 63.3196 51.9542 48.4995 41.0989 51.9395 21.8872 81.7126 20.5261 37.2458 20.2059 17.4356 16.8597 16.7269 16.45 14.0329 8.05245 13.2188 8.02945 7.5842 5.88073 166.001 66.3105 5.45064 5.3372 4.92102 4.83393 4.22079 8.9494 3.84983 3.02485 2.97726 0.753501 2.11388 0.703278 0.534736 0.405105 0.404701 0.198305 0.153712 24.3002
threshold=2.5000000000000004 2550.0000000000005 1100.0000000000002 6.5000000000000009 8.5000000000000018 1300.0000000000002 2100.0000000000005 1550.0000000000002 2550.0000000000005 1900.0000000000002 4.5000000000000009 2550.0000000000005 5.5000000000000009 1550.0000000000002 5.5000000000000009 1900.0000000000002 7.5000000000000009 9.5000000000000018 1900.0000000000002 1300.0000000000002 9.5000000000000018 4.5000000000000009 2100.0000000000005 1700.0000000000002 1700.0000000000002 2100.0000000000005 1450.0000000000002 1550.0000000000002 7.5000000000000009 1700.0000000000002 1900.0000000000002 1900.0000000000002 1.5000000000000002 1.5000000000000002 3.5000000000000004 1700.0000000000002 1700.0000000000002 1700.0000000000002 2100.0000000000005 2450.0000000000005 2350.0000000000005 1.5000000000000002 1300.0000000000002 1550.0000000000002 1700.0000000000002 7.5000000000000009 2250.0000000000005 1550.0000000000002 7.5000000000000009 3.5000000000000004 2350.0000000000005 7.5000000000000009
decision_type=2 2 2 2 2 2 2 2 2 2 2 2 2 2 2 2 2 2 2 2 2 2 2 2 2 2 2 2 2 2 2 2 2 2 2 2 2 2 2 2 2 2 2 2 2 2 2 2 2 2 2 2
left_child=1 23 -2 9 5 48 15 19 17 12 11 22 21 -14 46 27 -17 25 -19 20 -6 34 49 26 -15 29 41 45 -29 -9 -31 33 -33 -25 35 -4 -30 47 -16 -40 -27 -1 -36 -44 -45 -7 -12 -23 -5 -11 51 -8
right_child=2 -3 3 4 7 6 50 8 -10 10 14 -13 13 24 38 16 -18 18 -20 -21 -22 37 -24 31 -26 40 -28 28 36 30 -32 32 -34 -35 42 -37 -38 -39 39 -41 -42 -43 43 44 -46 -47 -48 -49 -50 -51 -52 -53
leaf_value=-0.0020774611349528033 -0.056133069058081936 -0.11495078896751275 0.033341396532275462 -0.05528562813997269 0.036836319093902913 0.0073657395115689101 -0.0099288043659180401 0.024954524490955875 -0.031579736069492673 -0.042112753330132903 0.0095146931840059488 0.024265541715754402 -0.026210909171236887 0.0055020840962727866 0.033950630537240033 0.039985175906784007 -0.0029410415410023672 0.071052557743101749 0.0083632762890820406 -0.027025650487018701 -0.0078325619584038147 0.014515635899959073 -0.081815009760229207 0.0093930876089466948 0.02935986121275784 0.055489814384230257 0.019250012361086335 -0.021137261731934004 0.0033245485832636384 -0.00078765290612257868 0.018527249646959482 -0.061386702999924173 0.072088967760403952 -0.06698014895121257 0.041162132271906231 0.04861455330481896 -0.0099028199358638068 0.026672191030400638 0.059021785650402309 0.02748802908592754 0.032673185041137774 -0.015146021687466166 0.031213332547081842 0.018694061776260276 0.02992237753275296 0.0014892120241073142 0.004657353652179788 0.017899462240476848 -0.049465351470280444 -0.045778578860419139 -0.035292587627967199 -0.059781052383848211
leaf_weight=72 70 37 154 56 60 92 55 141 46 78 118 36 108 210 161 144 138 106 102 78 210 155 38 54 113 29 52 131 174 96 108 66 36 60 41 91 118 170 60 36 51 115 63 77 92 114 109 206 64 70 60 44
leaf_count=72 70 37 154 56 60 92 55 141 46 78 118 36 108 210 161 144 138 106 102 78 210 155 38 54 113 29 52 131 174 96 108 66 36 60 41 91 118 170 60 36 51 115 63 77 92 114 109 206 64 70 60 44
internal_value=0.00478829 -0.0205517 0.00757553 0.00858838 0.00243272 -0.00732387 -0.00229311 0.0137378 0.0230507 0.0148313 0.00411134 -0.0393005 0.0199451 0.0038105 0.0240234 0.00311787 0.0189787 0.0270207 0.0403107 -0.00443293 0.00209386 0.0265742 -0.0516036 -0.0128753 0.0138486 0.0205164 -0.00372539 -0.00399304 -0.007941 0.0157795 0.00943788 -0.0229995 -0.0142776 -0.0308034 0.0336002 0.0390143 -0.00202076 0.0197203 0.0388986 0.0471966 0.0409442 -0.0101143 0.0287414 0.0265463 0.0248065 0.00411368 0.00718231 0.0164466 -0.0521815 -0.0438466 -0.0332956 -0.0320854
internal_weight=4965 492 4473 4403 2217 1190 1070 1027 679 2186 706 222 1480 431 484 911 282 633 208 348 270 1049 186 455 323 425 239 629 423 345 204 216 102 114 518 245 292 531 257 96 80 187 273 232 169 206 227 361 120 148 159 99
internal_count=4965 492 4473 4403 2217 1190 1070 1027 679 2186 706 222 1480 431 484 911 282 633 208 348 270 1049 186 455 323 425 239 629 423 345 204 216 102 114 518 245 292 531 257 96 80 187 273 232 169 206 227 361 120 148 159 99
is_linear=0
shrinkage=0.05


Tree=83
num_leaves=53
num_cat=0
split_feature=2 0 0 2 2 0 0 0 0 0 2 0 2 0 2 0 2 2 0 0 2 2 0 0 0 0 0 0 2 0 0 0 2 2 2 0 0 0 0 0 0 2 0 0 0 2 0 0 2 2 0 2
split_gain=126.592 128.706 104.196 61.083 88.2766 96.9447 64.7983 62.7384 53.1619 43.2603 220.311 62.6758 57.146 46.8886 43.7708 37.0918 46.8754 19.7532 73.7456 18.5248 33.6143 18.2359 15.7356 15.2159 15.096 14.8461 12.6647 7.26734 11.9299 7.24658 6.84477 5.30738 149.816 59.8452 4.9192 4.81683 4.44121 4.36263 3.80927 8.07684 3.47447 2.72993 2.68698 0.680036 1.90778 0.634714 0.571707 0.365604 0.365245 0.280488 22.1165 0.17897
threshold=2.5000000000000004 2550.0000000000005 1100.0000000000002 6.5000000000000009 8.5000000000000018 1300.0000000000002 2100.0000000000005 1550.0000000000002 2550.0000000000005 1900.0000000000002 4.5000000000000009 2550.0000000000005 5.5000000000000009 1550.0000000000002 5.5000000000000009 1900.0000000000002 7.5000000000000009 9.5000000000000018 1900.0000000000002 1300.0000000000002 9.5000000000000018 4.5000000000000009 2100.0000000000005 1700.0000000000002 1700.0000000000002 2100.0000000000005 1450.0000000000002 1550.0000000000002 7.5000000000000009 1700.0000000000002 1900.0000000000002 1900.0000000000002 1.5000000000000002 1.5000000000000002 3.5000000000000004 1700.0000000000002 1700.0000000000002 1700.0000000000002 2100.0000000000005 2450.0000000000005 2350.0000000000005 1.5000000000000002 1300.0000000000002 1550.0000000000002 1700.0000000000002 7.5000000000000009 2350.0000000000005 1550.0000000000002 7.5000000000000009 7.5000000000000009 2350.0000000000005 3.5000000000000004
decision_type=2 2 2 2 2 2 2 2 2 2 2 2 2 2 2 2 2 2 2 2 2 2 2 2 2 2 2 2 2 2 2 2 2 2 2 2 2 2 2 2 2 2 2 2 2 2 2 2 2 2 2 2
left_child=1 23 -2 9 5 48 15 19 17 12 11 22 21 -14 46 27 -17 25 -19 20 -6 34 51 26 -15 29 41 45 -29 -9 -31 33 -33 -25 35 -4 -30 47 -16 -40 -27 -1 -36 -44 -45 -7 -12 -23 -5 -8 -51 -11
right_child=2 -3 3 4 7 6 49 8 -10 10 14 -13 13 24 38 16 -18 18 -20 -21 -22 37 -24 31 -26 40 -28 28 36 30 -32 32 -34 -35 42 -37 -38 -39 39 -41 -42 -43 43 44 -46 -47 -48 -49 -50 50 -52 -53
leaf_value=-0.0019735866303866108 -0.053326413136507794 -0.10920325981302036 0.031674318402618556 -0.052521359973720143 0.034994508797923728 0.0069974633500627858 -0.034440094418823723 0.023706805293864392 -0.030000752534555353 -0.040007121794116807 0.0044746280199470965 0.023052267937196627 -0.024900369139181245 0.0052269731586178144 0.032253096257669055 0.037985914924906362 -0.002793985468915839 0.067499930401033956 0.0079451224748410439 -0.025674374748128826 -0.007440941475686573 0.01378985905839551 -0.077724259856500125 0.0089234201306546187 0.027891862247369989 0.052715304750820695 0.018287516442629007 -0.020080399612775288 0.0031583093620579819 -0.00074829201657848903 0.017600904191257778 -0.058317349726955098 0.068484537262055611 -0.063631134033203127 0.039104036441663416 0.046183827945164277 -0.0094076771383820954 0.025338583069250867 0.056070710749675838 0.026113631824652359 0.031039512588405146 -0.014388722984687142 0.029652672438394458 0.017759358778886205 0.028426254338220408 0.0014147352492600157 0.009504119185555094 0.017004477218227478 -0.046992078353650872 -0.056791986951562158 -0.0097822499172440895 -0.043489652105740143
leaf_weight=72 70 37 154 56 60 92 57 141 46 78 121 36 108 210 161 144 138 106 102 78 210 155 38 54 113 29 52 131 174 96 108 66 36 60 41 91 118 170 60 36 51 115 63 77 92 114 106 206 64 44 58 70
leaf_count=72 70 37 154 56 60 92 57 141 46 78 121 36 108 210 161 144 138 106 102 78 210 155 38 54 113 29 52 131 174 96 108 66 36 60 41 91 118 170 60 36 51 115 63 77 92 114 106 206 64 44 58 70
internal_value=0.00454888 -0.0195241 0.00719675 0.00815896 0.00231109 -0.00695768 -0.00217846 0.0130509 0.0218981 0.0140898 0.00390577 -0.0373355 0.0189478 0.00361997 0.0228222 0.00296197 0.0180298 0.0256696 0.0382952 -0.00421129 0.00198916 0.0252455 -0.0490234 -0.0122316 0.0131562 0.0194905 -0.00353912 -0.0037934 -0.00754395 0.0149905 0.00896599 -0.0218496 -0.0135637 -0.0292632 0.0319202 0.0370636 -0.00191973 0.0187343 0.0369536 0.0448368 0.038897 -0.00960856 0.0273043 0.025219 0.0235662 0.00390799 0.0068232 0.0156242 -0.0495724 -0.0316308 -0.030061 -0.0416543
internal_weight=4965 492 4473 4403 2217 1190 1070 1027 679 2186 706 222 1480 431 484 911 282 633 208 348 270 1049 186 455 323 425 239 629 423 345 204 216 102 114 518 245 292 531 257 96 80 187 273 232 169 206 227 361 120 159 102 148
internal_count=4965 492 4473 4403 2217 1190 1070 1027 679 2186 706 222 1480 431 484 911 282 633 208 348 270 1049 186 455 323 425 239 629 423 345 204 216 102 114 518 245 292 531 257 96 80 187 273 232 169 206 227 361 120 159 102 148
is_linear=0
shrinkage=0.05


Tree=84
num_leaves=53
num_cat=0
split_feature=2 0 0 2 2 0 0 0 0 0 2 0 2 0 2 0 2 2 0 0 2 2 0 0 0 0 0 0 2 0 0 0 2 2 2 0 0 0 0 0 0 2 0 0 0 2 0 0 2 0 2 2
split_gain=114.249 116.157 94.037 55.1274 79.6697 87.4926 58.4805 56.6214 47.9786 39.0424 198.83 56.5649 51.5742 42.317 39.5031 33.4754 42.305 17.8273 66.5555 16.7187 30.3369 16.4579 14.2014 13.7324 13.6242 13.3986 11.4299 6.5588 10.7668 6.54003 6.17739 4.7899 135.209 54.0103 4.43959 4.3472 4.0082 3.93729 3.43786 7.28935 3.1357 2.46376 2.425 0.613733 1.72177 0.572823 0.535108 0.335088 20.9081 0.329959 0.32963 0.161522
threshold=2.5000000000000004 2550.0000000000005 1100.0000000000002 6.5000000000000009 8.5000000000000018 1300.0000000000002 2100.0000000000005 1550.0000000000002 2550.0000000000005 1900.0000000000002 4.5000000000000009 2550.0000000000005 5.5000000000000009 1550.0000000000002 5.5000000000000009 1900.0000000000002 7.5000000000000009 9.5000000000000018 1900.0000000000002 1300.0000000000002 9.5000000000000018 4.5000000000000009 2100.0000000000005 1700.0000000000002 1700.0000000000002 2100.0000000000005 1450.0000000000002 1550.0000000000002 7.5000000000000009 1700.0000000000002 1900.0000000000002 1900.0000000000002 1.5000000000000002 1.5000000000000002 3.5000000000000004 1700.0000000000002 1700.0000000000002 1700.0000000000002 2100.0000000000005 2450.0000000000005 2350.0000000000005 1.5000000000000002 1300.0000000000002 1550.0000000000002 1700.0000000000002 7.5000000000000009 2250.0000000000005 2350.0000000000005 7.5000000000000009 1550.0000000000002 7.5000000000000009 3.5000000000000004
decision_type=2 2 2 2 2 2 2 2 2 2 2 2 2 2 2 2 2 2 2 2 2 2 2 2 2 2 2 2 2 2 2 2 2 2 2 2 2 2 2 2 2 2 2 2 2 2 2 2 2 2 2 2
left_child=1 23 -2 9 5 50 15 19 17 12 11 22 21 -14 46 27 -17 25 -19 20 -6 34 51 26 -15 29 41 45 -29 -9 -31 33 -33 -25 35 -4 -30 49 -16 -40 -27 -1 -36 -44 -45 -7 -12 48 -8 -23 -5 -11
right_child=2 -3 3 4 7 6 47 8 -10 10 14 -13 13 24 38 16 -18 18 -20 -21 -22 37 -24 31 -26 40 -28 28 36 30 -32 32 -34 -35 42 -37 -38 -39 39 -41 -42 -43 43 44 -46 -47 -48 -49 -50 -51 -52 -53
leaf_value=-0.0018749075683040753 -0.050660081580281263 -0.10374309388366905 0.030090608322001125 -0.049895276488470183 0.033244780078530316 0.0066475901145326066 -0.0077103595266287978 0.022521464410403098 -0.028500717100889791 -0.03800676117340724 0.0088152299974492542 0.021899646520614626 -0.023655349388718605 0.0049656328470224428 0.030640446993967764 0.036086628011738259 -0.0026542778869254003 0.064124952476331085 0.0075478617512785345 -0.024390649069578219 -0.0070688980817794804 0.01310035910337202 -0.073838050624257648 0.0084772593721195496 0.026497277518553016 0.050079539726520406 0.017373138709137075 -0.019076383578811439 0.0030003946402977254 -0.00071085796347081969 0.016720855505102213 -0.055401484194126993 0.065060295143889058 -0.060449581543604539 0.037148824624898956 0.043874657023084039 -0.0089372977235559689 0.024071663885432134 0.053267179938654111 0.024807945556110808 0.029487546679435997 -0.013669286895057428 0.028170033863612581 0.016871390544942449 0.027004932555491513 0.0013440280760589401 0.0039562026329270196 -0.032997754216194157 -0.053952395966784521 0.016154253142840656 -0.044642489682883028 -0.041315174613680158
leaf_weight=72 70 37 154 56 60 92 55 141 46 78 118 36 108 210 161 144 138 106 102 78 210 155 38 54 113 29 52 131 174 96 108 66 36 60 41 91 118 170 60 36 51 115 63 77 92 114 109 60 44 206 64 70
leaf_count=72 70 37 154 56 60 92 55 141 46 78 118 36 108 210 161 144 138 106 102 78 210 155 38 54 113 29 52 131 174 96 108 66 36 60 41 91 118 170 60 36 51 115 63 77 92 114 109 60 44 206 64 70
internal_value=0.00432144 -0.0185479 0.00683691 0.00775102 0.00219553 -0.00660979 -0.00206953 0.0123984 0.0208032 0.0133853 0.00371049 -0.0354687 0.0180004 0.00343897 0.0216811 0.00281388 0.0171283 0.0243862 0.0363804 -0.00400073 0.0018897 0.0239832 -0.0465722 -0.01162 0.0124984 0.018516 -0.00336217 -0.00360372 -0.00716676 0.014241 0.0085177 -0.0207571 -0.0128856 -0.0278 0.0303242 0.0352104 -0.00182374 0.0177976 0.0351059 0.042595 0.0369521 -0.00912814 0.0259391 0.023958 0.0223879 0.00371261 0.00648204 -0.0300493 -0.0282624 0.014843 -0.0470938 -0.0395716
internal_weight=4965 492 4473 4403 2217 1190 1070 1027 679 2186 706 222 1480 431 484 911 282 633 208 348 270 1049 186 455 323 425 239 629 423 345 204 216 102 114 518 245 292 531 257 96 80 187 273 232 169 206 227 159 99 361 120 148
internal_count=4965 492 4473 4403 2217 1190 1070 1027 679 2186 706 222 1480 431 484 911 282 633 208 348 270 1049 186 455 323 425 239 629 423 345 204 216 102 114 518 245 292 531 257 96 80 187 273 232 169 206 227 159 99 361 120 148
is_linear=0
shrinkage=0.05


end of trees

feature_importances:
jyo_cd=2607
distance_m=1842

parameters:
[boosting: gbdt]
[objective: regression]
[metric: l1]
[tree_learner: serial]
[device_type: cpu]
[data_sample_strategy: bagging]
[data: ]
[valid: ]
[num_iterations: 500]
[learning_rate: 0.05]
[num_leaves: 63]
[num_threads: 0]
[seed: 42]
[deterministic: 0]
[force_col_wise: 0]
[force_row_wise: 0]
[histogram_pool_size: -1]
[max_depth: -1]
[min_data_in_leaf: 20]
[min_sum_hessian_in_leaf: 0.001]
[bagging_fraction: 0.8]
[pos_bagging_fraction: 1]
[neg_bagging_fraction: 1]
[bagging_freq: 5]
[bagging_seed: 400]
[bagging_by_query: 0]
[feature_fraction: 0.8]
[feature_fraction_bynode: 1]
[feature_fraction_seed: 30056]
[extra_trees: 0]
[extra_seed: 12879]
[early_stopping_round: 0]
[early_stopping_min_delta: 0]
[first_metric_only: 0]
[max_delta_step: 0]
[lambda_l1: 0]
[lambda_l2: 0]
[linear_lambda: 0]
[min_gain_to_split: 0]
[drop_rate: 0.1]
[max_drop: 50]
[skip_drop: 0.5]
[xgboost_dart_mode: 0]
[uniform_drop: 0]
[drop_seed: 17869]
[top_rate: 0.2]
[other_rate: 0.1]
[min_data_per_group: 100]
[max_cat_threshold: 32]
[cat_l2: 10]
[cat_smooth: 10]
[max_cat_to_onehot: 4]
[top_k: 20]
[monotone_constraints: ]
[monotone_constraints_method: basic]
[monotone_penalty: 0]
[feature_contri: ]
[forcedsplits_filename: ]
[refit_decay_rate: 0.9]
[cegb_tradeoff: 1]
[cegb_penalty_split: 0]
[cegb_penalty_feature_lazy: ]
[cegb_penalty_feature_coupled: ]
[path_smooth: 0]
[interaction_constraints: ]
[verbosity: -1]
[saved_feature_importance_type: 0]
[use_quantized_grad: 0]
[num_grad_quant_bins: 4]
[quant_train_renew_leaf: 0]
[stochastic_rounding: 1]
[linear_tree: 0]
[max_bin: 255]
[max_bin_by_feature: ]
[min_data_in_bin: 3]
[bin_construct_sample_cnt: 200000]
[data_random_seed: 175]
[is_enable_sparse: 1]
[enable_bundle: 1]
[use_missing: 1]
[zero_as_missing: 0]
[feature_pre_filter: 1]
[pre_partition: 0]
[two_round: 0]
[header: 0]
[label_column: ]
[weight_column: ]
[group_column: ]
[ignore_column: ]
[categorical_feature: ]
[forcedbins_filename: ]
[precise_float_parser: 0]
[parser_config_file: ]
[objective_seed: 16083]
[num_class: 1]
[is_unbalance: 0]
[scale_pos_weight: 1]
[sigmoid: 1]
[boost_from_average: 1]
[reg_sqrt: 0]
[alpha: 0.9]
[fair_c: 1]
[poisson_max_delta_step: 0.7]
[tweedie_variance_power: 1.5]
[lambdarank_truncation_level: 30]
[lambdarank_norm: 1]
[label_gain: ]
[lambdarank_position_bias_regularization: 0]
[eval_at: ]
[multi_error_top_k: 1]
[auc_mu_weights: ]
[num_machines: 1]
[local_listen_port: 12400]
[time_out: 120]
[machine_list_filename: ]
[machines: ]
[gpu_platform_id: -1]
[gpu_device_id: -1]
[gpu_use_dp: 0]
[num_gpu: 1]

end of parameters

pandas_categorical:null
