tree
version=v4
num_class=1
num_tree_per_iteration=1
label_index=0
max_feature_idx=38
objective=regression
feature_names=distance_m is_dirt jyo_cd escape_count front_ratio closer_ratio style_balance track_cond field_size escape_ratio front_count flexible_ratio escape_competition distance_short distance_mile distance_middle distance_long venue_01 venue_02 venue_03 venue_04 venue_05 venue_06 venue_07 venue_08 venue_09 venue_10 history_front_horses history_front_samples history_front_avg_pci history_front_min_pci history_front_spread history_front_coverage history_lap_horses history_lap_samples history_lap_avg_delta history_lap_min_delta history_lap_spread history_lap_coverage
feature_infos=[1000:2500] none [1:10] [0:5] [0:0.72727272727272729] [0:0.9375] [-0.58333333333333337:0.9375] [0:3] [5:16] [0:0.5714285714285714] [0:8] [0:0.90000000000000002] [0:0.42857142857142855] [0:1] [0:1] [0:1] [0:1] [0:1] [0:1] [0:1] [0:1] [0:1] [0:1] [0:1] [0:1] [0:1] [0:1] [0:16] [0:103] [0:111.04305555555555] [0:65.200000000000003] [0:273.89999999999998] [0:1] [0:16] [0:160] [-3.2999999999999972:7.520833333333333] [-6.6000000000000014:7.0999999999999979] [0:15.600000000000001] [0:1]
tree_sizes=2693 2814 2818 2873 2856 2864 2859 2877 2850 2807 2882 2861 2860 2913 2872 2882 2864 2879 2844 2888 2876 2900 2872 2915 2882 2967 2898 2949 2950 2958 2917 2876 2849 2977 2952 2855 2916 2878 2982 3030 2937 2940 2918 2943 2970 2852 2882 2879 2949 2906 2945 2934 2926 2954 2904 2978 2927 2964 2949 2970 2890 2910 2920 2912 2968 2954 2941 2959 2939 2899 2882 2907 2996 2913 3029 2948 2941 2968 3009 2946 2924 2977 2959 2920 2966 2928 2910 2921 2978 2930 2945 2940 2947 2953 2979 2819 2938

Tree=0
num_leaves=31
num_cat=0
split_feature=0 21 22 33 0 0 20 0 22 0 8 0 0 6 5 26 20 34 28 6 37 8 34 8 34 6 8 5 8 28
split_gain=18249.7 5446.84 2729.2 1320.46 993.453 823.691 708.297 387.684 258.062 247.925 234.03 230.367 267.825 192.725 187.343 185.34 183.312 152.924 164.616 124.959 110.077 106.671 105.324 103.165 105.984 100.368 90.8578 110.226 88.7323 84.1641
threshold=1500.0000000000002 1.0000000180025095e-35 1.0000000180025095e-35 11.500000000000002 1075.0000000000002 2050.0000000000005 1.0000000180025095e-35 1750.0000000000002 1.0000000180025095e-35 2050.0000000000005 10.500000000000002 1175.0000000000002 1350.0000000000002 0.57738095238095244 0.59166666666666679 1.0000000180025095e-35 1.0000000180025095e-35 93.500000000000014 1.5000000000000002 0.65476190476190488 6.3999999999999995 10.500000000000002 36.500000000000007 11.500000000000002 139.50000000000003 0.26969696969696971 14.500000000000002 0.36931818181818188 14.500000000000002 8.5000000000000018
decision_type=2 2 2 2 2 2 2 2 2 2 2 2 2 2 2 2 2 2 2 2 2 2 2 2 2 2 2 2 2 2
left_child=1 2 4 9 15 7 11 14 16 10 20 -6 26 -3 -5 21 19 18 -12 -9 -2 -1 -7 25 -25 -14 27 -13 -4 -15
right_child=3 13 28 5 6 22 -8 8 -10 -11 17 12 23 29 -16 -17 -18 -19 -20 -21 -22 -23 -24 24 -26 -27 -28 -29 -30 -31
leaf_value=46.593177319002734 46.587793140675842 46.464622706315581 46.21351454277341 46.414571798611277 46.217830998559286 46.731700036043328 46.17255530921382 46.506579410967461 46.441845392482506 46.658227833209175 46.540168361156326 46.262722787498127 46.280967280193913 46.650700067345703 46.469161833818504 46.346348924674238 46.447597937134361 46.630820420222108 46.479539027261495 46.628404591459073 46.522381863208672 46.427592890871516 46.576096587496366 46.258596107220171 46.34079886953333 46.424497665294695 46.311471170069233 46.386804200904002 46.124844944098768 46.518283371107678
leaf_weight=10.999999999999998 239 278 31 501 105 11.999999999999998 152 487 301 45 213 22 29 20 229 89 142 27 236 22 88 84 116 445 43 21 284 96 314 30
leaf_count=11 239 278 31 501 105 12 152 487 301 45 213 22 29 20 229 89 142 27 236 22 88 84 116 445 43 21 284 96 314 30
internal_value=46.406 46.2941 46.2586 46.4925 46.29 46.4684 46.2734 46.4591 46.4801 46.544 46.5376 46.2881 46.2959 46.4809 46.4317 46.3982 46.4978 46.5153 46.5083 46.5118 46.5702 46.4468 46.5907 46.2728 46.2658 46.3413 46.3268 46.3637 46.1328 46.5713
internal_weight=4712 2054 1726 2658 1381 1810 1197 1682 952 848 803 1045 940 328 730 184 651 476 449 509 327 95 128 538 488 50 402 118 345 50
internal_count=4712 2054 1726 2658 1381 1810 1197 1682 952 848 803 1045 940 328 730 184 651 476 449 509 327 95 128 538 488 50 402 118 345 50
is_linear=0
shrinkage=1


Tree=1
num_leaves=31
num_cat=0
split_feature=0 2 0 2 0 33 0 23 0 0 2 25 24 6 11 8 34 35 33 36 29 29 8 34 8 34 34 6 8 29
split_gain=16470.4 1927.61 2988.5 2615.87 1637.29 1191.72 743.381 410.451 306.298 223.752 238.753 195.766 183.165 173.934 145.644 124.583 119.95 140.277 118.45 106.8 131.215 105.395 96.2708 95.055 93.1065 95.6508 92.4196 90.5821 86.5637 85.9811
threshold=1500.0000000000002 5.5000000000000009 1250.0000000000002 6.5000000000000009 1075.0000000000002 11.500000000000002 2050.0000000000005 1.0000000180025095e-35 1350.0000000000002 2050.0000000000005 6.5000000000000009 1.0000000180025095e-35 1.0000000180025095e-35 0.57738095238095244 0.25833333333333336 10.500000000000002 93.500000000000014 0.72076334776334783 14.500000000000002 -2.0499999999999985 53.587500000000013 47.431349206349218 10.500000000000002 36.500000000000007 11.500000000000002 139.50000000000003 95.500000000000014 0.26969696969696971 14.500000000000002 41.413888888888899
decision_type=2 2 2 2 2 2 2 2 2 2 2 2 2 2 2 2 2 2 2 2 2 2 2 2 2 2 2 2 2 2
left_child=1 2 4 -3 22 9 7 11 28 10 -2 12 14 29 -7 -12 17 -17 -13 -16 -21 -14 -1 -8 27 -26 -9 -10 -5 -4
right_child=5 3 13 8 -6 6 23 26 24 -11 15 18 21 -15 19 16 -18 -19 -20 20 -22 -23 -24 -25 25 -27 -28 -29 -30 -31
leaf_value=0.17806840593164619 0.090082810183157808 -0.25927830310794864 0.11605458952942674 -0.047038202129916294 -0.20394954294879497 0.055230322558750079 0.30966499646504725 0.0953209778500686 -0.11853112475625401 0.23986639565477771 0.17263722275794649 0.1233212874294049 0.027267184581321019 0.15723750549182297 -0.018744189911945302 0.1690485127365742 0.24734786550203958 0.087909543115667829 0.038329769180586136 0.02336691119126964 0.19755043712529272 0.11377945248178556 0.020763202167914385 0.16184171763537775 -0.13978373888001014 -0.061691116229739301 0.17091157544117708 0.017822741184915818 -0.08955243112434122 0.043078909599624869
leaf_weight=10.999999999999998 301 345 49 207 257 364 11.999999999999998 107 29 45 238 111 52 50 165 78 18 168 65 633 10.999999999999998 109 84 116 445 43 65 21 284 229
leaf_count=11 301 345 49 207 257 364 12 107 29 45 238 111 52 50 165 78 18 168 65 633 11 109 84 116 445 43 65 21 284 229
internal_value=0.000283951 -0.106056 -0.0372038 -0.140131 -0.138387 0.0824593 0.0595434 0.0507039 -0.100184 0.131372 0.125292 0.0423678 0.0358285 0.071383 0.0289645 0.146403 0.122753 0.113637 0.0919324 0.0171465 0.0263421 0.0858376 0.0389775 0.1757 -0.126245 -0.132903 0.123887 -0.0612625 -0.0716289 0.0559415
internal_weight=4712 2054 680 1374 352 2658 1810 1682 1029 848 803 1510 1334 328 1173 502 264 246 176 809 644 161 95 128 538 488 172 50 491 278
internal_count=4712 2054 680 1374 352 2658 1810 1682 1029 848 803 1510 1334 328 1173 502 264 246 176 809 644 161 95 128 538 488 172 50 491 278
is_linear=0
shrinkage=0.05


Tree=2
num_leaves=31
num_cat=0
split_feature=13 21 22 33 2 2 15 23 5 8 37 8 35 2 6 8 34 37 34 25 6 34 36 34 36 2 36 8 34 8
split_gain=14864.5 4436.48 2222.95 1075.53 816.52 799.32 471.198 282.037 225.06 177.253 176.397 162.512 160.782 159.267 156.976 145.13 130.707 122.402 115.619 102.717 91.8579 90.7052 94.7993 89.2357 88.7935 88.3444 89.3595 86.8844 84.8504 94.3924
threshold=1.0000000180025095e-35 1.0000000180025095e-35 1.0000000180025095e-35 11.500000000000002 2.5000000000000004 6.5000000000000009 1.0000000180025095e-35 1.0000000180025095e-35 0.68990384615384626 14.500000000000002 6.4450000000000012 13.500000000000002 2.8282833436404871 6.5000000000000009 0.57738095238095244 10.500000000000002 122.50000000000001 5.6827777777777788 142.50000000000003 1.0000000180025095e-35 0.34523809523809529 36.500000000000007 1.0000000180025095e-35 28.500000000000004 -0.30000000000000299 2.5000000000000004 -1.0999999999999954 10.500000000000002 88.500000000000014 14.500000000000002
decision_type=2 2 2 2 2 2 2 2 2 2 2 2 2 2 2 2 2 2 2 2 2 2 2 2 2 2 2 2 2 2
left_child=3 2 4 10 27 -6 7 8 11 12 15 17 20 21 -3 25 -10 -5 -11 23 -7 -8 -23 -13 -19 -1 -27 -2 29 -9
right_child=1 14 -4 6 5 9 13 28 16 18 -12 19 -14 -15 -16 -17 -18 24 -20 -21 -22 22 -24 -25 -26 26 -28 -29 -30 -31
leaf_value=0.086001632799362321 0.16916498701003466 0.05314445202942375 -0.24631438855675683 0.1064996412654798 -0.19375206994577693 -0.077105930380747423 0.31065901951356367 0.14092516115763121 0.075443542044123887 -0.11869191191637785 0.088716743414459578 -0.028852613909240765 -0.17829607754945756 0.087476542194001805 0.14937562765181064 0.11849916251217973 0.19276069412007929 0.061841210848777688 -0.056222998350858693 0.079711963127677643 -0.022833422626383972 0.12378104766357248 0.24164474404727421 0.026532056239457993 -0.026711223529357661 0.12271497016427693 0.196546693545054 0.019725041126921066 0.16552027295936239 0.027202280167792293
leaf_weight=29 10.999999999999998 278 345 124 257 216 10.999999999999998 36 92 576 242 79 30 112 50 353 32 111 85 84 122 59 24 916 38 54 170 84 55 37
leaf_count=29 11 278 345 124 257 216 11 36 92 576 242 79 30 112 50 353 32 111 85 84 122 59 24 916 38 54 170 84 55 37
internal_value=0.000269752 -0.100753 -0.132787 0.0783364 -0.104425 -0.114875 0.0565662 0.0474237 0.0412495 -0.0951749 0.124803 0.0353366 -0.0673626 0.127753 0.0678138 0.139214 0.105719 0.0697996 -0.110659 0.0266171 -0.0575164 0.175743 0.157862 0.0221347 0.0392574 0.168117 0.178748 0.0370286 0.11862 0.0832848
internal_weight=4712 2054 1726 2658 1381 1286 1810 1604 1476 1029 848 1352 368 206 328 606 124 273 661 1079 338 94 83 995 149 253 224 95 128 73
internal_count=4712 2054 1726 2658 1381 1286 1810 1604 1476 1029 848 1352 368 206 328 606 124 273 661 1079 338 94 83 995 149 253 224 95 128 73
is_linear=0
shrinkage=0.05


Tree=3
num_leaves=31
num_cat=0
split_feature=0 21 22 33 2 2 0 23 0 0 2 0 2 29 6 8 6 29 11 35 4 8 8 6 8 4 29 24 9 35
split_gain=13415.2 4003.92 2006.21 970.663 736.91 721.386 616.929 338.652 270.809 202.881 211.174 157.384 179.08 143.161 141.671 101.647 99.3513 92.0508 120.134 84.0931 80.7576 80.108 80.0809 79.8094 78.4132 77.6498 77.5979 76.5704 79.8391 76.0109
threshold=1500.0000000000002 1.0000000180025095e-35 1.0000000180025095e-35 11.500000000000002 2.5000000000000004 6.5000000000000009 2050.0000000000005 1.0000000180025095e-35 1350.0000000000002 2050.0000000000005 6.5000000000000009 1750.0000000000002 7.5000000000000009 52.752083333333339 0.57738095238095244 10.500000000000002 0.51666666666666672 47.485416666666673 0.18465909090909094 0.72076334776334783 1.0000000180025095e-35 11.500000000000002 14.500000000000002 0.26969696969696971 10.500000000000002 0.06458333333333334 41.413888888888899 1.0000000180025095e-35 0.16025641025641027 1.211210317460317
decision_type=2 2 2 2 2 2 2 2 2 2 2 2 2 2 2 2 2 2 2 2 2 2 2 2 2 2 2 2 2 2
left_child=1 2 4 9 24 -6 7 11 -7 10 -2 13 -13 16 26 -12 -5 18 -14 -17 -9 23 -4 -10 -1 -16 -3 28 -23 -18
right_child=3 14 22 6 5 8 -8 20 21 -11 15 12 17 -15 25 19 29 -19 -20 -21 -22 27 -24 -25 -26 -27 -28 -29 -30 -31
leaf_value=0.16070674244653096 0.07966051665954664 0.10759463149826139 -0.15733159203683178 0.0079684063299523562 -0.18406446135534038 -0.063566106161038166 0.15955511304928224 0.24323338812047784 -0.10840033919646824 0.22187352916432751 0.15632460918786209 0.032833645304241356 0.18431453204580717 0.1693416612688452 0.18076374051678512 0.15484295086218761 -0.051088904310017828 0.10088264454589334 0.0286437482210911 0.092991704574876266 0.10320485340147888 -0.12567428546328693 -0.24156770871797947 0.019588893013341088 0.018738790024958908 0.04198912722723825 0.038267741490594691 -0.088400703414080253 -0.20844853873131797 0.06366913964770253
leaf_weight=10.999999999999998 301 49 31 551 257 491 128 10.999999999999998 29 45 238 443 13.999999999999998 15.999999999999998 36 78 15.999999999999998 215 108 186 161 325 314 21 84 13.999999999999998 229 131 32 147
leaf_count=11 301 49 31 551 257 491 128 11 29 45 238 443 14 16 36 78 16 215 108 186 161 325 314 21 84 14 229 131 32 147
internal_value=0.000256265 -0.0957155 -0.126147 0.0744196 -0.0992041 -0.109131 0.0537379 0.0456852 -0.0904161 0.118563 0.112774 0.0381132 0.0537295 0.0214274 0.0644231 0.132628 0.0181128 0.0811979 0.0465076 0.111266 0.11216 -0.114921 -0.233999 -0.0546449 0.0351772 0.141907 0.0504872 -0.121096 -0.133094 0.0524045
internal_weight=4712 2054 1726 2658 1381 1286 1810 1682 1029 848 803 1510 780 730 328 502 714 337 122 264 172 538 345 50 95 50 278 488 357 163
internal_count=4712 2054 1726 2658 1381 1286 1810 1682 1029 848 803 1510 780 730 328 502 714 337 122 264 172 538 345 50 95 50 278 488 357 163
is_linear=0
shrinkage=0.05


Tree=4
num_leaves=31
num_cat=0
split_feature=0 21 2 0 0 0 2 0 30 29 37 3 9 0 6 34 8 34 4 11 8 36 29 37 6 8 6 11 32 32
split_gain=12107.2 3613.54 1174.43 1819.71 828.109 445.427 687.708 244.405 242.415 184.531 169.164 152.143 287.054 140.887 127.858 110.829 100.172 140.801 126.032 102.974 99.791 94.7481 108.287 94.118 88.6579 85.2561 83.5051 79.5127 77.5027 76.1143
threshold=1500.0000000000002 1.0000000180025095e-35 6.5000000000000009 1075.0000000000002 1750.0000000000002 2050.0000000000005 6.5000000000000009 1350.0000000000002 35.775000000000006 47.485416666666673 5.8999999999999995 1.5000000000000002 0.087121212121212141 1175.0000000000002 0.57738095238095244 49.500000000000007 14.500000000000002 59.500000000000007 0.069047619047619066 0.59166666666666679 13.500000000000002 -2.1166666666666676 48.336458333333347 5.3887500000000008 0.68990384615384626 11.500000000000002 0.20714285714285716 0.12916666666666668 0.20714285714285716 0.79285714285714304
decision_type=2 2 2 2 2 2 2 2 2 2 2 2 2 2 2 2 2 2 2 2 2 2 2 2 2 2 2 2 2 2
left_child=1 2 3 -1 10 6 21 -4 -8 24 11 12 -2 -5 -3 23 17 19 -19 -11 -15 22 -6 -7 29 -23 28 -17 -27 -10
right_child=4 14 7 13 5 15 8 -9 9 16 -12 -13 -14 20 -16 27 -18 18 -20 -21 -22 25 -24 -25 -26 26 -28 -29 -30 -31
leaf_value=0.033418324546594373 0.058561127700118558 0.047962867743385922 -0.060387801708271377 -0.14942229269870691 0.046902956659494732 0.36160044886849146 0.17724907334267567 -0.10917447935807134 0.069455791219303814 0.09485489194504107 0.01062919501243626 0.0013964231284159536 0.25374465867877011 -0.14617567921429872 0.1348115069717169 0.25141068577766418 0.086562433276893724 0.30468384941418969 0.15267751506840191 0.25234252647920091 -0.22065834076356317 0.10711871644450446 -0.043711968506977429 0.19334207582561411 0.19271061665245467 0.069555090107023723 0.052268759662920564 0.12889025678479038 -0.050501621132943687 -0.04984442251069205
leaf_weight=95 324 278 491 105 68 10.999999999999998 113 538 297 184 459 106 20 50 50 14.999999999999998 177 14.999999999999998 150 10.999999999999998 447 59 64 34 13.999999999999998 20 349 113 41 13.999999999999998
leaf_count=95 324 278 491 105 68 11 113 538 297 184 459 106 20 50 50 15 177 15 150 11 447 59 64 34 14 20 349 113 41 14
internal_value=0.000243451 -0.0909297 -0.11984 -0.169954 0.0706986 0.0908184 0.0824583 -0.0858953 0.10839 0.0993631 0.0319863 0.0537705 0.069909 -0.202047 0.061202 0.166977 0.11736 0.132503 0.166496 0.103739 -0.213165 0.0403896 0.00296845 0.234472 0.0696261 0.0509218 0.042835 0.143248 -0.0111388 0.0640854
internal_weight=4712 2054 1726 697 2658 1749 1576 1029 975 862 909 450 344 602 328 173 537 360 165 195 497 601 132 45 325 469 410 128 61 311
internal_count=4712 2054 1726 697 2658 1749 1576 1029 975 862 909 450 344 602 328 173 537 360 165 195 497 601 132 45 325 469 410 128 61 311
is_linear=0
shrinkage=0.05


Tree=5
num_leaves=31
num_cat=0
split_feature=13 21 2 2 33 15 9 2 5 6 29 2 25 31 37 2 37 32 37 2 6 28 7 9 37 34 35 32 34 24
split_gain=11055.1 3100.66 1139.43 1408.39 722.231 312.935 188.739 221.914 151.706 141.928 139.348 175.094 131.01 143.927 135.052 125.809 125.676 123.961 109.993 101.743 101.612 101.499 92.6771 89.0138 86.2958 85.8457 82.0039 80.9009 78.1445 77.618
threshold=1.0000000180025095e-35 1.0000000180025095e-35 6.5000000000000009 2.5000000000000004 11.500000000000002 1.0000000180025095e-35 1.0000000180025095e-35 7.5000000000000009 0.60769230769230786 0.67708333333333337 47.566770833333344 6.5000000000000009 1.0000000180025095e-35 21.500000000000004 6.6000000000000005 5.5000000000000009 5.8999999999999995 0.36038961038961043 8.6062500000000028 9.5000000000000018 0.74166666666666681 5.5000000000000009 2.5000000000000004 0.11805555555555557 3.8438888888888907 129.50000000000003 2.2909064980158731 0.72077922077922085 32.500000000000007 1.0000000180025095e-35
decision_type=2 2 2 2 2 2 2 2 2 2 2 2 2 2 2 2 2 2 2 2 2 2 2 2 2 2 2 2 2 2
left_child=4 2 3 17 12 8 7 -7 10 24 23 18 13 14 -1 21 22 -2 26 -13 -17 -5 29 25 -3 -6 -12 28 -16 -4
right_child=1 9 16 15 5 6 -8 -9 -10 -11 11 19 -14 -15 27 20 -18 -19 -20 -21 -22 -23 -24 -25 -26 -27 -28 -29 -30 -31
leaf_value=0.10606980352797896 0.16702356152236464 0.093181016061293045 -0.086300217928985762 -0.087472896637848102 0.023198214555093161 0.2225093693073307 0.067321422164419997 0.052105730116881181 0.068056411935794869 0.17537864935161041 0.016856703666659693 0.09700623847483468 0.14369827015639355 0.25986200579657009 0.038687715896151283 -0.21447540644161342 -0.1136415108987357 -0.005036358639779615 -0.045556996276845105 0.014088969803932642 -0.052825214192271236 -0.17703880266448774 -0.0068535525495043177 -0.0093825735256989271 0.02970395983434497 0.098146376980557337 0.07700357128646268 -0.083975025489926344 0.11307159487444621 -0.050749877151874359
leaf_weight=454 11.999999999999998 69 525 37 423 56 122 29 414 22 156 208 178 12.999999999999998 110 349 226 82 46 45 9.9999999999999982 218 52 208 239 42 89 9.9999999999999982 52 217
leaf_count=454 12 69 525 37 423 56 122 29 414 22 156 208 178 13 110 349 226 82 46 45 10 218 52 208 239 42 89 10 52 217
internal_value=-0.000772848 -0.0877514 -0.114571 -0.163305 0.0666478 0.0492613 0.107173 0.164372 0.0419114 0.0526881 0.0330173 0.0518357 0.105762 0.0951949 0.0917753 -0.190898 -0.0807448 0.0169287 0.0253861 0.0822581 -0.209973 -0.164043 -0.0713813 0.017806 0.0439245 0.0299677 0.038706 0.0540443 0.062564 -0.0759034
internal_weight=4713 2058 1728 708 2655 1838 207 85 1631 330 1217 544 817 639 626 614 1020 94 291 253 359 255 794 673 308 465 245 172 162 742
internal_count=4713 2058 1728 708 2655 1838 207 85 1631 330 1217 544 817 639 626 614 1020 94 291 253 359 255 794 673 308 465 245 172 162 742
is_linear=0
shrinkage=0.05


Tree=6
num_leaves=31
num_cat=0
split_feature=0 21 22 33 20 0 0 23 24 22 0 32 5 0 35 3 25 8 4 5 24 28 30 9 0 4 30 5 36 31
split_gain=9977.24 2798.35 1488.84 651.813 485.65 425.306 346.089 181.84 159.199 154.564 171.104 182.303 138.87 115.12 111.44 106.177 99.1509 98.1639 88.8864 142.352 87.4267 86.5064 84.6304 83.8289 83.5512 79.2449 84.0062 78.8959 77.4799 74.0912
threshold=1500.0000000000002 1.0000000180025095e-35 1.0000000180025095e-35 11.500000000000002 1.0000000180025095e-35 2050.0000000000005 1075.0000000000002 1.0000000180025095e-35 1.0000000180025095e-35 1.0000000180025095e-35 1750.0000000000002 0.095454545454545472 0.68990384615384626 1650.0000000000002 2.5264985014985029 1.0000000180025095e-35 1.0000000180025095e-35 10.500000000000002 0.06458333333333334 0.65476190476190488 1.0000000180025095e-35 26.500000000000004 44.172222222222224 0.16025641025641027 2250.0000000000005 0.21825396825396828 47.81666666666667 0.60769230769230786 0.3000000000000031 17.287500000000005
decision_type=2 2 2 2 2 2 2 2 2 2 2 2 2 2 2 2 2 2 2 2 2 2 2 2 2 2 2 2 2 2
left_child=1 2 4 9 6 7 17 12 14 10 13 23 16 -2 22 24 20 -1 19 -3 27 -22 -8 25 -7 26 -12 -5 -4 -13
right_child=3 18 28 5 -6 15 8 -9 -10 -11 11 29 -14 -15 -16 -17 -18 -19 -20 -21 21 -23 -24 -25 -26 -27 -28 -29 -30 -31
leaf_value=0.11198526983459792 0.11412465089133808 0.049422156254666443 -0.21826419342429407 0.013534163893631691 -0.17029141173119838 0.22342233105107795 -0.078483343200441313 0.090391813077212113 -0.052504242846651922 0.047543192730616718 0.15108784006519632 0.10052446100705195 0.086110221575044332 0.029991255140354497 -0.12534645705922576 0.089202806792872139 0.064911420752647969 -0.021645008568458898 0.032943012898220964 0.17840939243474316 0.033095945788761683 0.10738115888088942 -0.15165388376213784 0.052174713519903326 0.092485022676341677 0.27959694736882262 0.28265142270496918 0.046669571259336774 -0.17075935686138316 0.19117267839610577
leaf_weight=14.999999999999998 70 69 217 847 149 43 488 166 268 118 91 371 124 97 242 53 187 164 230 31 113 60 43 12.999999999999998 17 19 13.999999999999998 228 142 24
leaf_count=15 70 69 217 847 149 43 488 166 268 118 91 371 124 97 242 53 187 164 230 31 113 60 43 13 17 19 14 228 142 24
internal_value=-0.000734205 -0.0833639 -0.108843 0.0633155 -0.0850763 0.0467982 -0.0746688 0.0406423 -0.0857118 0.100474 0.10941 0.12327 0.035345 0.0652568 -0.0972249 0.140771 0.0309584 -0.0104469 0.0500537 0.0894082 0.0258708 0.0588596 -0.0844086 0.172969 0.186323 0.185633 0.16863 0.020562 -0.199474 0.106032
internal_weight=4713 2058 1728 2655 1369 1838 1220 1725 1041 817 699 532 1559 167 773 113 1435 179 330 100 1248 173 531 137 60 124 105 1075 359 395
internal_count=4713 2058 1728 2655 1369 1838 1220 1725 1041 817 699 532 1559 167 773 113 1435 179 330 100 1248 173 531 137 60 124 105 1075 359 395
is_linear=0
shrinkage=0.05


Tree=7
num_leaves=31
num_cat=0
split_feature=0 21 8 33 0 24 25 23 0 23 35 0 25 5 6 31 37 3 37 24 32 25 34 35 8 32 30 24 8 18
split_gain=9004.46 2525.51 725.482 588.261 383.839 367.33 350.261 420.379 229.808 164.11 149.655 146.828 143.656 125.33 116.442 108.784 108.563 95.825 91.8304 107.119 99.4035 89.4837 90.7404 88.6934 88.5929 82.958 126.83 81.9977 84.594 78.3615
threshold=1500.0000000000002 1.0000000180025095e-35 14.500000000000002 11.500000000000002 2050.0000000000005 1.0000000180025095e-35 1.0000000180025095e-35 1.0000000180025095e-35 1075.0000000000002 1.0000000180025095e-35 2.6456721230158724 2050.0000000000005 1.0000000180025095e-35 0.68990384615384626 0.67708333333333337 21.008333333333333 6.6000000000000005 1.0000000180025095e-35 4.0725000000000025 1.0000000180025095e-35 0.74166666666666681 1.0000000180025095e-35 80.500000000000014 2.3670856227106234 10.500000000000002 0.20714285714285716 45.775000000000013 1.0000000180025095e-35 8.5000000000000018 1.0000000180025095e-35
decision_type=2 2 2 2 2 2 2 2 2 2 2 2 2 2 2 2 2 2 2 2 2 2 2 2 2 2 2 2 2 2
left_child=1 2 8 11 9 6 7 23 24 13 18 12 15 21 -3 16 27 -6 -10 20 -20 22 25 -4 -1 -5 -27 28 -2 -30
right_child=3 14 5 4 17 -7 -8 -9 10 -11 -12 -13 -14 -15 -16 -17 -18 -19 19 -21 -22 -23 -24 -25 -26 26 -28 -29 29 -31
leaf_value=0.10638600690911214 0.16717371070384979 0.039613130740978601 -0.20738991114171224 0.03701351886311801 0.17700725193096636 -0.05862239482376868 -0.089209368371709452 -0.09962477707600205 -0.033049409762325815 0.085872221728562417 -0.13335944708198944 0.19564247203724727 0.13044260999742435 0.081804709998334973 0.15868106172843413 0.22837262426813446 0.042010871208755372 0.08474266883688715 -0.096243696920573718 -0.016463968484989693 -0.23946323863097599 0.061665850152625129 0.040372993850800787 -0.16422901809291574 -0.020562758849842884 -0.0067646282702811394 0.085181792062230227 0.13329429739089901 0.078283602790590254 -0.0216918732970953
leaf_weight=14.999999999999998 25 308 200 241 60 173 272 228 147 166 94 35 178 124 22 11.999999999999998 166 53 90 37 13.999999999999998 187 526 294 164 440 41 86 294 21
leaf_count=15 25 308 200 241 60 173 272 228 147 166 94 35 178 124 22 12 166 53 90 37 14 187 526 294 164 440 41 86 294 21
internal_value=-0.000697495 -0.0791957 -0.103401 0.0601497 0.0444583 -0.125863 -0.137566 -0.155784 -0.056674 0.0386102 -0.0785802 0.0954505 0.0909662 0.0335778 0.047551 0.0793324 0.0763113 0.133733 -0.0607009 -0.089529 -0.115523 0.0294104 0.0245773 -0.181703 -0.00992459 0.0130696 0.0010728 0.0896772 0.0786447 0.0716186
internal_weight=4713 2058 1728 2655 1838 1167 994 722 561 1725 382 817 782 1559 330 604 592 113 288 141 104 1435 1248 494 179 722 481 426 340 315
internal_count=4713 2058 1728 2655 1838 1167 994 722 561 1725 382 817 782 1559 330 604 592 113 288 141 104 1435 1248 494 179 722 481 426 340 315
is_linear=0
shrinkage=0.05


Tree=8
num_leaves=31
num_cat=0
split_feature=0 22 20 2 19 33 0 23 6 22 0 32 0 5 35 34 29 0 29 6 34 3 5 0 29 37 29 4 8 27
split_gain=8126.52 1933.16 669.245 797.79 884.176 530.906 346.415 148.11 141.735 135.269 141.52 165.361 128.715 113.11 110.174 107.901 121.154 100.216 95.7525 91.0789 90.8752 86.482 85.6388 84.1358 98.4052 93.518 106.603 108.511 81.3994 79.0054
threshold=1500.0000000000002 1.0000000180025095e-35 1.0000000180025095e-35 6.5000000000000009 1.0000000180025095e-35 11.500000000000002 2050.0000000000005 1.0000000180025095e-35 0.54195804195804198 1.0000000180025095e-35 1750.0000000000002 0.095454545454545472 1350.0000000000002 0.68990384615384626 2.2605621693121702 81.500000000000014 46.793614718614727 1650.0000000000002 42.30407407407408 0.74166666666666681 143.50000000000003 1.0000000180025095e-35 0.36931818181818188 1750.0000000000002 49.652777777777793 8.6062500000000028 47.391071428571443 0.13809523809523813 11.500000000000002 2.5000000000000004
decision_type=2 2 2 2 2 2 2 2 2 2 2 2 2 2 2 2 2 2 2 2 2 2 2 2 2 2 2 2 2 2
left_child=1 2 3 4 8 9 7 13 18 10 17 -12 -5 23 -10 -13 -17 -2 22 -3 28 -8 -1 24 -7 26 29 -28 -14 -25
right_child=5 19 -4 12 -6 6 21 -9 14 -11 11 15 20 -15 -16 16 -18 -19 -20 -21 -22 -23 -24 25 -26 -27 27 -29 -30 -31
leaf_value=-0.02570961443707347 0.10447731807827949 -0.18492091353302209 -0.15417365375031161 -0.051361166660941829 -0.12262810548890453 0.0087501668584111948 0.16815689069529374 0.081578611063031783 0.16473715620381491 0.041160825248491968 0.15897559054522184 0.082365875395950056 -0.03159238535165787 0.077714474107168863 0.048587566347108507 0.025871126493439079 0.18045298305691268 0.025978692217739588 0.010822177485850222 -0.031877970546483995 0.00067970503919890948 0.080505533938137988 0.10571997215886686 0.08253534291263509 0.073486364346284125 -0.0047821966877493729 0.035728730027989035 0.089061889125650398 -0.098987673594534795 0.01080582748018687
leaf_weight=15.999999999999998 70 349 149 511 106 606 60 166 35 118 137 318 50 124 49 15.999999999999998 61 97 269 9.9999999999999982 28 53 55 46 65 104 184 198 431 232
leaf_count=16 70 349 149 511 106 606 60 166 35 118 137 318 50 124 49 16 61 97 269 10 28 53 55 46 65 104 184 198 431 232
internal_value=-0.00066262 -0.0752359 -0.0529601 -0.0432306 0.00653287 0.0571422 0.0422354 0.0366797 0.0388231 0.090678 0.0990371 0.111642 -0.0690881 0.0318989 0.0969832 0.0952251 0.148332 0.0588823 0.0244541 -0.180658 -0.0868846 0.127046 0.076102 0.0279399 0.0150212 0.0392861 0.0462302 0.0633726 -0.0919819 0.0226747
internal_weight=4713 2058 1699 1550 530 2655 1838 1725 424 817 699 532 1020 1559 84 395 77 167 340 359 509 113 71 1435 671 764 660 382 481 278
internal_count=4713 2058 1699 1550 530 2655 1838 1725 424 817 699 532 1020 1559 84 395 77 167 340 359 509 113 71 1435 671 764 660 382 481 278
is_linear=0
shrinkage=0.05


Tree=9
num_leaves=31
num_cat=0
split_feature=0 21 2 0 33 0 23 0 2 0 8 32 5 30 0 30 34 30 30 0 34 3 34 0 29 2 0 8 31 4
split_gain=7334.19 2057.75 763.474 960.593 479.143 312.639 133.669 130.822 164.049 116.165 114.742 103.221 102.082 90.8864 94.5962 86.9031 83.5077 116.028 95.0371 151.066 82.0148 78.05 77.0861 75.9326 88.8106 78.4965 75.405 74.621 75.3024 72.1682
threshold=1500.0000000000002 1.0000000180025095e-35 6.5000000000000009 1075.0000000000002 11.500000000000002 2050.0000000000005 1.0000000180025095e-35 2050.0000000000005 6.5000000000000009 1350.0000000000002 13.500000000000002 0.39230769230769241 0.68990384615384626 47.416666666666679 1650.0000000000002 51.225000000000009 81.500000000000014 44.587500000000013 37.350000000000001 1750.0000000000002 143.50000000000003 1.0000000180025095e-35 117.50000000000001 1750.0000000000002 49.652777777777793 7.5000000000000009 2250.0000000000005 14.500000000000002 11.700000000000008 0.06458333333333334
decision_type=2 2 2 2 2 2 2 2 2 2 2 2 2 2 2 2 2 2 2 2 2 2 2 2 2 2 2 2 2 2
left_child=1 2 3 11 7 6 12 8 13 -4 -5 -1 23 14 -2 16 18 -18 19 -10 27 26 -14 24 -6 -25 -7 28 -11 -3
right_child=4 29 9 10 5 21 -8 -9 15 20 -12 -13 22 -15 -16 -17 17 -19 -20 -21 -22 -23 -24 25 -26 -27 -28 -29 -30 -31
leaf_value=0.13587657429277897 0.11326484797699821 0.078395369425416001 -0.048793107604333648 -0.097613450884819042 0.0083126585905996496 0.19499300303760658 0.07749967921906746 0.18071751634989466 -0.050613594359972258 -0.038948489456755664 -0.16400352794362269 -0.0071970555082529405 0.049598078421420527 -0.048304869660309391 0.043130727188909437 0.20420950208055344 0.095554661693481313 0.23528267418344817 0.072084088887352876 0.14423137284421292 0.00064571867031710487 0.076480257932869888 0.1379687660483315 0.022192825823097312 0.069812045580206011 0.054299832547678506 0.070602565302568324 -0.10064026998254694 -0.12356431677060969 0.027516664268560306
leaf_weight=14.999999999999998 63 100 511 74 606 43 166 35 10.999999999999998 116 540 79 90 21 203 19 39 24 298 104 28 53 34 404 65 360 17 331 34 230
leaf_count=15 63 100 511 74 606 43 166 35 11 116 540 79 90 21 203 19 39 24 298 104 28 53 34 404 65 360 17 331 34 230
internal_value=-0.000629489 -0.0714741 -0.093323 -0.133214 0.0542851 0.0401236 0.0348457 0.0861441 0.0819112 -0.0656337 -0.156002 0.0156338 0.030304 0.0518356 0.0597414 0.099349 0.0951634 0.148784 0.086984 0.125594 -0.0825404 0.120694 0.0738288 0.0265429 0.0142701 0.0373218 0.159749 -0.0873828 -0.0581281 0.0429345
internal_weight=4713 2058 1728 708 2655 1838 1725 817 782 1020 614 94 1559 287 266 495 476 63 413 115 509 113 124 1435 671 764 60 481 150 330
internal_count=4713 2058 1728 708 2655 1838 1725 817 782 1020 614 94 1559 287 266 495 476 63 413 115 509 113 124 1435 671 764 60 481 150 330
is_linear=0
shrinkage=0.05


Tree=10
num_leaves=31
num_cat=0
split_feature=0 22 0 20 33 23 25 19 24 23 26 5 32 29 34 37 25 37 6 22 9 29 5 34 23 34 29 27 6 33
split_gain=6443.68 1554.73 552.563 537.526 457.803 269.649 341.624 434.155 330.686 148.38 147.56 120.559 125.143 123.623 114.033 112.676 158.532 108.555 98.59 90.7544 89.8637 89.4645 124.362 88.7496 88.8031 84.226 80.4405 100.691 96.3843 78.9205
threshold=1500.0000000000002 1.0000000180025095e-35 2050.0000000000005 1.0000000180025095e-35 11.500000000000002 1.0000000180025095e-35 1.0000000180025095e-35 1.0000000180025095e-35 1.0000000180025095e-35 1.0000000180025095e-35 1.0000000180025095e-35 0.68990384615384626 0.63961038961038974 49.065324074074077 55.500000000000007 4.5314285714285738 1.0000000180025095e-35 3.7936111111111117 0.54195804195804198 1.0000000180025095e-35 1.0000000180025095e-35 41.301785714285721 0.36931818181818188 86.500000000000014 1.0000000180025095e-35 70.500000000000014 47.602380952380962 5.5000000000000009 0.44949494949494956 8.5000000000000018
decision_type=2 2 2 2 2 2 2 2 2 2 2 2 2 2 2 2 2 2 2 2 2 2 2 2 2 2 2 2 2 2
left_child=1 3 4 5 15 6 7 8 10 11 18 13 -13 -6 -4 19 23 -8 21 -2 -18 22 -1 24 26 -15 27 -17 29 -28
right_child=2 -3 14 -5 9 -7 17 -9 -10 -11 -12 12 -14 25 -16 16 20 -19 -20 -21 -22 -23 -24 -25 -26 -27 28 -29 -30 -31
leaf_value=-0.043067278311802792 0.11375100574498319 -0.1602717029938617 0.19887585120444951 -0.13385749405670552 0.014842852202460611 -0.0777281888172041 -0.031623873957107931 -0.10727271463279382 -0.04306344361552461 0.073511417898219175 -0.032711609084527575 0.058596236325268239 0.23533028689297764 0.029569057583727916 0.11158359669085244 0.062350343909223109 0.14984244867086863 -0.089491697479842591 0.084568047192244034 0.048949440568685533 0.067641176839373013 0.015616035602480463 0.1380369890161923 0.11799746085889638 0.075681839927869005 0.083277365948027385 0.13499556102535942 -0.055489290979775521 -0.10168977086790479 -0.015087301349050779
leaf_weight=12.999999999999998 263 353 55 155 1084 313 129 101 264 193 91 112 10.999999999999998 184 117 103 66 218 88 68 67 309 35 36 92 121 10.999999999999998 22 26 43
leaf_count=13 263 353 55 155 1084 313 129 101 264 193 91 112 11 184 117 103 66 218 88 68 67 309 35 36 92 121 11 22 26 43
internal_value=0.00154494 -0.0647089 0.0528087 -0.0450506 0.0468493 -0.0362325 -0.0258253 -0.00959077 0.00274157 0.0322264 0.0253023 0.0269566 0.0744017 0.0227552 0.139497 0.0781316 0.0622871 -0.0679789 0.0371658 0.100438 0.108433 0.0254812 0.0889879 0.0438565 0.0348697 0.0508763 0.0165541 0.0416106 -0.0225967 0.0154851
internal_weight=4743 2069 2674 1716 2502 1561 1248 901 800 1705 536 1512 123 1389 172 797 466 347 445 331 133 357 48 333 297 305 205 125 80 54
internal_count=4743 2069 2674 1716 2502 1561 1248 901 800 1705 536 1512 123 1389 172 797 466 347 445 331 133 357 48 333 297 305 205 125 80 54
is_linear=0
shrinkage=0.05


Tree=11
num_leaves=31
num_cat=0
split_feature=0 22 0 20 8 23 35 5 17 38 8 27 23 34 34 9 31 34 28 11 37 34 10 34 36 36 37 35 32 36
split_gain=5815.42 1403.15 498.688 485.117 369.547 243.359 214.019 155.97 120.636 128.121 112.798 106.027 102.986 102.915 92.6777 87.8921 95.7201 87.2838 120.786 83.2423 83.0246 81.0888 77.8852 83.3091 90.8518 73.0666 71.9634 69.2959 95.1614 69.0038
threshold=1500.0000000000002 1.0000000180025095e-35 2050.0000000000005 1.0000000180025095e-35 13.500000000000002 1.0000000180025095e-35 1.0000000180025095e-35 0.65476190476190488 1.0000000180025095e-35 0.36931818181818188 10.500000000000002 4.5000000000000009 1.0000000180025095e-35 55.500000000000007 90.500000000000014 0.06458333333333334 11.700000000000008 90.500000000000014 18.500000000000004 0.18465909090909094 4.5000000000000062 55.500000000000007 3.5000000000000004 23.500000000000004 1.1000000000000008 -0.25000000000000261 4.7000000000000002 2.0792176870748302 0.40833333333333338 -0.35277777777777858
decision_type=2 2 2 2 2 2 2 2 2 2 2 2 2 2 2 2 2 2 2 2 2 2 2 2 2 2 2 2 2 2
left_child=1 3 4 5 10 7 -6 8 9 -1 20 -9 19 -4 21 16 -13 18 -12 -8 -2 -14 23 -11 25 29 -22 -19 -29 -25
right_child=2 -3 13 -5 6 -7 12 11 -10 22 17 15 14 -15 -16 -17 -18 27 -20 -21 26 -23 -24 24 -26 -27 -28 28 -30 -31
leaf_value=0.025694565666877101 0.12634419671516736 -0.15225811762555186 0.18893205889585343 -0.12716462094456921 0.09003528517365228 -0.073841779395497562 0.064095032799948923 0.076984619035532609 0.05308261405585743 -0.08327688283063997 0.052785434975300596 -0.030219129928828855 0.063846761760888271 0.10600441699194858 0.1115196924467208 -0.085617404651862614 0.091616085291440996 0.14770672497780699 -0.046146216706344584 0.014913582100875001 -0.031943721473217015 -0.043629317558728731 -0.065482316358537504 -0.030697961173535994 -0.067990815783427513 -0.0020500096923056752 0.081749116174799491 0.21803745090961457 0.056998253492890186 -0.12965402532564968
leaf_weight=82 116 353 55 155 131 313 93 57 41 71 474 38 54 117 59 27 28 38 33 1149 14.999999999999998 26 221 242 110 312 193 9.9999999999999982 111 19
leaf_count=82 116 353 55 155 131 313 93 57 41 71 474 38 54 117 59 27 28 38 33 1149 15 26 221 242 110 312 193 10 111 19
internal_value=0.00146769 -0.0614734 0.0501682 -0.042798 0.0445068 -0.0344208 0.0289578 -0.024534 -0.0310672 -0.0343313 0.0682544 0.0232892 0.0231641 0.132522 0.0639786 -0.00962093 0.0214685 0.0564827 0.0463461 0.0185963 0.0924517 0.028917 -0.0393797 -0.0317289 -0.0263703 -0.0183803 0.0735501 0.0888053 0.0703073 -0.0379017
internal_weight=4743 2069 2674 1716 2502 1561 1512 1248 1098 1057 990 150 1381 172 139 93 66 666 507 1242 324 80 975 754 683 573 208 159 121 261
internal_count=4743 2069 2674 1716 2502 1561 1512 1248 1098 1057 990 150 1381 172 139 93 66 666 507 1242 324 80 975 754 683 573 208 159 121 261
is_linear=0
shrinkage=0.05


Tree=12
num_leaves=31
num_cat=0
split_feature=0 21 22 0 33 0 2 2 37 0 29 34 29 0 5 32 34 4 29 34 37 2 6 29 29 34 36 30 37 29
split_gain=5248.42 1559.82 794.933 450.066 379.048 322.554 232.144 223 156.38 129.512 108.42 124.18 129.984 106.142 104.728 95.9597 99.0885 121.961 96.0935 92.8808 85.5409 69.6868 69.5986 79.884 118.342 74.9617 68.0368 69.0504 68.7677 67.2257
threshold=1500.0000000000002 1.0000000180025095e-35 1.0000000180025095e-35 2050.0000000000005 13.500000000000002 1075.0000000000002 6.5000000000000009 6.5000000000000009 5.3100000000000014 1750.0000000000002 37.850000000000001 90.500000000000014 48.612162698412703 1350.0000000000002 0.36038961038961043 0.17424242424242428 84.500000000000014 0.07417582417582419 49.065324074074077 55.500000000000007 7.3000000000000043 1.5000000000000002 0.54195804195804198 43.238500000000009 44.988444444444447 58.500000000000007 -0.29999999999999921 38.263888888888893 4.0333333333333377 47.825123456790131
decision_type=2 2 2 2 2 2 2 2 2 2 2 2 2 2 2 2 2 2 2 2 2 2 2 2 2 2 2 2 2 2
left_child=1 2 5 4 7 21 -7 8 -2 -9 -6 -12 20 14 -8 -11 -17 -18 -19 -5 -13 -1 23 -3 25 -25 27 -24 -28 -15
right_child=3 22 -4 19 10 6 13 9 -10 15 11 12 -14 29 -16 16 17 18 -20 -21 -22 -23 26 24 -26 -27 28 -29 -30 -31
leaf_value=0.055378661781202924 0.064773397938764188 0.069341771912417915 -0.14464521610056691 0.17948545548048889 0.17032848534484704 -0.11248089970158617 -0.10145977020608904 0.019246011611950747 0.013193036430744555 0.11239009537322578 0.0045665348917689353 0.011408816843558689 0.078850943446990895 -0.066939313055512067 -0.028813729838823833 0.059662815410790604 0.25141950984086309 0.061555840751912075 0.17002502962433061 0.1007041948218631 0.080943084732951753 -0.016769182859667092 0.24958833128213875 -0.16728228727976482 0.032439202416050528 -0.022981596696707938 0.10069774039570363 0.079968180656433116 -0.0074029551952012954 -0.12239452466789275
leaf_weight=43 271 76 353 55 11.999999999999998 256 58 85 321 215 630 296 140 461 343 368 13.999999999999998 69 29 117 52 151 10.000000000000002 11.999999999999998 134 36 31 14.999999999999998 28 62
leaf_count=43 271 76 353 55 12 256 58 85 321 215 630 296 140 461 343 368 14 69 29 117 52 151 10 12 134 36 31 15 28 62
internal_value=0.00139431 -0.0583998 -0.0777192 0.0476598 0.0422815 -0.0605249 -0.0703478 0.0599433 0.036805 0.0775047 0.0208372 0.0192326 0.0381664 -0.0586745 -0.0393211 0.0846298 0.0721956 0.113375 0.0936539 0.125896 0.021799 -0.00077765 0.0391575 0.0262872 0.0083084 -0.0590568 0.0786875 0.147816 0.0493957 -0.0735134
internal_weight=4743 2069 1727 2674 2502 1374 1180 1372 592 780 1130 1118 488 924 401 695 480 112 98 172 348 194 342 258 182 48 84 25 59 523
internal_count=4743 2069 1727 2674 2502 1374 1180 1372 592 780 1130 1118 488 924 401 695 480 112 98 172 348 194 342 258 182 48 84 25 59 523
is_linear=0
shrinkage=0.05


Tree=13
num_leaves=31
num_cat=0
split_feature=13 21 22 33 2 2 29 11 35 34 29 2 29 8 25 35 3 36 33 35 34 28 8 3 35 34 4 5 34 33
split_gain=4736.7 1407.73 717.427 354.786 293.068 234.722 170.227 170.056 162.259 154.828 134.868 99.179 93.6521 115.108 101.211 88.4513 84.9919 117.185 83.3499 97.3792 89.3697 80.1328 77.1598 76.4182 91.3864 73.9076 68.2373 67.7152 65.5335 82.0624
threshold=1.0000000180025095e-35 1.0000000180025095e-35 1.0000000180025095e-35 11.500000000000002 2.5000000000000004 6.5000000000000009 49.196231060606067 0.18465909090909094 1.5644039987789986 86.500000000000014 47.751000000000005 9.5000000000000018 44.002380952380953 10.500000000000002 1.0000000180025095e-35 0.40584656084656118 1.5000000000000002 -3.9000000000000017 14.500000000000002 2.8282833436404871 131.50000000000003 16.500000000000004 13.500000000000002 1.0000000180025095e-35 3.8014841269841257 17.500000000000004 0.32291666666666669 0.59166666666666679 136.50000000000003 15.500000000000002
decision_type=2 2 2 2 2 2 2 2 2 2 2 2 2 2 2 2 2 2 2 2 2 2 2 2 2 2 2 2 2 2
left_child=3 2 4 9 -2 -6 7 26 -8 12 -11 16 23 15 21 -14 17 -9 19 -7 -20 -15 -19 -1 -25 -16 -5 -12 29 -4
right_child=1 -3 28 6 5 18 8 11 -10 10 27 -13 13 14 25 -17 -18 22 20 -21 -22 -23 -24 24 -26 -27 -28 -29 -30 -31
leaf_value=0.12726587164268066 0.023618925010725558 0.037199600193750286 -0.12573698699174815 0.087385712319872147 -0.106856855875958 -0.033931120777025335 0.020612114874853028 -0.095161402763591876 0.085648245623168556 0.070056974004421915 0.16396089127021177 -0.021917413803923848 -0.039974915087223055 0.019326134331045096 -0.018432692686716715 0.085423173383085263 -0.0013151680528122279 0.063932574270840967 -0.083521102287815341 -0.10224256055943411 -0.032748030094789861 -0.10509639491460153 0.02635788502259951 0.07926267449843831 -0.076321738064289102 0.10653686306572385 -0.021950683230534198 0.31037062514912001 -0.077149145028815841 -0.17893988610140107
leaf_weight=89 103 342 199 132 256 519 153 18 257 35 28 133 14.999999999999998 171 14.999999999999998 225 262 170 319 58 119 13.999999999999998 696 168 9.9999999999999982 56 15.999999999999998 10.999999999999998 40 114
leaf_count=89 103 342 199 132 256 519 153 18 257 35 28 133 15 171 15 225 262 170 319 58 119 14 696 168 10 56 16 11 40 114
internal_value=0.00132459 -0.0554798 -0.0738332 0.0452768 -0.0574987 -0.0640723 0.0329832 0.0248247 0.0613787 0.0722582 0.14131 0.0189532 0.0655612 0.0527088 0.0293867 0.0775858 0.0236965 0.0311094 -0.0532813 -0.0407978 -0.0697266 0.00991038 0.033734 0.0894366 0.070522 0.0801348 0.0755656 0.205256 -0.137413 -0.145114
internal_weight=4743 2069 1727 2674 1374 1271 1837 1427 410 837 74 1279 763 496 256 240 1146 884 1015 577 438 185 866 267 178 71 148 39 353 313
internal_count=4743 2069 1727 2674 1374 1271 1837 1427 410 837 74 1279 763 496 256 240 1146 884 1015 577 438 185 866 267 178 71 148 39 353 313
is_linear=0
shrinkage=0.05


Tree=14
num_leaves=31
num_cat=0
split_feature=0 21 22 0 33 0 2 2 37 0 29 34 29 0 5 5 32 11 29 34 34 37 37 24 4 6 29 29 34 33
split_gain=4274.87 1270.48 647.478 397.103 313.004 264.525 196.807 188.781 137.191 107.432 97.6621 107.963 107.776 95.0279 93.3121 86.9962 86.0108 91.7526 97.1831 84.7543 83.0417 77.148 68.4079 105.426 63.6114 62.8128 72.0954 106.804 67.6529 62.7728
threshold=1500.0000000000002 1.0000000180025095e-35 1.0000000180025095e-35 2050.0000000000005 13.500000000000002 1075.0000000000002 6.5000000000000009 6.5000000000000009 6.408333333333335 1750.0000000000002 37.850000000000001 90.500000000000014 48.612162698412703 1350.0000000000002 0.36038961038961043 0.46410256410256417 0.16025641025641027 0.095454545454545472 47.485416666666673 55.500000000000007 22.500000000000004 7.3000000000000043 6.6225000000000014 1.0000000180025095e-35 0.19375000000000003 0.54195804195804198 43.238500000000009 44.988444444444447 58.500000000000007 14.500000000000002
decision_type=2 2 2 2 2 2 2 2 2 2 2 2 2 2 2 2 2 2 2 2 2 2 2 2 2 2 2 2 2 2
left_child=1 2 5 4 6 -1 8 -7 15 -8 -6 -12 21 14 -9 -2 -11 -18 -19 24 -20 -13 -22 -24 -5 26 -3 28 -28 -16
right_child=3 25 -4 19 10 7 9 13 -10 16 11 12 -14 -15 29 -17 17 18 20 -21 22 -23 23 -25 -26 -27 27 -29 -30 -31
leaf_value=-0.0005171399265911776 0.020923898425640776 0.064014705290135587 -0.13054230418491572 0.19609932928930884 0.16035519043604535 -0.10151401196571896 0.017447738740593195 -0.093334736225420045 0.00063201652630285926 0.1047673386713518 0.0032764088134798739 0.0098345455483885846 0.071652010712506528 -0.067032983450105069 -0.0035585894405497295 0.070137872509102014 -0.051931053845328284 0.042700964699461302 0.033918124982821089 0.092437203986267757 0.11823954281350045 0.075869598232496241 0.10647367373090483 -0.031062238003042614 0.065904403229554501 0.072893180315648884 -0.16077815542618434 0.028957262688399807 -0.023692496503806778 -0.046340006960227213
leaf_weight=194 149 76 353 43 11.999999999999998 256 85 58 217 199 630 296 140 523 173 226 15.999999999999998 196 56 117 168 52 38 22 11.999999999999998 84 11.999999999999998 134 36 170
leaf_count=194 149 76 353 43 12 256 85 58 217 199 630 296 140 523 173 226 16 196 56 117 168 52 38 22 12 84 12 134 36 170
internal_value=0.00125836 -0.0527058 -0.0701415 0.043013 0.037961 -0.0546237 0.0540106 -0.0635192 0.0322736 0.0705084 0.0184743 0.0169514 0.0346056 -0.0529925 -0.0346804 0.0505835 0.0769978 0.0658564 0.0697827 0.116502 0.0884728 0.0197019 0.101872 0.0560438 0.167693 0.0353396 0.0231129 0.006033 -0.0579639 -0.0247622
internal_weight=4743 2069 1727 2674 2502 1374 1372 1180 592 780 1130 1118 488 924 401 375 695 496 480 172 284 348 228 60 55 342 258 182 48 343
internal_count=4743 2069 1727 2674 2502 1374 1372 1180 592 780 1130 1118 488 924 401 375 695 496 480 172 284 348 228 60 55 342 258 182 48 343
is_linear=0
shrinkage=0.05


Tree=15
num_leaves=31
num_cat=0
split_feature=13 21 8 2 8 37 35 14 23 2 36 7 36 29 30 7 24 35 6 2 6 28 29 35 5 2 35 7 29 34
split_gain=3843.35 1182.18 470.43 411.726 334.836 131.672 121.625 102.543 107.367 98.9638 96.8783 95.9951 91.7068 86.9195 93.9985 86.0347 101.989 85.6692 85.5496 85.4713 124.053 89.6733 80.1627 77.1389 72.45 72.2994 66.6261 62.2168 106.08 62.086
threshold=1.0000000180025095e-35 1.0000000180025095e-35 14.500000000000002 6.5000000000000009 13.500000000000002 5.6000000000000041 2.8282833436404871 1.0000000180025095e-35 1.0000000180025095e-35 4.5000000000000009 -3.800000000000002 1.5000000000000002 -0.29499999999999915 49.196231060606067 45.675000000000004 1.5000000000000002 1.0000000180025095e-35 0.11578869047619018 0.62019230769230782 2.5000000000000004 0.10555555555555557 9.5000000000000018 51.875493551587304 3.295244391025641 0.74166666666666681 5.5000000000000009 2.4834027777777785 1.5000000000000002 42.095833333333339 82.500000000000014
decision_type=2 2 2 2 2 2 2 2 2 2 2 2 2 2 2 2 2 2 2 2 2 2 2 2 2 2 2 2 2 2
left_child=4 2 6 25 5 19 12 11 10 24 -9 23 -2 -10 -15 16 18 -12 -5 20 -1 -22 -21 -6 -7 -4 -13 -14 -29 -11
right_child=1 -3 3 15 7 9 -8 8 13 29 17 26 27 14 -16 -17 -18 -19 -20 22 21 -23 -24 -25 -26 -27 -28 28 -30 -31
leaf_value=-0.12091023217265805 -0.05522443679951216 0.035357312628416564 -0.095197270591610247 -0.089428012959565983 0.054415802497055327 -0.011363183429428176 -0.09312320461715845 -0.052895715460181236 0.043030183488032323 0.04581475291972395 0.06549667977142036 0.062696418733823867 -0.018268456299535253 0.065277746096253378 0.25770879658785734 -0.020853273560469218 -0.033877058199753889 0.015150421452497773 -0.015732010758735919 0.082000002074739675 0.14646659616587893 0.0023912586064802274 0.17786709847657578 -0.048649030699882481 0.11397012208516782 -0.13516836761147716 0.1886462071112224 0.16359725766457045 0.0047834574871442534 0.094471107653261707
leaf_weight=11.999999999999998 144 326 175 375 134 102 68 49 91 344 91 21 275 15.000000000000002 10.999999999999998 111 152 1182 44 420 18 27 23 21 12.999999999999998 320 21 12.999999999999998 55 81
leaf_count=12 144 326 175 375 134 102 68 49 91 344 91 21 275 15 11 111 152 1182 44 420 18 27 23 21 13 320 21 13 55 81
internal_value=-0.000618344 -0.0519909 -0.0684318 -0.0863255 0.0388902 0.0610731 -0.0304841 0.0247886 0.0201569 0.0439537 0.0160939 0.0586207 -0.0217378 0.0660659 0.146691 -0.0611316 -0.0689615 0.0187494 -0.0816891 0.079562 0.0219305 0.0600214 0.0869773 0.0404522 0.00280493 -0.121037 0.125671 -0.00767922 0.0351449 0.0550881
internal_weight=4734 2058 1732 1177 2676 1040 555 1636 1439 540 1322 197 487 117 26 682 571 1273 419 500 57 45 443 155 115 495 42 343 68 425
internal_count=4734 2058 1732 1177 2676 1040 555 1636 1439 540 1322 197 487 117 26 682 571 1273 419 500 57 45 443 155 115 495 42 343 68 425
is_linear=0
shrinkage=0.05


Tree=16
num_leaves=31
num_cat=0
split_feature=0 21 22 0 22 0 24 28 29 7 27 36 36 31 33 28 38 8 8 33 9 11 37 8 37 9 33 10 4 31
split_gain=3468.63 1066.92 582.587 304.209 254.472 205.22 154.263 149.323 215.16 138.096 113.124 103.29 93.7522 137.53 90.4325 89.9459 85.0338 82.4342 76.0683 129.614 90.9381 73.5595 73.2784 73.1308 71.629 69.6842 82.33 75.5148 74.0128 67.6018
threshold=1500.0000000000002 1.0000000180025095e-35 1.0000000180025095e-35 1750.0000000000002 1.0000000180025095e-35 1075.0000000000002 1.0000000180025095e-35 1.5000000000000002 47.071111111111122 1.5000000000000002 5.5000000000000009 -1.9999999999999993 -1.0399999999999996 15.7125 11.500000000000002 5.5000000000000009 0.80625000000000013 15.500000000000002 9.5000000000000018 6.5000000000000009 0.17424242424242428 0.11805555555555557 3.095000000000002 9.5000000000000018 11 0.16025641025641027 13.500000000000002 3.5000000000000004 0.26969696969696971 11.25166666666667
decision_type=2 2 2 2 2 2 2 2 2 2 2 2 2 2 2 2 2 2 2 2 2 2 2 2 2 2 2 2 2 2
left_child=1 2 5 24 7 23 9 18 12 15 -8 -6 14 29 -9 -7 -10 -4 19 -5 -20 -13 -11 -1 25 26 27 28 -2 -14
right_child=3 -3 17 4 11 6 10 8 16 22 -12 21 13 -15 -16 -17 -18 -19 20 -21 -22 -23 -24 -25 -26 -27 -28 -29 -30 -31
leaf_value=0.12347838273271919 0.041218304166200329 0.033589446990096521 -0.078845682733836367 0.25028963565826418 -0.024328286881032196 -0.04939444321729744 0.027043109171484649 0.11075402254912448 -0.036051373850358163 0.037409320050800172 -0.044974402694509322 0.12898035743791197 0.0079346864686224133 0.15415540316275189 0.024141745792613144 -0.087050150625936976 0.071092749482454504 -0.13553663280404199 0.097545305367559204 0.055856804947058358 -0.031574714779853817 0.025028359697749598 -0.043750530750756821 -0.0094103577851042675 -0.077628160303547272 -0.024949886475471743 0.0072846695198799513 -0.047537349006566018 0.16314822211861613 -0.057882573481137845
leaf_weight=10.999999999999998 292 326 84 20 115 223 76 47 19 37 193 18 166 13.999999999999998 84 549 730 271 150 14.999999999999998 14.999999999999998 312 112 176 21 94 477 23 12.999999999999998 51
leaf_count=11 292 326 84 20 115 223 76 47 19 37 193 18 166 14 84 549 730 271 150 15 15 312 112 176 21 94 477 23 13 51
internal_value=-0.000587427 -0.0493914 -0.0650102 0.0369457 0.049148 -0.0502862 -0.057938 0.0602374 0.0530778 -0.0676671 -0.0246274 0.0164781 0.0214273 0.00226546 0.0552164 -0.0761729 0.0683748 -0.122122 0.100009 0.166961 0.0858071 0.0306985 -0.0235967 -0.00159337 0.013655 0.0157873 0.0205442 0.0398272 0.0464153 -0.00753389
internal_weight=4734 2058 1732 2676 1756 1377 1190 1311 1111 921 269 445 362 231 131 772 749 355 200 35 165 330 149 187 920 899 805 328 305 217
internal_count=4734 2058 1732 2676 1756 1377 1190 1311 1111 921 269 445 362 231 131 772 749 355 200 35 165 330 149 187 920 899 805 328 305 217
is_linear=0
shrinkage=0.05


Tree=17
num_leaves=31
num_cat=0
split_feature=0 21 22 8 0 0 2 24 30 0 7 30 29 27 6 37 6 34 4 34 35 37 8 30 6 35 6 28 37 8
split_gain=3130.44 962.892 525.785 279.927 185.211 145.207 155.507 139.223 139.187 128.032 124.632 122.704 108.416 102.094 101.543 92.2551 91.4147 89.4038 81.0328 78.8863 76.9117 82.9234 74.3969 72.4588 108.233 81.3868 81.3305 71.8967 66.1338 66.0005
threshold=1500.0000000000002 1.0000000180025095e-35 1.0000000180025095e-35 13.500000000000002 1075.0000000000002 1950.0000000000002 6.5000000000000009 1.0000000180025095e-35 35.775000000000006 2050.0000000000005 1.5000000000000002 47.716666666666676 47.452250000000006 5.5000000000000009 0.62019230769230782 9.7566666666666713 0.60769230769230786 70.500000000000014 0.07417582417582419 36.500000000000007 3.5604444444444447 9.7566666666666713 15.500000000000002 44.51428571428572 0.43303571428571436 0.11578869047619018 0.43303571428571436 11.500000000000002 3.095000000000002 9.5000000000000018
decision_type=2 2 2 2 2 2 2 2 2 2 2 2 2 2 2 2 2 2 2 2 2 2 2 2 2 2 2 2 2 2
left_child=1 2 4 5 29 6 11 10 -8 15 14 16 -10 -9 -6 23 20 -14 -19 -11 21 -2 -4 25 -25 -5 -27 -16 -12 -1
right_child=3 -3 22 9 7 -7 8 13 12 19 28 -13 17 -15 27 -17 -18 18 -20 -21 -22 -23 -24 24 -26 26 -28 -29 -30 -31
leaf_value=0.1173044616705738 0.034429655254318091 0.031909974394051896 -0.074903397497144489 0.056651354567446847 -0.077722906649258627 0.11721585929907602 0.13245014748063641 0.025690952907806559 0.029610659606824415 0.19090754573161786 0.035538854429850712 -0.087550048011800524 0.054795651494420783 -0.042725682215658957 0.028931707749143245 -0.027888158009387556 0.099042357809164316 0.2235528546252421 0.095194387993323484 0.059324505692347887 -0.065985294787780105 -0.11221408218145371 -0.12875980109911123 0.067213843499330128 0.0092631061766164525 -0.0005173691052033205 0.028706431350285055 -0.083601086315783599 -0.041563004030734069 -0.0089398406154280307
leaf_weight=10.999999999999998 268 326 84 109 710 87 69 76 214 12.999999999999998 37 23 187 193 40 100 44 13.999999999999998 101 92 23 9.9999999999999982 271 188 141 597 396 22 112 176
leaf_count=11 268 326 84 109 710 87 69 76 214 13 37 23 187 193 40 100 44 14 101 92 23 10 271 188 141 597 396 22 112 176
internal_value=-0.000558055 -0.0469218 -0.0617597 0.0350984 -0.0477719 0.055381 0.0497361 -0.0550411 0.0657554 0.0222048 -0.0642838 0.0242705 0.0568369 -0.0233961 -0.0723643 0.0185417 0.0317252 0.0761297 0.110821 0.0756157 0.0218849 0.0291547 -0.116016 0.0217863 0.0423778 0.0156387 0.0111368 -0.0109993 -0.0224169 -0.00151371
internal_weight=4734 2058 1732 2676 1377 1040 953 1190 585 1636 921 368 516 269 772 1531 345 302 115 105 301 278 355 1431 329 1102 993 62 149 187
internal_count=4734 2058 1732 2676 1377 1040 953 1190 585 1636 921 368 516 269 772 1531 345 302 115 105 301 278 355 1431 329 1102 993 62 149 187
is_linear=0
shrinkage=0.05


Tree=18
num_leaves=31
num_cat=0
split_feature=13 21 22 8 8 2 32 34 22 27 2 5 7 29 34 35 35 14 23 7 29 25 33 35 38 34 35 33 6 29
split_gain=2825.22 869.01 474.521 252.634 169.656 135.215 109.362 121.613 113.582 103.386 94.8035 85.2749 90.1513 77.7495 77.5397 111.518 83.2911 76.7799 87.7949 85.5222 79.6874 72.9645 80.8723 97.1638 76.7751 84.9215 84.5019 70.5911 68.0888 80.8235
threshold=1.0000000180025095e-35 1.0000000180025095e-35 1.0000000180025095e-35 13.500000000000002 12.500000000000002 6.5000000000000009 0.13809523809523813 81.500000000000014 1.0000000180025095e-35 7.5000000000000009 3.5000000000000004 0.56696428571428581 1.5000000000000002 47.100234487734497 28.500000000000004 2.678101851851852 2.5264985014985029 1.0000000180025095e-35 1.0000000180025095e-35 1.5000000000000002 46.394375000000004 1.0000000180025095e-35 14.500000000000002 1.2986197916666666 0.19375000000000003 28.500000000000004 1.9760398860398867 8.5000000000000018 0.12916666666666668 47.431349206349218
decision_type=2 2 2 2 2 2 2 2 2 2 2 2 2 2 2 2 2 2 2 2 2 2 2 2 2 2 2 2 2 2
left_child=3 2 4 6 -2 -6 8 10 -1 -9 -8 12 -7 -11 -12 16 -16 19 21 -5 -20 24 23 -23 -19 26 -26 -17 29 -27
right_child=1 -3 -4 17 5 11 7 9 -10 13 14 -13 -14 -15 15 27 -18 18 20 -21 -22 22 -24 -25 25 28 -28 -29 -30 -31
leaf_value=0.10689915027339142 -0.010566719986813805 0.03031447573844915 -0.11021549797925155 0.033220852501840606 -0.089891715805159422 -0.063992594523994764 -0.018670368531152986 0.097889851914210763 -0.0067099905931032634 -0.016825932723491692 0.01167824256110225 -0.020797750771458984 -0.014388701211459735 0.06601229944681547 0.063083107678762587 0.1207406943043073 0.17206318158852429 0.055088779732756235 -0.0032951094856899649 0.11365716404148513 0.086110344041644804 0.19500188389245202 0.011025888970772063 0.05059304459876305 -0.06708442545049402 -0.070365474724544672 0.018873045276454156 -0.0091001903604170913 0.015400305218735517 0.020216066568442013
leaf_weight=143 279 326 355 155 214 524 79 165 26 43 161 249 111 83 227 11.999999999999998 19 87 36 42 81 17 58 37 73 53 47 82 904 46
leaf_count=143 279 326 355 155 214 524 79 165 26 43 161 249 111 83 227 12 19 87 36 42 81 17 58 37 73 53 47 82 904 46
internal_value=-0.000530152 -0.0445757 -0.0586717 0.0333435 -0.0453833 -0.0542302 0.0526119 0.0454699 0.0894208 0.0718465 0.0322362 -0.0455972 -0.0553217 0.0377421 0.0402633 0.0537992 0.0715003 0.0210945 0.0170867 0.0503697 0.058601 0.0134126 0.0520221 0.0960551 0.00983887 0.00633332 -0.0334177 0.00747524 0.0110892 -0.0282771
internal_weight=4734 2058 1732 2676 1377 1098 1040 871 169 291 580 884 635 126 501 340 246 1636 1439 197 117 1322 112 54 1210 1123 120 94 1003 99
internal_count=4734 2058 1732 2676 1377 1098 1040 871 169 291 580 884 635 126 501 340 246 1636 1439 197 117 1322 112 54 1210 1123 120 94 1003 99
is_linear=0
shrinkage=0.05


Tree=19
num_leaves=31
num_cat=0
split_feature=0 21 22 0 22 2 2 34 29 8 6 33 34 34 36 6 36 0 6 8 33 29 6 31 27 9 27 34 29 29
split_gain=2549.76 784.282 428.255 233.056 200.285 159.188 120.632 116.076 201.418 120.699 120.215 93.327 94.3335 86.5259 85.6731 78.4253 73.9944 70.5783 69.7197 67.1432 66.3718 115.163 110.595 72.4886 66.2309 65.1228 65.0175 73.3216 73.8027 87.6754
threshold=1500.0000000000002 1.0000000180025095e-35 1.0000000180025095e-35 1750.0000000000002 1.0000000180025095e-35 2.5000000000000004 6.5000000000000009 10.500000000000002 47.071111111111122 9.5000000000000018 0.68990384615384626 14.500000000000002 151.50000000000003 18.500000000000004 -1.9999999999999993 0.74166666666666681 -0.48000000000000037 1350.0000000000002 0.79285714285714304 15.500000000000002 11.500000000000002 52.493531746031756 0.57738095238095244 22.225000000000005 9.5000000000000018 0.11805555555555557 2.5000000000000004 124.50000000000001 43.315689548546693 45.298535353535364
decision_type=2 2 2 2 2 2 2 2 2 2 2 2 2 2 2 2 2 2 2 2 2 2 2 2 2 2 2 2 2 2
left_child=1 2 5 15 7 -1 -7 9 10 -5 16 17 -13 25 -6 -2 -9 -8 -17 -4 21 22 -15 -22 -18 -10 -3 28 -28 -30
right_child=3 26 19 4 14 6 11 8 13 -11 -12 12 -14 20 -16 18 24 -19 -20 -21 23 -23 -24 -25 -26 -27 27 -29 29 -31
leaf_value=0.017636946606915446 0.0090056317878362286 0.072292975355487538 -0.065647453167254025 0.19692547875642777 -0.023790735529492735 -0.079174623911028669 -0.010068589172813567 0.03225154954399833 0.038313382212072616 0.073313227176983312 0.17473639170639219 -0.063702408526802354 0.024092747183573068 0.06004409003012167 0.026324099750737802 0.18581243604421613 -0.0036243257921581211 -0.045094253831516232 0.007053189128637314 -0.11681103521882388 0.060397090818732985 0.18853881445068579 0.16959479829227483 -0.03905071816162059 -0.13646653175354004 -0.090792558789253242 0.057950454464425219 0.065236141508231399 -0.055372408125549555 0.02102980162649427
leaf_weight=100 898 68 84 25 115 248 298 231 28 94 11.999999999999998 420 33 157 330 12.000000000000002 152 278 9.9999999999999982 271 515 26 27 19 9.9999999999999982 14.999999999999998 46 61 70 81
leaf_count=100 898 68 84 25 115 248 298 231 28 94 12 420 33 157 330 12 152 278 10 271 515 26 27 19 10 15 46 61 70 81
internal_value=-0.000503645 -0.0423469 -0.0557381 0.0316763 0.0423567 -0.0431142 -0.0478715 0.0521948 0.047494 0.0992822 0.0188429 -0.0403271 -0.0573067 0.0622381 0.0133731 0.0112906 0.0140828 -0.0269733 0.104558 -0.104705 0.0662238 0.0900381 0.0761195 0.0568587 -0.0118245 -0.00672357 0.0287988 0.0173352 0.00250287 -0.0143884
internal_weight=4734 2058 1732 2676 1756 1377 1277 1311 1192 119 405 1029 453 787 445 920 393 576 22 355 744 210 184 534 162 43 326 258 197 151
internal_count=4734 2058 1732 2676 1756 1377 1277 1311 1192 119 405 1029 453 787 445 920 393 576 22 355 744 210 184 534 162 43 326 258 197 151
is_linear=0
shrinkage=0.05


Tree=20
num_leaves=31
num_cat=0
split_feature=13 21 22 8 2 2 3 14 25 4 35 8 34 28 28 29 5 34 9 6 34 8 34 7 7 11 27 28 21 30
split_gain=2452.29 695.301 320.849 198.38 166.506 153.707 95.0138 90.9287 84.6759 78.7373 77.4005 74.4648 74.3387 103.987 91.5614 80.896 74.2712 86.1852 71.7996 72.9488 71.5949 79.6585 71.0476 68.7166 67.491 67.042 66.0598 71.3125 70.7299 77.486
threshold=1.0000000180025095e-35 1.0000000180025095e-35 1.0000000180025095e-35 10.500000000000002 2.5000000000000004 7.5000000000000009 1.5000000000000002 1.0000000180025095e-35 1.0000000180025095e-35 1.0000000180025095e-35 2.8455681818181819 9.5000000000000018 89.500000000000014 18.500000000000004 11.500000000000002 48.612162698412703 0.32291666666666669 33.500000000000007 0.087121212121212141 0.53589743589743599 124.50000000000001 12.500000000000002 81.500000000000014 1.5000000000000002 2.5000000000000004 0.25833333333333336 10.500000000000002 1.5000000000000002 1.0000000180025095e-35 45.055000000000007
decision_type=2 2 2 2 2 2 2 2 2 2 2 2 2 2 2 2 2 2 2 2 2 2 2 2 2 2 2 2 2 2
left_child=3 2 4 22 11 6 18 26 12 -4 24 -2 13 25 -14 -16 -3 -18 19 -6 21 -19 -1 -8 -7 -9 27 -5 -29 -30
right_child=1 16 9 7 5 10 23 8 -10 -11 -12 -13 14 -15 15 -17 17 20 -20 -21 -22 -23 -24 -25 -26 -27 -28 28 29 -31
leaf_value=0.057117416778694099 0.14295780252326618 -0.093497679096001846 -0.026427378913236634 0.11846796536240085 -0.068506329043676178 -0.03136269737330552 -0.10890316546635255 0.033569704282673397 0.049981384818564817 -0.10340630739296859 -0.084577854967747751 0.004796715851786525 0.12000453896049797 -0.056849329054074471 0.01771942110809618 0.062233844226883619 0.076780571881681692 0.12512554079294205 0.050789214647375049 -0.012333622502370014 0.061042099597398196 -0.0077671685459635119 0.1197924542059708 -0.019690236747264861 0.036395887677104048 0.0072481740060784672 0.12618224328314817 0.01795838633821362 0.03040232876360062 0.1319393241778016
leaf_weight=278 10.999999999999998 12.999999999999998 37 29 293 637 158 338 243 325 65 86 29 53 409 136 72 11.999999999999998 15.999999999999998 72 64 187 54 25 39 851 27 173 42 34
leaf_count=278 11 13 37 29 293 637 158 338 243 325 65 86 29 53 409 136 72 12 16 72 64 187 54 25 39 851 27 173 42 34
internal_value=-0.000485908 -0.0408306 -0.0535729 0.0311194 -0.0427374 -0.0474351 -0.0671041 0.0260366 0.0222625 -0.0955383 -0.0324645 0.0204645 0.0185534 0.0116761 0.0334341 0.0288276 0.02376 0.0283103 -0.0528812 -0.0574257 0.0150408 0.000246462 0.0673115 -0.0967156 -0.0274535 0.0147307 0.0515152 0.0442633 0.035621 0.0758268
internal_weight=4808 2112 1764 2696 1402 1305 564 2364 2059 362 741 97 1816 1242 574 545 348 335 381 365 263 199 332 183 676 1189 305 278 249 76
internal_count=4808 2112 1764 2696 1402 1305 564 2364 2059 362 741 97 1816 1242 574 545 348 335 381 365 263 199 332 183 676 1189 305 278 249 76
is_linear=0
shrinkage=0.05


Tree=21
num_leaves=31
num_cat=0
split_feature=0 21 8 2 8 0 8 30 2 20 37 29 33 29 27 34 11 5 34 34 8 34 27 30 34 35 0 22 37 23
split_gain=2213.19 627.509 293.55 223.037 179.038 138.329 102.974 89.7943 84.8362 79.2629 78.6987 81.2634 72.2088 82.6966 106.064 75.9458 81.3789 67.1898 69.5501 65.2195 81.1508 64.1205 65.2377 106.297 63.5437 76.8063 82.7314 60.1871 91.5613 57.4169
threshold=1500.0000000000002 1.0000000180025095e-35 14.500000000000002 6.5000000000000009 10.500000000000002 2050.0000000000005 8.5000000000000018 47.416666666666679 7.5000000000000009 1.0000000180025095e-35 4.8357142857142863 46.156845238095251 14.500000000000002 46.766813186813202 2.5000000000000004 38.500000000000007 0.20714285714285716 0.36038961038961043 33.500000000000007 124.50000000000001 12.500000000000002 81.500000000000014 7.5000000000000009 44.587500000000013 151.50000000000003 2.0592795138888893 1350.0000000000002 1.0000000180025095e-35 4.2407142857142865 1.0000000180025095e-35
decision_type=2 2 2 2 2 2 2 2 2 2 2 2 2 2 2 2 2 2 2 2 2 2 2 2 2 2 2 2 2 2
left_child=1 2 6 -4 21 12 8 -7 -1 10 11 -8 13 14 -6 27 -17 -3 -19 20 -20 -2 23 -23 25 26 -5 28 -15 -18
right_child=4 17 3 24 5 7 9 -9 -10 -11 -12 -13 -14 15 -16 16 29 18 19 -21 -22 22 -24 -25 -26 -27 -28 -29 -30 -31
leaf_value=0.16568197951867025 0.054261545899572029 -0.064123489459355684 -0.090462497728978616 0.0033975584060369456 0.038126562258482655 0.053939570183865727 -0.017393178827851678 0.15781354486942292 -0.01495381401708493 -0.081762907193202922 -0.05230440469014707 0.050685057871262817 0.0095914464865782065 0.15638470666912885 -0.0010823647526083324 0.10146386926727635 0.036751982462718283 0.072323316037654878 0.13365147269584918 0.06030514099531703 -0.0061769446302103546 0.092854707419044447 0.025187436193227771 0.27170535400509838 0.018132073558970459 -0.064066850796496322 -0.05425685025884637 -0.039870175490012538 0.018955716830236037 0.097169511782174756
leaf_weight=13.000000000000002 278 21 503 112 308 124 312 25 12.999999999999998 58 137 51 800 12.999999999999998 392 70 370 70 10.999999999999998 63 183 27 14.999999999999998 11.999999999999998 36 389 140 39 179 44
leaf_count=13 278 21 503 112 308 124 312 25 13 58 137 51 800 13 392 70 370 70 11 63 183 27 15 12 36 389 140 39 179 44
internal_value=-0.000461612 -0.0387891 -0.0508943 -0.0652435 0.0295634 0.0247348 -0.0219011 0.0713681 0.0753641 -0.0264331 -0.0200149 -0.00782847 0.0215978 0.0283859 0.0161696 0.0403459 0.0516036 0.022572 0.0281396 0.0161051 0.00175147 0.063946 0.113803 0.147886 -0.0465062 -0.0501364 -0.0286327 0.0167582 0.0282608 0.0431732
internal_weight=4808 2112 1764 1180 2696 2364 584 149 26 558 500 363 2215 1415 700 715 484 348 327 257 194 332 54 39 677 641 252 231 192 414
internal_count=4808 2112 1764 1180 2696 2364 584 149 26 558 500 363 2215 1415 700 715 484 348 327 257 194 332 54 39 677 641 252 231 192 414
is_linear=0
shrinkage=0.05


Tree=22
num_leaves=31
num_cat=0
split_feature=0 21 22 8 20 8 0 30 32 34 30 37 9 10 29 28 33 25 34 28 35 37 10 31 31 34 34 28 34 29
split_gain=1997.4 566.327 266.238 161.582 153.33 140.586 124.842 81.0394 78.4471 95.3723 100.45 76.4337 73.3456 70.1827 66.7006 75.3867 65.1685 76.3998 106.793 86.1494 66.0126 67.7717 76.7912 65.7424 70.8762 132.546 87.8166 64.5895 69.4751 63.5785
threshold=1500.0000000000002 1.0000000180025095e-35 1.0000000180025095e-35 10.500000000000002 1.0000000180025095e-35 14.500000000000002 2050.0000000000005 47.416666666666679 0.85164835164835173 81.500000000000014 44.587500000000013 4.8357142857142863 0.12916666666666668 1.0000000180025095e-35 46.251875000000005 16.500000000000004 14.500000000000002 1.0000000180025095e-35 89.500000000000014 1.5000000000000002 2.2045476190476196 9.1999999999999993 1.0000000180025095e-35 17.200000000000003 8.2033333333333314 120.50000000000001 100.50000000000001 18.500000000000004 23.500000000000004 47.911850649350662
decision_type=2 2 2 2 2 2 2 2 2 2 2 2 2 2 2 2 2 2 2 2 2 2 2 2 2 2 2 2 2 2
left_child=1 2 4 8 5 11 16 -8 9 -2 -11 14 -7 -4 15 -1 17 18 19 -5 21 22 -19 24 25 29 -26 28 -21 -20
right_child=3 -3 13 6 -6 12 7 -9 -10 10 -12 -13 -14 -15 -16 -17 -18 20 23 27 -22 -23 -24 -25 26 -27 -28 -29 -30 -31
leaf_value=0.012641463435182477 0.055553328512020217 0.021443378380446257 -0.021328382611878822 0.040703629961946104 -0.086250355042517199 -0.039880682880568716 0.051242591229252399 0.14992286653071643 -0.035247023217380047 0.089191530272364622 0.25812008281548821 -0.045341690380390237 -0.084196624379400009 -0.09400533830087919 0.053972223058951142 -0.036638926885967711 0.009111873978137737 -0.015343979746103287 0.00714991394430399 -0.028246779815416859 0.017324350158042914 -0.029170381703547073 0.10202804537084714 0.1143968954353648 0.07716613287851215 0.19442942715004874 -0.0021019478220139342 -0.058205580554510417 0.015941981718960517 0.12030464804006949
leaf_weight=179 267 348 37 226 150 651 124 25 20 33 11.999999999999998 127 109 325 49 137 800 15.999999999999998 40 106 77 13.999999999999998 108 34 50 19 116 38 553 18
leaf_count=179 267 348 37 226 150 651 124 25 20 33 12 127 109 325 49 137 800 16 40 106 77 14 108 34 50 19 116 38 553 18
internal_value=-0.000438531 -0.0368496 -0.0483496 0.0280853 -0.0384792 -0.0327558 0.023498 0.0677997 0.0607487 0.0669022 0.134239 -0.0119318 -0.0462365 -0.086577 -0.000307047 -0.00872377 0.0205179 0.0269666 0.0220488 0.0138775 0.0544145 0.0751097 0.0868833 0.0492766 0.0401651 0.0798135 0.021774 0.00517926 0.00883423 0.0422669
internal_weight=4808 2112 1764 2696 1402 1252 2364 149 332 312 45 492 760 362 365 316 2215 1415 1200 923 215 138 124 277 243 77 166 697 659 58
internal_count=4808 2112 1764 2696 1402 1252 2364 149 332 312 45 492 760 362 365 316 2215 1415 1200 923 215 138 124 277 243 77 166 697 659 58
is_linear=0
shrinkage=0.05


Tree=23
num_leaves=31
num_cat=0
split_feature=0 21 8 2 8 0 8 2 30 32 28 37 2 23 37 5 33 27 7 9 35 33 9 30 30 11 2 35 30 35
split_gain=1802.66 511.11 241.424 184.95 145.828 112.67 89.4482 76.5394 73.138 70.7985 66.7809 88.9106 65.508 64.4012 65.9127 61.9145 60.8451 57.4117 55.4382 62.163 55.0947 59.167 51.1183 50.7564 76.1773 66.0891 54.3424 72.6672 60.6805 50.5707
threshold=1500.0000000000002 1.0000000180025095e-35 14.500000000000002 6.5000000000000009 10.500000000000002 2050.0000000000005 8.5000000000000018 7.5000000000000009 47.416666666666679 0.85164835164835173 20.500000000000004 5.1000000000000032 1.5000000000000002 1.0000000180025095e-35 9.8499999999999996 0.32291666666666669 13.500000000000002 2.5000000000000004 1.0000000180025095e-35 0.20714285714285716 3.2129166666666675 10.500000000000002 0.12916666666666668 41.010000000000005 33.550000000000004 0.54195804195804198 8.5000000000000018 2.4341432178932183 44.058333333333344 2.1438113275613282
decision_type=2 2 2 2 2 2 2 2 2 2 2 2 2 2 2 2 2 2 2 2 2 2 2 2 2 2 2 2 2 2
left_child=1 2 6 20 9 13 7 -1 -7 10 -2 -12 -8 14 16 -3 23 -17 -14 -20 -4 -22 29 24 -6 -26 -25 -28 -29 -5
right_child=4 15 3 22 5 8 12 -9 -10 -11 11 -13 18 -15 -16 17 -18 -19 19 -21 21 -23 -24 26 25 -27 27 28 -30 -31
leaf_value=0.15680154481759434 0.057031328933938669 -0.086688789954552287 -0.086640543742806372 -0.019031385443608478 0.038068609094234554 0.048680461971690098 0.043392525120597228 -0.014774145945333517 0.14242672440409662 -0.033484673649072649 0.23967672089735662 0.042877310006455949 -0.040849792729103399 0.042231124845220819 -0.019282913510687651 0.065541361607885096 0.01019766816299443 0.014079859674810555 0.0031878257019585274 -0.082681959370772051 -0.12842295832931996 0.013261627844933952 -0.076311801917981162 0.026351807930762552 -0.0022696839160441114 -0.11998468623138392 0.084692338610117421 0.061366631035716872 -0.032352944935161262 -0.048864007637962725
leaf_weight=13.000000000000002 289 12.999999999999998 465 244 147 124 34 12.999999999999998 25 20 12.000000000000002 10.999999999999998 327 273 122 68 978 267 173 24 9.9999999999999982 28 93 355 144 12.999999999999998 113 39 31 340
leaf_count=13 289 13 465 244 147 124 34 13 25 20 12 11 327 273 122 68 978 267 173 24 10 28 93 355 144 13 113 39 31 340
internal_value=-0.000416605 -0.0350071 -0.0459321 -0.0589451 0.026681 0.0223231 -0.0196388 0.0710137 0.0644097 0.0577112 0.0635571 0.145555 -0.0238627 0.019492 0.0162954 0.0203712 0.0186804 0.0245258 -0.0282266 -0.00727347 -0.0819101 -0.0240238 -0.0418824 0.0285332 0.0122021 -0.0120168 0.0377611 0.0598939 0.0198622 -0.0363997
internal_weight=4808 2112 1764 1180 2696 2364 584 26 149 332 312 23 558 2215 1942 348 1820 335 524 197 503 38 677 842 304 157 538 183 70 584
internal_count=4808 2112 1764 1180 2696 2364 584 26 149 332 312 23 558 2215 1942 348 1820 335 524 197 503 38 677 842 304 157 538 183 70 584
is_linear=0
shrinkage=0.05


Tree=24
num_leaves=31
num_cat=0
split_feature=13 21 22 20 12 14 2 33 35 30 4 25 19 4 5 5 37 29 29 31 31 29 29 37 6 35 30 33 31 27
split_gain=1626.9 461.277 219.81 132.228 116.869 111.47 91.5886 89.3855 68.8604 68.6491 96.5049 66.8485 62.4632 62.4148 60.4208 56.0345 55.6483 57.0885 66.6627 81.2825 61.7755 54.9689 70.1136 63.1273 110.078 55.7713 94.7804 54.7911 68.5519 66.5194
threshold=1.0000000180025095e-35 1.0000000180025095e-35 1.0000000180025095e-35 1.0000000180025095e-35 1.0000000180025095e-35 1.0000000180025095e-35 2.5000000000000004 13.500000000000002 1.5644039987789986 45.487500000000004 0.12916666666666668 1.0000000180025095e-35 1.0000000180025095e-35 1.0000000180025095e-35 0.78174603174603186 0.36038961038961043 6.6000000000000005 46.912018518518522 50.316944444444452 6.7124999999999995 14.549999999999995 41.301785714285721 44.988444444444447 5.746666666666667 0.48333333333333339 2.7703203463203461 34.95000000000001 10.500000000000002 7.7666666666666702 10.500000000000002
decision_type=2 2 2 2 2 2 2 2 2 2 2 2 2 2 2 2 2 2 2 2 2 2 2 2 2 2 2 2 2 2
left_child=5 2 3 4 6 27 -2 11 12 14 -11 16 -9 -4 -10 -3 17 -7 19 -19 -20 23 25 24 -17 26 -23 28 -1 -29
right_child=1 15 13 -5 -6 7 -8 8 9 10 -12 -13 -14 -15 -16 21 -18 18 20 -21 -22 22 -24 -25 -26 -27 -28 29 -30 -31
leaf_value=0.050681523493719551 0.042086942236998992 -0.059819503341402326 -0.016838315813928039 -0.079029260039174321 -0.050891300291378665 0.021195901997778703 -0.023053157362123697 -0.0043118760996666561 0.01146927825800175 -0.014216031786054373 0.11042678169059483 0.054030051041964046 -0.10311464917133838 -0.085375390264563839 0.099597365707159047 0.12023820971187793 0.0079672162634886103 0.11574005422320355 -0.038605157285928726 0.045171763117196499 0.089544077332203209 0.09516891551514467 0.037247587499175089 0.1801593147895553 -0.064534137078693932 0.041786029980038157 -0.056610205042589873 0.03231642796886209 0.14247970638627358 0.11487857529686557
leaf_weight=53 58 21 37 150 419 407 775 271 706 24 44 242 17 325 20 19 331 54 34 167 12.999999999999998 11.999999999999998 166 10.999999999999998 13.999999999999998 33 72 253 33 27
leaf_count=53 58 21 37 150 419 407 775 271 706 24 44 242 17 325 20 19 331 54 34 167 13 12 166 11 14 33 72 253 33 27
internal_value=-0.000395775 -0.0332568 -0.0436355 -0.0346669 -0.0293519 0.025347 -0.0185176 0.0213175 0.0107998 0.0183965 0.0664352 0.0304361 -0.010144 -0.0783702 0.013897 0.0193526 0.0247605 0.0329954 0.0509147 0.0624147 -0.00315962 0.0244371 0.0163538 0.0764273 0.0418499 -0.0132903 -0.0349275 0.0509993 0.0859064 0.0402778
internal_weight=4808 2112 1764 1402 1252 2696 833 2330 1082 794 68 1248 288 362 726 348 1006 675 268 221 47 327 283 44 33 117 84 366 86 280
internal_count=4808 2112 1764 1402 1252 2696 833 2330 1082 794 68 1248 288 362 726 348 1006 675 268 221 47 327 283 44 33 117 84 366 86 280
is_linear=0
shrinkage=0.05


Tree=25
num_leaves=31
num_cat=0
split_feature=0 22 21 20 0 8 2 35 37 12 2 27 27 28 30 35 30 8 30 30 28 30 32 11 6 27 11 3 2 30
split_gain=1356.51 423.449 254.633 144.528 138.013 136.853 116.399 86.7469 82.0421 76.8758 66.8831 64.5511 89.5713 58.8228 58.7211 59.3655 52.8563 52.7334 52.6145 88.2785 50.9042 48.651 47.4004 47.3236 46.9843 45.5876 44.5972 43.9737 43.3471 65.268
threshold=1500.0000000000002 1.0000000180025095e-35 1.0000000180025095e-35 1.0000000180025095e-35 2050.0000000000005 13.500000000000002 2.5000000000000004 0.11578869047619018 5.6000000000000041 0.10555555555555557 4.5000000000000009 3.5000000000000004 2.5000000000000004 32.500000000000007 47.225000000000009 2.9253918650793658 39.158333333333339 11.500000000000002 40.88333333333334 38.910000000000004 28.500000000000004 44.663333333333334 0.88194444444444453 0.31009615384615391 0.74166666666666681 5.5000000000000009 0.18465909090909094 1.0000000180025095e-35 7.5000000000000009 41.510000000000005
decision_type=2 2 2 2 2 2 2 2 2 2 2 2 2 2 2 2 2 2 2 2 2 2 2 2 2 2 2 2 2 2
left_child=1 2 3 6 5 8 27 -7 22 17 16 12 -6 14 15 26 25 -8 19 -4 -21 28 -2 -17 -3 -10 -13 -1 29 -19
right_child=4 24 18 -5 11 7 9 -9 10 -11 -12 13 -14 -15 -16 23 -18 21 -20 20 -22 -23 -24 -25 -26 -27 -28 -29 -30 -31
leaf_value=0.083955235540866868 0.052746642444617464 -0.083128281800538051 0.02807925415280111 -0.076110215641138776 0.071189275047403175 0.047795503609325302 0.011587913206565882 0.0068901215115867581 -0.0015244921048482255 -0.067156412008897229 0.030508230162964185 0.14351952403783799 0.20933697335422041 0.14010129113282477 0.14574683979153633 -0.11581746622105125 0.0061408431915675899 -0.051262768271643347 0.045502580501170474 -0.059493043182081866 0.043318795462449398 -0.08429362868537775 -0.044103578019600652 0.011012618086839978 0.02678402438759804 -0.13227369705835978 0.027851175412535668 0.0079845374019350858 -0.017204646693580201 0.0062045621752479406
leaf_weight=25 448 351 136 151 44 143 92 1384 12.000000000000002 118 399 9.9999999999999982 15.999999999999998 13.999999999999998 9.9999999999999982 12.000000000000002 85 260 119 61 14.999999999999998 37 12.999999999999998 19 9.9999999999999982 14.999999999999998 50 80 548 61
leaf_count=25 448 351 136 151 44 143 92 1384 12 118 399 10 16 14 10 12 85 260 119 61 15 37 13 19 10 15 50 80 548 61
internal_value=-0.000442831 -0.0308944 -0.0204674 -0.0299637 0.0230621 0.0200561 -0.0242568 0.0107208 0.0347217 -0.0289921 0.0209244 0.0659874 0.108029 0.0440528 0.0307391 0.0181009 -0.0132181 -0.0244797 0.0188951 0.00395983 -0.0392012 -0.0281422 0.0500155 -0.0380829 -0.0800836 -0.0741629 0.0471292 0.0260728 -0.0257514 -0.0403422
internal_weight=4738 2064 1703 1372 2674 2499 1221 1527 972 1116 511 175 60 115 101 91 112 998 331 212 76 906 461 31 361 27 60 105 869 321
internal_count=4738 2064 1703 1372 2674 2499 1221 1527 972 1116 511 175 60 115 101 91 112 998 331 212 76 906 461 31 361 27 60 105 869 321
is_linear=0
shrinkage=0.05


Tree=26
num_leaves=31
num_cat=0
split_feature=0 21 8 2 0 8 37 37 36 28 34 2 34 34 29 36 36 34 28 2 7 29 36 27 36 11 29 9 36 25
split_gain=1224.25 352.796 210.553 279.158 124.557 123.51 78.2645 74.043 81.9243 75.8462 72.7489 60.362 59.5036 59.1728 62.5674 58.6402 57.2468 55.2082 61.2815 52.748 51.133 50.5711 50.1362 82.7776 76.24 76.1179 70.9602 76.2918 64.3046 55.6687
threshold=1500.0000000000002 1.0000000180025095e-35 12.500000000000002 6.5000000000000009 2050.0000000000005 13.500000000000002 3.4499999999999988 5.6000000000000041 1.2000000000000004 30.500000000000004 42.500000000000007 4.5000000000000009 89.500000000000014 28.500000000000004 39.32222222222223 1.0275000000000003 -0.20500000000000182 141.50000000000003 39.500000000000007 1.5000000000000002 1.0000000180025095e-35 50.316944444444452 -0.64722222222222092 1.5000000000000002 -0.86666666666666592 0.19375000000000003 45.940238095238101 0.11805555555555557 -0.8999999999999988 1.0000000180025095e-35
decision_type=2 2 2 2 2 2 2 2 2 2 2 2 2 2 2 2 2 2 2 2 2 2 2 2 2 2 2 2 2 2
left_child=1 2 19 17 5 7 -7 8 9 -2 16 -9 -10 -8 -15 21 -6 -4 -19 -1 -21 -12 23 -16 28 -26 27 -24 29 -25
right_child=4 -3 3 -5 10 6 13 11 12 -11 15 -13 -14 14 22 -17 -18 18 -20 20 -22 -23 26 24 25 -27 -28 -29 -30 -31
leaf_value=0.052276218019244147 0.059755499881294451 0.017950384734265978 -0.07834752228854297 -0.028474184701421951 0.081778556127101165 0.043862594849873156 -0.02141788096535796 -0.012557198612817698 -0.059361513164536708 -0.037785597216515317 0.039319252638622772 0.028982818775920006 0.052743646972812711 0.12385888844728471 -0.060888089678220216 -0.031717520331731065 0.22378730692646723 0.087825894653797157 -0.051285806494323828 -0.024377597493237292 0.022569255673208801 0.10858063264504861 -0.0080221524020445724 0.013204610666740939 0.18328604474663734 0.047530942505879983 0.0084945384696161388 -0.088033716181336458 -0.10398062006993727 0.073333673467416136
leaf_weight=41 391 331 520 863 20.000000000000004 155 168 112 29 21 86 399 20 11.999999999999998 31 20 10.999999999999998 9.9999999999999982 38 174 87 38 97 461 11.999999999999998 74 421 43 10.999999999999998 42
leaf_count=41 391 331 520 863 20 155 168 112 29 21 86 399 20 12 31 20 11 10 38 174 87 38 97 461 12 74 421 43 11 42
internal_value=-0.000420689 -0.0293497 -0.038384 -0.0463903 0.021909 0.0190533 0.0101848 0.0329856 0.0475147 0.0547837 0.062688 0.0198782 -0.0136043 0.00638007 0.0102588 0.0477303 0.132169 -0.0736115 -0.0223042 -0.000446529 -0.00872865 0.0605445 0.00911522 0.0187841 0.0229005 0.0664735 -0.00176007 -0.0325971 0.01561 0.0182253
internal_weight=4738 2064 1733 1431 2674 2499 1527 972 461 412 175 511 49 1372 1204 144 31 568 48 302 261 124 1192 631 600 86 561 140 514 503
internal_count=4738 2064 1733 1431 2674 2499 1527 972 461 412 175 511 49 1372 1204 144 31 568 48 302 261 124 1192 631 600 86 561 140 514 503
is_linear=0
shrinkage=0.05


Tree=27
num_leaves=31
num_cat=0
split_feature=0 22 21 20 0 8 8 34 35 37 36 28 34 34 7 35 9 31 34 35 37 27 2 37 37 36 31 30 30 34
split_gain=1104.89 349.66 206.645 119.177 112.412 111.468 97.0986 76.0809 72.9471 66.8238 73.9367 69.0924 66.5922 65.6559 63.1584 62.2343 58.2328 58.0796 90.1937 56.9741 55.2999 66.2727 54.7142 60.3287 86.4986 51.6652 48.1934 47.4846 79.6713 63.1701
threshold=1500.0000000000002 1.0000000180025095e-35 1.0000000180025095e-35 1.0000000180025095e-35 2050.0000000000005 13.500000000000002 14.500000000000002 136.50000000000003 0.11578869047619018 5.6000000000000041 1.2000000000000004 31.500000000000004 28.500000000000004 42.500000000000007 1.5000000000000002 3.3140939153439155 0.12916666666666668 8.9000000000000039 89.500000000000014 1.9760398860398867 4.0725000000000025 9.5000000000000018 5.5000000000000009 9.3733333333333331 8.6062500000000028 -0.20500000000000182 6.9083333333333323 40.88333333333334 38.910000000000004 117.50000000000001
decision_type=2 2 2 2 2 2 2 2 2 2 2 2 2 2 2 2 2 2 2 2 2 2 2 2 2 2 2 2 2 2
left_child=1 2 3 6 5 9 20 14 -7 10 11 -2 19 25 -3 -15 -8 18 -12 -10 21 -1 23 24 -11 -6 -16 28 -4 -30
right_child=4 7 27 -5 13 8 16 -9 12 22 17 -13 -14 15 26 -17 -18 -19 -20 -21 -22 -23 -24 -25 -26 -27 -28 -29 29 -31
leaf_value=0.024162138912028501 0.056160308058565304 -0.091545659316560404 0.025777772767469287 -0.068866311852505677 0.077689626552164548 0.043673618485942693 -0.027552368751643182 -0.010159188565299956 -0.049473825105095424 -0.0097733526376255781 -0.043497269740328186 -0.049820266477763657 0.010294407364875255 0.059674769125817241 0.040001182991545647 -0.030049396921759064 -0.068091313361904576 -0.075781036935569285 0.13783980961889028 0.0082716505623811592 -0.024737057475034487 -0.030065840828631608 0.028786506318053941 -0.11062151514566863 0.14359399609267712 0.21259794153950434 -0.061973654434439689 0.042329932044127161 -0.064457016118001517 0.040816286833662736
leaf_weight=210 396 260 136 151 20.000000000000004 143 633 43 93 114 16.000000000000004 15.999999999999998 1212 121 15.999999999999998 23 103 21 11.999999999999998 79 198 77 374 12.999999999999998 9.9999999999999982 10.999999999999998 42 119 57 19
leaf_count=210 396 260 136 151 20 143 633 43 93 114 16 16 1212 121 16 23 103 21 12 79 198 77 374 13 10 11 42 119 57 19
internal_value=-0.000399655 -0.0278822 -0.0184071 -0.026962 0.0208135 0.0181006 -0.0217797 -0.0725806 0.00967554 0.0313363 0.045139 0.0520446 0.00616273 0.0595536 -0.0810212 0.0453438 -0.0332256 -0.0129241 0.0342186 -0.0229512 -0.00441022 0.00961317 0.0188842 -0.00814819 0.00259498 0.12556 -0.0338427 0.0170529 0.00286432 -0.0381387
internal_weight=4738 2064 1703 1372 2674 2499 1221 361 1527 972 461 412 1384 175 318 144 736 49 28 172 485 287 511 137 124 31 58 331 212 76
internal_count=4738 2064 1703 1372 2674 2499 1221 361 1527 972 461 412 1384 175 318 144 736 49 28 172 485 287 511 137 124 31 58 331 212 76
is_linear=0
shrinkage=0.05


Tree=28
num_leaves=31
num_cat=0
split_feature=14 15 22 21 8 30 3 30 8 29 29 35 34 36 20 8 29 9 24 35 29 35 5 28 11 35 29 35 31 37
split_gain=496.571 422.609 260.709 168.495 155.839 106.751 91.5975 81.0334 80.2164 86.6757 79.8533 78.157 77.1636 76.9852 72.9958 70.4045 58.7253 58.334 51.1263 66.6531 50.1755 96.987 56.0805 51.9354 56.2584 54.1639 51.6038 50.0707 50.0005 49.429
threshold=1.0000000180025095e-35 1.0000000180025095e-35 1.0000000180025095e-35 1.0000000180025095e-35 12.500000000000002 45.890000000000015 1.0000000180025095e-35 54.625000000000007 13.500000000000002 53.587500000000013 50.896666666666668 0.11578869047619018 136.50000000000003 -0.46666666666666551 1.0000000180025095e-35 13.500000000000002 51.104166666666679 0.080128205128205135 1.0000000180025095e-35 2.3292042233560095 48.612162698412703 1.5644039987789986 0.78174603174603186 36.500000000000007 0.36931818181818188 2.5328766788766792 48.461805555555564 2.8207258007369624 14.709999999999999 5.6000000000000041
decision_type=2 2 2 2 2 2 2 2 2 2 2 2 2 2 2 2 2 2 2 2 2 2 2 2 2 2 2 2 2 2
left_child=1 2 3 4 -1 12 10 8 9 29 -3 -10 15 -12 -6 -4 18 -11 28 -20 22 -22 26 24 27 -26 -13 -23 -8 -2
right_child=7 6 5 -5 14 -7 16 -9 11 17 13 20 -14 -15 -16 -17 -18 -19 19 -21 21 23 -24 -25 25 -27 -28 -29 -30 -31
leaf_value=0.0075624240033631066 0.039174629718548175 0.048799417490631138 0.0035851055039809302 0.016200222290793483 -0.0275686224619009 0.07427052106442196 0.019135554910859689 -0.086552465040432791 0.045752842470418914 0.045748236639933139 0.081003862888448755 0.00054731540519143936 -0.0085629842691123496 0.25403184354305269 -0.066981191985976338 -0.082218726051372384 -0.063247405737638471 0.20858391631733286 0.1876786902546882 0.030840684526732994 -0.013080633027560039 0.093970747108988728 0.072870071232318881 -0.013672658801078798 -0.020893835255669225 0.095009148786110553 -0.066093530058860789 0.018107396646820265 -0.097639888972043995 0.01486076108887102
leaf_weight=314 405 117 26 331 953 13.999999999999998 110 19 137 11.000000000000002 18.000000000000004 917 50 9.9999999999999982 134 297 22 10.999999999999998 10.000000000000002 21 115 87 26 32 36 13.999999999999998 30 29 9.9999999999999982 432
leaf_count=314 405 117 26 331 953 14 110 19 137 11 18 917 50 10 134 297 22 11 10 21 115 87 26 32 36 14 30 29 10 432
internal_value=-0.000379672 -0.0161084 -0.0241744 -0.0158842 -0.0234645 -0.0612768 0.0376397 0.0162787 0.0171349 0.0292005 0.0669512 0.00985142 -0.0663643 0.1428 -0.0324272 -0.0753119 0.0130723 0.127166 0.0241917 0.0814336 0.00602677 0.02344 0.000425184 0.0446515 0.0558947 0.011559 -0.0015638 0.0750049 0.00940427 0.0266255
internal_weight=4738 2437 2119 1732 1401 387 318 2301 2282 859 145 1423 373 28 1087 323 173 22 151 31 1286 313 973 198 166 50 947 116 120 837
internal_count=4738 2437 2119 1732 1401 387 318 2301 2282 859 145 1423 373 28 1087 323 173 22 151 31 1286 313 973 198 166 50 947 116 120 837
is_linear=0
shrinkage=0.05


Tree=29
num_leaves=31
num_cat=0
split_feature=13 22 21 2 8 2 37 35 38 11 38 30 37 9 6 10 30 5 30 12 2 38 31 30 35 31 28 28 8 22
split_gain=906.164 286.224 168.991 105.326 91.6565 86.8675 61.2896 60.1174 65.1606 57.8608 67.605 59.2894 68.4843 77.1437 58.6495 53.8162 51.9115 50.447 56.0066 49.0563 70.2489 65.2449 65.4613 60.8598 57.0175 48.129 48.1075 47.3466 47.8677 45.6359
threshold=1.0000000180025095e-35 1.0000000180025095e-35 1.0000000180025095e-35 2.5000000000000004 13.500000000000002 6.5000000000000009 3.4499999999999988 3.2129166666666675 0.79285714285714304 0.18465909090909094 0.96875000000000011 44.615000000000002 4.9000000000000057 0.069047619047619066 0.42261904761904767 1.5000000000000002 45.307142857142871 0.70714285714285718 42.190000000000005 0.080128205128205135 2.5000000000000004 0.89444444444444449 5.8025000000000064 33.550000000000004 0.11578869047619018 11.25166666666667 38.500000000000007 2.5000000000000004 11.500000000000002 1.0000000180025095e-35
decision_type=2 2 2 2 2 2 2 2 2 2 2 2 2 2 2 2 2 2 2 2 2 2 2 2 2 2 2 2 2 2
left_child=4 2 3 -2 7 -5 25 19 15 10 17 12 -11 29 -13 -9 -7 18 -8 23 -21 -22 -23 -1 27 -6 -15 -25 -29 -14
right_child=1 -3 -4 5 6 16 9 8 -10 11 -12 14 13 26 -16 -17 -18 -19 -20 20 21 22 -24 24 -26 -27 -28 28 -30 -31
leaf_value=0.086684615463018422 0.023710293752540437 -0.065690368810188735 0.015390210695075169 -0.054546664425517491 0.032687282156375418 -0.019868006011649272 -0.044322510334578416 0.15156856936713056 -0.013232424089312553 -0.026797344085876831 0.072883950912260589 0.041487633636257112 0.022926274569007647 -0.0097734891016138022 -0.00017731906697716589 -0.0015413862737742338 -0.08663614246062934 -0.07386474233011113 0.10897227881046444 -0.078688501790165899 -0.07465293904145559 -0.03720458328076031 0.058643805179037625 -0.082006370690133834 0.03965209548332721 0.13302957197794549 -0.084046854591724701 0.10813047826290129 -0.039988954861958824 -0.014334700735285878
leaf_weight=65 105 361 331 254 148 983 11.000000000000002 12.000000000000002 125 200 70 195 461 238 149 10.999999999999998 30 17 12.999999999999998 20 14.999999999999998 23 79 18 645 12.999999999999998 24 10.000000000000002 11.999999999999998 100
leaf_count=65 105 361 331 254 148 983 11 12 125 200 70 195 461 238 149 11 30 17 13 20 15 23 79 18 645 13 24 10 12 100
internal_value=-0.000360689 -0.0252494 -0.0166767 -0.024413 0.0188503 -0.0284011 0.0114941 0.0304994 0.000998747 0.00830297 0.0430204 0.00548393 -0.00055439 0.005823 0.0234409 0.0783421 -0.0218453 -0.00796606 0.0387122 0.0354217 0.00790942 0.0227125 0.0370309 0.0404472 0.0360597 0.0407895 -0.0165772 -0.0218669 0.0273381 0.0162844
internal_weight=4738 2064 1703 1372 2674 1267 1639 1035 148 1478 111 1367 1023 823 344 23 1013 41 24 887 137 117 102 750 685 161 262 40 22 561
internal_count=4738 2064 1703 1372 2674 1267 1639 1035 148 1478 111 1367 1023 823 344 23 1013 41 24 887 137 117 102 750 685 161 262 40 22 561
is_linear=0
shrinkage=0.05


Tree=30
num_leaves=31
num_cat=0
split_feature=13 21 12 2 2 11 8 11 2 32 34 32 33 2 36 8 37 37 5 37 32 36 35 37 11 34 19 8 37 30
split_gain=851.738 172.045 120.674 108.985 95.1474 73.8367 70.3089 57.2171 56.0461 77.4199 108.435 62.9082 76.7725 55.7477 54.1398 53.8786 54.9316 57.9752 51.2274 50.3176 57.4069 70.6215 49.5137 47.9877 80.313 63.618 58.7622 56.3926 54.1708 52.207
threshold=1.0000000180025095e-35 1.0000000180025095e-35 1.0000000180025095e-35 2.5000000000000004 7.5000000000000009 0.72077922077922085 12.500000000000002 0.14835164835164838 4.5000000000000009 0.087121212121212141 51.500000000000007 0.87083333333333346 9.5000000000000018 7.5000000000000009 1.1874999999999993 12.500000000000002 8.8449999999999971 6.3666666666666698 0.65476190476190488 5.9116666666666671 0.70714285714285718 0.23666666666666639 0.86989583333333476 6.847083333333333 0.18465909090909094 88.500000000000014 1.0000000180025095e-35 15.500000000000002 5.6500000000000048 41.995000000000005
decision_type=2 2 2 2 2 2 2 2 2 2 2 2 2 2 2 2 2 2 2 2 2 2 2 2 2 2 2 2 2 2
left_child=5 2 3 14 7 6 8 -5 9 -1 -11 12 -12 18 -2 -3 17 -17 -4 20 -6 -22 -15 26 -25 -26 27 -8 -28 -27
right_child=1 15 13 4 19 -7 23 -9 -10 10 11 -13 -14 22 -16 16 -18 -19 -20 -21 21 -23 -24 24 25 29 28 -29 -30 -31
leaf_value=0.13854880452156068 0.078085122909396898 0.10437999585909503 -0.057792745064136522 0.03225367636020695 0.013311175778367077 -0.11087396876378493 0.032921065434233336 -0.04089761849569741 0.038007915362110511 -0.076333329444512349 0.15256902320931356 -0.097410801425576218 0.016946709068724888 0.03789281388744712 -0.022668080255389217 0.0081211333377251248 0.089080992341041568 -0.053905032532797617 -0.16287608183920385 -0.037367158641167193 -0.10426912125945093 -0.0057943304528051348 -0.037757081888428974 0.062320656558642024 -0.010679936959558248 -0.020781390813903677 0.004722031523975042 0.010404173191670973 -0.081883811652660371 0.050934203506209134
leaf_weight=9.9999999999999982 40 13.999999999999998 346 28 264 10.999999999999998 610 590 634 39 11.999999999999998 9.9999999999999982 80 24 20 262 18 44 11.999999999999998 109 25 67 219 52 478 36 65 511 25 86
leaf_count=10 40 14 346 28 264 11 610 590 634 39 12 10 80 24 20 262 18 44 12 109 25 67 219 52 478 36 65 511 25 86
internal_value=-0.000353365 -0.0243034 -0.030631 -0.0210938 -0.0247279 0.0183996 0.0189366 -0.0375833 0.0314879 0.00411222 -0.00542229 0.0216908 0.0346366 -0.048769 0.0445007 0.00834525 0.0041956 -0.000797662 -0.0613151 -0.00764262 0.00145843 -0.0325538 -0.0302855 0.0136479 0.00271147 -0.00245466 0.0195361 0.0226569 -0.0193351 0.0297722
internal_weight=4741 2082 1744 1143 1083 2659 2648 618 785 151 141 102 92 601 60 338 324 306 358 465 356 92 243 1863 652 600 1211 1121 90 122
internal_count=4741 2082 1744 1143 1083 2659 2648 618 785 151 141 102 92 601 60 338 324 306 358 465 356 92 243 1863 652 600 1211 1121 90 122
is_linear=0
shrinkage=0.05


Tree=31
num_leaves=31
num_cat=0
split_feature=0 22 7 0 5 5 37 21 35 7 22 30 34 28 29 29 32 30 29 2 27 31 33 24 6 6 11 28 6 24
split_gain=768.693 167.496 110.722 103.49 90.5522 89.2078 79.4049 75.0481 82.4795 74.8128 69.0668 87.446 86.691 88.8546 70.0281 84.2594 76.3428 73.8607 83.3206 66.3064 65.9894 65.5567 64.0931 63.9141 63.0602 68.7972 61.5681 59.967 75.1517 59.9223
threshold=1500.0000000000002 1.0000000180025095e-35 1.5000000000000002 1750.0000000000002 0.19375000000000003 0.60769230769230786 5.8302777777777779 1.0000000180025095e-35 2.8207258007369624 1.5000000000000002 1.0000000180025095e-35 37.350000000000001 38.500000000000007 5.5000000000000009 47.452250000000006 47.566770833333344 0.77350427350427364 38.412500000000001 45.14083333333334 1.5000000000000002 4.5000000000000009 11.978333333333333 13.500000000000002 1.0000000180025095e-35 0.67708333333333337 0.45804195804195807 0.27922077922077926 30.500000000000004 0.44949494949494956 1.0000000180025095e-35
decision_type=2 2 2 2 2 2 2 2 2 2 2 2 2 2 2 2 2 2 2 2 2 2 2 2 2 2 2 2 2 2
left_child=1 2 5 4 -2 7 29 8 19 -6 11 -5 -12 22 16 -16 17 -13 -19 -1 24 -3 -14 -21 25 -7 -23 -17 -29 -4
right_child=3 21 6 10 9 20 -8 -9 -10 -11 12 14 13 -15 15 27 -18 18 -20 23 -22 26 -24 -25 -26 -27 -28 28 -30 -31
leaf_value=0.044440431942542401 -0.14564932834357022 -0.039477930339539509 0.035543453144137607 0.064222154532932868 -0.0012338762084059668 0.12821557902886224 -0.038071993194886897 -4.7308851693135995e-05 -0.071825053429187047 0.035350884478485084 -0.018755876935657136 -0.056938058905529255 0.15822786755032012 0.0095181771753266222 0.12362235689965578 0.026346358005608573 -0.076916261623652338 0.05918646776654686 0.0066734872712834702 -0.039085931488338867 -0.014918774786885037 -0.022120373747472107 0.045852758051004527 -0.0053045918868220117 0.12234717852929061 -0.00072619981567064926 -0.10636622819854596 0.052141289089037028 0.1877122656442225 -0.049811616426576742
leaf_weight=30 9.9999999999999982 249 194 167 745 11.999999999999998 61 192 127 172 183 33 18 187 26 590 24 104 276 607 198 29 43 182 17 75 86 69 11.999999999999998 23
leaf_count=30 10 249 194 167 745 12 61 192 127 172 183 33 18 187 26 590 24 104 276 607 198 29 43 182 17 75 86 69 12 23
internal_value=-0.000335697 -0.0230883 -0.0165604 0.0174796 0.00399635 -0.0221376 0.0123287 -0.0285485 -0.0343332 0.00562826 0.0246961 0.0304429 0.00734883 0.0266116 0.0254684 0.0353068 0.0097765 0.0148143 0.0210455 -0.0285194 0.00202022 -0.0538983 0.0790126 -0.0312935 0.0342695 0.0170589 -0.0851216 0.0318847 0.0722259 0.0264966
internal_weight=4741 2082 1718 2659 927 1440 278 1138 946 917 1732 1301 431 248 1134 697 437 413 380 819 302 364 61 789 104 87 115 671 81 217
internal_count=4741 2082 1718 2659 927 1440 278 1138 946 917 1732 1301 431 248 1134 697 437 413 380 819 302 364 61 789 104 87 115 671 81 217
is_linear=0
shrinkage=0.05


Tree=32
num_leaves=31
num_cat=0
split_feature=0 22 7 0 3 7 37 34 31 22 33 34 28 34 28 20 34 33 31 37 11 7 34 34 31 30 2 24 34 8
split_gain=693.746 151.165 99.9263 93.3997 78.9215 74.9495 71.6629 70.926 63.331 62.3327 80.6704 78.2387 80.1913 66.0652 110.38 61.4802 64.4704 60.9534 59.165 57.943 55.5652 58.5717 55.5591 55.2676 98.5385 87.8599 54.2019 54.0799 51.3718 51.2226
threshold=1500.0000000000002 1.0000000180025095e-35 1.5000000000000002 1750.0000000000002 1.5000000000000002 1.5000000000000002 5.8302777777777779 151.50000000000003 20.300000000000011 1.0000000180025095e-35 8.5000000000000018 38.500000000000007 5.5000000000000009 84.500000000000014 14.500000000000002 1.0000000180025095e-35 80.500000000000014 8.5000000000000018 11.978333333333333 4.5314285714285738 0.27922077922077926 1.5000000000000002 13.500000000000002 56.500000000000007 4.4500000000000002 42.00555555555556 1.5000000000000002 1.0000000180025095e-35 87.500000000000014 15.500000000000002
decision_type=2 2 2 2 2 2 2 2 2 2 2 2 2 2 2 2 2 2 2 2 2 2 2 2 2 2 2 2 2 2
left_child=1 2 4 5 7 8 27 17 -2 10 23 29 19 14 15 16 22 -1 -3 -13 -20 -22 -12 24 -5 -26 -19 -4 -15 -11
right_child=3 18 6 9 -6 -7 -8 -9 -10 11 13 12 -14 28 -16 -17 -18 26 20 -21 21 -23 -24 -25 25 -27 -28 -29 -30 -31
leaf_value=0.019717705365572429 -0.0063690481263660968 -0.037504034201767913 0.033766280187620332 0.071733837963772876 -0.037873340081741244 0.033583340308693956 -0.036168393596518238 0.070230713367462158 0.05905881929091919 -0.040873445230625721 -0.050045365869023264 0.18511219814419747 0.0090422682690727996 0.1146143895870244 -0.05188390304122055 -0.014315149628223396 -0.087441708954672015 0.054332486819475889 -0.021014354121068432 0.053483524997079493 -0.11601571795579635 0.01270737498998642 0.03288380080714088 0.13587219059644712 0.067675962540156703 -0.082225848669591164 -0.021911283205486173 -0.047321036830544477 0.035970847561225497 0.012533279696974573
leaf_weight=111 716 249 194 124 469 172 61 25 39 104 21 9.9999999999999982 187 22 57 106 11.999999999999998 24 29 51 76 9.9999999999999982 528 21 17 23 811 23 370 79
leaf_count=111 716 249 194 124 469 172 61 25 39 104 21 10 187 22 57 106 12 24 29 51 76 10 528 21 17 23 811 23 370 79
internal_value=-0.000318912 -0.0219338 -0.0157324 0.0166056 -0.0210307 0.00379654 0.0117122 -0.0128956 -0.00298933 0.0234613 0.0289208 0.00698138 0.025281 0.0238516 0.0149 0.0206072 0.0272057 -0.0150924 -0.0512034 0.075062 -0.0808655 -0.101048 0.0297116 0.0595006 0.0497213 -0.0185176 -0.0197198 0.0251718 0.0403845 -0.0178181
internal_weight=4741 2082 1718 2659 1440 927 278 971 755 1732 1301 431 248 1116 724 667 561 946 364 61 115 86 549 185 164 40 835 217 392 183
internal_count=4741 2082 1718 2659 1440 927 278 971 755 1732 1301 431 248 1116 724 667 561 946 364 61 115 86 549 185 164 40 835 217 392 183
is_linear=0
shrinkage=0.05


Tree=33
num_leaves=31
num_cat=0
split_feature=13 21 3 2 2 11 30 25 11 35 37 23 30 6 32 37 5 36 11 15 34 35 35 6 15 11 5 36 37 37
split_gain=626.105 137.961 98.7881 86.7748 76.6432 63.6224 62.0049 57.4246 73.5626 93.0556 56.6808 70.4068 67.6138 61.4885 53.6007 52.39 50.7914 64.4275 49.1294 69.5867 50.868 56.7931 58.6733 47.1666 48.4933 49.4943 49.7235 46.4074 42.2468 58.1691
threshold=1.0000000180025095e-35 1.0000000180025095e-35 1.5000000000000002 2.5000000000000004 7.5000000000000009 0.72077922077922085 56.350000000000001 1.0000000180025095e-35 0.31009615384615391 1.1543315018315019 5.7316666666666682 1.0000000180025095e-35 35.775000000000006 -0.18465909090909088 0.69615384615384623 7.6683333333333348 0.79285714285714304 2.1166666666666685 0.27922077922077926 1.0000000180025095e-35 29.500000000000004 1.6261140873015882 1.3188442460317462 0.65476190476190488 1.0000000180025095e-35 0.27922077922077926 0.67708333333333337 1.1874999999999993 8.8449999999999971 6.3666666666666698
decision_type=2 2 2 2 2 2 2 2 2 2 2 2 2 2 2 2 2 2 2 2 2 2 2 2 2 2 2 2 2 2
left_child=5 2 3 27 16 6 7 10 23 -10 13 18 -13 -1 -11 -4 17 -5 -12 20 21 22 -20 24 25 26 -9 -2 29 -3
right_child=1 28 15 4 -6 -7 -8 8 9 14 11 12 -14 -15 -16 -17 -18 -19 19 -21 -22 -23 -24 -25 -26 -27 -28 -29 -30 -31
leaf_value=0.14574883103370667 0.071749924323521549 0.012625466987490655 -0.039025511114831789 -0.03208731161680918 -0.0057828153119051972 -0.10422389588572763 -0.10799476429820061 0.033577291035979263 0.10972751956941051 0.04522501418573989 0.016237020555684253 0.14590809564464366 0.027280527967488089 0.021168053080007864 -0.042128615863621238 -0.098953675469144797 0.079114493280649192 -0.14460666340131026 -0.050751202661882745 0.041340015922754034 -0.0047835332743020476 8.354163233270038e-05 -0.17724942321127113 0.078413908855291092 -0.10456278974359685 -0.070393099884192151 -0.079633811929009188 -0.021531279310584069 0.080830578898128724 -0.04929282475601543
leaf_weight=9.9999999999999982 40 275 562 595 465 10.999999999999998 9.9999999999999982 82 55 144 376 12.999999999999998 158 1037 20 39 9.9999999999999982 12.999999999999998 55 69 501 47 10.999999999999998 20 10.999999999999998 18 10.999999999999998 20 19 44
leaf_count=10 40 275 562 595 465 11 10 82 55 144 376 13 158 1037 20 39 10 13 55 69 501 47 11 20 11 18 11 20 19 44
internal_value=-0.000302967 -0.0208372 -0.0265034 -0.0178743 -0.021117 0.0157753 0.0162738 0.0167449 0.0352721 0.0534468 0.0138075 0.00652929 0.036299 0.0223579 0.0345721 -0.0429144 -0.0326548 -0.0344932 0.00172228 -0.00626826 -0.0116184 -0.0419215 -0.0718342 0.0072421 -0.00442541 0.00549811 0.0201867 0.0406562 0.00839911 0.00408501
internal_weight=4741 2082 1744 1143 1083 2659 2648 2638 361 219 2277 1230 171 1047 164 601 618 608 1059 683 614 113 66 142 122 111 93 60 338 319
internal_count=4741 2082 1744 1143 1083 2659 2648 2638 361 219 2277 1230 171 1047 164 601 618 608 1059 683 614 113 66 142 122 111 93 60 338 319
is_linear=0
shrinkage=0.05


Tree=34
num_leaves=31
num_cat=0
split_feature=14 15 8 21 3 37 8 6 25 25 32 6 6 7 11 7 27 7 24 8 32 35 37 37 6 25 35 30 33 11
split_gain=314.661 205.589 120.962 119.925 91.5364 78.086 74.6085 97.5615 119.214 82.0092 73.1772 91.6619 65.6657 63.9527 107.603 62.7495 61.6995 61.0752 93.5323 57.4323 57.1551 57.0173 56.7649 56.3922 52.9093 51.5366 50.2303 53.5425 47.9477 47.2859
threshold=1.0000000180025095e-35 1.0000000180025095e-35 12.500000000000002 1.0000000180025095e-35 1.0000000180025095e-35 5.7316666666666682 8.5000000000000018 0.27922077922077926 1.0000000180025095e-35 1.0000000180025095e-35 0.36931818181818188 0.080128205128205135 0.73030303030303034 1.5000000000000002 0.14835164835164838 1.5000000000000002 8.5000000000000018 1.5000000000000002 1.0000000180025095e-35 8.5000000000000018 0.67708333333333337 1.9934469696969692 8.9550000000000036 7.3316666666666643 0.069047619047619066 1.0000000180025095e-35 1.9320970695970696 41.487500000000004 4.5000000000000009 0.18465909090909094
decision_type=2 2 2 2 2 2 2 2 2 2 2 2 2 2 2 2 2 2 2 2 2 2 2 2 2 2 2 2 2 2
left_child=1 2 10 5 -3 12 7 8 -2 13 11 -1 17 -8 -15 20 22 18 24 -13 -6 -9 -11 -17 -4 -26 -19 -28 -27 -7
right_child=6 4 3 -5 15 29 9 21 -10 16 -12 19 -14 14 -16 23 -18 26 -20 -21 -22 -23 -24 -25 25 28 27 -29 -30 -31
leaf_value=-0.08170737773180009 0.18139009153842928 0.055169508210218238 -0.075068794253747906 0.0041343514031420151 -0.028071590883886083 0.025051487386226659 0.0036860433963965566 -0.066470332466997198 -0.010332670932014783 0.053708372201072052 -0.0068453689826571424 0.17317728206515315 0.069242820280947179 0.14050178738310934 0.020684966744121278 0.018295204046774993 -0.028423503343241688 0.054672228972226178 0.0063320354693324164 0.046577032551515934 0.067801257926556807 0.074504243869047901 -0.012382978453349911 0.16149520605802536 -0.039657290867227524 0.084585852634448275 -0.024467415620373297 0.066308155126477544 -0.015513303061326346 -0.054052300435078506
leaf_weight=12.999999999999998 25 141 80 324 114 20 1619 16.000000000000004 11.999999999999998 224 230 9.9999999999999982 19 20 297 22 33 37 152 86 18 12.999999999999998 38 9.9999999999999982 533 12.999999999999998 112 19 150 341
leaf_count=13 25 141 80 324 114 20 1619 16 12 224 230 10 19 20 297 22 33 37 152 86 18 13 38 10 533 13 112 19 150 341
internal_value=-0.000287818 -0.0127756 -0.0182516 -0.0234117 0.0256282 -0.0294584 0.0129992 0.0653908 0.11921 0.0114493 0.0091468 0.0428918 -0.0229146 0.00770722 0.0282444 0.000229926 0.0360073 -0.0245122 -0.0295342 0.0597646 -0.014998 -0.00327483 0.0441226 0.0630452 -0.0365596 -0.0321332 0.00322843 -0.0113015 -0.00752993 -0.0496698
internal_weight=4741 2444 2139 1800 305 1476 2297 66 37 2231 339 109 1115 1936 317 164 295 1096 928 96 132 29 262 32 776 696 168 131 163 361
internal_count=4741 2444 2139 1800 305 1476 2297 66 37 2231 339 109 1115 1936 317 164 295 1096 928 96 132 29 262 32 776 696 168 131 163 361
is_linear=0
shrinkage=0.05


Tree=35
num_leaves=31
num_cat=0
split_feature=0 21 8 33 20 37 11 29 29 29 28 2 30 0 32 28 6 29 3 8 29 5 29 30 8 6 0 6 29 29
split_gain=510.068 165.046 116.362 94.4971 77.0133 63.5084 63.2923 56.1483 76.6706 54.9091 56.7432 51.9706 57.9002 49.3475 55.5701 94.8546 67.8686 81.403 67.3853 63.9856 62.425 63.8915 44.1453 43.1039 62.3416 43.0633 41.2677 103.247 44.0394 51.283
threshold=1500.0000000000002 1.0000000180025095e-35 14.500000000000002 10.500000000000002 1.0000000180025095e-35 4.0725000000000025 0.48333333333333339 43.315689548546693 45.064226190476191 43.057218614718614 9.5000000000000018 7.5000000000000009 42.469047619047622 2050.0000000000005 0.77350427350427364 11.500000000000002 0.25833333333333336 48.151383928571434 1.0000000180025095e-35 9.5000000000000018 49.111666666666672 0.44097222222222227 46.156845238095251 45.890000000000015 9.5000000000000018 0.5590277777777779 1750.0000000000002 0.74166666666666681 46.716833333333334 45.200833333333343
decision_type=2 2 2 2 2 2 2 2 2 2 2 2 2 2 2 2 2 2 2 2 2 2 2 2 2 2 2 2 2 2
left_child=1 2 4 13 5 22 7 9 -9 10 -3 -4 -13 14 15 16 -2 19 23 -18 21 -17 -1 -19 -25 -10 27 -5 29 -28
right_child=3 6 11 26 -6 -7 -8 8 25 -11 -12 12 -14 -15 -16 20 17 18 -20 -21 -22 -23 -24 24 -26 -27 28 -29 -30 -31
leaf_value=0.0060617493767575886 0.049955525952939166 0.060421770851826297 -0.042214615173231523 -0.002725688660528235 -0.065616638116538534 -0.022669073100336043 -0.057716519218580481 -0.040932421534070895 0.0086773780648384171 0.15677957399324938 -0.037979116251594142 -0.013746891929102795 -0.069957544145962378 0.10006241202354432 -0.031858525218235123 -0.011216003969311715 0.083449489655169226 -0.079688835367560384 -0.094076508767902856 0.013092182789653265 0.16692310422658921 0.10270483500789851 0.06116571458987892 -0.053564141988754255 0.10760556166370711 0.068428377734451762 0.01932806776113849 0.12184972620623953 0.020433184486239649 -0.017344062265954051
leaf_weight=270 170 64 734 769 50 199 29 63 114 10.999999999999998 19 385 52 25 36 20 38 9.9999999999999982 30 216 18 32 42 10.000000000000002 14.999999999999998 41 183 17 916 199
leaf_count=270 170 64 734 769 50 199 29 63 114 11 19 385 52 25 36 20 38 10 30 216 18 32 42 10 15 41 183 17 916 199
internal_value=-0.000196785 -0.0188567 -0.0251168 0.0141087 -0.00639277 -0.000597873 0.0129391 0.0195064 0.00557817 0.0518081 0.0378963 -0.034087 -0.0204356 0.0312455 0.028354 0.0322317 0.024439 0.0108409 -0.0390883 0.0236181 0.0866693 0.0588891 0.0134796 0.00804439 0.0431377 0.0244825 0.00901044 -3.13095e-05 0.0144856 0.000224
internal_weight=4777 2073 1732 2704 561 511 341 312 218 94 83 1171 437 620 595 559 489 319 65 254 70 52 312 35 25 155 2084 786 1298 382
internal_count=4777 2073 1732 2704 561 511 341 312 218 94 83 1171 437 620 595 559 489 319 65 254 70 52 312 35 25 155 2084 786 1298 382
is_linear=0
shrinkage=0.05


Tree=36
num_leaves=31
num_cat=0
split_feature=13 22 35 20 34 33 2 38 33 35 38 32 36 36 34 38 30 31 33 24 32 28 28 35 35 34 30 8 23 6
split_gain=460.337 145.878 86.4393 99.5786 102.545 85.2836 62.1315 58.0176 75.649 48.1875 48.0974 48.0151 44.5928 90.9705 59.3828 50.87 46.0012 45.2276 45.1193 54.107 44.2 83.824 77.4733 71.2858 58.9055 58.0711 48.5673 104.731 72.9252 49.7448
threshold=1.0000000180025095e-35 1.0000000180025095e-35 0.76038690476190562 1.0000000180025095e-35 44.500000000000007 10.500000000000002 6.5000000000000009 0.36931818181818188 7.5000000000000009 3.0935153388278391 0.79285714285714304 0.13809523809523813 0.29999999999999821 0.52361111111111136 153.50000000000003 0.93541666666666679 40.707142857142863 16.408333333333342 15.500000000000002 1.0000000180025095e-35 0.77350427350427364 10.500000000000002 8.5000000000000018 2.4341432178932183 3.0935153388278391 48.500000000000007 36.833333333333343 9.5000000000000018 1.0000000180025095e-35 0.24038461538461542
decision_type=2 2 2 2 2 2 2 2 2 2 2 2 2 2 2 2 2 2 2 2 2 2 2 2 2 2 2 2 2 2
left_child=5 2 -2 6 -5 20 11 -8 -9 -6 -10 -4 18 -14 15 16 -15 -17 -12 -20 21 22 25 -24 -23 26 27 28 -1 -28
right_child=1 -3 3 4 9 -7 7 8 10 -11 12 -13 13 14 -16 17 -18 -19 19 -21 -22 24 23 -25 -26 -27 29 -29 -30 -31
leaf_value=0.067998283926178432 0.023821845870585213 -0.046606008489967057 0.055138490423560144 -0.13261350354913512 -0.043719839424287019 0.0085599175410907401 -0.13339197926900603 0.083605470798081838 -0.061673359607448221 0.062615283206105238 -0.017326048711244161 -0.0019116919607329666 0.044005853546686569 0.057587164245984139 0.084321251511573797 -0.037893773698235662 -0.052996853481118503 0.021043507769507797 -0.075388724016848707 -0.0030785684448641701 -0.023309843015630504 0.10034672001015339 -0.15432515090162099 0.0072363652288913727 -0.0038671982638976152 0.099990014538967192 0.043154470682949635 0.029255035152520117 0.23321998728947199 -0.0068329358105792817
leaf_weight=17 155 365 40 33 95 2084 10.999999999999998 18 64 11.999999999999998 281 473 77 34 13.999999999999998 227 12.999999999999998 38 86 37 37 67 11.000000000000002 18 17 28 74 188 11.000000000000002 152
leaf_count=17 155 365 40 33 95 2084 11 18 64 12 281 473 77 34 14 227 13 38 86 37 37 67 11 18 17 28 74 188 11 152
internal_value=-0.000186945 -0.0179139 -0.0117824 -0.0153359 -0.0555589 0.0134033 -0.0113506 -0.0192664 -0.0178543 -0.0317944 -0.019951 0.00253667 -0.0166422 -0.00487415 -0.0164194 -0.0209398 0.0270001 -0.0294424 -0.0283811 -0.0536369 0.0296832 0.0330464 0.0252677 -0.0540456 0.0792558 0.0301615 0.0257379 0.0426914 0.132907 0.00953462
internal_weight=4777 2073 1708 1553 140 2704 1413 900 889 107 871 513 807 403 326 312 47 265 404 123 620 583 499 29 84 470 442 216 28 226
internal_count=4777 2073 1708 1553 140 2704 1413 900 889 107 871 513 807 403 326 312 47 265 404 123 620 583 499 29 84 470 442 216 28 226
is_linear=0
shrinkage=0.05


Tree=37
num_leaves=31
num_cat=0
split_feature=0 21 22 33 35 20 0 30 11 29 30 30 5 7 35 37 4 0 32 28 30 37 37 30 37 37 35 29 5 38
split_gain=415.454 136.901 85.9559 76.9685 72.9463 65.2481 79.9814 58.8567 57.0879 52.3289 52.1432 63.9653 46.1321 49.4394 45.6917 44.5194 55.9258 44.2598 45.6277 78.0678 57.6709 60.3922 84.4745 66.3679 60.0234 59.2373 55.9899 55.2317 58.1141 53.8633
threshold=1500.0000000000002 1.0000000180025095e-35 1.0000000180025095e-35 10.500000000000002 0.76038690476190562 1.0000000180025095e-35 1350.0000000000002 45.775000000000013 0.48333333333333339 43.800769230769241 37.225000000000009 40.416666666666679 0.60769230769230786 1.5000000000000002 2.2533078231292523 5.7892857142857155 0.18465909090909094 2050.0000000000005 0.77350427350427364 11.500000000000002 35.775000000000006 4.1999999999999993 5.8116666666666683 45.055000000000007 3.095000000000002 5.2741666666666651 2.3040654761904764 49.111666666666672 0.44097222222222227 0.65476190476190488
decision_type=2 2 2 2 2 2 2 2 2 2 2 2 2 2 2 2 2 2 2 2 2 2 2 2 2 2 2 2 2 2
left_child=1 2 4 17 12 6 -6 -8 10 -7 15 14 13 -1 -12 -3 -17 18 19 20 29 23 25 -22 -25 26 -23 28 -21 -2
right_child=3 8 -4 -5 5 9 7 -9 -10 -11 11 -13 -14 -15 -16 16 -18 -19 -20 27 21 22 -24 24 -26 -27 -28 -29 -30 -31
leaf_value=-0.0082840300337777718 0.033795425703837756 0.030733277699199774 -0.04427570850668118 0.0081319214336617526 -0.0053736503163436759 -0.07627930521584031 -0.029540236188291477 -0.13369577798460211 -0.055163299652009182 -0.013014533381703167 -0.074717653662927694 0.028626193124244911 0.083410362802121954 0.09610144457278344 -0.0013029215078967722 0.19330385516990312 0.029927385896444322 0.093371950268745424 -0.029100107996621067 -0.014630401283502579 0.012567357815081073 0.065886664404533807 -0.0018492844543958966 0.0045868352055549611 -0.14819545017348396 0.1427088198148542 -0.057255233358591798 0.15384909659624102 0.094017765880562376 0.12211161875411083
leaf_weight=89 189 59 365 2084 653 88 435 13.999999999999998 29 52 31 134 23 12.999999999999998 67 11.000000000000002 9.9999999999999982 25 36 20 31 40 152 10.000000000000002 18 18 11.999999999999998 18 32 19
leaf_count=89 189 59 365 2084 653 88 435 14 29 52 31 134 23 13 67 11 10 25 36 20 31 40 152 10 18 18 12 18 32 19
internal_value=-0.000177598 -0.0170182 -0.0227195 0.0127331 -0.0169639 -0.0206281 -0.0165433 -0.0327878 0.0119399 -0.052781 0.0181771 0.006174 0.0194438 0.00502 -0.0245259 0.052986 0.115506 0.028199 0.0254607 0.0289744 0.0219048 0.00713171 0.0190814 -0.0378316 -0.0936303 0.0645309 0.0374693 0.0783606 0.05223 0.0418628
internal_weight=4777 2073 1732 2704 1367 1242 1102 449 341 140 312 232 125 102 98 80 21 620 595 559 489 281 222 59 28 70 52 70 52 208
internal_count=4777 2073 1732 2704 1367 1242 1102 449 341 140 312 232 125 102 98 80 21 620 595 559 489 281 222 59 28 70 52 70 52 208
is_linear=0
shrinkage=0.05


Tree=38
num_leaves=31
num_cat=0
split_feature=0 22 8 35 0 27 27 6 28 32 2 6 27 31 28 28 31 35 29 36 6 8 9 29 28 28 35 5 36 29
split_gain=374.947 118.818 70.8182 70.7728 54.2581 80.2774 72.247 51.6594 51.633 49.1316 42.3869 76.6098 48.046 42.755 42.2553 70.5071 52.5167 46.5813 69.6618 58.9374 50.467 49.096 42.0586 45.6305 40.3413 40.3144 64.4514 68.4316 40.1964 43.7122
threshold=1500.0000000000002 1.0000000180025095e-35 10.500000000000002 0.76038690476190562 2050.0000000000005 3.5000000000000004 2.5000000000000004 0.62019230769230782 32.500000000000007 0.77350427350427364 9.5000000000000018 0.32291666666666669 6.5000000000000009 2.103750000000002 10.500000000000002 8.5000000000000018 8.5071428571428616 1.5141145833333345 44.039642857142859 0.19999999999999693 0.24038461538461542 9.5000000000000018 0.06458333333333334 46.741666666666667 3.5000000000000004 1.5000000000000002 1.0655357142857145 0.39230769230769241 0.96666666666666667 51.411666666666669
decision_type=2 2 2 2 2 2 2 2 2 2 2 2 2 2 2 2 2 2 2 2 2 2 2 2 2 2 2 2 2 2
left_child=1 3 9 -1 10 6 -6 -5 28 14 -4 -12 13 -13 15 17 -17 18 21 20 -19 -2 23 -9 -22 -20 27 -27 29 -7
right_child=2 -3 4 7 5 8 -8 22 -10 -11 11 12 -14 -15 -16 16 -18 19 25 -21 24 -23 -24 -25 -26 26 -28 -29 -30 -31
leaf_value=0.021582971149154251 0.12969349755181209 -0.042061922693296581 0.0091990088787712223 -0.016605338815224011 0.051259012923164426 -0.007965195201465795 0.17870148748159409 0.011579653170694799 0.10301495217359985 -0.021141419032614475 -0.051530777806618126 -0.035844043355721694 -0.023694054254007585 0.067361522662792023 0.072816404406177371 -0.13021492477167734 0.011705302353948356 0.15864223000549138 -0.08432763023301959 0.015324509599142605 0.10333228300494904 0.0072126319011052448 -0.082196202427148826 0.097927543024222061 -0.0052404875734022686 0.13112001131687842 -0.076546183228492742 -0.020248348871245981 -0.081418535006897788 0.090472076567155987
leaf_weight=155 18 365 2032 1423 43 58 14.999999999999998 102 12.999999999999998 36 83 12.999999999999998 49 44 76 11.000000000000002 15.999999999999998 21 15.999999999999998 36 22 14.999999999999998 9.9999999999999982 18 13.999999999999998 14.000000000000002 14.999999999999998 15.999999999999998 13.999999999999998 13.999999999999998
leaf_count=155 18 365 2032 1423 43 58 15 102 13 36 83 13 49 44 76 11 16 21 16 36 22 15 10 18 14 14 15 16 14 14
internal_value=-0.000168718 -0.0161673 0.0120965 -0.0106336 0.00910045 0.0375071 0.0842183 -0.013849 0.010141 0.0339507 0.00709242 -0.0155562 0.0126125 0.0438234 0.0407897 0.0294158 -0.046114 0.0403212 0.0154994 0.0654098 0.0970426 0.0740204 0.016322 0.0245318 0.0611095 -0.0161595 0.00807809 0.0503902 -0.00389804 0.0111754
internal_weight=4777 2073 2704 1708 2378 157 58 1553 99 326 2221 189 106 57 290 214 27 187 94 93 57 33 130 120 36 61 45 30 86 72
internal_count=4777 2073 2704 1708 2378 157 58 1553 99 326 2221 189 106 57 290 214 27 187 94 93 57 33 130 120 36 61 45 30 86 72
is_linear=0
shrinkage=0.05


Tree=39
num_leaves=31
num_cat=0
split_feature=13 21 7 24 5 28 33 22 2 5 6 30 30 30 30 11 11 5 29 29 29 29 28 30 29 30 5 30 29 5
split_gain=338.39 120.239 83.8254 87.9458 75.7235 67.1457 65.9945 60.7343 59.5638 52.414 52.3139 60.9317 76.5387 56.566 59.7817 60.9007 51.2057 51.1611 49.1122 46.525 66.7473 50.9473 47.9542 42.6472 39.0407 38.998 52.8204 67.2058 52.0401 46.5276
threshold=1.0000000180025095e-35 1.0000000180025095e-35 1.5000000000000002 1.0000000180025095e-35 0.77350427350427364 41.500000000000007 8.5000000000000018 1.0000000180025095e-35 2.5000000000000004 0.59166666666666679 0.63961038961038974 48.525000000000006 46.405000000000008 44.720000000000013 44.010000000000005 0.10555555555555557 0.48333333333333339 0.65476190476190488 44.039642857142859 43.315689548546693 45.064226190476191 43.057218614718614 10.500000000000002 29.500000000000004 44.937797619047622 42.105555555555561 0.24038461538461542 54.625000000000007 49.536748866213159 0.18465909090909094
decision_type=2 2 2 2 2 2 2 2 2 2 2 2 2 2 2 2 2 2 2 2 2 2 2 2 2 2 2 2 2 2
left_child=6 2 3 4 8 23 7 -1 -2 -5 25 12 13 14 15 -12 19 -9 -11 21 -21 22 -3 -4 -20 29 28 -28 -27 -8
right_child=1 16 5 9 -6 -7 10 17 -10 18 11 -13 -14 -15 -16 -17 -18 -19 24 20 -22 -23 -24 -25 -26 26 27 -29 -30 -31
leaf_value=0.044053036050035022 0.0070868371106270287 0.05226220253910592 0.09031712617725135 -0.0083601962583405628 0.077421103976666933 -0.086139060223573136 -0.091974157786795074 0.010884741348040811 -0.035175387373179906 0.13015920519828797 0.13197423560278757 -0.085901472419500358 0.15313246413757695 -0.031983147535858479 0.14694316054765996 0.020955624410306059 -0.051772393209153215 -0.10236893712232512 -0.063841495774686327 -0.03838819947744173 0.022646825701719331 0.14820405143228443 -0.044081822922453287 0.0060198972561045002 0.058212266470256603 0.027056266864140827 0.011294346506782392 -0.09518418739239376 0.13693659612908959 -0.00010669006689092284
leaf_weight=254 90 67 15.999999999999998 175 15.999999999999998 19 13.999999999999998 59 1132 13.999999999999998 13.999999999999998 9.9999999999999982 13.999999999999998 29 12.999999999999998 105 29 11.999999999999998 10.000000000000002 63 155 10.999999999999998 15.999999999999998 241 19 33 1229 14.999999999999998 15.999999999999998 887
leaf_count=254 90 67 16 175 16 19 14 59 1132 14 14 10 14 29 13 105 29 12 10 63 155 11 16 241 19 33 1229 15 16 887
internal_value=-0.000160282 -0.0153589 -0.020702 -0.0254912 -0.0306478 0.00456242 0.0114916 0.0326254 -0.0320628 0.00379272 0.00860451 0.0341382 0.0409976 0.0312468 0.0451382 0.0340166 0.0117798 -0.00825673 0.0532523 0.0176869 0.00500826 0.0470905 0.0336899 0.011268 0.0161248 0.00645149 0.0120161 0.0100104 0.0629356 -0.00153415
internal_weight=4777 2073 1732 1456 1238 276 2704 325 1222 218 2379 185 175 161 132 119 341 71 43 312 218 94 83 257 29 2194 1293 1244 49 901
internal_count=4777 2073 1732 1456 1238 276 2704 325 1222 218 2379 185 175 161 132 119 341 71 43 312 218 94 83 257 29 2194 1293 1244 49 901
is_linear=0
shrinkage=0.05


Tree=40
num_leaves=31
num_cat=0
split_feature=13 22 34 27 28 34 28 9 33 31 34 36 5 34 31 36 37 34 37 37 34 6 32 31 31 36 5 31 32 6
split_gain=383.16 80.1417 71.4034 97.1351 60.4812 56.2843 61.687 53.4231 52.3435 69.1743 48.4376 47.4914 43.9735 43.286 42.4326 40.7787 71.6353 53.5384 48.8175 67.734 45.5249 42.853 40.3245 40.2253 48.43 39.2895 38.8823 38.3767 38.0335 46.8853
threshold=1.0000000180025095e-35 1.0000000180025095e-35 90.500000000000014 8.5000000000000018 50.500000000000007 136.50000000000003 42.500000000000007 0.10555555555555557 9.5000000000000018 16.408333333333342 57.500000000000007 0.69999999999999973 0.74166666666666681 151.50000000000003 11.400000000000004 -0.65634920634920679 5.7316666666666682 102.50000000000001 7.0500000000000034 6.5669047619047651 114.50000000000001 0.39230769230769241 0.77350427350427364 8.0083333333333346 10.650000000000004 -0.15000000000000049 0.32291666666666669 16.408333333333342 0.48333333333333339 0.62019230769230782
decision_type=2 2 2 2 2 2 2 2 2 2 2 2 2 2 2 2 2 2 2 2 2 2 2 2 2 2 2 2 2 2
left_child=2 7 8 15 12 -3 -7 13 10 28 -1 -6 23 -2 -8 16 20 21 19 -18 -4 -17 -12 -5 25 -25 -26 -9 -10 -30
right_child=1 5 3 4 11 6 14 27 9 -11 22 -13 -14 -15 -16 17 18 -19 -20 -21 -22 -23 -24 24 26 -27 -28 -29 29 -31
leaf_value=0.016993538127650348 -0.0060008935947098588 -0.044157884850377041 0.080565001899376487 0.049188067323217788 -0.014139931157231332 0.098471500674883528 0.026287558630985371 -0.028297767341582264 0.01115934845933588 -0.030037491511115257 0.087965805407451553 -0.13881009112704884 0.091848837811913761 0.053885014835865268 -0.093713248234528757 0.028149732369929556 0.05613130799641735 0.01819526514943157 0.095459284940482794 -0.069348470469315845 0.23143726766109465 0.098560863558916342 -0.0089483304747513363 0.015180880509541129 0.085925897500581216 -0.061774892554899985 0.0094246162248905335 0.011831659802769803 -0.016033164137489585 0.094676075056195269
leaf_weight=378 1133 310 10.000000000000002 60 25 14.999999999999998 17.000000000000004 481 1123 136 46 10.999999999999998 18 31 12.999999999999998 40 38 175 37 14.999999999999998 9.9999999999999982 47 13.999999999999998 27 18 43 215 68 219 9.9999999999999982
leaf_count=378 1133 310 10 60 25 15 17 481 1123 136 46 11 18 31 13 40 38 175 37 15 10 47 14 27 18 43 215 68 219 10
internal_value=0.00126417 -0.0149509 0.0136151 0.0262839 0.00971385 -0.0365726 0.015682 -0.0104701 0.00842526 0.00395319 0.0236181 -0.0522336 0.0155672 -0.00440599 -0.0257128 0.0448583 0.0704071 0.0341318 0.0513862 0.0206182 0.156001 0.0661879 0.0653525 0.0117846 0.00437796 -0.032092 0.0153346 -0.0233273 0.00737237 -0.0111987
internal_weight=4783 2068 2715 789 417 355 45 1713 1926 1488 438 36 381 1164 30 372 110 262 90 53 20 87 60 363 303 70 233 549 1352 229
internal_count=4783 2068 2715 789 417 355 45 1713 1926 1488 438 36 381 1164 30 372 110 262 90 53 20 87 60 363 303 70 233 549 1352 229
is_linear=0
shrinkage=0.05


Tree=41
num_leaves=31
num_cat=0
split_feature=0 34 27 29 4 35 21 9 8 35 0 28 5 33 6 2 31 34 31 30 34 35 21 4 5 4 33 29 35 35
split_gain=345.802 64.4416 87.6645 65.0935 68.9025 66.7826 64.3884 62.6555 59.3579 56.4321 54.768 83.8341 65.0365 86.2787 59.0744 118.133 65.9191 60.2994 59.0297 58.1541 54.7366 54.6538 59.8666 53.3031 52.2188 51.0367 46.4114 45.8388 45.671 43.7214
threshold=1500.0000000000002 90.500000000000014 8.5000000000000018 47.300833333333337 0.069047619047619066 2.3292042233560095 1.0000000180025095e-35 0.10555555555555557 14.500000000000002 1.6261140873015882 1950.0000000000002 4.5000000000000009 0.36038961038961043 5.5000000000000009 0.11805555555555557 5.5000000000000009 7.0000000000000044 26.500000000000004 7.1000000000000059 44.615000000000002 151.50000000000003 3.5604444444444447 1.0000000180025095e-35 0.18465909090909094 0.25833333333333336 0.17424242424242428 1.0000000180025095e-35 49.382916666666667 2.4545507369614517 1.3188442460317462
decision_type=2 2 2 2 2 2 2 2 2 2 2 2 2 2 2 2 2 2 2 2 2 2 2 2 2 2 2 2 2 2
left_child=6 10 9 20 5 -5 7 8 26 -3 12 25 13 -2 15 16 -15 27 -13 28 21 22 -4 -24 -6 29 -1 -17 -16 -12
right_child=1 2 3 4 24 -7 -8 -9 -10 -11 11 18 -14 14 19 17 -18 -19 -20 -21 -22 -23 23 -25 -26 -27 -28 -29 -30 -31
leaf_value=0.062145048391186834 0.10778151638805866 0.15417808511040429 -0.037257577046737871 0.19081404371695088 0.12019968087022954 0.044658493747313815 0.0060074658389132913 -0.031193939198146226 -0.018918454054857085 0.039216000545470669 0.18589448953668278 -0.077537362022619502 0.0015742430561735893 -0.17244320349259812 0.0039415644274817573 -0.078730746731162066 -0.033031612252061436 0.04598581888047712 0.029497354833292778 0.13277139365673066 -0.11024968219654901 0.058968946996789721 0.139234684407711 -0.020264850014990027 0.008416256515416675 0.0098200581967830668 -7.9813939262112955e-05 0.052378195673227317 0.098177801848699661 0.076755646444284009
leaf_weight=33 30 10.999999999999998 99 10.999999999999998 10.999999999999998 27 331 596 782 361 11.999999999999998 19 1508 10.999999999999998 45 20.000000000000004 37 98 40 18 13.999999999999998 26 10.000000000000002 10.999999999999998 208 21 326 9.9999999999999982 18 39
leaf_count=33 30 11 99 11 11 27 331 596 782 361 12 19 1508 11 45 20 37 98 40 18 14 26 10 11 208 21 326 10 18 39
internal_value=0.00120096 0.0129344 0.0249697 0.00922816 0.0248152 0.0869667 -0.0142034 -0.0180547 -0.0111915 0.0426154 0.008004 0.0392146 0.00572624 0.0275423 0.0181758 0.00191325 -0.0649801 0.0269983 -0.00497145 0.0535118 -0.0158086 -0.00675256 -0.0209922 0.0556873 0.0140309 0.0754226 0.00564002 -0.0350278 0.0308662 0.102435
internal_weight=4783 2715 789 417 257 38 2068 1737 1141 372 1926 131 1795 287 257 176 48 128 59 81 160 146 120 21 219 72 359 30 63 51
internal_count=4783 2715 789 417 257 38 2068 1737 1141 372 1926 131 1795 287 257 176 48 128 59 81 160 146 120 21 219 72 359 30 63 51
is_linear=0
shrinkage=0.05


Tree=42
num_leaves=31
num_cat=0
split_feature=0 34 28 27 29 21 9 0 28 34 36 11 30 37 4 11 0 30 34 37 4 37 9 7 32 29 29 4 38 30
split_gain=312.086 58.1585 80.8906 58.7939 75.0369 58.1105 56.5466 49.4281 75.6603 51.4249 49.5615 51.3459 48.6238 47.523 85.3984 78.4641 60.5988 68.2116 55.7607 54.2447 46.0606 45.6132 59.4556 45.5779 46.7579 45.5764 81.7404 49.2325 42.495 45.7349
threshold=1500.0000000000002 90.500000000000014 50.500000000000007 7.5000000000000009 47.391071428571443 1.0000000180025095e-35 0.10555555555555557 1950.0000000000002 4.5000000000000009 47.500000000000007 2.0000000000000013 0.56696428571428581 38.616666666666674 7.2000000000000028 0.19375000000000003 0.20714285714285716 1750.0000000000002 42.605555555555561 61.500000000000007 7.5000000000000027 0.17424242424242428 6.0000000000000044 0.17424242424242428 2.5000000000000004 0.32291666666666669 47.911850649350662 46.621527777777786 0.069047619047619066 0.87083333333333346 46.314285714285717
decision_type=2 2 2 2 2 2 2 2 2 2 2 2 2 2 2 2 2 2 2 2 2 2 2 2 2 2 2 2 2 2
left_child=5 7 3 12 -5 6 23 10 20 -10 11 13 -3 14 25 19 17 -16 -19 -15 -9 -18 -23 -1 -25 26 27 -2 29 -27
right_child=1 2 -4 4 -6 -7 -8 8 9 -11 -12 -13 -14 15 16 -17 21 18 -20 -21 -22 22 -24 24 -26 28 -28 -29 -30 -31
leaf_value=-0.013108016871587309 0.020777717920088132 0.13511792243768772 -0.049498289958056475 -0.0043235694576816801 0.034148387128742644 0.0057070920530852961 -0.029634242392873281 0.097313604943965584 0.087659447143475219 -0.028309856830759251 0.095945280194282542 0.039858599191493531 0.042063975900190474 -0.07852676868438721 -0.029181897927877273 -0.016873954717584915 0.029292173963494417 0.0067363934591412548 0.12697150617837907 0.044293826318272722 0.0093290533704151 0.10430924392552401 -0.0094568465153376264 -0.025974073555941387 0.061512031814172155 -0.04895287345756183 0.041248658236380173 -0.018419066854475814 -0.030470295425754187 0.077976918295025829
leaf_weight=1075 120 14.999999999999998 36 220 299 331 596 51 11.999999999999998 47 14.999999999999998 98 219 9.9999999999999982 79 495 205 27 14.999999999999998 89 21 49 14.999999999999998 24 42 11.000000000000002 127 241 179 20
leaf_count=1075 120 15 36 220 299 331 596 51 12 47 15 98 219 10 79 495 205 27 15 89 21 49 15 24 42 11 127 241 179 20
internal_value=0.00114091 0.0122876 0.0237212 0.0272217 0.0178404 -0.0134932 -0.017152 0.0076038 0.0372538 -0.00472288 0.00543992 0.00467724 0.048029 0.00262743 0.00883738 -0.00874701 0.0275776 -0.00180921 0.0496775 0.0318877 0.0716514 0.0407963 0.0776453 -0.0106319 0.0296989 -0.00163355 0.00674777 -0.00538966 -0.0211101 0.0329373
internal_weight=4783 2715 789 753 519 2068 1737 1926 131 59 1795 1780 234 1682 1088 594 390 121 42 99 72 269 64 1141 66 698 488 361 210 31
internal_count=4783 2715 789 753 519 2068 1737 1926 131 59 1795 1780 234 1682 1088 594 390 121 42 99 72 269 64 1141 66 698 488 361 210 31
is_linear=0
shrinkage=0.05


Tree=43
num_leaves=31
num_cat=0
split_feature=0 22 28 11 31 37 11 5 29 35 36 33 11 18 36 3 35 2 31 36 36 6 28 33 20 35 25 4 0 5
split_gain=281.658 68.245 50.2789 50.1057 65.0683 59.075 84.5915 66.572 61.4805 57.6312 62.8128 51.2262 54.4734 55.4958 50.5803 49.3478 47.2927 44.3588 48.6486 44.0642 41.7399 40.5548 46.6161 48.6251 43.351 53.6193 41.9749 53.725 44.8608 41.0884
threshold=1500.0000000000002 1.0000000180025095e-35 50.500000000000007 0.20714285714285716 20.300000000000011 7.3316666666666643 0.40833333333333338 0.67708333333333337 46.115641025641033 2.9161036706349202 -1.1000000000000005 13.500000000000002 0.21825396825396828 1.0000000180025095e-35 -0.79499999999999871 1.0000000180025095e-35 2.8650174362674359 6.5000000000000009 12.85357142857143 0.45500000000000118 0.69999999999999973 0.62019230769230782 11.500000000000002 15.500000000000002 1.0000000180025095e-35 1.5993452380952389 1.0000000180025095e-35 0.06458333333333334 1350.0000000000002 0.48333333333333339
decision_type=2 2 2 2 2 2 2 2 2 2 2 2 2 2 2 2 2 2 2 2 2 2 2 2 2 2 2 2 2 2
left_child=1 21 3 4 -2 11 7 19 -9 15 -11 12 -5 -14 -15 17 -3 18 -8 -7 -4 24 23 -23 26 -26 -1 -28 -29 -30
right_child=2 16 20 5 -6 6 9 8 -10 10 -12 -13 13 14 -16 -17 -18 -19 -20 -21 -22 22 -24 -25 25 -27 27 28 29 -31
leaf_value=-0.0037782586176956616 0.023392559928355913 -0.042455043723480607 -0.011310851404909046 -0.066350966954932492 0.11782134583121853 -0.020489534657099285 -0.026859408660003772 0.12468132287263872 -0.012379602053099209 0.16762195055683454 0.037560291026673492 0.0044631930395543536 0.027285472402947087 0.06547250521058838 -0.050924614877606349 0.034469006910351006 0.0016201150496132099 0.018689095445217626 -0.15662798747420312 -0.10541828395798802 -0.12818820747462187 0.025641043728492297 -0.013446401939445147 0.13214834355390989 0.064325826646139228 -0.045996593142539934 -0.08196290271977584 0.0061518090229262324 -0.059994102995606917 -0.0089987122276915781
leaf_weight=1114 458 277 25 17 19 336 26 14.999999999999998 18 11.999999999999998 41 741 813 11.999999999999998 42 72 78 31 9.9999999999999982 15.999999999999998 10.999999999999998 61 66 12.999999999999998 11.999999999999998 134 36 119 79 79
leaf_count=1114 458 277 25 17 19 336 26 15 18 12 41 741 813 12 42 72 78 31 10 16 11 61 66 13 12 134 36 119 79 79
internal_value=0.00108387 -0.0128185 0.0116733 0.012462 0.0271539 0.00927944 -0.00446421 -0.0179839 0.0499208 0.0226455 0.0670082 0.0141595 0.0222873 0.0240253 -0.0250586 0.00573026 -0.0327709 -0.0251532 -0.0629062 -0.0243499 -0.0470234 -0.00868364 0.0171041 0.0443518 -0.0109788 -0.036929 -0.00832376 -0.0245017 -0.0170338 -0.0344964
internal_weight=4783 2068 2715 2679 477 2202 577 385 33 192 53 1625 884 867 54 139 355 67 36 352 36 1713 140 74 1573 146 1427 313 277 158
internal_count=4783 2068 2715 2679 477 2202 577 385 33 192 53 1625 884 867 54 139 355 67 36 352 36 1713 140 74 1573 146 1427 313 277 158
is_linear=0
shrinkage=0.05


Tree=44
num_leaves=31
num_cat=0
split_feature=0 34 27 29 4 31 35 21 9 8 35 30 28 28 8 31 11 0 34 11 18 35 11 34 30 6 34 4 11 30
split_gain=254.196 52.8354 72.2729 97.5774 71.3289 76.7831 74.5926 48.8087 50.546 51.3518 45.811 51.2253 52.3029 44.8023 44.0926 56.2696 53.1385 48.8043 73.3399 46.7008 47.9091 76.769 43.0925 71.0465 57.6696 52.0176 41.3692 41.0582 47.869 40.2223
threshold=1500.0000000000002 90.500000000000014 9.5000000000000018 47.159666666666674 0.069047619047619066 7.5083333333333302 2.4341432178932183 1.0000000180025095e-35 0.10555555555555557 14.500000000000002 1.6261140873015882 39.283333333333346 11.500000000000002 22.500000000000004 10.500000000000002 16.408333333333342 0.18465909090909094 2050.0000000000005 55.500000000000007 0.06458333333333334 1.0000000180025095e-35 1.8168239795918371 0.43303571428571436 131.50000000000003 39.216666666666676 0.25833333333333336 1.0000000180025095e-35 0.087121212121212141 0.32291666666666669 40.487500000000004
decision_type=2 2 2 2 2 2 2 2 2 2 2 2 2 2 2 2 2 2 2 2 2 2 2 2 2 2 2 2 2 2
left_child=7 14 10 -4 6 -6 -5 8 9 26 -3 -12 -13 -7 -2 17 -17 19 27 -16 -21 -22 23 -11 -24 -25 -1 -19 -29 -28
right_child=1 2 3 4 5 13 -8 -9 -10 22 11 12 -14 -15 15 16 -18 18 -20 20 21 -23 24 25 -26 -27 29 28 -30 -31
leaf_value=0.059636331918282492 0.023447472308359949 0.13029798033336801 -0.038291638657659749 0.1972900786860422 0.1222832168718534 0.097387160225348046 0.033681718730612806 0.0054189966862115257 -0.027332191792279234 -0.016419352988227078 0.080952583055229899 0.079700763818876044 0.020333461190024632 -0.0072526921256611202 -0.098793370344422093 0.081915974617004395 -0.038167624576733665 0.16595536017169554 -0.010691119125112891 0.006683387167423502 0.082591141760349276 -0.06255936657412435 -0.013573591108275516 -0.062688711611554024 -0.062364210228173483 0.049753100805618393 -0.013970197310769246 0.0069207007187957834 0.13143625534497774 0.021647524852853487
leaf_weight=33 324 11.999999999999998 98 11.000000000000002 13.999999999999998 10.999999999999998 19 331 596 448 47 41 390 146 10.999999999999998 9.9999999999999982 117 11.999999999999998 34 1322 10.999999999999998 53 147 11.999999999999998 103 72 190 19 12.999999999999998 136
leaf_count=33 324 12 98 11 14 11 19 331 596 448 47 41 390 146 11 10 117 12 34 1322 11 53 147 12 103 72 190 19 13 136
internal_value=0.00102967 0.0110896 0.0219874 0.00261503 0.0225596 0.0100838 0.0936715 -0.0121776 -0.0155308 -0.00936636 0.0338084 0.0313861 0.0259809 7.87625e-05 0.00662525 0.003223 -0.0287122 0.00597268 0.0444632 0.0038236 0.00463802 -0.0376116 -0.0165534 -0.00850735 -0.0336753 0.03369 0.00628893 0.0870825 0.0575051 0.00088873
internal_weight=4783 2715 789 299 201 171 30 2068 1737 1141 490 478 431 157 1926 1602 127 1475 78 1397 1386 64 782 532 250 84 359 44 32 326
internal_count=4783 2715 789 299 201 171 30 2068 1737 1141 490 478 431 157 1926 1602 127 1475 78 1397 1386 64 782 532 250 84 359 44 32 326
is_linear=0
shrinkage=0.05


Tree=45
num_leaves=31
num_cat=0
split_feature=0 21 8 27 34 5 27 5 33 34 34 5 0 2 34 34 32 6 6 5 35 29 5 29 36 8 9 30 30 32
split_gain=190.97 109.56 96.4207 69.7267 68.0531 63.0023 58.6033 58.1547 52.2895 65.708 65.6757 50.9394 53.5148 83.082 70.8531 60.3592 77.5223 74.6791 68.1396 60.8643 54.2012 50.6356 50.331 53.5881 49.4986 49.2879 48.5562 49.5582 61.3884 47.3919
threshold=1750.0000000000002 1.0000000180025095e-35 15.500000000000002 11.500000000000002 123.50000000000001 0.74166666666666681 7.5000000000000009 0.78174603174603186 13.500000000000002 63.500000000000007 38.500000000000007 0.24038461538461542 2050.0000000000005 6.5000000000000009 42.500000000000007 51.500000000000007 0.72077922077922085 0.19375000000000003 0.36931818181818188 0.60769230769230786 2.4834027777777785 49.536748866213159 0.65476190476190488 48.461805555555564 0.073214285714284483 8.5000000000000018 0.14835164835164838 47.225000000000009 42.416666666666679 0.16025641025641027
decision_type=2 2 2 2 2 2 2 2 2 2 2 2 2 2 2 2 2 2 2 2 2 2 2 2 2 2 2 2 2 2
left_child=1 2 3 7 -5 8 -7 25 -3 10 -10 21 13 15 20 19 17 -17 -19 -13 -14 -2 -21 -24 -12 -1 27 28 -27 -15
right_child=11 5 -4 4 -6 6 -8 -9 9 -11 24 12 14 29 -16 16 -18 18 -20 22 -22 -23 23 -25 -26 26 -28 -29 -30 -31
leaf_value=0.059833300660053892 0.029580200744687386 0.025445851093702166 -0.026010674956623195 -0.087317748573057519 -0.0078970990888774396 0.10702615439891816 -0.0051993775916726968 0.073619446963071822 0.00835904350074438 0.012991942601843118 -0.064975741352002653 -0.036783250746401874 0.052888435027316986 0.038294969052970036 0.021370350402372867 -0.05712303079921624 -0.064148696791380647 0.070852590907033483 0.010472727878950537 0.067665211670100686 0.18862223153313001 0.12875116625252891 0.014313259336125593 -0.091920182527974251 0.027517167434972879 -0.0057154708495363599 -0.027022642892411942 -0.084897000123472788 0.024896200066036985 0.010706391851823895
leaf_weight=30 53 202 978 49 60 30 19 25 78 221 97 220 19.000000000000004 198 131 29 32 66 160 28 11.999999999999998 17 46 15.999999999999998 17 720 207 17 212 728
leaf_count=30 53 202 978 49 60 30 19 25 78 221 97 220 19 198 131 29 32 66 160 28 12 17 46 16 17 720 207 17 212 728
internal_value=-0.00119894 -0.00894295 -0.014112 -0.00529621 -0.0436 0.00894643 0.0635101 -0.00184855 0.00459908 -0.00559717 -0.026994 0.011871 0.0101348 0.00722865 0.0374559 -0.00731561 0.0092076 0.0184131 0.0281058 -0.0226129 0.105431 0.0536646 0.0120257 -0.0131018 -0.0511829 -0.00343936 -0.00508138 -0.000295462 0.0012477 0.0166055
internal_weight=4717 2962 2298 1320 109 664 49 1211 615 413 192 1755 1685 1523 162 597 287 255 226 310 31 70 90 62 114 1186 1156 949 932 926
internal_count=4717 2962 2298 1320 109 664 49 1211 615 413 192 1755 1685 1523 162 597 287 255 226 310 31 70 90 62 114 1186 1156 949 932 926
is_linear=0
shrinkage=0.05


Tree=46
num_leaves=31
num_cat=0
split_feature=0 21 22 33 34 9 6 30 7 27 37 36 29 4 29 31 31 31 34 30 32 28 33 9 29 28 35 11 4 27
split_gain=172.351 98.8782 77.3892 66.5232 64.1374 68.7283 54.5166 64.7742 53.9483 53.5294 52.3247 48.4469 75.9113 90.6142 68.6804 61.3578 52.6379 49.292 65.2025 47.695 47.4581 83.985 73.1681 87.9669 71.6964 74.0087 71.3834 59.4099 65.4961 75.739
threshold=1750.0000000000002 1.0000000180025095e-35 1.0000000180025095e-35 14.500000000000002 47.500000000000007 1.0000000180025095e-35 0.51666666666666672 42.581250000000004 1.5000000000000002 6.5000000000000009 7.3000000000000043 -0.9211111111111121 45.971994047619056 0.20714285714285716 43.62968750000001 9.0583333333333353 8.4000000000000039 6.0000000000000044 66.500000000000014 42.416666666666679 0.16025641025641027 6.5000000000000009 14.500000000000002 0.11805555555555557 46.951540404040415 8.5000000000000018 2.5528940070346322 0.27922077922077926 0.21825396825396828 6.5000000000000009
decision_type=2 2 2 2 2 2 2 2 2 2 2 2 2 2 2 2 2 2 2 2 2 2 2 2 2 2 2 2 2 2
left_child=1 3 20 8 9 10 11 -8 19 -5 -6 -3 14 -14 -13 17 -15 -16 -19 -1 22 -22 23 -2 25 -23 27 -26 -29 -30
right_child=2 6 -4 4 5 -7 7 -9 -10 -11 -12 12 13 16 15 -17 -18 18 -20 -21 21 24 -24 -25 26 -27 -28 28 29 -31
leaf_value=-0.016543029836562695 0.061647032443334394 -0.020275546300932357 -0.0069290832507947131 -0.031841432282349445 -0.00050756506980421717 -0.026189537724139445 0.017189543472981097 0.093637478479317263 0.014949483639579647 -0.088110611915277942 0.084581265114247794 0.018897631497626813 0.01204878952634591 0.18358773815517243 -0.015962932333350183 -4.1975895874202253e-05 0.063722499171572342 -0.22950837254524223 -0.064682061175505332 0.008427243019885771 -0.0082757847437618225 0.066259555092021347 -0.030399046367448238 -0.014232043250619122 0.085196178882748275 -0.018279923659980678 0.011137793410093862 0.015504724639789042 0.15395987728344543 0.039361436746042706
leaf_weight=859 187 183 438 143 187 538 133 35 245 60 20 96 93 12.999999999999998 14.999999999999998 40 31 10.000000000000002 14.999999999999998 246 332 31 36 48 79 157 235 145 21 46
leaf_count=859 187 183 438 143 187 538 133 35 245 60 20 96 93 13 15 40 31 10 15 246 332 31 36 48 79 157 235 145 21 46
internal_value=-0.00113899 -0.0084958 0.0112775 -0.0134064 -0.0235583 -0.0167695 0.00849911 0.0331162 -0.00627758 -0.0484727 0.00771358 0.000161059 0.0121096 0.0400188 -0.00961514 -0.0438305 0.0991372 -0.087619 -0.130613 -0.010984 0.0173325 0.0125013 0.0359797 0.0461483 0.0221624 -0.0043399 0.0316347 0.0481872 0.0343961 0.0752804
internal_weight=4717 2962 1755 2298 948 745 664 168 1350 203 207 496 313 137 176 80 44 40 25 1105 1317 1046 271 235 714 188 526 291 212 67
internal_count=4717 2962 1755 2298 948 745 664 168 1350 203 207 496 313 137 176 80 44 40 25 1105 1317 1046 271 235 714 188 526 291 212 67
is_linear=0
shrinkage=0.05


Tree=47
num_leaves=31
num_cat=0
split_feature=0 7 5 22 22 35 4 34 7 0 37 37 34 11 8 34 35 34 2 4 35 28 2 34 12 35 8 37 37 34
split_gain=155.546 91.2545 104.546 69.857 69.8438 58.6215 45.9528 66.9876 45.5028 80.2977 120.984 61.9635 61.6418 50.2559 48.6335 106.092 59.7333 44.6021 43.7204 54.5441 43.2877 42.0759 41.6981 40.3886 55.3579 39.6995 39.6478 81.5169 69.9793 47.7315
threshold=1750.0000000000002 1.5000000000000002 0.77350427350427364 1.0000000180025095e-35 1.0000000180025095e-35 2.574444444444445 0.080128205128205135 61.500000000000007 1.5000000000000002 2050.0000000000005 5.200000000000002 5.2300000000000013 108.50000000000001 0.11805555555555557 9.5000000000000018 6.5000000000000009 2.4073952696608947 136.50000000000003 6.5000000000000009 0.19375000000000003 3.0771124338624345 38.500000000000007 8.5000000000000018 39.500000000000007 0.06458333333333334 2.6082318376068381 15.500000000000002 7.75 9.8499999999999996 123.50000000000001
decision_type=2 2 2 2 2 2 2 2 2 2 2 2 2 2 2 2 2 2 2 2 2 2 2 2 2 2 2 2 2 2
left_child=1 2 3 5 8 26 7 -7 11 10 -10 13 18 -2 15 -15 -17 -5 -12 22 23 -13 -20 24 -16 -11 28 29 -1 -28
right_child=4 -3 -4 17 -6 6 -8 -9 9 25 12 21 -14 14 20 16 -18 -19 19 -21 -22 -23 -24 -25 -26 -27 27 -29 -30 -31
leaf_value=0.0064863666348344805 -0.06798047973559454 0.011263959189387326 0.060247236079707438 -0.043912946130239661 -0.0065826285399760223 -0.043495804369449616 -0.029368490201952643 0.024620541615655557 -0.033686033451645558 0.053660787253951028 -0.043364244609672045 0.0012439103106745369 0.13906700044042536 0.22307103075087073 0.029613215243443847 0.0077130162389948964 0.14277749305421658 0.012243221273146025 -0.0088750135438102808 0.11093124365089116 -0.026985944797181423 0.060785742825077427 0.075181600123643888 0.046709295433874316 -0.04882201768097378 0.16688454980030656 -0.02663024853310399 0.035927290401111048 -0.075519356255730002 0.0077637407019210515
leaf_weight=713 12.999999999999998 506 49 257 438 55 530 105 59 15.000000000000002 13.999999999999998 692 18 9.9999999999999982 82 32 10.999999999999998 41 36 27 36 31 25 169 31 15.999999999999998 476 75 27 128
leaf_count=713 13 506 49 257 438 55 530 105 59 15 14 692 18 10 82 32 11 41 36 27 36 31 25 169 31 16 476 75 27 128
internal_value=-0.00108204 -0.00807101 -0.0120545 -0.0135264 0.0107136 -0.0103245 -0.0222789 0.00120555 0.0164659 0.0378042 0.0249375 0.0124179 0.0537607 0.0286498 0.0320357 0.0763789 0.0422644 -0.0361868 0.0387067 0.0517634 0.0246452 0.00379688 0.0255744 0.0312364 0.00809558 0.112099 -0.00451158 -0.0132367 0.00349427 -0.0193415
internal_weight=4717 2962 2456 2407 1755 2109 690 160 1317 210 179 1107 120 384 371 53 43 298 102 88 318 723 61 282 113 31 1419 679 740 604
internal_count=4717 2962 2456 2407 1755 2109 690 160 1317 210 179 1107 120 384 371 53 43 298 102 88 318 723 61 282 113 31 1419 679 740 604
is_linear=0
shrinkage=0.05


Tree=48
num_leaves=31
num_cat=0
split_feature=0 21 8 22 27 34 5 30 5 5 4 29 5 29 9 7 36 34 28 29 9 11 36 7 0 11 36 3 33 28
split_gain=140.381 86.9652 77.178 63.034 61.0818 61.3552 51.2488 53.9821 49.722 67.8796 71.7627 48.3946 48.1755 47.6982 45.4843 78.4235 45.289 45.226 44.832 43.714 43.2181 42.9126 41.9081 41.0663 72.4687 63.7817 50.0068 65.8149 49.7938 39.9678
threshold=1750.0000000000002 1.0000000180025095e-35 15.500000000000002 1.0000000180025095e-35 11.500000000000002 123.50000000000001 0.74166666666666681 42.768333333333338 0.25833333333333336 0.40833333333333338 0.25833333333333336 45.647395833333341 0.82575757575757591 44.07010101010102 0.080128205128205135 1.5000000000000002 -2.2100000000000004 128.50000000000003 6.5000000000000009 49.713194444444447 0.14835164835164838 0.45804195804195807 0.57638888888888928 1.5000000000000002 2050.0000000000005 0.17424242424242428 -2.1000000000000001 1.0000000180025095e-35 14.500000000000002 1.5000000000000002
decision_type=2 2 2 2 2 2 2 2 2 2 2 2 2 2 2 2 2 2 2 2 2 2 2 2 2 2 2 2 2 2
left_child=1 2 4 23 12 -6 8 13 -3 11 14 18 20 -8 15 21 -16 -7 -10 -13 -1 -11 -17 29 25 -25 27 -27 -26 -2
right_child=3 6 -4 -5 5 17 7 -9 9 10 -12 19 -14 -15 16 22 -18 -19 -20 -21 -22 -23 -24 24 28 26 -28 -29 -30 -31
leaf_value=0.0022060204944155974 0.034258054380604468 0.10512994130452474 -0.022918108151320955 -0.0062534973535635701 -0.081746958393831642 0.080483909246201316 0.10692975223064423 0.15502457862550564 -0.035886302798986434 0.0071523769252275771 0.07748371652430959 0.0189463771507144 0.094575640788445103 -0.011148789435625077 0.049679497322615458 0.043367044115439062 -0.039548040215653939 -0.028040812489052769 -0.14306938163936139 -0.097932233437895783 -0.022678236585145572 -0.065315148234367376 0.14702833046515781 0.11030196976896965 0.1862315158049265 0.13255002027791407 -0.00057084300678980073 -0.011996209182377373 0.056133324790157771 0.00777845504980758
leaf_weight=986 168 11.999999999999998 978 438 49 11.999999999999998 12.999999999999998 10.999999999999998 25 286 36 40 12.999999999999998 25 17 52 87 48 15.999999999999998 9.9999999999999982 212 22 11.999999999999998 19 12.000000000000002 18 128 13.999999999999998 19 939
leaf_count=986 168 12 978 438 49 12 13 11 25 286 36 40 13 25 17 52 87 48 16 10 212 22 12 19 12 18 128 14 19 939
internal_value=-0.00102794 -0.00766746 -0.0122728 0.0101779 -0.00438555 -0.0402363 0.00827081 0.0574824 0.00434989 0.00234432 0.00941672 -0.0374476 -0.00115868 0.0292465 0.00426879 0.0124411 -0.0249628 -0.00633587 -0.0777138 -0.00442934 -0.00219754 0.00197613 0.0628035 0.0156426 0.035914 0.0236906 0.0134055 0.069311 0.106494 0.011797
internal_weight=4717 2962 2298 1755 1320 109 664 49 615 603 512 91 1211 38 476 372 104 60 41 50 1198 308 64 1317 210 179 160 32 31 1107
internal_count=4717 2962 2298 1755 1320 109 664 49 615 603 512 91 1211 38 476 372 104 60 41 50 1198 308 64 1317 210 179 160 32 31 1107
is_linear=0
shrinkage=0.05


Tree=49
num_leaves=31
num_cat=0
split_feature=29 3 34 38 2 14 8 5 29 9 32 33 34 28 35 5 30 32 34 33 34 28 35 5 34 22 6 4 4 36
split_gain=99.0758 105.47 79.5154 74.8552 83.284 65.3719 83.6286 65.247 64.1084 61.2175 84.4131 59.0461 63.7696 70.8866 68.4064 70.5013 48.3305 46.3013 46.776 46.021 44.7227 67.0834 53.7906 46.4748 46.3552 45.8341 81.8287 56.8968 43.4906 43.8295
threshold=46.690972222222221 1.5000000000000002 27.500000000000004 0.90454545454545465 5.5000000000000009 1.0000000180025095e-35 8.5000000000000018 0.30384615384615393 50.150444444444453 0.095454545454545472 0.12916666666666668 14.500000000000002 128.50000000000003 35.500000000000007 2.8207258007369624 0.70714285714285718 49.307142857142857 0.26969696969696971 57.500000000000007 5.5000000000000009 129.50000000000003 13.500000000000002 3.0675649350649352 0.72077922077922085 80.500000000000014 1.0000000180025095e-35 0.40833333333333338 0.24038461538461542 0.19375000000000003 -2.2874999999999974
decision_type=2 2 2 2 2 2 2 2 2 2 2 2 2 2 2 2 2 2 2 2 2 2 2 2 2 2 2 2 2 2
left_child=1 5 3 4 -2 6 -1 8 -5 10 -9 12 14 -14 16 -16 -4 18 28 -6 21 24 -22 -23 25 -7 27 -27 29 -3
right_child=2 17 11 7 19 20 -8 9 -10 -11 -12 -13 13 -15 15 -17 -18 -19 -20 -21 22 23 -24 -25 -26 26 -28 -29 -30 -31
leaf_value=0.10224976852974471 0.1250253640860319 0.060064371065659962 0.029547898330657227 -0.043076637803631669 -0.093409634133179986 0.018840794180486693 -0.0094044294337310499 0.053024851937185639 0.096367418207228189 -0.10859013616635993 -0.059067500015379686 0.0019427190718076385 0.14310960116034205 0.0071691478876506586 -0.019492437616219188 0.077843662173975092 -0.034507582144391154 -0.029169215497842689 0.086253684759140026 0.011860985226638907 0.016948373899573373 -0.011816901784501415 0.14636243160527487 -0.097384987523158398 0.063393767919067465 -0.083460468989103406 0.022116358172310616 0.031372353966747014 0.013097780997600032 -0.046303021532977807
leaf_weight=17 14.999999999999998 10.999999999999998 588 17 11.999999999999998 449 1242 22 15.999999999999998 37 71 724 22 17 163 21 31 598 13.999999999999998 77 21 134 12.999999999999998 18 46 47 70 13.999999999999998 109 81
leaf_count=17 15 11 588 17 12 449 1242 22 16 37 71 724 22 17 163 21 31 598 14 77 21 134 13 18 46 47 70 14 109 81
internal_value=-0.000976541 -0.00675357 0.0081129 -0.0171077 0.0160362 -0.000762664 -0.00789679 -0.0382546 0.0245326 -0.0541929 -0.032551 0.012413 0.0214159 0.0838535 0.0183834 -0.00838343 0.02634 -0.0220145 -0.00211454 -0.00233281 0.0102987 0.0078457 0.0664302 -0.02195 0.0150804 0.0112487 -0.0147732 -0.0571054 -0.00826954 -0.0335852
internal_weight=4717 2884 1833 267 104 2071 1259 163 33 130 93 1566 842 39 803 184 619 813 215 89 812 778 34 152 626 580 131 61 201 92
internal_count=4717 2884 1833 267 104 2071 1259 163 33 130 93 1566 842 39 803 184 619 813 215 89 812 778 34 152 626 580 131 61 201 92
is_linear=0
shrinkage=0.05


Tree=50
num_leaves=31
num_cat=0
split_feature=0 8 0 34 7 6 37 28 37 36 32 32 29 34 28 33 31 36 27 28 31 31 2 8 31 29 30 32 29 11
split_gain=117.236 76.9614 71.2429 82.9749 51.72 66.595 57.2532 65.3083 58.535 45.3027 52.8849 62.3819 44.332 43.0669 63.4196 60.2934 41.9589 39.1094 40.316 61.1505 38.7457 37.2853 36.9598 84.6487 57.6647 41.2572 35.2809 34.6852 34.0457 44.4522
threshold=1500.0000000000002 11.500000000000002 2050.0000000000005 42.500000000000007 1.5000000000000002 0.78174603174603186 6.3200000000000021 35.500000000000007 3.5799999999999996 1.0275000000000003 0.5590277777777779 0.40833333333333338 46.591904761904779 135.50000000000003 33.500000000000007 14.500000000000002 108.35833333333335 2.1166666666666685 9.5000000000000018 29.500000000000004 16.616666666666667 9.6833333333333318 8.5000000000000018 8.5000000000000018 9.4000000000000039 45.200833333333343 45.105000000000011 0.14835164835164838 45.45085858585859 0.25833333333333336
decision_type=2 2 2 2 2 2 2 2 2 2 2 2 2 2 2 2 2 2 2 2 2 2 2 2 2 2 2 2 2 2
left_child=1 22 16 27 5 13 7 28 -9 10 11 12 -5 15 -15 17 -2 18 19 -3 -16 -8 23 -1 25 -24 -13 -4 29 -6
right_child=2 4 3 9 6 -7 21 8 -10 -11 -12 26 -14 14 20 -17 -18 -19 -20 -21 -22 -23 24 -25 -26 -27 -28 -29 -30 -31
leaf_value=0.15326633426759925 0.0027372780864182112 -0.0071548519756484286 0.055391871929168703 -0.036150171581123561 -0.025271098331237835 0.10045601849754651 -0.086210991147284713 0.021936490982770923 -0.11357705572291332 -0.049770028609782462 0.097664449177682411 -0.0010900282859802244 0.065465640094455171 0.067109135922157406 -0.017981328453390382 -0.032606533418825891 0.073707584504570281 -0.082312724719782931 -0.039859335599855217 0.11176553016359157 0.051775259459796164 -0.0061912670127443371 -0.02879305025562643 0.02191402896335631 -0.091038986085914084 0.10871898412704468 -0.11898204542019152 0.15796056985855103 0.060846257140790977 0.032476312412512962
leaf_weight=13.999999999999998 2517 626 15.999999999999998 13.999999999999998 48 11.999999999999998 24 14.999999999999998 17 20 24 15.000000000000002 46 33 148 614 21 19 96 10.999999999999998 23 37 12.000000000000002 99 15.999999999999998 9.9999999999999982 10.999999999999998 17 54 109
leaf_count=14 2517 626 16 14 48 12 24 15 17 20 24 15 46 33 148 614 21 19 96 11 23 37 12 99 16 10 11 17 54 109
internal_value=-0.00144783 -0.0105045 0.00538241 0.0374252 -0.0132545 -0.0168841 0.00563388 0.0165055 -0.0500551 0.0194516 0.0320374 0.0137228 0.0417553 -0.017781 0.00364802 -0.0209812 0.0033245 -0.0114893 -0.0096535 -0.00510128 -0.00859886 -0.0376744 0.0238428 0.0381878 -0.0188145 0.0337124 -0.0509674 0.10823 0.0266 0.0148211
internal_weight=4738 2037 2701 163 1886 1582 304 243 32 130 110 86 60 1570 204 1366 2538 752 733 637 171 61 151 113 38 22 26 33 211 157
internal_count=4738 2037 2701 163 1886 1582 304 243 32 130 110 86 60 1570 204 1366 2538 752 733 637 171 61 151 113 38 22 26 33 211 157
is_linear=0
shrinkage=0.05


Tree=51
num_leaves=31
num_cat=0
split_feature=29 32 35 3 31 30 31 11 37 35 11 34 3 8 11 21 34 21 31 4 34 29 28 35 11 6 38 30 36 5
split_gain=83.1576 92.2551 70.12 69.5225 76.8164 72.7373 61.32 56.0687 70.5638 54.6218 52.9072 54.4892 70.9284 50.6205 59.3766 59.1778 74.0353 49.3509 66.2262 55.3016 48.6537 47.4769 46.9207 52.0075 50.5377 55.2832 46.5322 45.601 45.5958 45.0197
threshold=46.766813186813202 0.27922077922077926 1.5290527065527064 1.5000000000000002 2.6583333333333319 41.612500000000004 9.4000000000000039 0.48333333333333339 8.300000000000006 1.1283420138888893 0.57738095238095244 134.50000000000003 1.0000000180025095e-35 15.500000000000002 0.19375000000000003 1.0000000180025095e-35 41.500000000000007 1.0000000180025095e-35 9.4000000000000039 0.26969696969696971 46.500000000000007 48.072500000000005 37.500000000000007 3.0065672348484855 0.45804195804195807 0.12916666666666668 0.93095238095238109 45.675000000000004 -0.331666666666666 0.70714285714285718
decision_type=2 2 2 2 2 2 2 2 2 2 2 2 2 2 2 2 2 2 2 2 2 2 2 2 2 2 2 2 2 2
left_child=1 13 9 4 -3 6 -6 8 -7 21 11 -8 -13 14 -1 27 -17 -4 19 -19 -5 -2 24 -24 26 -26 -22 -16 -9 -23
right_child=2 3 17 20 5 7 10 28 -10 -11 -12 12 -14 -15 15 16 -18 18 -20 -21 22 29 23 -25 25 -27 -28 -29 -30 -31
leaf_value=0.058224937808362465 0.035984743215581948 -0.12308618607265609 0.0087522740512233702 -0.054183181510024686 -0.028969330684496808 0.0012896956604284545 -0.011535648689626657 0.0068458476236888353 0.12191315430861255 -0.029927406653055984 0.06025545417796821 0.073759297929380255 -0.016111366787836666 -0.0070740328407960899 0.0059062951210655896 0.096890022608108431 -0.028641983779037702 0.05546614018039428 0.014762047106937674 0.18127986669540408 0.050590282399207355 -0.0017149603837046082 -0.032716415501049451 -0.12597248670371139 0.0011498355391350661 0.13456471984585125 -0.022048355706338514 -0.089027843165856158 0.12227312045341188 -0.088504006154835224
leaf_weight=69 85 13.999999999999998 1065 132 325 180 545 13.999999999999998 12.999999999999998 189 32 46 42 488 469 38 17 69 149 9.9999999999999982 24 226 124 17 22 11.999999999999998 271 12.999999999999998 22 15.999999999999998
leaf_count=69 85 14 1065 132 325 180 545 14 13 189 32 46 42 488 469 38 17 69 149 10 24 226 124 17 22 12 271 13 22 16
internal_value=-0.00137544 -0.00658119 0.00705332 -0.0134329 -0.0066325 -0.00529505 -0.0111692 0.0200999 0.00941459 -0.0085295 -0.00246993 -0.00564088 0.0308665 0.00491133 0.0145629 0.0089527 0.0580892 0.013272 0.0343838 0.0713919 -0.0273612 0.0038381 -0.0198282 -0.0439601 -0.00948591 0.0482374 -0.0161388 0.00334583 0.0773847 -0.00745308
internal_weight=4738 2929 1809 1835 1233 1219 990 229 193 516 665 633 88 1094 606 537 55 1293 228 79 602 327 470 141 329 34 295 482 36 242
internal_count=4738 2929 1809 1835 1233 1219 990 229 193 516 665 633 88 1094 606 537 55 1293 228 79 602 327 470 141 329 34 295 482 36 242
is_linear=0
shrinkage=0.05


Tree=52
num_leaves=31
num_cat=0
split_feature=0 8 0 34 7 6 28 34 28 33 34 34 30 35 30 21 31 28 29 6 35 9 11 11 11 31 28 31 8 29
split_gain=98.126 69.0309 60.3834 73.5686 46.6639 58.3872 40.4454 38.9937 58.8677 39.7728 40.3553 45.2341 38.7076 38.6178 43.1052 37.8824 37.4663 37.2724 37.2605 45.4805 36.8353 40.9611 34.8934 33.9017 36.3999 51.9172 42.6844 33.911 53.7478 32.6119
threshold=1500.0000000000002 11.500000000000002 2050.0000000000005 42.500000000000007 1.5000000000000002 0.78174603174603186 35.500000000000007 141.50000000000003 33.500000000000007 14.500000000000002 41.500000000000007 37.500000000000007 39.216666666666676 2.5448406593406596 38.225000000000009 1.0000000180025095e-35 108.35833333333335 9.5000000000000018 42.568484848484857 0.25833333333333336 3.3140939153439155 0.087121212121212141 0.46410256410256417 0.68990384615384626 0.56696428571428581 12.200000000000008 15.500000000000002 9.2816666666666716 11.500000000000002 44.039642857142859
decision_type=2 2 2 2 2 2 2 2 2 2 2 2 2 2 2 2 2 2 2 2 2 2 2 2 2 2 2 2 2 2
left_child=1 -1 16 -4 5 7 -6 9 -9 15 11 13 17 14 -11 -3 23 -12 19 -19 21 -5 -14 24 -2 26 27 28 -26 -13
right_child=2 4 3 20 6 -7 -8 8 -10 10 12 29 22 -15 -16 -17 -18 18 -20 -21 -22 -23 -24 -25 25 -27 -28 -29 -30 -31
leaf_value=0.022937183916285044 0.0017451329742053318 -0.01516618177364442 0.10111294374095672 0.019385482560998452 0.012216353107209282 0.094226973503828054 -0.045649186214979959 0.087864321842789653 -0.0045251710656099026 0.056859769416041678 0.033720108011568134 -0.13078147526830436 -0.028386306681658504 -0.11257765567376435 -0.035504975176105895 0.020075179636478424 0.06955597421952657 0.012575642238644994 -0.0056937183095615808 -0.087586518092190521 -0.039888439183730799 0.12124834507703781 -0.083555071642904571 -0.070057049207389352 0.1253112342953682 0.090408990745033543 -0.068262650489175167 -0.05375980142503977 0.0093933896906673916 -0.053147267652375089
leaf_weight=151 2404 673 33 96 270 11.999999999999998 34 20 125 15.999999999999998 44 24 218 11.999999999999998 60 86 21 17 177 34 23 10.999999999999998 33 15.999999999999998 14.999999999999998 28 13.999999999999998 9.9999999999999982 30 31
leaf_count=151 2404 673 33 96 270 12 34 20 125 16 44 24 218 12 60 86 21 17 177 34 23 11 33 16 15 28 14 10 30 31
internal_value=-0.00130667 -0.00959241 0.00494215 0.0344419 -0.0121968 -0.0156445 0.00574455 -0.0164843 0.00821821 -0.0189979 -0.0279153 -0.0514531 -0.0214795 -0.0292213 -0.0160598 -0.0111731 0.00304756 -0.00841272 -0.0165436 -0.0541991 0.0175177 0.0298574 -0.0356396 0.00249266 0.0029568 0.032986 0.00968399 0.0295249 0.0480327 -0.087024
internal_weight=4738 2037 2701 163 1886 1582 304 1570 145 1425 666 143 523 88 76 759 2538 272 228 51 130 107 251 2517 2501 97 69 55 45 55
internal_count=4738 2037 2701 163 1886 1582 304 1570 145 1425 666 143 523 88 76 759 2538 272 228 51 130 107 251 2517 2501 97 69 55 45 55
is_linear=0
shrinkage=0.05


Tree=53
num_leaves=31
num_cat=0
split_feature=0 8 0 34 9 34 29 6 35 36 32 32 32 30 31 2 8 31 5 32 36 11 33 36 34 30 27 2 6 36
split_gain=88.5587 62.3004 54.496 66.3957 44.312 40.3922 63.0764 47.1391 40.2881 39.3922 47.3896 56.8499 48.5151 34.4055 33.8133 33.3734 75.7744 51.78 38.9954 32.8787 43.1103 37.194 33.2098 38.9258 34.8516 39.7845 36.281 32.0784 48.8277 70.0295
threshold=1500.0000000000002 11.500000000000002 2050.0000000000005 42.500000000000007 0.080128205128205135 131.50000000000003 44.07010101010102 0.51666666666666672 2.6363961038961041 1.0275000000000003 0.5590277777777779 0.39230769230769241 0.25833333333333336 45.105000000000011 108.35833333333335 8.5000000000000018 8.5000000000000018 9.4000000000000039 0.44949494949494956 0.70714285714285718 -0.044444444444443884 0.37980769230769235 14.500000000000002 2.1166666666666685 41.500000000000007 38.891666666666673 6.5000000000000009 9.5000000000000018 0.080128205128205135 -1.0000000000000002
decision_type=2 2 2 2 2 2 2 2 2 2 2 2 2 2 2 2 2 2 2 2 2 2 2 2 2 2 2 2 2 2
left_child=1 15 14 -4 5 19 8 -8 -7 10 11 12 -5 -13 27 16 -1 18 -17 22 21 -21 23 -3 26 -26 -24 -2 -29 -30
right_child=2 4 3 9 -6 6 7 -9 -10 -11 -12 13 -14 -15 -16 17 -18 -19 -20 20 -22 -23 24 -25 25 -27 -28 28 29 -31
leaf_value=0.14430088624358178 0.0039901155617891723 0.0041928091796625648 0.096057298023140794 -0.0022075516201796072 -0.022044781605308178 0.0090696195406573168 0.013763025829411416 0.080408298137048501 -0.092870453413989806 -0.047906443262472752 0.090501788809585079 -0.0033782963744468154 0.0904067945594971 -0.11561894748698583 0.066078177258549697 -0.03553789488293907 0.020024442970000132 -0.087184665855602361 0.097598022307184618 -0.15116376406871354 -0.017530059248927126 -0.033713815920054915 -0.029990099795053113 -0.072698313238866191 0.011196943789615598 -0.025005589754669211 -0.11582713755113738 -0.11083808277661984 0.035869939509679434 -0.031581364778756373
leaf_weight=13.999999999999998 2325 518 33 31 659 21 83 39 18 20 24 18.000000000000004 26 10.999999999999998 21 11.000000000000002 99 15.999999999999998 10.999999999999998 13.000000000000002 83 13.999999999999998 102 17 142 163 13.999999999999998 12.999999999999998 56 123
leaf_count=14 2325 518 33 31 659 21 83 39 18 20 24 18 26 11 21 11 99 16 11 13 83 14 102 17 142 163 14 13 56 123
internal_value=-0.00124134 -0.00911279 0.00469504 0.0327198 -0.011587 -0.00597032 0.017373 0.0350677 -0.0379796 0.0166418 0.0283779 0.011041 0.0400376 -0.0459523 0.00289518 0.0217903 0.0354215 -0.0187446 0.0310301 -0.0094959 -0.0353829 -0.0902638 -0.00651727 0.00174954 -0.0170226 -0.00815064 -0.0403497 0.00236803 -0.0172744 -0.0104793
internal_weight=4738 2037 2701 163 1886 1227 161 122 39 130 110 86 57 29 2538 151 113 38 22 1066 110 27 956 535 421 305 116 2517 192 179
internal_count=4738 2037 2701 163 1886 1227 161 122 39 130 110 86 57 29 2538 151 113 38 22 1066 110 27 956 535 421 305 116 2517 192 179
is_linear=0
shrinkage=0.05


Tree=54
num_leaves=31
num_cat=0
split_feature=0 8 0 34 7 6 29 36 32 32 32 34 32 34 2 32 35 5 0 29 0 30 31 36 30 35 5 31 11 11
split_gain=79.9243 56.2261 49.1827 59.9221 41.5177 51.6008 35.6014 35.5514 42.7691 51.307 43.7849 34.8089 50.5198 53.8094 62.9957 40.77 39.3292 41.4349 40.7607 37.8518 34.9445 34.561 39.3171 35.5828 31.0509 30.9499 30.6848 30.5165 30.7569 32.6705
threshold=1500.0000000000002 11.500000000000002 2050.0000000000005 42.500000000000007 1.5000000000000002 0.78174603174603186 45.266609977324272 1.0275000000000003 0.5590277777777779 0.39230769230769241 0.25833333333333336 124.50000000000001 0.43303571428571436 48.500000000000007 6.5000000000000009 0.85164835164835173 2.5939285714285725 0.42261904761904767 1350.0000000000002 49.242829670329677 1175.0000000000002 46.716666666666676 6.8750000000000009 0.20000000000000098 45.105000000000011 2.0735631613756618 0.5590277777777779 108.35833333333335 0.68990384615384626 0.56696428571428581
decision_type=2 2 2 2 2 2 2 2 2 2 2 2 2 2 2 2 2 2 2 2 2 2 2 2 2 2 2 2 2 2
left_child=1 -1 27 25 5 11 -6 8 9 10 -5 12 19 14 20 -15 18 -18 -13 21 -14 22 -3 26 -11 -4 -24 28 29 -2
right_child=2 4 3 7 6 -7 -8 -9 -10 24 -12 16 13 15 -16 -17 17 -19 -20 -21 -22 -23 23 -25 -26 -27 -28 -29 -30 -31
leaf_value=0.020700808254298788 0.0015437967125066835 -0.02044172798580305 0.041342180548235775 -0.0020971740445783062 -0.0050933171117808242 0.089029427617788315 0.032509982550328366 -0.045511121973395352 0.085976699475819873 -0.0032093820886479477 0.085886454410277882 -0.0063794185787341313 -0.041217080576138369 -0.017007831492043022 -0.024868188412122738 -0.070057345051318415 -0.071107309672140309 -0.0048663968841234848 0.042226619217721632 -0.069337571849330121 -0.1257888554742462 0.084387639611959456 0.0095209076054559305 0.038215200845152147 -0.1098380013623021 0.13823066739475026 -0.025252884063201975 0.062774268218449183 -0.066853328188881275 0.031141047498460903
leaf_weight=151 2404 367 15.999999999999998 31 215 11.999999999999998 89 20 24 18.000000000000004 26 95 18 383 60 40 31 99 79 26 38 9.9999999999999982 158 60 10.999999999999998 17 106 21 15.999999999999998 97
leaf_count=151 2404 367 16 31 215 12 89 20 24 18 26 95 18 383 60 40 31 99 79 26 38 10 158 60 11 17 106 21 16 97
internal_value=-0.00117927 -0.00865715 0.00446029 0.0310838 -0.0110077 -0.0142596 0.00591554 0.0158097 0.026959 0.0104889 0.0380357 -0.0150491 -0.0186974 -0.0302973 -0.0604653 -0.0220243 0.000143942 -0.0206623 0.0156888 -0.0100971 -0.0986051 -0.0078999 -0.00923546 0.00345805 -0.0436547 0.0912544 -0.0044413 0.00275042 0.00224963 0.00269171
internal_weight=4738 2037 2701 163 1886 1582 304 130 110 86 57 1570 1266 539 116 423 304 130 174 727 56 701 691 324 29 33 264 2538 2517 2501
internal_count=4738 2037 2701 163 1886 1582 304 130 110 86 57 1570 1266 539 116 423 304 130 174 727 56 701 691 324 29 33 264 2538 2517 2501
is_linear=0
shrinkage=0.05


Tree=55
num_leaves=31
num_cat=0
split_feature=0 30 34 32 34 10 30 28 31 2 5 36 35 35 30 35 9 30 29 29 5 29 34 29 28 5 4 28 28 5
split_gain=102.12 62.4181 60.5519 54.4106 91.6947 59.2074 58.4504 55.6855 60.6611 54.3671 53.8747 58.4121 54.7487 50.6579 45.9496 43.8174 45.4766 43.9666 43.5629 73.8856 70.1625 59.2402 57.3482 64.311 57.9874 60.8607 52.4376 62.342 49.1813 44.7942
threshold=1750.0000000000002 41.355000000000011 28.500000000000004 0.27922077922077926 46.500000000000007 5.5000000000000009 39.158333333333339 11.500000000000002 21.500000000000004 5.5000000000000009 0.32291666666666669 -1.6049999999999995 2.9940249433106572 1.9695382395382397 48.414999999999999 1.681835016835018 0.069047619047619066 39.312500000000007 47.485416666666673 45.200833333333343 0.78174603174603186 47.566770833333344 59.500000000000007 47.649702380952391 4.5000000000000009 0.24038461538461542 1.0000000180025095e-35 13.500000000000002 9.5000000000000018 0.40833333333333338
decision_type=2 2 2 2 2 2 2 2 2 2 2 2 2 2 2 2 2 2 2 2 2 2 2 2 2 2 2 2 2 2
left_child=1 3 -3 9 -5 6 7 8 13 10 -1 -12 -13 -6 -4 16 -8 -17 19 -2 26 28 -23 -24 -25 -26 27 -21 -20 -28
right_child=18 2 14 4 5 -7 15 -9 -10 -11 11 12 -14 -15 -16 17 -18 -19 21 20 -22 22 23 24 25 -27 29 -29 -30 -31
leaf_value=-0.072888040329728815 0.017881609681917696 -0.01997874233266575 0.009585578282416865 -0.039741893138833882 0.10129289339211854 -0.090077127211473207 -0.13535273950546978 -0.0036130886649279048 -0.059734423884323665 -0.010239732085307615 -0.021330168916155464 0.051695236992846075 -0.048552395254373548 0.022932463342493232 0.11742764219641687 -0.065887972067405542 0.00056953758001327521 -0.011709314233438043 0.15078574488560356 -0.027087417199950795 0.10784973502159119 0.001854874357255286 -0.08255567916024191 0.11818622806006007 0.11944279714542277 0.02298580608644718 -0.035191364465829204 -0.15885670116314521 0.01498081460595131 0.0010970089863761151
leaf_weight=13.999999999999998 392 197 806 306 33 22 16.000000000000004 498 13.999999999999998 313 46 148 14.999999999999998 55 9.9999999999999982 41 9.9999999999999982 432 15.000000000000002 29 11.999999999999998 423 12.999999999999998 18 17 430 119 12.999999999999998 11.999999999999998 298
leaf_count=14 392 197 806 306 33 22 16 498 14 313 46 148 15 55 10 41 10 432 15 29 12 423 13 18 17 430 119 13 12 298
internal_value=0.000497844 -0.00517935 0.00490073 -0.0103811 -0.0154829 -0.00886095 -0.00723515 0.00328058 0.0369379 0.0032014 0.0220672 0.0284279 0.04247 0.0523176 0.0109072 -0.0198793 -0.0830749 -0.0164056 0.00993131 0.00184502 -0.0115018 0.0174512 0.0152643 0.0271309 0.0301974 0.0266542 -0.0146221 -0.0678731 0.090428 -0.00925867
internal_weight=4767 2976 1013 1963 1427 1121 1099 600 102 536 223 209 163 88 816 499 26 473 1791 863 471 928 901 478 465 447 459 42 27 417
internal_count=4767 2976 1013 1963 1427 1121 1099 600 102 536 223 209 163 88 816 499 26 473 1791 863 471 928 901 478 465 447 459 42 27 417
is_linear=0
shrinkage=0.05


Tree=56
num_leaves=31
num_cat=0
split_feature=0 7 38 5 38 2 35 6 0 29 29 5 29 34 29 6 5 4 36 5 31 32 35 5 28 2 6 28 38 35
split_gain=92.1632 56.3973 51.7472 54.6665 52.1542 50.8941 45.3224 44.3052 40.9315 39.3155 66.6818 63.3217 53.4643 51.7567 58.0406 53.0602 55.56 48.0815 85.1322 50.7113 47.3342 88.6483 54.3329 44.493 44.3861 44.2777 64.0709 63.0803 49.0205 69.0768
threshold=1750.0000000000002 1.5000000000000002 0.91987179487179505 0.53589743589743599 0.81534090909090928 7.5000000000000009 1.8608052884615385 0.74166666666666681 1500.0000000000002 47.485416666666673 45.200833333333343 0.78174603174603186 47.566770833333344 59.500000000000007 47.649702380952391 0.65476190476190488 0.24038461538461542 0.080128205128205135 0.15857142857142839 0.40833333333333338 9.1708333333333396 0.39230769230769241 2.5576569264069264 0.5590277777777779 9.5000000000000018 8.5000000000000018 0.67708333333333337 1.5000000000000002 0.96875000000000011 0.92689484126984178
decision_type=2 2 2 2 2 2 2 2 2 2 2 2 2 2 2 2 2 2 2 2 2 2 2 2 2 2 2 2 2 2
left_child=1 7 4 -4 6 -5 -3 -1 -6 10 -2 17 24 25 -15 16 -16 18 20 -19 -12 -22 -23 -21 -11 26 27 -14 29 -29
right_child=9 2 3 5 8 -7 -8 -9 -10 12 11 -13 13 14 15 -17 -18 19 -20 23 21 22 -24 -25 -26 -27 -28 28 -30 -31
leaf_value=-0.0090171032600249879 0.016987529471374063 0.061161597457248723 -0.015640325005450803 0.040675609703693133 0.054011292230676522 -0.018384904512819253 -0.014749490024120199 0.039007409312287161 0.16538224497979337 0.14324646015961962 -0.098785108021718082 0.10245725189646085 0.061284355254787398 -0.078427895101217129 0.11347065822166556 0.102728989444997 0.021289222285589753 -0.032826755373654044 0.045527579838579357 0.027270027827697375 0.046898687595412852 -0.18273344904184335 -0.021700505404309792 -0.016314798452927229 0.014231774210929872 0.027318722075851988 -0.12169280325373014 0.051178532373160127 0.003472821946420214 -0.063823809558656852
leaf_weight=2414 392 32 216 117 33 53 51 49 10.999999999999998 15.000000000000002 47 11.999999999999998 33 12.999999999999998 17 23 425 110 22 134 21 10.000000000000002 10.999999999999998 104 11.999999999999998 121 11.999999999999998 15.999999999999998 170 71
leaf_count=2414 392 32 216 117 33 53 51 49 11 15 47 12 33 13 17 23 425 110 22 134 21 10 11 104 12 121 12 16 170 71
internal_value=0.000472952 -0.00492038 0.0101615 0.00105268 0.0378466 0.0222626 0.0145174 -0.00806168 0.081854 0.00943474 0.00175277 -0.0109267 0.0165786 0.0145011 0.0257743 0.0286875 0.0248347 -0.013891 -0.0425447 -0.00475143 -0.0643154 -0.0257421 -0.0983829 0.00822456 0.0859066 0.00176213 -0.00847743 -0.00379266 -0.0121488 -0.042674
internal_weight=4767 2976 513 386 127 170 83 2463 44 1791 863 471 928 901 478 465 442 459 111 348 89 42 21 238 27 423 302 290 257 87
internal_count=4767 2976 513 386 127 170 83 2463 44 1791 863 471 928 901 478 465 442 459 111 348 89 42 21 238 27 423 302 290 257 87
is_linear=0
shrinkage=0.05


Tree=57
num_leaves=31
num_cat=0
split_feature=0 21 37 35 8 11 6 34 8 37 36 4 36 6 37 29 34 37 36 8 11 34 35 6 6 29 4 0 29 29
split_gain=83.1773 78.0225 44.0033 70.2709 60.1694 49.5532 49.3066 44.7884 42.2936 38.7503 38.6701 42.9609 65.7442 52.5184 44.5432 78.4071 78.8266 58.8095 39.3741 37.6118 49.3538 48.9944 65.4182 64.1113 45.2434 58.5684 43.2114 55.2692 41.4106 85.6502
threshold=1750.0000000000002 1.0000000180025095e-35 2.7683333333333366 0.86989583333333476 12.500000000000002 0.39230769230769241 0.19375000000000003 76.500000000000014 8.5000000000000018 5.4785714285714304 -2.399999999999999 0.07417582417582419 -1.8949999999999987 0.5590277777777779 5.5500000000000016 45.858928571428571 105.50000000000001 5.8750000000000044 0.073214285714284483 9.5000000000000018 0.51666666666666672 11.500000000000002 0.61642316017316123 0.24038461538461542 0.087121212121212141 47.197569444444454 0.11805555555555557 1950.0000000000002 46.716833333333334 45.682445887445894
decision_type=2 2 2 2 2 2 2 2 2 2 2 2 2 2 2 2 2 2 2 2 2 2 2 2 2 2 2 2 2 2
left_child=1 8 6 5 7 -4 -3 9 -1 -5 -6 14 -13 -14 15 -12 -17 -16 -18 21 28 23 -23 -2 25 -22 27 -26 29 -21
right_child=19 2 3 4 10 -7 -8 -9 -10 -11 11 12 13 -15 17 16 18 -19 -20 20 24 22 -24 -25 26 -27 -28 -29 -30 -31
leaf_value=0.052152069232293541 0.19416738748550411 -0.05545728296041489 -0.0071981357038021082 0.1439307950437069 0.053741988652434791 -0.12330746865447831 0.064187214511536791 -0.00016989145014021132 -0.0096711044894669217 0.031900931837467048 -0.038362185151449277 -0.13038662563670764 -0.00023950946894166301 -0.093603698548395189 0.13658424336463212 -0.020498544134591758 0.19186383187770839 0.026712529945607279 0.054779319329695264 0.011769861613835307 -0.059403620908657709 -0.086704320689806574 0.032076518300259226 0.036268150822595796 0.00039001509336934937 0.079067204041140426 -0.091545000579208141 -0.11684057886401814 0.015686183339847296 -0.030670772624239756
leaf_weight=28 10.000000000000002 9.9999999999999982 20 19 38 17 62 18 2304 12.999999999999998 56 10.999999999999998 257 15.999999999999998 15.999999999999998 19 10.000000000000002 51 10.999999999999998 380 11.999999999999998 12.999999999999998 107 18 62 21 28 11.999999999999998 955 173
leaf_count=28 10 10 20 19 38 17 62 18 2304 13 56 11 257 16 16 19 10 51 11 380 12 13 107 18 62 21 28 12 955 173
internal_value=0.000449304 -0.00467436 0.0107315 0.00609444 0.0107032 -0.0605457 0.0475699 0.0629268 -0.0089288 0.0984187 0.00531932 0.00120286 -0.0105404 -0.0057114 0.0216635 -0.000172332 0.0532935 0.0529506 0.120058 0.00896301 0.00678832 0.0331049 0.0192086 0.0926607 -0.0221748 0.0287142 -0.0386389 -0.0186204 0.00938117 -0.00150723
internal_weight=4767 2976 644 572 535 37 72 50 2332 32 485 447 284 273 163 96 40 67 21 1791 1643 148 120 28 135 33 102 74 1508 553
internal_count=4767 2976 644 572 535 37 72 50 2332 32 485 447 284 273 163 96 40 67 21 1791 1643 148 120 28 135 33 102 74 1508 553
is_linear=0
shrinkage=0.05


Tree=58
num_leaves=31
num_cat=0
split_feature=30 33 36 21 35 38 33 11 30 31 9 37 30 11 6 8 36 31 7 5 31 5 31 37 4 8 11 29 36 36
split_gain=78.3752 80.1073 69.4531 57.3979 51.5787 50.0382 50.0558 67.5094 71.7036 67.074 60.3274 54.4166 66.0558 54.3663 49.8173 48.5707 47.6184 46.3639 60.5459 53.9724 67.9657 73.4526 53.5638 48.2346 51.8865 48.1249 45.2288 44.6192 43.5006 66.8228
threshold=41.355000000000011 8.5000000000000018 2.214583333333334 1.0000000180025095e-35 1.441105599647267 0.44097222222222227 14.500000000000002 0.14835164835164838 45.487500000000004 6.8750000000000009 0.12916666666666668 6.6750000000000025 42.605555555555561 0.5590277777777779 0.5590277777777779 8.5000000000000018 1.7757142857142865 9.7750000000000039 2.5000000000000004 0.40833333333333338 3.3791666666666669 0.39230769230769241 10.1 4.3444444444444459 0.29285714285714287 10.500000000000002 0.72077922077922085 47.01583333333334 -0.063333333333331854 -0.20500000000000182
decision_type=2 2 2 2 2 2 2 2 2 2 2 2 2 2 2 2 2 2 2 2 2 2 2 2 2 2 2 2 2 2
left_child=1 2 16 5 14 -2 7 8 -7 -8 13 12 28 -11 -5 -13 -1 19 22 20 -14 25 -19 -24 -25 -22 -3 -27 29 -9
right_child=3 26 -4 4 -6 6 9 11 -10 10 -12 15 17 -15 -16 -17 -18 18 -20 -21 21 -23 23 24 -26 27 -28 -29 -30 -31
leaf_value=0.014923800984979608 -0.081716187955702069 -0.0091741971716735628 -0.07955607658154086 -0.032760734347847563 0.034611202222689735 0.076719423843657264 -0.032659171795431562 -0.0035387496044347573 -0.033147967018579187 0.014625504039648971 -0.046008857147319726 0.091965305060148245 -0.071536852293850289 -0.074387092143297195 0.069287258138259256 -0.010081800800839721 0.10566528974100949 -0.094414122470400555 -0.098056642711162573 0.046381687437833261 0.097750652868014126 -0.090795056521892556 -0.034269116868575415 0.051852383996110141 -0.068785576671361925 -0.061871210831616612 -0.1157650849223137 0.041841887382324784 -0.033329801026896651 0.10726219583302737
leaf_weight=400 17 2078 19 59 295 68 182 91 19 365 54 11.999999999999998 23 18 14.999999999999998 412 14.999999999999998 10.999999999999998 13.999999999999998 264 26 11.999999999999998 30 82 9.9999999999999982 13.999999999999998 9.9999999999999982 40 96 15.999999999999998
leaf_count=400 17 2078 19 59 295 68 182 91 19 365 54 12 23 18 15 412 15 11 14 264 26 12 30 82 10 14 10 40 96 16
internal_value=0.000426839 -0.00562201 0.0139238 0.00722202 0.0252486 0.00367628 0.00445717 0.010254 0.0527254 -0.00715526 0.00346651 0.00704933 0.0153333 0.0104421 -0.0120753 -0.00719368 0.0182036 0.0246834 0.000847741 0.0339284 0.00534006 0.0245593 0.0112587 0.0207866 0.0387396 0.0418624 -0.00968469 0.0149533 -0.00889405 0.0130296
internal_weight=4767 2522 434 2245 369 1876 1859 1240 87 619 437 1153 729 383 74 424 415 526 147 379 115 92 133 122 92 80 2088 54 203 107
internal_count=4767 2522 434 2245 369 1876 1859 1240 87 619 437 1153 729 383 74 424 415 526 147 379 115 92 133 122 92 80 2088 54 203 107
is_linear=0
shrinkage=0.05


Tree=59
num_leaves=31
num_cat=0
split_feature=0 21 37 35 8 5 11 28 5 24 33 4 34 28 34 34 32 37 29 32 35 37 5 37 38 32 4 6 37 11
split_gain=71.3889 66.261 39.5542 61.3033 53.3447 45.8029 45.5567 42.6127 60.4882 39.3539 53.7571 54.2849 43.7278 57.0893 60.4073 43.4274 55.3175 48.9453 42.3226 40.6992 38.4379 36.6152 53.9622 35.6555 45.8913 33.0919 40.4849 51.9466 37.4815 71.9913
threshold=1750.0000000000002 1.0000000180025095e-35 2.7683333333333366 0.86989583333333476 12.500000000000002 0.42261904761904767 0.39230769230769241 7.5000000000000009 0.57738095238095244 1.0000000180025095e-35 14.500000000000002 0.36931818181818188 31.500000000000004 3.5000000000000004 43.500000000000007 47.500000000000007 0.43303571428571436 7.4694444444444441 45.362326388888896 0.48333333333333339 2.8455681818181819 5.6827777777777788 0.59166666666666679 7.7886904761904754 0.91987179487179505 0.06458333333333334 0.07417582417582419 0.5590277777777779 4.7354166666666684 0.22649572649572652
decision_type=2 2 2 2 2 2 2 2 2 2 2 2 2 2 2 2 2 2 2 2 2 2 2 2 2 2 2 2 2 2
left_child=1 9 5 6 7 -3 -4 -5 -9 10 12 15 -1 14 18 16 21 -17 -14 -18 -11 -12 -23 25 -25 -6 28 -28 29 -27
right_child=-2 2 3 4 23 -7 -8 8 -10 20 11 -13 13 -15 -16 17 19 -19 -20 -21 -22 22 -24 24 -26 26 27 -29 -30 -31
leaf_value=-0.0170186231377388 0.008292850325637929 -0.036388314196041653 -0.0056322121620178229 0.11318011361928214 -0.060023294456980451 0.064375503565152661 -0.11696096372735852 0.080327400608974336 -0.066291236753265065 0.01436739599606132 0.012352910526226172 -0.10654018993179004 0.048229618991414695 -0.00023127910455653244 -0.018563395658774035 -0.017195652606486672 -0.12221770604451498 0.02998517502526768 0.18400883891365746 -0.023471316785435195 -0.065524840727448463 -0.067267001933250276 0.027373593691736461 0.12855748056123656 0.018763190269996618 0.11771937698125839 -0.0035628495736982659 -0.10606708389062147 0.047084594257175927 -0.02900083091329126
leaf_weight=432 1791 13.999999999999998 20 21 22 58 17 17.000000000000004 11.999999999999998 255 45 18 12.000000000000002 785 13.999999999999998 556 30 61 10.999999999999998 15.999999999999998 15.999999999999998 61 20 11.999999999999998 46 9.9999999999999982 251 12.999999999999998 80 51
leaf_count=432 1791 14 20 21 22 58 17 17 12 255 45 18 12 785 14 556 30 61 11 16 16 61 20 12 46 10 251 13 80 51
internal_value=0.000405497 -0.00434123 0.00985601 0.00545966 0.00976432 0.0447825 -0.0567833 0.0589371 0.0196576 -0.00826191 -0.0106172 -0.0206833 -0.00413926 0.00262945 0.0633234 -0.0187246 -0.0409419 -0.0125311 0.113168 -0.0878711 0.00965051 -0.023809 -0.043899 0.00469496 0.0414793 -0.000301501 0.00294265 -0.00861041 0.0245739 -0.00494834
internal_weight=4767 2976 644 572 535 72 37 50 29 2332 2061 807 1254 822 37 789 172 617 23 46 271 126 81 485 58 427 405 264 141 61
internal_count=4767 2976 644 572 535 72 37 50 29 2332 2061 807 1254 822 37 789 172 617 23 46 271 126 81 485 58 427 405 264 141 61
is_linear=0
shrinkage=0.05


Tree=60
num_leaves=31
num_cat=0
split_feature=7 8 2 9 35 28 4 30 35 31 8 34 27 29 2 36 36 31 31 30 31 30 34 10 7 38 35 8 30 11
split_gain=88.7582 59.5877 80.5059 61.2838 57.4107 54.121 51.3996 68.7263 47.1063 61.473 55.7723 48.7165 45.6535 44.2897 42.8321 39.1525 43.6744 50.5495 62.331 67.4032 56.1244 55.3867 52.4021 59.0211 52.2881 42.0102 41.3059 42.1244 54.8219 40.7542
threshold=1.5000000000000002 8.5000000000000018 7.5000000000000009 0.13809523809523813 2.3779564780457645 47.500000000000007 0.27922077922077926 42.32 3.2129166666666675 5.20714285714286 11.500000000000002 126.50000000000001 6.5000000000000009 50.316944444444452 7.5000000000000009 0.55000000000000127 0.23666666666666639 18.125000000000004 12.108333333333336 36.833333333333343 12.85357142857143 42.987500000000004 23.500000000000004 3.5000000000000004 1.0000000180025095e-35 0.67708333333333337 0.6742788461538457 11.500000000000002 47.912500000000016 0.37980769230769235
decision_type=2 2 2 2 2 2 2 2 2 2 2 2 2 2 2 2 2 2 2 2 2 2 2 2 2 2 2 2 2 2
left_child=1 2 6 4 -4 8 7 -1 10 -10 13 12 -12 -2 -3 16 17 18 19 22 -20 -21 23 24 -16 -23 -27 -28 -29 -22
right_child=5 14 3 -5 -6 -7 -8 -9 9 -11 11 -13 -14 -15 15 -17 -18 -19 20 21 29 25 -24 -25 -26 26 27 28 -30 -31
leaf_value=0.23368810296058651 0.062885538767597338 -0.0075496412772060074 -0.094987973421812047 0.083891729437387916 0.051739648878574379 -0.060148866511071514 -0.0030209657549858096 0.068496186242384072 0.13010531224310398 0.028449912542669938 0.012576670212144873 0.04824195839464665 -0.019303841080996524 -0.033338999322482514 0.026199553347347929 -0.012318078044849306 0.037844045643682232 -0.038464117038344584 0.10598876094445586 -0.024239681675607541 0.0037882956591064249 -0.063698943086752766 0.13586039769773681 0.1061456322669983 -0.078171707491079975 0.067540256150307204 0.040385373893447901 0.0037656284346701992 -0.082254038161287707 0.059763788948766883
leaf_weight=10.000000000000002 82 2588 20.000000000000004 12.999999999999998 9.9999999999999982 23 9.9999999999999982 17 20 58 361 66 163 13.999999999999998 60 295 112 63 24 238 93 19 11.999999999999998 18 14.999999999999998 31 66 157 21 50
leaf_count=10 82 2588 20 13 10 23 10 17 20 58 361 66 163 14 60 295 112 63 24 238 93 19 12 18 15 31 66 157 21 50
internal_value=9.02715e-05 -0.00297041 0.0397417 -0.00678536 -0.0460788 0.0154209 0.0938137 0.129678 0.0176959 0.0545154 0.0135095 0.00775868 0.00265964 0.0488528 -0.00385518 0.00364974 0.00846128 0.00466559 0.00804515 0.000916909 0.0352349 -0.00630878 0.0375271 0.0248389 0.0053253 0.00820671 0.0131747 0.00626764 -0.00638276 0.0233601
internal_weight=4729 3942 80 43 30 787 37 27 764 78 686 590 524 96 3862 1274 979 867 804 637 167 532 105 93 75 294 275 244 178 143
internal_count=4729 3942 80 43 30 787 37 27 764 78 686 590 524 96 3862 1274 979 867 804 637 167 532 105 93 75 294 275 244 178 143
is_linear=0
shrinkage=0.05


Tree=61
num_leaves=31
num_cat=0
split_feature=7 8 2 9 24 35 28 4 0 3 11 35 31 37 28 34 20 27 31 31 37 36 31 34 6 29 37 37 6 11
split_gain=80.1043 53.7779 72.6566 55.3086 52.8907 52.389 48.8442 46.3881 42.5868 64.3026 54.7385 43.4926 49.4151 45.8811 39.2295 98.9072 55.9311 50.8869 60.3219 55.869 55.6973 44.4903 43.7112 43.2671 46.7213 43.1053 39.1573 40.473 54.63 38.2168
threshold=1.5000000000000002 8.5000000000000018 7.5000000000000009 0.13809523809523813 1.0000000180025095e-35 1.8452170138888886 47.500000000000007 0.27922077922077926 1950.0000000000002 1.0000000180025095e-35 0.25833333333333336 3.2129166666666675 5.20714285714286 2.7683333333333366 5.5000000000000009 52.500000000000007 1.0000000180025095e-35 10.500000000000002 5.9999999999999973 6.4944444444444374 7.3666666666666716 2.214583333333334 10.779999999999999 136.50000000000003 0.16025641025641027 47.682989417989425 3.9112500000000017 4.3207142857142866 0.51666666666666672 0.24038461538461542
decision_type=2 2 2 2 2 2 2 2 2 2 2 2 2 2 2 2 2 2 2 2 2 2 2 2 2 2 2 2 2 2
left_child=1 2 7 5 14 -4 8 -1 11 -10 -11 13 -13 29 21 16 22 18 -17 25 23 -3 -16 24 -19 -20 -26 -28 -29 -2
right_child=6 4 3 -5 -6 -7 -8 -9 9 10 -12 12 -14 -15 15 17 -18 20 19 -21 -22 -23 -24 -25 26 -27 27 28 -30 -31
leaf_value=0.12319445698349565 -0.020306190941482782 0.0029181307976395027 -0.11933314525164088 0.079697142770657176 0.012152780236986778 0.014005059661234127 -0.057141421897255851 -0.0028699204325675965 0.1371802393347025 -0.070857784964821535 0.072286661670488472 0.12009176839339107 0.025623278641233257 0.0051115098462215722 -0.0097718593983972171 -0.028513601416256279 -0.080271002166765804 -0.0045573727985223139 0.024581547856733606 0.0027411796069778571 0.075935307939847319 -0.078575987850918502 -0.039404841153494394 -0.0041578182483689215 -0.016648971065878867 0.1207664396832971 -0.12903919887283574 -0.06961094640804838 0.055552725493907933 0.067491837355562231
leaf_weight=27 15.999999999999998 1128 13.000000000000002 12.999999999999998 465 17 23 9.9999999999999982 18 11.000000000000002 17 19 51 577 274 150 47 75 37 1074 14.999999999999998 17 228 184 50 17 23 68 9.9999999999999982 55
leaf_count=27 16 1128 13 13 465 17 23 10 18 11 17 19 51 577 274 150 47 75 37 1074 15 17 228 184 50 17 23 68 10 55
internal_value=8.57578e-05 -0.00282189 0.0377546 -0.00644609 -0.00366242 -0.0437748 0.0146499 0.089123 0.0168111 0.0634496 0.0160513 0.0138232 0.0512647 0.00977854 -0.00582729 -0.0096586 -0.0281139 -0.00370913 0.00127507 0.00523632 -0.0186969 0.00170817 -0.0232307 -0.022159 -0.0368149 0.054862 -0.0528369 -0.0707517 -0.0535643 0.0477064
internal_weight=4729 3942 80 43 3862 30 787 37 764 46 28 718 70 648 3397 2252 549 1703 1278 1128 425 1145 502 410 226 54 151 101 78 71
internal_count=4729 3942 80 43 3862 30 787 37 764 46 28 718 70 648 3397 2252 549 1703 1278 1128 425 1145 502 410 226 54 151 101 78 71
is_linear=0
shrinkage=0.05


Tree=62
num_leaves=31
num_cat=0
split_feature=7 0 8 31 2 28 24 34 27 28 28 0 4 29 30 35 33 31 6 14 11 35 2 29 30 29 29 34 33 0
split_gain=72.2941 49.2614 45.9018 69.8358 85.2298 44.0819 41.9292 38.8984 44.1827 46.703 46.2983 38.1565 51.9838 67.1091 63.8803 57.5745 57.2254 54.7502 55.0352 46.4618 43.0424 35.8681 35.6723 46.2505 95.0326 51.2301 56.825 49.6859 45.388 53.8771
threshold=1.5000000000000002 1750.0000000000002 8.5000000000000018 7.400000000000003 7.5000000000000009 47.500000000000007 1.0000000180025095e-35 136.50000000000003 9.5000000000000018 23.500000000000004 32.500000000000007 1950.0000000000002 0.14835164835164838 47.911850649350662 49.01250000000001 2.0271506410256412 13.500000000000002 8.0083333333333346 0.32291666666666669 1.0000000180025095e-35 0.34523809523809529 2.0663484848484859 7.5000000000000009 46.716833333333334 37.07500000000001 45.717234848484857 42.664416666666675 23.500000000000004 14.500000000000002 1950.0000000000002
decision_type=2 2 2 2 2 2 2 2 2 2 2 2 2 2 2 2 2 2 2 2 2 2 2 2 2 2 2 2 2 2
left_child=1 6 3 -3 -5 7 -1 8 9 11 -11 12 13 -2 19 16 -14 18 -17 -15 -13 -21 -4 24 27 26 -26 -24 -25 -30
right_child=5 2 22 4 -6 -7 -8 -9 -10 10 -12 20 15 14 -16 17 -18 -19 -20 21 -22 -23 23 28 25 -27 -28 -29 29 -31
leaf_value=-0.0090837241237724312 0.0089106397883293512 0.10866314826103358 -0.0031703049680051423 0.10728423476219173 -0.07879261542111636 -0.054284351513437606 0.013158484994240792 0.062747687114668757 -0.021069854511374452 0.097026802351077412 -0.02142057845538313 0.019533635805482452 0.076944576525129385 0.02143723051995039 0.067316634804010386 0.005322176726852975 0.0024252723014031195 -0.023866835176139266 0.1033518242395737 -0.12714200307215964 0.12840171324710051 -0.031326925245424117 0.020432988748782212 0.034681997137856399 -0.11322372095151381 -0.078419734718614742 0.010398570083392164 0.13493869515756768 0.0091849883183518933 -0.10037584534058204
leaf_weight=2242 238 26 894 10.000000000000002 15.999999999999998 23 234 42 83 33 10.999999999999998 23 80 10.999999999999998 9.9999999999999982 41 38 74 22 28 14.999999999999998 14.999999999999998 45 255 10.999999999999998 42 60 11.999999999999998 82 12.999999999999998
leaf_count=2242 238 26 894 10 16 23 234 42 83 33 11 23 80 11 10 41 38 74 22 28 15 15 45 255 11 42 60 12 82 13
internal_value=8.147e-05 -0.0026808 0.00458316 0.0507193 -0.0072246 0.0139174 -0.00698167 0.0159706 0.0132495 0.0177072 0.067415 0.0140314 0.0107242 -0.00331183 -0.0487641 0.0273472 0.0529468 0.00529784 0.0395548 -0.0702606 0.0625079 -0.0937181 0.0028865 0.0132995 -0.00809663 -0.0346476 -0.00875418 0.0445395 0.023692 -0.00580755
internal_weight=4729 3942 1466 52 26 787 2476 764 722 639 44 595 557 302 64 255 118 137 63 54 38 43 1414 520 170 113 71 57 350 95
internal_count=4729 3942 1466 52 26 787 2476 764 722 639 44 595 557 302 64 255 118 137 63 54 38 43 1414 520 170 113 71 57 350 95
is_linear=0
shrinkage=0.05


Tree=63
num_leaves=31
num_cat=0
split_feature=7 11 5 0 22 30 28 0 3 11 37 37 28 27 5 31 31 0 11 11 30 8 31 30 9 32 8 32 31 32
split_gain=65.2455 46.1113 44.3379 45.8744 43.2645 46.0041 39.7839 34.5888 58.1033 47.534 36.0387 66.872 44.4252 89.1945 57.9216 61.9279 43.8422 48.8108 38.4314 37.8583 42.1138 34.4653 41.8132 52.3629 35.4858 34.325 33.7919 50.5333 44.2091 37.1064
threshold=1.5000000000000002 0.73030303030303034 0.85164835164835173 1750.0000000000002 1.0000000180025095e-35 48.050000000000004 47.500000000000007 1950.0000000000002 1.0000000180025095e-35 0.25833333333333336 4.0725000000000025 4.6249999999999991 23.500000000000004 8.5000000000000018 0.32291666666666669 12.108333333333336 7.3149999999999986 1750.0000000000002 0.22649572649572652 0.46410256410256417 44.010000000000005 9.5000000000000018 7.400000000000003 40.487500000000004 0.11805555555555557 0.45804195804195807 13.500000000000002 0.16025641025641027 7.6000000000000059 0.30384615384615393
decision_type=2 2 2 2 2 2 2 2 2 2 2 2 2 2 2 2 2 2 2 2 2 2 2 2 2 2 2 2 2 2
left_child=1 2 3 4 5 -1 7 10 -9 -10 16 -12 14 -14 15 -13 -2 18 -18 25 -21 22 -5 -24 -25 26 27 -16 -28 -29
right_child=6 -3 -4 21 -6 -7 -8 8 9 -11 11 12 13 -15 19 -17 17 -19 -20 20 -22 -23 23 24 -26 -27 28 29 -30 -31
leaf_value=-0.0040560830299380254 0.057885368917794791 0.10468466505408287 0.063555229663848883 0.059404558461096324 -0.025232845075963552 -0.065408378599151482 -0.051570133962061095 0.12729000041468277 -0.068840249018235627 0.064551965979968803 -0.03859533067945748 0.11876961897042665 0.13925269952975214 0.0099315178208053117 0.13600253451329011 -0.026529350470412862 -0.069767978154122834 -0.081280365815529457 0.034345504178259621 -0.080029835834823274 0.032545128868271905 0.0015759198426646673 0.067517148620552497 -0.0010593708766543346 -0.10712556689977647 -0.021738291864166967 -0.020820440259913722 -0.022545163435014812 0.027848884298730937 0.067354092343399924
leaf_weight=2126 85 9.9999999999999982 25 59 299 31 23 18 11.000000000000002 17 73 22 20 40 12.999999999999998 10.999999999999998 9.9999999999999982 12.999999999999998 78 27 11.999999999999998 1339 18 23 11.999999999999998 80 86 22 102 24
leaf_count=2126 85 10 25 59 299 31 23 18 11 17 73 22 20 40 13 11 10 13 78 27 12 1339 18 23 12 80 86 22 102 24
internal_value=7.73965e-05 -0.00254676 -0.00281947 -0.00324419 -0.0074086 -0.00493783 0.0132215 0.015172 0.0572035 0.0121479 0.0124792 0.00585564 0.0129252 0.0530386 0.0068931 0.0703366 0.0314241 0.0091547 0.0225144 0.00117278 -0.0453914 0.00380459 0.0304492 -0.00178422 -0.0374249 0.00672631 0.0159456 0.0489583 0.00558526 0.0243588
internal_weight=4729 3942 3932 3907 2456 2157 787 764 46 28 718 532 459 60 399 33 186 101 88 366 39 1451 112 53 35 327 247 59 188 46
internal_count=4729 3942 3932 3907 2456 2157 787 764 46 28 718 532 459 60 399 33 186 101 88 366 39 1451 112 53 35 327 247 59 188 46
is_linear=0
shrinkage=0.05


Tree=64
num_leaves=31
num_cat=0
split_feature=7 8 2 9 35 24 4 30 28 35 31 8 29 28 36 29 37 6 35 6 6 37 36 6 37 36 4 28 28 28
split_gain=58.884 41.8404 59.7626 48.571 45.4195 41.857 40.2776 59.8143 35.905 36.9115 47.7509 45.8292 37.8029 34.5358 47.3916 44.9929 50.8528 53.9951 45.7685 56.6018 55.0901 53.2469 60.3896 42.4472 49.666 52.5626 42.2261 50.7271 48.2669 40.7189
threshold=1.5000000000000002 8.5000000000000018 7.5000000000000009 0.13809523809523813 2.3779564780457645 1.0000000180025095e-35 0.27922077922077926 42.32 47.500000000000007 3.2129166666666675 5.20714285714286 11.500000000000002 50.316944444444452 5.5000000000000009 -1.6049999999999995 44.839017857142863 3.8999999999999986 0.27922077922077926 2.1199973544973552 0.46410256410256417 0.48333333333333339 4.9275000000000011 0.14999999999999905 0.10555555555555557 5.2999999999999998 -0.46666666666666551 0.32291666666666669 12.500000000000002 56.500000000000007 27.500000000000004
decision_type=2 2 2 2 2 2 2 2 2 2 2 2 2 2 2 2 2 2 2 2 2 2 2 2 2 2 2 2 2 2
left_child=1 2 6 4 -4 13 7 -1 9 11 -11 12 -2 -3 29 -16 17 -17 20 26 23 22 -21 24 25 -18 28 -28 -20 -15
right_child=8 5 3 -5 -6 -7 -8 -9 -10 10 -12 -13 -14 14 15 16 18 -19 19 21 -22 -23 -24 -25 -26 -27 27 -29 -30 -31
leaf_value=0.20873941779136651 0.055710314314176404 0.0019836237833694877 -0.08519981015473603 0.074010068407425508 0.04530805736780167 0.010908372958280867 -0.0057609197497367863 0.054629782718770649 -0.048991626760234004 0.11362726218998431 0.024033207093076461 0.0054945720648156265 -0.033188726071135273 -0.033845273147083146 -0.016124825120310892 -0.010846646000941595 -0.064339900016784662 0.042816552926972506 0.0048616912444664276 -0.15593485109275207 0.052719786367737331 -0.01843265916990976 -0.040578848028030155 -0.011188317095035349 0.093008539499714979 0.074092187235752741 -0.13690306842327118 -0.01526676595211029 -0.08931873472673553 0.051049586832523343
leaf_weight=10.000000000000002 82 1145 20.000000000000004 12.999999999999998 9.9999999999999982 465 9.9999999999999982 17 23 20 58 590 13.999999999999998 242 715 75 16.000000000000004 125 481 15.999999999999998 65 195 39 176 24 11.999999999999998 11.999999999999998 30 13.999999999999998 14.999999999999998
leaf_count=10 82 1145 20 13 10 465 10 17 23 20 58 590 14 242 715 75 16 125 481 16 65 195 39 176 24 12 12 30 14 15
internal_value=7.35267e-05 -0.00241942 0.0333713 -0.00671592 -0.0416972 -0.00316081 0.0799592 0.111707 0.0125604 0.0144134 0.047006 0.0107076 0.0427459 -0.00508668 -0.00868149 -0.00607814 -0.000466128 0.0226929 -0.00475483 -0.0110352 0.0121144 -0.0306876 -0.074137 0.000538285 0.0402283 -0.00501186 -0.00188609 -0.05002 0.002198 -0.0288903
internal_weight=4729 3942 80 43 30 3862 37 27 787 764 78 686 96 3397 2252 1995 1280 200 1080 787 293 250 55 228 52 28 537 42 495 257
internal_count=4729 3942 80 43 30 3862 37 27 787 764 78 686 96 3397 2252 1995 1280 200 1080 787 293 250 55 228 52 28 537 42 495 257
is_linear=0
shrinkage=0.05


Tree=65
num_leaves=31
num_cat=0
split_feature=8 29 31 30 38 28 6 34 32 4 7 38 34 28 30 37 0 30 9 31 30 30 5 6 32 14 32 30 34 30
split_gain=45.16 45.0812 59.2095 57.4319 53.9754 48.1663 42.373 42.2058 40.1727 45.4786 39.8096 77.178 107.745 39.6443 38.8236 43.3909 35.9713 36.9296 45.804 37.9578 33.7366 75.851 48.5156 71.9604 58.4115 64.1738 55.6573 56.7003 52.6228 55.2149
threshold=13.500000000000002 44.598500000000008 4.0249999999999995 36.525000000000006 0.87083333333333346 5.5000000000000009 0.06458333333333334 25.500000000000004 0.06458333333333334 0.069047619047619066 1.5000000000000002 0.87083333333333346 80.500000000000014 47.500000000000007 45.055000000000007 5.1316666666666686 1950.0000000000002 46.00714285714286 0.069047619047619066 6.7124999999999995 35.516666666666673 38.412500000000001 0.40833333333333338 0.21825396825396828 0.16025641025641027 1.0000000180025095e-35 0.16025641025641027 39.062500000000007 37.500000000000007 39.37285714285715
decision_type=2 2 2 2 2 2 2 2 2 2 2 2 2 2 2 2 2 2 2 2 2 2 2 2 2 2 2 2 2 2
left_child=20 3 14 -2 8 -4 -6 -7 -5 -10 16 -12 -13 -14 15 -3 17 -9 19 -19 -1 -22 24 -24 25 -23 -25 -28 -29 -30
right_child=1 2 5 4 6 7 -8 10 9 -11 11 12 13 -15 -16 -17 -18 18 -20 -21 21 22 23 26 -26 -27 27 28 29 -31
leaf_value=0.028134959560266872 0.0014731301703904982 0.0081413030624389645 0.021764100856842505 0.014978721060536125 -0.05472987891740299 -0.083230652809143074 -0.0091358882264816615 -0.0023466867683754971 -0.11708638461736531 -0.042539173977759977 0.12261020698968102 -0.034036821837071331 0.048035796063753675 -0.043813446106819004 -0.01329623063006816 -0.10179048609630814 -0.041689121324036807 0.069228227188189814 0.11562137862046561 -0.054090238534487217 -0.029810021799700017 0.012551871859110315 0.061242145046782805 0.047477013421025172 -0.00033256616345214018 -0.13323612759510678 0.077332978724287113 -0.022621746460135456 -0.099334534325382931 0.014198135526212692
leaf_weight=167 557 12.999999999999998 315 22 56 14.999999999999998 566 1119 26 96 17 80 122 12.999999999999998 148 29 56 12.000000000000002 14.999999999999998 12.999999999999998 145 13.000000000000002 78 89 332 18 26 159 10.999999999999998 405
leaf_count=167 557 13 315 22 56 15 566 1119 26 96 17 80 122 13 148 29 56 12 15 13 145 13 78 89 332 18 26 159 11 405
internal_value=-0.000372396 -0.00360695 0.00119312 -0.0107436 -0.019627 0.00402972 -0.0132408 0.000208696 -0.0472116 -0.0584263 0.00107365 0.0200527 0.0119435 0.0391911 -0.0253365 -0.067764 -0.00255033 -0.000659237 0.0465472 0.00510263 0.00700229 0.00423649 0.00860143 0.015721 -0.0064614 -0.0720992 0.0105751 0.00511042 0.00184471 0.0111961
internal_weight=4733 3290 1967 1323 766 1777 622 1462 144 122 1447 232 215 135 190 42 1215 1159 40 25 1443 1276 1131 768 363 31 690 601 575 416
internal_count=4733 3290 1967 1323 766 1777 622 1462 144 122 1447 232 215 135 190 42 1215 1159 40 25 1443 1276 1131 768 363 31 690 601 575 416
is_linear=0
shrinkage=0.05


Tree=66
num_leaves=31
num_cat=0
split_feature=22 11 0 0 36 34 27 5 27 10 10 36 3 37 29 29 20 5 36 37 3 9 8 5 5 37 37 29 11 19
split_gain=49.2314 97.8716 35.3957 37.1283 58.6515 53.7449 89.1186 59.6084 54.9494 53.1726 58.8228 44.1749 51.0789 57.6305 41.1713 40.9019 39.4905 38.1368 37.0785 35.3878 33.8485 29.794 62.8918 39.5354 38.238 52.7859 35.8227 39.1936 35.7937 43.0814
threshold=1.0000000180025095e-35 0.095454545454545472 1750.0000000000002 1350.0000000000002 0.68166666666666653 88.500000000000014 9.5000000000000018 0.19375000000000003 10.500000000000002 1.0000000180025095e-35 1.5000000000000002 -0.79499999999999871 1.0000000180025095e-35 5.5000000000000036 47.452250000000006 46.219861111111122 1.0000000180025095e-35 0.57738095238095244 -0.89374999999999927 7.3000000000000043 2.5000000000000004 0.06458333333333334 8.5000000000000018 0.67708333333333337 0.67708333333333337 5.3100000000000014 3.6499999999999999 48.692708333333336 0.20714285714285716 1.0000000180025095e-35
decision_type=2 2 2 2 2 2 2 2 2 2 2 2 2 2 2 2 2 2 2 2 2 2 2 2 2 2 2 2 2 2
left_child=2 -2 3 4 16 7 11 -5 21 -8 14 18 17 -14 15 -11 20 -13 19 -7 -1 23 -23 -9 28 -26 -25 -28 -24 -30
right_child=1 -3 -4 5 -6 6 9 8 -10 10 -12 12 13 -15 -16 -17 -18 -19 -20 -21 -22 22 24 26 25 -27 27 -29 29 -31
leaf_value=0.028757547621123238 0.10029848918906953 -0.014582686413511684 0.0086756434050531926 -0.1109374994163712 -0.0077461534071092816 0.0071203960571438081 -0.12533657034859061 -0.022288098496634611 -0.10262040887027979 0.019770587594420824 -0.020681907809664345 0.081569689171155924 0.018418633470964896 -0.059739248873665933 -0.026608497978886592 0.1155256772511884 -0.011358626404925763 0.018108099453343914 0.1503508521751924 0.098457749736936481 -0.016164485761459839 0.11254774903257687 0.030912023555720227 0.090422860876871999 -0.10661074921488763 0.019976345768996651 -0.01309181715695382 0.093025321923196319 -0.011516697236769638 0.04093515190126544
leaf_weight=389 19 765 1300 14.999999999999998 405 24 9.9999999999999982 511 15.999999999999998 27 215 40 77 34 20 19 97 58 10.999999999999998 19 47 11.999999999999998 80 12.999999999999998 20 13.999999999999998 67 9.9999999999999982 355 44
leaf_count=389 19 765 1300 15 405 24 10 511 16 27 215 40 77 34 20 19 97 58 11 19 47 12 80 13 20 14 67 10 355 44
internal_value=-0.000353776 -0.0117986 0.00191838 -0.00139776 0.00659699 -0.00578062 0.00702573 -0.0119126 -0.0106119 -0.012039 -0.00800707 0.0281202 0.0177041 -0.00552162 0.0332822 0.0593216 0.0174956 0.0440108 0.0684342 0.0474788 0.023915 -0.00930454 -0.000602461 -0.0169062 -0.00324925 -0.0544867 0.0136511 0.000689629 0.000387643 -0.00573253
internal_weight=4733 784 3949 2649 938 1711 554 1157 1142 291 281 263 209 111 66 46 533 98 54 43 436 1126 525 601 513 34 90 77 479 399
internal_count=4733 784 3949 2649 938 1711 554 1157 1142 291 281 263 209 111 66 46 533 98 54 43 436 1126 525 601 513 34 90 77 479 399
is_linear=0
shrinkage=0.05


Tree=67
num_leaves=31
num_cat=0
split_feature=22 30 34 4 36 30 29 36 37 31 3 4 30 9 35 35 38 31 31 28 7 37 37 29 30 3 32 20 28 29
split_gain=44.4313 48.6549 46.2941 107.691 94.0391 82.3145 53.0623 45.3316 60.7944 70.3373 53.8847 57.9229 45.6496 44.5809 44.0257 60.0543 45.5616 51.2407 58.0129 46.1058 43.8227 42.6493 42.5933 40.8838 49.9589 50.4235 40.5275 39.3462 38.9804 42.2829
threshold=1.0000000180025095e-35 35.516666666666673 84.500000000000014 0.080128205128205135 1.1874999999999993 46.716666666666676 46.716833333333334 -0.65634920634920679 7.3000000000000043 17.025000000000006 1.0000000180025095e-35 0.20714285714285716 42.883333333333347 0.087121212121212141 3.0065672348484855 2.7538003923160175 0.96875000000000011 18.840000000000007 11.700000000000001 12.500000000000002 1.5000000000000002 5.3499999999999988 6.408333333333335 43.930476190476199 40.75833333333334 1.0000000180025095e-35 0.57738095238095244 1.0000000180025095e-35 16.500000000000004 44.625166666666672
decision_type=2 2 2 2 2 2 2 2 2 2 2 2 2 2 2 2 2 2 2 2 2 2 2 2 2 2 2 2 2 2
left_child=1 20 4 14 -3 7 -6 8 9 12 11 27 -5 22 15 16 -4 18 19 -18 -1 23 -14 -21 -25 -26 -23 28 -9 -30
right_child=-2 2 3 5 6 -7 -8 10 -10 -11 -12 -13 13 -15 -16 -17 17 -19 -20 21 -22 26 -24 24 25 -27 -28 -29 29 -31
leaf_value=0.010479342478476129 -0.01120864743332982 -0.0020701657600603442 0.10990263149142265 0.041204744228531445 -0.031227934601363441 0.10135084171044201 -0.11592379801652648 -0.04294852542225272 0.065130438467524213 -0.10133623947699866 -0.016263695687065271 0.083414270556359388 -0.12543217667511528 0.042060870279868448 0.066229439762906295 -0.025189325158242827 0.090755988843739033 -0.043356437981128697 0.07095031402218091 0.053729775494762835 0.053785585334051901 0.00080858458365712827 0.0029405154287815097 -0.11950303991635641 -0.056866113066106387 0.063487640482240495 0.13259973555803301 -0.067985671933959518 -0.039593655077947515 0.046205310376269196
leaf_weight=456 784 2022 18 63 116 19 22 24 51 14.999999999999998 577 27 14.000000000000002 14.999999999999998 71 54 15.999999999999998 23 71 13.999999999999998 67 14.000000000000002 11.999999999999998 14.999999999999998 23 13.999999999999998 9.9999999999999982 17 18 71
leaf_count=456 784 2022 18 63 116 19 22 24 51 15 577 27 14 15 71 54 16 23 71 14 67 14 12 15 23 14 10 17 18 71
internal_value=-0.000336087 0.00182246 -0.000345982 0.0072459 -0.00479567 -0.00164385 -0.0447302 -0.00380856 0.0194568 -0.000117613 -0.009197 0.0167742 0.0144812 -0.0265817 0.0311679 0.0220158 0.0337088 0.0268513 0.0359744 0.0125471 0.0160272 -0.00135672 -0.0661832 -0.0221125 -0.0425315 -0.0113269 0.0557216 0.00293362 0.0136029 0.0288527
internal_weight=4733 3949 3426 1266 2160 923 138 904 170 119 734 157 104 41 343 272 218 200 177 106 523 90 26 66 52 37 24 130 113 89
internal_count=4733 3949 3426 1266 2160 923 138 904 170 119 734 157 104 41 343 272 218 200 177 106 523 90 26 66 52 37 24 130 113 89
is_linear=0
shrinkage=0.05


Tree=68
num_leaves=31
num_cat=0
split_feature=22 11 11 0 6 0 36 20 31 34 32 27 4 4 29 36 31 36 31 11 34 0 33 36 7 6 5 29 29 0
split_gain=40.0993 88.3291 31.6813 34.2027 40.1126 41.4193 61.132 64.0114 44.7457 41.6709 110.264 75.7746 48.6226 53.0882 41.1387 40.6671 80.0939 62.6277 39.9798 45.1941 39.7655 39.6449 67.3831 63.9057 42.1866 41.8538 49.1906 45.9353 37.4035 37.1101
threshold=1.0000000180025095e-35 0.095454545454545472 1.0000000180025095e-35 1750.0000000000002 0.069047619047619066 1350.0000000000002 0.59999999999999931 1.0000000180025095e-35 20.300000000000011 88.500000000000014 0.81534090909090928 9.5000000000000018 1.0000000180025095e-35 0.080128205128205135 47.452250000000006 -0.79499999999999871 10.899999999999997 -0.54642857142856971 13.250000000000005 0.36931818181818188 48.500000000000007 1500.0000000000002 13.500000000000002 -0.033333333333332611 1.5000000000000002 0.19375000000000003 0.43303571428571436 47.452250000000006 46.854490740740751 1075.0000000000002
decision_type=2 2 2 2 2 2 2 2 2 2 2 2 2 2 2 2 2 2 2 2 2 2 2 2 2 2 2 2 2 2
left_child=2 -2 -1 4 29 6 7 8 -6 10 18 15 -13 14 -14 16 -11 -17 19 -7 -8 -21 24 28 25 -23 -27 -28 -24 -4
right_child=1 -3 3 -5 5 9 20 -9 -10 11 -12 12 13 -15 -16 17 -18 -19 -20 21 -22 22 23 -25 -26 26 27 -29 -30 -31
leaf_value=-0.066378525513059949 0.095843996989883884 -0.013293119978731852 0.015406950904677311 0.008699484883154229 0.035986321099462169 -0.003281347212768777 -0.034065231568902059 -0.017625230548437686 -0.044924832383791607 0.14229755671251387 -0.16025597179929418 -0.11884895853698255 0.060052292252128769 -0.019456607969477777 -0.026433346727862957 -0.080878622581561421 0.014981073277692001 0.025370488988372256 0.011498644684130949 -0.046476770430600563 0.0044380127005484498 -0.076346951608474434 -0.023322358735813162 0.057419711777142113 0.1028062356206087 0.078511365192631882 0.021543596791369576 -0.09904328801415184 -0.091720921439459424 -0.029087826747133911
leaf_weight=17 19 765 60 1290 337 498 89 80 18 21 11.999999999999998 9.9999999999999982 44 195 20 14.999999999999998 30 184 213 147 272 12.999999999999998 39 13.999999999999998 12.999999999999998 24 28 10.999999999999998 41 214
leaf_count=17 19 765 60 1290 337 498 89 80 18 21 12 10 44 195 20 15 30 184 213 147 272 13 39 14 13 24 28 11 41 214
internal_value=-0.000319283 -0.0106482 0.00173133 0.00202581 -0.00123273 0.00086297 0.0101559 0.0227787 0.0318838 -0.00384259 -0.00955776 0.00775294 -0.010665 -0.00648805 0.0330255 0.0275707 0.0674055 0.0173618 -0.00782061 -0.0127904 -0.00505448 -0.0271405 -0.011608 -0.0411304 0.0195729 0.00533562 0.0221908 -0.0124681 -0.0583766 -0.0193444
internal_weight=4733 784 3949 3932 2642 2368 796 435 355 1572 1053 519 269 259 64 250 51 199 1041 828 361 330 183 94 89 76 63 39 80 274
internal_count=4733 784 3949 3932 2642 2368 796 435 355 1572 1053 519 269 259 64 250 51 199 1041 828 361 330 183 94 89 76 63 39 80 274
is_linear=0
shrinkage=0.05


Tree=69
num_leaves=31
num_cat=0
split_feature=22 11 30 29 5 34 36 30 15 3 30 5 36 2 37 19 10 31 9 28 11 29 30 29 31 37 34 36 36 34
split_gain=36.1896 79.717 44.186 41.4348 65.1774 36.6459 77.2514 65.2081 67.9751 55.6019 65.6884 55.7696 67.8862 75.8124 48.6415 46.9663 42.7939 45.9618 47.7717 41.6966 35.5148 33.4699 31.9898 31.9437 29.9647 29.4413 31.434 29.9748 59.1187 46.0065
threshold=1.0000000180025095e-35 0.095454545454545472 35.516666666666673 44.967592592592602 0.40833333333333338 84.500000000000014 1.1874999999999993 46.716666666666676 1.0000000180025095e-35 1.0000000180025095e-35 46.07500000000001 0.51666666666666672 1.3499999999999983 8.5000000000000018 8.4066666666666716 1.0000000180025095e-35 1.5000000000000002 8.2033333333333314 0.17424242424242428 12.500000000000002 0.31009615384615391 47.88896464646465 42.105555555555561 46.716833333333334 19.050000000000004 3.5225 124.50000000000001 -0.79999999999999771 -0.93666666666666643 90.500000000000014
decision_type=2 2 2 2 2 2 2 2 2 2 2 2 2 2 2 2 2 2 2 2 2 2 2 2 2 2 2 2 2 2
left_child=2 -2 -1 4 -4 6 -5 9 -9 11 14 -7 13 24 15 16 20 18 21 -19 -11 -18 -17 -8 -13 26 -21 28 -27 -29
right_child=1 -3 3 5 -6 7 23 8 -10 10 -12 12 -14 -15 -16 22 17 19 -20 25 -22 -23 -24 -25 -26 27 -28 29 -30 -31
leaf_value=0.015181425488580653 0.091051798196215394 -0.012628463667853938 -0.027448211420560253 0.00033729889460647785 -0.00056931169902301197 0.05037477246245764 -0.023610085639215652 0.18398698676716196 0.011910425312817096 0.099308857487307667 -0.12765025004744532 0.026591915114161868 0.096151339858770377 -0.058093350892886524 0.087561077810823923 -0.091538671306941821 0.022006182244513187 0.071088420550028494 -0.06328749812462113 -0.022828625887632372 0.01857412901341117 0.097702309578333216 0.0043238540778734857 -0.1098237538371574 -0.039512959445710295 -0.015443644796808563 0.066266092251647604 -0.10474161828557652 0.09747708241144816 -0.021511517166133934
leaf_weight=523 19 765 320 1376 764 132 21 11 12 18 9.9999999999999982 120 20 44 15.999999999999998 23 40 14.999999999999998 10.999999999999998 18 56 23 13.999999999999998 22 20 51 22 18 14.999999999999998 214
leaf_count=523 19 765 320 1376 764 132 21 11 12 18 10 120 20 44 16 23 40 15 11 18 56 23 14 22 20 51 22 18 15 214
internal_value=-0.000303319 -0.0101158 0.00164477 -0.000421688 -0.00850404 0.00331925 -0.00172503 0.0110742 0.0942079 0.00894968 -0.000642643 0.0250511 0.00866515 -0.000844222 0.00164991 -0.000905066 0.00310964 -0.00297372 0.0328546 -0.0104845 0.0382123 0.0496413 -0.0552664 -0.0677194 0.0171484 -0.0141046 0.0261735 -0.019511 0.0102202 -0.027969
internal_weight=4733 784 3949 3426 1084 2342 1419 923 23 900 564 336 204 184 554 538 501 427 74 353 74 63 37 43 140 338 40 298 66 232
internal_count=4733 784 3949 3426 1084 2342 1419 923 23 900 564 336 204 184 554 538 501 427 74 353 74 63 37 43 140 338 40 298 66 232
is_linear=0
shrinkage=0.05


Tree=70
num_leaves=31
num_cat=0
split_feature=29 4 35 37 4 32 9 22 31 33 37 37 37 29 32 11 6 27 32 31 32 11 32 29 6 32 11 29 35 37
split_gain=52.0786 36.8013 65.7507 59.4166 69.9503 46.148 42.4177 58.2315 45.4745 39.1962 38.3651 36.5619 73.1337 61.8064 67.0679 58.4474 49.7124 48.391 57.3758 71.3667 56.6975 45.6957 45.4285 45.1044 71.6356 53.2875 58.844 59.7737 73.4133 52.9823
threshold=45.02128517316018 0.095454545454545472 3.8014841269841257 6.3012500000000022 0.07417582417582419 0.069047619047619066 1.0000000180025095e-35 1.0000000180025095e-35 10.900000000000004 11.500000000000002 4.0333333333333377 4.1999999999999993 4.3000000000000043 53.07500000000001 0.74166666666666681 0.30384615384615393 0.5590277777777779 4.5000000000000009 0.45804195804195807 8.0775000000000059 0.42261904761904767 0.48333333333333339 0.44097222222222227 47.992765151515165 0.72077922077922085 0.30384615384615393 0.13809523809523813 49.962500000000013 2.1666751700680273 4.7354166666666684
decision_type=2 2 2 2 2 2 2 2 2 2 2 2 2 2 2 2 2 2 2 2 2 2 2 2 2 2 2 2 2 2
left_child=1 3 10 6 5 -5 -1 8 -8 -7 -3 13 15 16 -15 -13 -2 22 20 -20 21 -19 23 29 25 26 -25 -28 -29 -14
right_child=11 2 -4 4 -6 9 7 -9 -10 -11 -12 12 17 14 -16 -17 -18 18 19 -21 -22 -23 -24 24 -26 -27 27 28 -30 -31
leaf_value=0.0081234158759618987 0.0076678767159065811 0.0023514875065521303 -0.071362181287258866 0.083611917268970742 0.11667431442236359 -0.064106815856169258 -0.029036097390757454 -0.07449878093210005 0.043618467873470353 0.019314729423466615 -0.014228640957427789 -0.13296582199194854 0.088328505248452233 0.18129283686478928 0.010368318584832279 -0.0117904242205744 0.052707593347499707 -0.012343413098613277 0.035525689956767761 2.8497306033013721e-05 -0.045187992848551434 0.041019080040302684 0.098143815435469156 -0.063281548604369173 -0.13111641347408295 -0.049559434339767554 -0.0073867501158799455 0.020776630309879182 0.10424626327585429 0.019487755416498539
leaf_weight=299 356 665 40 23 22 17 62 42 33 82 734 17 30 12.000000000000002 10.999999999999998 24 74 274 173 780 117 47 15.999999999999998 25 9.9999999999999982 41 147 149 32 409
leaf_count=299 356 665 40 23 22 17 62 42 33 82 734 17 30 12 11 24 74 274 173 780 117 47 16 25 10 41 147 149 32 409
internal_value=0.00222612 -0.00386902 -0.00815467 0.00676384 0.0346104 0.019812 -0.0024332 -0.0254728 -0.0037982 0.00498982 -0.00634745 0.00671084 0.00414441 0.0196903 0.0995463 -0.0620339 0.0154189 0.00535033 -0.000411949 0.00647237 -0.0153909 -0.00453021 0.0146813 0.0130972 0.0010411 0.00439536 0.0106621 0.016298 0.0355337 0.0241921
internal_weight=4763 2019 1439 580 144 122 436 137 95 99 1399 2744 2291 453 23 41 430 2250 1391 953 438 321 859 843 404 394 353 328 181 439
internal_count=4763 2019 1439 580 144 122 436 137 95 99 1399 2744 2291 453 23 41 430 2250 1391 953 438 321 859 843 404 394 353 328 181 439
is_linear=0
shrinkage=0.05


Tree=71
num_leaves=31
num_cat=0
split_feature=7 29 6 11 30 30 29 11 2 2 38 4 35 35 35 31 30 35 36 14 4 4 9 31 35 35 9 29 2 36
split_gain=54.2123 66.0727 73.6744 59.5868 83.6631 48.4625 59.9519 44.4173 43.306 37.8594 58.0777 35.6804 43.6886 61.2465 41.7886 55.1641 43.277 41.7342 68.9067 80.5887 45.8064 63.5137 44.2134 41.4272 49.8744 46.2073 47.2222 51.0893 40.4673 39.7322
threshold=1.5000000000000002 50.633385416666677 0.40833333333333338 0.20714285714285716 48.414999999999999 38.516666666666673 51.875493551587304 0.26969696969696971 2.5000000000000004 7.5000000000000009 0.96875000000000011 0.18465909090909094 2.6456721230158724 2.3670856227106234 2.7379212454212465 13.000000000000005 42.987500000000004 0.56802083333333331 -2.0499999999999985 1.0000000180025095e-35 0.27922077922077926 0.24038461538461542 0.087121212121212141 12.000000000000005 2.4220844928880649 2.4891418650793651 0.12916666666666668 46.431657407407414 7.5000000000000009 0.34722222222222049
decision_type=2 2 2 2 2 2 2 2 2 2 2 2 2 2 2 2 2 2 2 2 2 2 2 2 2 2 2 2 2 2
left_child=1 11 -3 4 -4 8 -7 -5 -2 10 -9 -1 13 17 15 16 -14 20 19 -19 21 28 -21 24 -15 -25 27 -27 -13 -20
right_child=5 2 3 7 -6 6 -8 9 -10 -11 -12 12 14 23 -16 -17 -18 18 29 22 -22 -23 -24 25 -26 26 -28 -29 -30 -31
leaf_value=0.0021729396768438479 0.073908070723215744 0.045746141999839826 0.15330907007058459 -0.093154641315341 -0.042511225640773781 0.025424607442213205 -0.052323387448604292 0.044659737657223433 -0.014675816135524317 0.045154966727237816 -0.082536111511290089 -0.026646984614431858 0.0044967149694760643 0.091755592003464712 -0.015481908674001975 -0.13722262976362426 -0.11726690903306008 -0.012241357732826556 -0.00034821943134454123 -0.13850562845667203 -0.034880236334897376 0.071324135133010502 -0.04959366573984253 -0.042917303455636859 0.020669594114954525 0.15662667534568089 -0.023766332696236316 0.00047446347773075106 0.053490257522334231 -0.033206701019130973
leaf_weight=2222 14.999999999999998 157 12.000000000000002 20 9.9999999999999982 535 26 13.999999999999998 172 22 25 50 27 30 358 17 9.9999999999999982 71 460 27 37 51 29 47 139 11.000000000000002 21 9.9999999999999982 23 115
leaf_count=2222 15 157 12 20 10 535 26 14 172 22 25 50 27 30 358 17 10 71 460 27 37 51 29 47 139 11 21 10 23 115
internal_value=0.00211481 -0.000187621 0.024188 -0.00867236 0.0642998 0.0144734 0.0218213 -0.028492 -0.00757016 -0.0072911 -0.0368761 -0.00187542 -0.00774329 -0.00262613 -0.0216664 -0.0626675 -0.0284124 -0.0090163 -0.014282 -0.0476142 0.0139434 0.0285118 -0.0924619 0.0187487 0.0332884 -0.00886032 0.0292511 0.0822685 -0.00139826 -0.00691992
internal_weight=4763 4015 260 103 22 748 561 81 187 61 39 3755 1533 1121 412 54 37 863 702 127 161 124 56 258 169 89 42 21 73 575
internal_count=4763 4015 260 103 22 748 561 81 187 61 39 3755 1533 1121 412 54 37 863 702 127 161 124 56 258 169 89 42 21 73 575
is_linear=0
shrinkage=0.05


Tree=72
num_leaves=31
num_cat=0
split_feature=7 29 5 35 35 5 37 5 35 8 29 29 33 28 4 27 35 11 29 32 4 35 35 35 31 27 32 35 11 9
split_gain=48.9266 59.6306 44.1931 43.0068 39.9787 61.4016 41.6997 38.9287 55.2853 51.0283 48.7223 76.011 49.7234 69.0844 62.7318 46.2095 44.7181 49.3683 41.691 38.7985 32.2015 39.4289 55.275 37.7142 49.7856 39.4004 43.6658 37.6651 43.5539 49.5666
threshold=1.5000000000000002 50.633385416666677 0.43303571428571436 0.11578869047619018 0.56802083333333331 0.73030303030303034 4.2407142857142865 0.51666666666666672 0.61642316017316123 15.500000000000002 49.652777777777793 48.20083333333335 10.500000000000002 5.5000000000000009 0.14835164835164838 10.500000000000002 1.8452170138888886 0.32291666666666669 52.120833333333344 0.29285714285714287 0.18465909090909094 2.6456721230158724 2.3670856227106234 2.7379212454212465 13.000000000000005 1.0000000180025095e-35 0.13809523809523813 0.56802083333333331 0.12916666666666668 0.12916666666666668
decision_type=2 2 2 2 2 2 2 2 2 2 2 2 2 2 2 2 2 2 2 2 2 2 2 2 2 2 2 2 2 2
left_child=1 20 -3 -4 -5 6 -6 8 -2 10 11 12 14 16 19 -11 -14 -18 -10 -9 -1 22 27 24 -23 -25 -27 28 -22 -30
right_child=7 2 3 4 5 -7 -8 9 18 15 -12 -13 13 -15 -16 -17 17 -19 -20 -21 21 23 -24 25 -26 26 -28 -29 29 -31
leaf_value=0.0020642926639849596 0.070724172025386778 0.055971493126747957 -0.07762537575685062 0.10099660232663155 0.065070463581518689 0.12386686314236035 -0.0094483140946977073 -0.11511766463518142 0.0006550347972297053 -0.0051111829548693491 -0.02438518973067403 0.15204840386834217 0.048037515126634393 0.030829880302959262 0.092416293025016791 0.08732698348661265 0.22626985982060424 0.075846672952175148 -0.1028528591990471 0.012471890991384333 -0.060053511502014267 -0.026991753018385658 0.017811296535150487 -0.11255949628539384 -0.13036150042625036 0.078012707829475406 -0.015384977355307498 -0.013567889286828708 -0.00011706344369384978 0.060832891370749702
leaf_weight=2222 28 73 12.999999999999998 12.999999999999998 22 10.999999999999998 128 13.000000000000002 358 137 24 17 15.999999999999998 87 9.9999999999999982 14.999999999999998 12.000000000000002 9.9999999999999982 9.9999999999999982 10.999999999999998 18 37 258 9.9999999999999982 17 12.999999999999998 335 702 90 53
leaf_count=2222 28 73 13 13 22 11 128 13 358 137 24 17 16 87 10 15 12 10 10 11 18 37 258 10 17 13 335 702 90 53
internal_value=0.00200907 -0.00017824 0.0229786 0.0100991 0.0166532 0.00984287 0.00148111 0.0137498 0.00299558 0.0258482 0.0424445 0.0515577 0.0408134 0.055396 -0.0127993 0.004011 0.11164 0.157896 -0.00215768 -0.0566391 -0.00178165 -0.00735612 -0.00249483 -0.0205831 -0.0595341 -0.0147078 -0.011896 -0.00856549 0.0132462 0.0224728
internal_weight=4763 4015 260 187 174 161 150 748 396 352 200 176 159 125 34 152 38 22 368 24 3755 1533 1121 412 54 358 348 863 161 143
internal_count=4763 4015 260 187 174 161 150 748 396 352 200 176 159 125 34 152 38 22 368 24 3755 1533 1121 412 54 358 348 863 161 143
is_linear=0
shrinkage=0.05


Tree=73
num_leaves=31
num_cat=0
split_feature=29 29 7 36 29 6 5 0 36 32 11 37 36 30 29 5 8 36 7 11 37 29 21 5 30 36 11 36 7 35
split_gain=45.3457 63.8047 46.3043 74.6746 40.8768 64.2254 54.4724 51.7957 39.9076 37.9308 50.8914 47.792 35.5733 37.4405 34.234 33.5813 33.2742 48.7349 48.7289 38.27 59.0002 37.9536 55.3716 91.4584 34.8779 33.6861 36.9429 33.2748 32.2335 39.8165
threshold=44.804649350649363 44.775595238095242 1.5000000000000002 1.086607142857144 50.633385416666677 0.40833333333333338 0.73030303030303034 2050.0000000000005 1.5354166666666671 0.32291666666666669 0.48333333333333339 5.9400000000000004 -0.99999999999999911 48.750000000000007 51.875493551587304 0.51666666666666672 13.500000000000002 2.1166666666666685 2.5000000000000004 0.25833333333333336 9.6583333333333368 42.779583333333342 1.0000000180025095e-35 0.36931818181818188 42.883333333333347 -2.1166666666666676 0.42261904761904767 -2.5166666666666653 1.0000000180025095e-35 0.51366931216931222
decision_type=2 2 2 2 2 2 2 2 2 2 2 2 2 2 2 2 2 2 2 2 2 2 2 2 2 2 2 2 2 2
left_child=1 16 4 14 8 9 7 28 -2 12 11 -11 13 -6 -4 -10 18 19 24 20 -18 22 -21 -24 -1 26 27 -23 29 -7
right_child=2 -3 3 -5 5 6 -8 -9 15 10 -12 -13 -14 -15 -16 -17 17 -19 -20 21 -22 25 23 -25 -26 -27 -28 -29 -30 -31
leaf_value=0.0019719443119276948 -0.00029236807023355632 -0.097786768360270393 0.029132884634244773 -0.05720676847829901 0.089945179116553989 -0.075811359828168709 0.091280110925436031 -0.11445531650231436 -0.00045502436920427365 0.035525936423800884 0.095567302281657857 -0.047929203561667744 0.13034765261949763 0.0033421161230459497 -0.032327376430233319 0.076046708039939404 0.0042153639069187707 -0.084559549540281304 0.080930798974904156 -0.0088269046293029084 0.1272653829632327 -0.052248588887353724 -0.098343318565325299 0.056452117803403069 0.074978892757173843 -0.016973055190962694 -0.013203922286629678 -0.17574327111244203 -0.067541200536138865 0.029260203488171099
leaf_weight=434 2094 18 405 29 26 10.999999999999998 11.999999999999998 12.999999999999998 26 42 18 29 18 24 24 32 377 20 22 412 9.9999999999999982 12.000000000000002 10.999999999999998 72 17 459 19 9.9999999999999982 17 50
leaf_count=434 2094 18 405 29 26 11 12 13 26 42 18 29 18 24 24 32 377 20 22 412 10 12 11 72 17 459 19 10 17 50
internal_value=0.00190862 -0.00409847 0.00587078 0.0204453 0.0031033 0.0218297 -0.00885119 -0.0220553 0.00084082 0.0419579 0.0204759 0.00143863 0.0700742 0.0483757 0.0256945 0.0417528 -0.00319906 -0.00706789 0.00826838 -0.00594644 0.00739495 -0.0111355 -0.00132103 0.0359371 0.00472387 -0.0208518 -0.0642754 -0.108383 -0.00665532 0.0103129
internal_weight=4763 1893 2870 458 2412 260 103 91 2152 157 89 71 68 50 429 58 1875 1402 473 1382 387 995 495 83 451 500 41 22 78 61
internal_count=4763 1893 2870 458 2412 260 103 91 2152 157 89 71 68 50 429 58 1875 1402 473 1382 387 995 495 83 451 500 41 22 78 61
is_linear=0
shrinkage=0.05


Tree=74
num_leaves=31
num_cat=0
split_feature=29 29 7 29 29 6 5 37 35 32 4 6 37 35 30 33 8 31 30 29 24 34 2 5 5 32 9 38 5 32
split_gain=40.9245 57.5837 41.7896 42.2507 36.8913 57.9635 49.1614 40.7838 45.3656 34.2326 33.9053 30.7335 68.0227 65.3025 47.4392 40.5612 38.0029 40.7554 36.7192 33.4797 40.4594 54.0849 39.6353 38.8411 37.9338 32.7939 34.3338 44.3572 35.4957 29.726
threshold=44.804649350649363 44.775595238095242 1.5000000000000002 51.875493551587304 50.633385416666677 0.40833333333333338 0.73030303030303034 4.1750000000000016 2.0538171296296301 0.32291666666666669 0.095454545454545472 0.56696428571428581 7.5366666666666688 3.8422610326181763 34.425000000000004 12.500000000000002 14.500000000000002 19.050000000000004 38.378571428571433 41.413888888888899 1.0000000180025095e-35 147.50000000000003 5.5000000000000009 0.5590277777777779 0.32291666666666669 0.25833333333333336 0.12916666666666668 0.96875000000000011 0.62019230769230782 0.26969696969696971
decision_type=2 2 2 2 2 2 2 2 2 2 2 2 2 2 2 2 2 2 2 2 2 2 2 2 2 2 2 2 2 2
left_child=1 11 4 -4 -2 9 7 -7 -9 -6 -10 13 -13 16 -14 -16 -1 19 -15 22 -21 23 24 -22 -18 26 27 28 -26 -5
right_child=2 -3 3 29 5 6 -8 8 10 -11 -12 12 14 18 15 -17 17 -19 -20 20 21 -23 -24 -25 25 -27 -28 -29 -30 -31
leaf_value=0.0065599871301379176 0.00079877923107939716 -0.092897430062294006 0.023224069054720367 0.013191751791880677 0.066570455928719158 0.074312949180603036 0.086716108769178402 -0.0032500881180167196 -0.041456067413091657 0.019452091890355846 -0.15074421560222453 0.0020419408385267206 0.16407663390379063 -0.12217053572336833 -0.026813161062697561 0.10066427897948485 -0.066921104155480859 0.046123518445529046 -0.022514294146707185 -0.021572699427991091 -0.020707590997462041 0.12057154988023369 -0.010335915457736291 0.083879485184496103 0.042609642888936733 -0.020556042538512322 0.13167807588523084 0.1341493105888367 -0.046204412976900741 -0.091807127850396297
leaf_weight=572 2152 18 431 13.000000000000002 68 9.9999999999999982 11.999999999999998 50 20.000000000000004 89 10.999999999999998 174 10.999999999999998 18 12.000000000000002 12.999999999999998 9.9999999999999982 32 19 617 46 10.999999999999998 227 10.999999999999998 45 21 10.999999999999998 9.9999999999999982 14.999999999999998 13.999999999999998
leaf_count=572 2152 18 431 13 68 10 12 50 20 89 11 174 11 18 12 13 10 32 19 617 46 11 227 11 45 21 11 10 15 14
internal_value=0.00181319 -0.00389354 0.00557724 0.0194231 0.00294814 0.0207382 -0.00840863 -0.0209526 -0.0327137 0.03986 -0.0802357 -0.00303911 0.0149858 -0.00531252 0.0775478 0.0394751 -0.00381972 -0.00944206 -0.0709957 -0.0111785 -0.0175386 0.0190649 0.00167309 -0.00052412 0.0260128 0.0351239 0.0495595 0.0366552 0.0204061 -0.0412521
internal_weight=4763 1893 2870 458 2412 260 103 91 81 157 31 1875 210 1665 36 25 1628 1056 37 1024 685 68 339 57 112 102 81 70 60 27
internal_count=4763 1893 2870 458 2412 260 103 91 81 157 31 1875 210 1665 36 25 1628 1056 37 1024 685 68 339 57 112 102 81 70 60 27
is_linear=0
shrinkage=0.05


Tree=75
num_leaves=31
num_cat=0
split_feature=6 32 21 27 6 32 34 28 5 6 27 32 29 34 31 27 34 20 31 32 35 6 36 31 6 12 7 32 38 2
split_gain=28.1974 50.5235 55.6679 56.4242 42.7076 36.0614 63.3589 41.6254 45.84 89.5966 66.0614 69.8932 46.8803 100.226 42.9966 39.2503 61.4666 63.4746 46.4967 40.1896 40.3031 39.8231 45.0542 38.4629 38.2627 35.6247 53.5503 50.8626 34.6734 34.5134
threshold=0.080128205128205135 0.56696428571428581 1.0000000180025095e-35 6.5000000000000009 0.087121212121212141 0.70714285714285718 131.50000000000003 26.500000000000004 0.62019230769230782 0.65476190476190488 8.5000000000000018 0.51666666666666672 45.298535353535364 134.50000000000003 5.7583333333333373 6.5000000000000009 51.500000000000007 1.0000000180025095e-35 26.150000000000006 0.46410256410256417 2.6167685185185192 0.25833333333333336 0.75999999999999923 5.900000000000003 0.36931818181818188 0.069047619047619066 1.0000000180025095e-35 0.32291666666666669 0.63068181818181823 6.5000000000000009
decision_type=2 2 2 2 2 2 2 2 2 2 2 2 2 2 2 2 2 2 2 2 2 2 2 2 2 2 2 2 2 2
left_child=1 -1 3 -3 -2 7 -7 15 10 12 11 -9 -10 -14 -12 18 17 19 21 24 -21 22 -6 -18 -17 -23 28 -28 -27 -25
right_child=4 2 -4 -5 5 6 -8 8 9 -11 14 -13 13 -15 -16 16 23 -19 -20 20 -22 25 -24 29 -26 26 27 -29 -30 -31
leaf_value=-0.025050356838338336 0.059684852471635234 0.075784357501701871 0.099271850188573207 -0.0085580339942553756 0.020005979410387457 -0.024276262026194775 0.0092230408081101084 -0.010265507300694783 0.013454258654798781 0.073479167507453411 -0.081241914033889778 0.13396194593182631 0.029027056350157811 -0.1460830849002708 0.02556922423490466 -0.018069851957261563 -0.063250024273991595 -0.13016132195206251 0.10222009718418122 0.013839767742270637 -0.077947756623228392 0.0018248477664978863 -0.028457195838948471 0.0096744375834493228 -0.11587413548491897 0.013128073140978814 0.055432597906501208 -0.072118141434409408 -0.075896401646547026 -0.014461110918858062
leaf_weight=290 31 22 14.999999999999998 201 504 349 237 11.999999999999998 21 22 9.9999999999999982 28 12.999999999999998 22 163 20 25 17 11.999999999999998 59 14.999999999999998 1902 53 370 20 13.999999999999998 27 10.999999999999998 50 247
leaf_count=290 31 22 15 201 504 349 237 12 21 22 10 28 13 22 163 20 25 17 12 59 15 1902 53 370 20 14 27 11 50 247
internal_value=-0.00014059 -0.0110387 0.00603432 -0.00023726 0.00121207 0.000782833 -0.0107279 0.00263746 0.0207757 -0.0120179 0.0327846 0.0906937 -0.045606 -0.0810422 0.0193952 0.00105999 -0.00882005 -0.0400328 0.00402823 -0.0265925 -0.00476581 0.00356814 0.0153946 -0.0024511 -0.066972 0.000281045 -0.0285063 0.01851 -0.0564223 1.23947e-05
internal_weight=4782 528 238 223 4254 4223 586 3637 291 78 213 40 56 35 173 3346 773 131 2573 114 74 2561 557 642 40 2004 102 38 64 617
internal_count=4782 528 238 223 4254 4223 586 3637 291 78 213 40 56 35 173 3346 773 131 2573 114 74 2561 557 642 40 2004 102 38 64 617
is_linear=0
shrinkage=0.05


Tree=76
num_leaves=31
num_cat=0
split_feature=30 30 3 36 8 5 5 30 34 28 22 35 5 11 28 34 28 28 11 32 24 38 33 20 29 34 34 37 33 30
split_gain=27.3233 25.915 53.1667 57.1063 41.9467 33.641 35.9753 34.2931 44.6128 81.6015 42.9242 43.8512 43.7216 39.5203 35.3439 33.2418 39.6471 37.4504 57.081 49.6819 53.1314 48.608 38.7374 51.4052 43.5866 42.6109 80.9755 36.4357 53.8507 66.2293
threshold=56.350000000000001 40.75833333333334 1.5000000000000002 2.214583333333334 9.5000000000000018 0.74166666666666681 0.73030303030303034 39.116666666666674 130.50000000000003 45.500000000000007 1.0000000180025095e-35 2.322488839285715 0.67708333333333337 0.29285714285714287 48.500000000000007 32.500000000000007 8.5000000000000018 5.5000000000000009 0.080128205128205135 0.07417582417582419 1.0000000180025095e-35 0.92582417582417598 13.500000000000002 1.0000000180025095e-35 44.735416666666673 37.500000000000007 35.500000000000007 7.3316666666666643 11.500000000000002 45.583333333333336
decision_type=2 2 2 2 2 2 2 2 2 2 2 2 2 2 2 2 2 2 2 2 2 2 2 2 2 2 2 2 2 2
left_child=1 2 3 5 -4 6 7 10 -9 -10 12 13 14 -12 -1 16 -3 18 -17 -20 22 -22 23 24 -21 26 -26 28 -27 -30
right_child=-2 15 4 -5 -6 -7 -8 8 9 -11 11 -13 -14 -15 -16 17 -18 -19 19 20 21 -23 -24 -25 25 27 -28 -29 29 -31
leaf_value=0.0066323979224902213 -0.075486591768761491 -0.0048359608096934245 0.080911093137481002 -0.090109266866655921 -0.017564544543578014 0.031711741086716455 -0.072082806860699386 -0.016773601908617191 0.063182891751437084 -0.065016474651501455 0.013571559032425285 0.01571266716477317 0.056758336874903476 -0.051414331887987844 0.084117462188005448 -0.092043866488066589 -0.07836314029991627 0.003099132311766947 -0.030829499828580183 0.16497957944869995 -0.11717447611418637 0.012571130196253458 0.020421345808764521 -0.047888411175120965 0.074986030086874975 0.04340515415305677 -0.064097172601355445 0.020263554449928434 0.080130046606063821 0.23005001774201028
leaf_weight=780 11.999999999999998 523 10.999999999999998 17 639 90 17 388 46 17 32 71 49 87 14.999999999999998 10.999999999999998 19 1571 38 9.9999999999999982 10.999999999999998 21 181 10.999999999999998 25 23 18 19 17.000000000000004 12.999999999999998
leaf_count=780 12 523 11 17 639 90 17 388 46 17 32 71 49 87 15 11 19 1571 38 10 11 21 181 11 25 23 18 19 17 13
internal_value=-0.00013356 5.60072e-05 -0.00382954 0.00104587 -0.015898 0.00201926 0.00024008 0.00106802 -0.0104369 0.0285894 0.00608611 -0.015385 0.0109197 -0.0339391 0.00809438 0.0035516 -0.00741348 0.00656993 0.02027 0.0234623 0.0293738 -0.0320289 0.0355722 0.0557361 0.0648551 0.0561486 0.0167652 0.0796693 0.100966 0.145095
internal_weight=4782 4770 2259 1609 650 1592 1502 1485 451 63 1034 190 844 119 795 2511 542 1969 398 387 349 32 317 136 125 115 43 72 53 30
internal_count=4782 4770 2259 1609 650 1592 1502 1485 451 63 1034 190 844 119 795 2511 542 1969 398 387 349 32 317 136 125 115 43 72 53 30
is_linear=0
shrinkage=0.05


Tree=77
num_leaves=31
num_cat=0
split_feature=34 27 36 35 22 28 29 6 31 34 8 35 35 6 38 36 6 6 8 8 6 31 37 31 35 35 35 36 29 31
split_gain=25.0763 110.502 56.7634 51.6953 49.0278 47.5701 66.7487 43.9761 43.4663 43.3999 43.5624 39.7099 121.284 68.896 39.7704 41.6919 38.8553 46.2787 83.3087 47.3849 36.5852 35.4261 42.8747 36.441 39.5812 34.2671 47.9519 35.1575 34.1461 103.154
threshold=52.500000000000007 6.5000000000000009 0.54000000000000037 2.6167685185185192 1.0000000180025095e-35 11.500000000000002 47.159666666666674 -0.080128205128205107 5.900000000000003 51.500000000000007 15.500000000000002 2.4970250496031752 2.6544759424603179 0.29285714285714287 0.96875000000000011 -0.65634920634920679 0.42261904761904767 0.57738095238095244 12.500000000000002 13.500000000000002 0.51666666666666672 5.0000000000000044 6.5499999999999998 3.9000000000000026 3.0065672348484855 3.2129166666666675 3.3883531746031754 0.49999999999999933 47.224047619047631 8.1333333333333311
decision_type=2 2 2 2 2 2 2 2 2 2 2 2 2 2 2 2 2 2 2 2 2 2 2 2 2 2 2 2 2 2
left_child=1 2 9 4 -3 6 -2 -7 21 25 -11 13 -13 14 -8 -16 -4 19 -19 -18 -15 23 -23 24 -9 27 -27 -1 -10 -30
right_child=5 3 16 -5 -6 7 11 8 28 10 -12 12 -14 20 15 -17 17 18 -20 -21 -22 22 -24 -25 -26 26 -28 -29 29 -31
leaf_value=0.001595514869622113 0.030141413680574471 -0.013230661413611939 -0.0060186786122358171 -0.084696641469255415 -0.088123104024159085 0.037384880943274176 -0.049215233596888459 -0.084138758108019837 -0.0050477086350084778 0.0072825676628521492 -0.11348836794495583 0.12953499734401705 -0.0084788697700087842 -0.068077927935988672 0.11347292591543759 -0.0054759061680390271 -0.15878675259076633 0.1047870474557082 -0.057728386897107832 -0.051408587538694241 -0.0029103526111805078 -0.077717291485518217 0.02420846590628991 0.030987417224262445 0.026873865952858556 0.14015765279531478 0.020784873738753137 0.087477291375398641 0.061810626455287378 0.0016524402699360508
leaf_weight=1717 339 137 128 47 26 74 10.999999999999998 21 1120 14.000000000000002 15.999999999999998 20 78 62 17 13.000000000000002 12.999999999999998 11.999999999999998 23 49 33 50 12.999999999999998 35 12.999999999999998 9.9999999999999982 53 11.999999999999998 82 544
leaf_count=1717 339 137 128 47 26 74 11 21 1120 14 16 20 78 62 17 13 13 12 23 49 33 50 13 35 13 10 53 12 82 544
internal_value=-0.000126882 -0.00395656 -0.000412997 -0.0384978 -0.0251767 0.00329632 0.0159632 -0.000421979 -0.00191171 0.00251292 -0.0571286 -0.00457709 0.0196872 -0.0220617 0.0321094 0.0619284 -0.0241064 -0.0479748 -0.00200881 -0.0739234 -0.0454408 -0.0295769 -0.056685 -0.004826 -0.0416928 0.00351138 0.0397329 0.00219157 0.00017982 0.00953259
internal_weight=4782 2257 2047 210 163 2525 573 1952 1878 1822 30 234 98 136 41 30 225 97 35 62 95 132 63 69 34 1792 63 1729 1746 626
internal_count=4782 2257 2047 210 163 2525 573 1952 1878 1822 30 234 98 136 41 30 225 97 35 62 95 132 63 69 34 1792 63 1729 1746 626
is_linear=0
shrinkage=0.05


Tree=78
num_leaves=31
num_cat=0
split_feature=6 34 21 8 30 30 6 20 8 37 12 11 8 37 10 33 8 30 36 34 28 27 34 30 28 37 19 34 38 36
split_gain=24.8244 40.4094 76.5618 43.5948 55.9669 44.0866 39.7243 42.3727 37.2063 43.7566 34.2921 42.1464 34.0897 45.2613 32.5952 31.9987 30.468 29.9179 25.9855 33.9315 47.8959 44.7831 43.5162 43.2167 39.835 33.3832 29.8467 32.4899 29.0614 48.5909
threshold=0.080128205128205135 57.500000000000007 1.0000000180025095e-35 9.5000000000000018 44.121428571428581 42.25500000000001 0.25833333333333336 1.0000000180025095e-35 8.5000000000000018 4.6716666666666677 0.080128205128205135 0.27922077922077926 13.500000000000002 5.6000000000000041 4.5000000000000009 14.500000000000002 14.500000000000002 35.775000000000006 0.70500000000000085 135.50000000000003 34.500000000000007 6.5000000000000009 28.500000000000004 36.225000000000009 52.500000000000007 5.7892857142857155 1.0000000180025095e-35 38.500000000000007 0.96875000000000011 -1.749999999999998
decision_type=2 2 2 2 2 2 2 2 2 2 2 2 2 2 2 2 2 2 2 2 2 2 2 2 2 2 2 2 2 2
left_child=1 15 3 -3 5 17 7 8 9 -2 -8 -12 -7 -14 -6 16 -1 -5 19 21 -21 22 28 -24 -22 -20 27 -23 -10 -30
right_child=6 2 -4 4 14 12 10 -9 18 -11 11 -13 13 -15 -16 -17 -18 -19 25 20 24 26 23 -25 -26 -27 -28 -29 29 -31
leaf_value=-0.025735735550455482 0.011947563538948696 0.082159090893609191 0.10623928220833051 0.057404941519101464 -0.10402708487077193 0.11237479576042719 -0.00054691775721747487 -0.030641401085819378 0.014586400472714256 0.1275765585899353 -0.012618045012156168 -0.0855028826892376 0.074933420007045434 -0.066556620821356771 -0.0041655852244450496 -0.059218445663841872 0.019134610750693448 -0.01682010931776954 -8.0383328589194109e-05 0.14841830994595182 -0.021936218528186571 0.077007566988468168 -0.027918175111214322 0.038383132975249395 0.10382880315708463 -0.076009244471788417 0.048793818429112436 -0.015228212879026107 -0.0011847052361983329 -0.10977456980784024
leaf_weight=166 18 13.999999999999998 17 14.999999999999998 22 13.999999999999998 3115 61 120 14.999999999999998 96 25 13.000000000000002 9.9999999999999982 12.999999999999998 52 49 143 152 10.999999999999998 17.000000000000004 9.9999999999999982 27 274 9.9999999999999982 15.999999999999998 23 211 39 13.999999999999998
leaf_count=166 18 14 17 15 22 14 3115 61 120 15 96 25 13 10 13 52 49 143 152 11 17 10 27 274 10 16 23 211 39 14
internal_value=-0.000120538 -0.0103461 0.00364429 -0.00350372 -0.00871798 0.00173135 0.00114864 0.00976314 0.0123386 0.0645062 -0.00156136 -0.0276769 0.0508599 0.013416 -0.0669357 -0.0240221 -0.0155095 -0.00977343 0.0104754 0.0144281 0.060473 0.0119912 0.0209504 0.0324358 0.0246434 -0.0073117 -0.00541319 -0.0110546 0.000967171 -0.0298688
internal_weight=4782 528 261 244 230 195 4254 1018 957 33 3236 121 37 23 35 267 215 158 924 756 38 718 474 301 27 168 244 221 173 53
internal_count=4782 528 261 244 230 195 4254 1018 957 33 3236 121 37 23 35 267 215 158 924 756 38 718 474 301 27 168 244 221 173 53
is_linear=0
shrinkage=0.05


Tree=79
num_leaves=31
num_cat=0
split_feature=30 28 34 2 28 32 20 4 32 31 31 30 31 34 34 34 35 35 28 30 34 28 11 32 29 30 35 6 27 35
split_gain=24.5039 23.3938 96.2036 87.3396 80.7195 55.3497 62.4803 54.5013 40.4426 37.1162 58.7168 51.4171 50.1948 43.4694 41.7859 41.6182 35.6505 56.8298 44.689 52.9964 62.698 57.796 51.5884 66.0342 42.717 52.8201 45.735 43.1288 42.3348 46.928
threshold=56.350000000000001 5.5000000000000009 52.500000000000007 6.5000000000000009 15.500000000000002 0.34523809523809529 1.0000000180025095e-35 1.0000000180025095e-35 0.56696428571428581 7.6000000000000059 5.8025000000000064 44.51428571428572 5.4535714285714301 18.500000000000004 24.500000000000004 47.500000000000007 1.0655357142857145 0.82951388888888866 15.500000000000002 42.51250000000001 141.50000000000003 16.500000000000004 0.14835164835164838 0.69615384615384623 45.591515151515161 43.153571428571432 3.3883531746031754 0.59166666666666679 10.500000000000002 3.019524410774411
decision_type=2 2 2 2 2 2 2 2 2 2 2 2 2 2 2 2 2 2 2 2 2 2 2 2 2 2 2 2 2 2
left_child=1 9 3 5 8 7 -7 -3 -5 10 12 -12 -1 -11 -14 -13 17 -4 22 20 28 -21 -18 -24 -23 27 -27 -26 29 -20
right_child=-2 2 16 4 -6 6 -8 -9 -10 13 11 15 14 -15 -16 -17 18 -19 19 21 -22 24 23 -25 25 26 -28 -29 -30 -31
leaf_value=0.0022172139743961675 -0.071473977256876736 0.082423315356884685 0.032894837856292714 -0.00090244438986701418 -0.087963410854339605 -0.038800613956387953 -0.1090644129895066 -0.021112721165021262 0.053027469511979668 -0.018134250250217077 -0.054478846034582931 -0.014806025217358881 -0.016144037246704102 0.023699945548472087 0.10234115201493968 0.095314405181191192 0.062200337737798699 -0.12316812319414956 -0.01218829694359253 -0.051746076650945751 0.017864839288981717 -0.056607356040101302 0.011567883702981122 -0.11190121705559167 0.041865134186227809 0.017202269597805533 -0.043083972425333093 0.15200128197669982 -0.02774277725982309 0.022865683002350461
leaf_weight=986 11.999999999999998 13.999999999999998 10.000000000000002 320 25 189 38 138 39 74 85 39 10.999999999999998 386 23 10.999999999999998 50 13.999999999999998 483 33 199 19 697 10.999999999999998 80 311 35 9.9999999999999982 321 119
leaf_count=986 12 14 10 320 25 189 38 138 39 74 85 39 11 386 23 11 50 14 483 33 199 19 697 11 80 311 35 10 321 119
internal_value=-0.000114511 6.50096e-05 -0.00244022 -0.0178993 -0.00109322 -0.0349272 -0.0505628 -0.0115765 0.00495624 0.00495913 0.000175547 -0.0308124 0.0042769 0.0169701 0.0640077 0.00942047 0.00249092 -0.0581419 0.00310544 -0.0016076 -0.00759025 0.0121476 0.013116 0.00964958 0.0167816 0.0199798 0.011104 0.0541025 -0.0130784 -0.00525902
internal_weight=4782 4770 3155 763 384 379 227 152 359 1615 1155 135 1020 460 34 50 2392 24 2368 1610 1122 488 758 708 455 436 346 90 923 602
internal_count=4782 4770 3155 763 384 379 227 152 359 1615 1155 135 1020 460 34 50 2392 24 2368 1610 1122 488 758 708 455 436 346 90 923 602
is_linear=0
shrinkage=0.05


Tree=80
num_leaves=31
num_cat=0
split_feature=11 30 29 30 31 34 6 33 31 6 32 6 35 5 32 34 2 11 5 36 6 6 6 12 30 35 5 5 31 35
split_gain=34.8731 94.943 75.0533 42.7155 61.6458 50.5945 54.4523 47.0402 45.816 74.4977 44.7502 40.0514 43.5826 37.1757 52.7156 67.8129 39.6603 35.7156 32.1606 30.9627 28.1874 45.7924 42.9007 31.3449 32.1185 39.6587 30.6569 64.8641 34.8938 34.0807
threshold=0.16025641025641027 48.525000000000006 51.411666666666669 46.00714285714286 4.8166666666666673 28.500000000000004 0.19375000000000003 14.500000000000002 8.0083333333333346 0.34523809523809529 0.095454545454545472 0.34523809523809529 2.5328766788766792 0.65476190476190488 0.27922077922077926 37.500000000000007 6.5000000000000009 0.48333333333333339 0.54195804195804198 -1.1999999999999986 0.53589743589743599 0.54195804195804198 0.46410256410256417 1.0000000180025095e-35 44.906250000000007 2.7703203463203461 0.59166666666666679 0.56696428571428581 6.5149999999999944 2.4274365079365086
decision_type=2 2 2 2 2 2 2 2 2 2 2 2 2 2 2 2 2 2 2 2 2 2 2 2 2 2 2 2 2 2
left_child=1 2 13 20 7 6 -6 10 11 -10 -5 -7 -13 14 15 16 -1 -12 -11 -9 22 -22 26 24 -23 -26 27 -2 -28 -29
right_child=3 -3 -4 4 5 8 -8 19 9 18 17 12 -14 -15 -16 -17 -18 -19 -20 -21 21 23 -24 -25 25 -27 28 29 -30 -31
leaf_value=-0.01428037222761374 -0.0026381360528949706 -0.10466985709499568 0.14843209196220747 0.036597122895335288 0.042945785732830276 0.039550831904634834 -0.08360611993600342 -0.01576918832336863 0.069827432771892961 -0.093633893705331372 -0.024806811206042768 0.076430119373477434 0.19515571865168485 0.0027894156214852747 0.017233790118205413 0.19981848925352097 0.11471833695064892 0.046920092049099152 0.0033237448334693907 -0.10396564725567313 0.075617114567886223 0.008615337286579863 -0.019632027291056009 -0.079906247827139773 0.00067304830860208593 -0.098668612539768219 0.066293878895653927 -0.015830441539486248 0.0033240215362501193 -0.078078421430532327
leaf_weight=13.000000000000002 2748 15.999999999999998 10.999999999999998 76 17 40 17 24 37 12.999999999999998 100 26 10.999999999999998 208 89 9.9999999999999982 10.999999999999998 21 25 17 23 538 449 10.999999999999998 27 15.999999999999998 33 45 66 43
leaf_count=13 2748 16 11 76 17 40 17 24 37 13 100 26 11 208 89 10 11 21 25 17 23 538 449 11 27 16 33 45 66 43
internal_value=-0.000634069 0.0143757 0.019945 -0.00184896 0.0132413 0.0348074 -0.0203302 -0.00361283 0.0471408 0.0193262 0.00652803 0.0742328 0.111727 0.0156751 0.0374654 0.0904248 0.044844 -0.0123583 -0.029846 -0.0523385 -0.00344893 0.00639797 -0.00523849 0.00370871 0.00529178 -0.0362913 -0.00303654 -0.0039913 0.024314 -0.0462471
internal_weight=4781 358 342 4423 424 186 34 238 152 75 197 77 37 331 123 34 24 121 38 41 3999 615 3384 592 581 43 2935 2836 99 88
internal_count=4781 358 342 4423 424 186 34 238 152 75 197 77 37 331 123 34 24 121 38 41 3999 615 3384 592 581 43 2935 2836 99 88
is_linear=0
shrinkage=0.05


Tree=81
num_leaves=31
num_cat=0
split_feature=11 30 29 30 30 6 9 30 30 11 11 37 34 34 4 6 30 33 33 12 31 6 6 6 35 37 37 2 29 34
split_gain=31.4729 85.6861 67.7356 39.3774 56.3229 54.6517 50.7974 53.8836 50.6278 65.6136 50.4223 57.9585 53.6083 45.9732 42.7346 41.0883 60.2229 40.4695 39.552 50.8912 39.9089 50.6979 39.3027 38.5012 53.3261 38.2373 36.7997 33.4302 32.1134 32.0874
threshold=0.16025641025641027 48.525000000000006 51.411666666666669 44.615000000000002 44.292857142857152 0.40833333333333338 0.095454545454545472 46.112500000000004 47.316666666666677 0.30384615384615393 0.20714285714285716 3.9525000000000023 127.50000000000001 31.500000000000004 0.20714285714285716 0.51666666666666672 44.010000000000005 11.500000000000002 14.500000000000002 0.14835164835164838 11.500000000000005 0.25833333333333336 0.06458333333333334 0.46410256410256417 3.25868112244898 6.4943452380952396 4.7700000000000031 3.5000000000000004 52.493531746031756 16.500000000000004
decision_type=2 2 2 2 2 2 2 2 2 2 2 2 2 2 2 2 2 2 2 2 2 2 2 2 2 2 2 2 2 2
left_child=1 2 -1 4 15 10 7 27 9 -9 26 29 18 -6 -15 23 -17 -10 19 20 -13 -22 -16 -2 -25 -11 -5 -7 -20 -12
right_child=3 -3 -4 5 13 6 -8 8 17 25 11 12 -14 14 22 16 -18 -19 28 -21 21 -23 -24 24 -26 -27 -28 -29 -30 -31
leaf_value=0.014891314657905852 -0.0033545298712678306 -0.099436363123822966 0.14101048653775997 0.14634058223649238 -0.10062601545359939 -0.097213566782219082 -0.077953700752307981 0.12793831384208584 0.042503492455139305 0.057046648510731747 -0.10898512269441898 0.021942890285653004 0.082842149945997423 -0.049046175134420958 -0.039811427776630104 0.0060274856629752224 0.096429402957131205 -0.026852411031723023 -0.0038777640659827736 -0.065905238389968868 0.1320729722710032 -0.0070142400264739989 0.075678932316163017 -0.016374294814548801 -0.098856683288301744 -0.067588389329612253 0.041107649065519648 -0.01580250454098573 -0.098913975059986115 -0.011450089824696382
leaf_weight=331 2598 15.999999999999998 10.999999999999998 11.999999999999998 24 13.999999999999998 24 21 33 16.000000000000004 12.999999999999998 235 31 53 13.000000000000002 606 19 58 80 14.999999999999998 19.000000000000004 9.9999999999999982 17 293 21 9.9999999999999982 27 127 9.9999999999999982 24
leaf_count=331 2598 16 11 12 24 14 24 21 33 16 13 235 31 53 13 606 19 58 80 15 19 10 17 293 21 10 27 127 10 24
internal_value=-0.000602366 0.0136569 0.0189478 -0.00175652 -0.00393781 0.00844714 -0.00815199 -0.00214755 0.0200634 0.0622036 0.0190134 0.0141519 0.01969 -0.0396774 -0.0220537 -0.00285663 0.0087757 -0.00170137 0.0143845 0.0236819 0.0287721 0.0841119 0.0256331 -0.00535327 -0.0218906 0.0091101 0.073487 -0.0238859 -0.0144373 -0.0457192
internal_weight=4781 358 342 4423 3644 779 303 279 138 47 476 437 400 107 83 3537 625 91 369 279 264 29 30 2912 314 26 39 141 90 37
internal_count=4781 358 342 4423 3644 779 303 279 138 47 476 437 400 107 83 3537 625 91 369 279 264 29 30 2912 314 26 39 141 90 37
is_linear=0
shrinkage=0.05


Tree=82
num_leaves=31
num_cat=0
split_feature=11 31 35 5 0 9 31 11 34 11 11 31 6 6 3 6 32 0 5 5 20 22 35 28 38 27 28 37 34 31
split_gain=28.4043 50.1217 36.4949 29.3816 46.3944 37.9778 30.9542 74.2343 39.5293 29.3839 30.0008 33.6134 25.045 49.3838 37.6814 32.2336 32.4397 53.1986 31.7924 45.4146 34.2527 33.4542 32.5127 79.8803 54.8659 49.9217 39.0079 50.1109 30.9014 30.7513
threshold=0.16025641025641027 16.25833333333334 2.4341432178932183 0.65476190476190488 2050.0000000000005 0.21825396825396828 9.1708333333333396 0.12916666666666668 68.500000000000014 0.06458333333333334 0.087121212121212141 8.2033333333333314 0.53589743589743599 0.46410256410256417 1.5000000000000002 0.54195804195804198 0.80625000000000013 1250.0000000000002 0.59166666666666679 0.56696428571428581 1.0000000180025095e-35 1.0000000180025095e-35 1.9695382395382397 2.5000000000000004 0.87083333333333346 6.5000000000000009 2.5000000000000004 5.4785714285714304 97.500000000000014 9.1708333333333396
decision_type=2 2 2 2 2 2 2 2 2 2 2 2 2 2 2 2 2 2 2 2 2 2 2 2 2 2 2 2 2 2
left_child=1 3 -3 5 9 6 7 -1 -8 -5 11 -11 13 18 15 28 -17 -18 19 21 -21 -2 25 -24 29 26 -23 -28 -14 -25
right_child=12 2 -4 4 -6 -7 8 -9 -10 10 -12 -13 14 -15 -16 16 17 -19 -20 20 -22 22 23 24 -26 -27 27 -29 -30 -31
leaf_value=0.013218105632451274 0.00127629237704248 0.11348343729972839 0.017965224459767344 -0.057574184108525522 0.071817517404754963 -0.026002085901116235 0.072269125406940762 0.1290199324786663 -0.044886567133168381 -0.0030092642903327945 -0.016493993782653257 0.089799371827393781 0.011026774060267667 -0.018026979037104308 -0.077220104290888866 0.0087181762188927019 0.034960046410560601 -0.11843540467894996 0.024777552730241875 -0.024979768074706369 -0.11862264126539231 -0.045100992861772327 0.091620245136852782 -0.02737982699647545 -0.0027462478906118293 -0.093457052613107064 0.061911613193268961 -0.020403738523600626 0.12229384910315276 -0.15137832760810854
leaf_weight=31 2583 20 20 30 18 26 12.000000000000002 25 18 25 117 15.999999999999998 13.000000000000002 493 12.999999999999998 627 10.000000000000002 12.999999999999998 115 87 10.999999999999998 77 21 10.000000000000002 212 26 26 64 11.999999999999998 9.9999999999999982
leaf_count=31 2583 20 20 30 18 26 12 25 18 25 117 16 13 493 13 627 10 13 115 87 11 77 21 10 212 26 26 64 12 10
internal_value=-0.000572248 0.012974 0.0657243 0.00633877 -0.00486771 0.0269507 0.0429597 0.0649153 0.00197571 -0.0122099 -0.00359645 0.0332087 -0.00166869 -0.0032835 0.00709775 0.00872165 0.00657883 -0.0517417 -0.00104151 -0.00199104 -0.0354907 -0.000907195 -0.0135528 -0.0017619 -0.0102146 -0.0290093 -0.0189755 0.00337625 0.064435 -0.0893791
internal_weight=4781 358 40 318 206 112 86 56 30 188 158 41 4423 3735 688 675 650 23 3242 3127 98 3029 446 253 232 193 167 90 25 20
internal_count=4781 358 40 318 206 112 86 56 30 188 158 41 4423 3735 688 675 650 23 3242 3127 98 3029 446 253 232 193 167 90 25 20
is_linear=0
shrinkage=0.05


Tree=83
num_leaves=31
num_cat=0
split_feature=11 30 31 30 30 6 11 37 34 9 30 30 11 37 28 6 30 34 5 38 37 37 9 31 28 37 31 35 6 35
split_gain=25.6349 75.3366 36.9392 35.3637 51.1508 48.922 45.3242 52.7272 48.3201 45.1581 48.5804 45.4908 59.1696 43.6048 36.1734 35.1587 54.3092 35.1441 57.3048 54.8503 53.5805 34.5649 33.886 40.9687 36.4354 32.9873 32.9545 32.9367 32.1132 46.5692
threshold=0.16025641025641027 48.525000000000006 16.25833333333334 44.615000000000002 44.292857142857152 0.40833333333333338 0.20714285714285716 3.9525000000000023 127.50000000000001 0.095454545454545472 46.112500000000004 47.316666666666677 0.30384615384615393 8.6062500000000028 1.5000000000000002 0.51666666666666672 44.010000000000005 96.500000000000014 0.43303571428571436 0.91287878787878796 9.7566666666666713 6.4943452380952396 0.17424242424242428 11.063333333333331 10.500000000000002 4.7700000000000031 3.9000000000000026 2.4341432178932183 0.48333333333333339 3.2779563492063502
decision_type=2 2 2 2 2 2 2 2 2 2 2 2 2 2 2 2 2 2 2 2 2 2 2 2 2 2 2 2 2 2
left_child=1 2 -1 4 15 6 25 -8 17 10 -7 12 -12 -6 -13 28 -17 18 19 26 22 -14 23 24 -21 -5 -9 -4 -2 -30
right_child=3 -3 27 5 13 9 7 8 -10 -11 11 14 21 -15 -16 16 -18 -19 -20 20 -22 -23 -24 -25 -26 -27 -28 -29 29 -31
leaf_value=0.011306073758438916 -0.0033118951471119047 -0.093718329863622787 0.10780926510691642 0.13870448687424261 -0.026367252171039579 -0.0226000639953459 -0.043632930839383931 0.048505403660237777 0.078711013892485249 -0.07343370420858264 0.12149898794790109 0.040292170282566188 0.054233183222822834 -0.12751969384650391 -0.025279181518045993 0.0055284562737953 0.091377093799804396 -0.032504787809542711 -0.0014094373904449372 0.018852699140237794 -0.083713238686323174 -0.06426579810678959 -0.025081893997757062 0.11857652723350948 0.10002582143334782 0.039071533863467206 0.16340935402191603 0.017066963398829103 -0.016379989450502716 -0.1045144023373723
leaf_weight=302 2659 15.999999999999998 20 11.999999999999998 95 141 37 12.000000000000002 31 24 21 33 16.000000000000004 11.999999999999998 58 606 19 37 170 74 9.9999999999999982 9.9999999999999982 19 17 17 27 12.999999999999998 20 237 15.999999999999998
leaf_count=302 2659 16 20 12 95 141 37 12 31 24 21 33 16 12 58 606 19 37 170 74 10 10 19 17 17 27 13 20 237 16
internal_value=-0.000543635 0.0123253 0.0172864 -0.00158526 -0.0036524 0.0080844 0.0180814 0.0134723 0.0187545 -0.00762052 -0.00195917 0.0191304 0.0590756 -0.0377115 -0.00150056 -0.00262205 0.00813825 0.0137175 0.0188688 0.0401484 0.0277201 0.00865665 0.0364944 0.0473272 0.0340169 0.0697278 0.108255 0.0624381 -0.00493153 -0.0219537
internal_weight=4781 358 342 4423 3644 779 476 437 400 303 279 138 47 107 91 3537 625 369 332 162 137 26 127 108 91 39 25 40 2912 253
internal_count=4781 358 342 4423 3644 779 476 437 400 303 279 138 47 107 91 3537 625 369 332 162 137 26 127 108 91 39 25 40 2912 253
is_linear=0
shrinkage=0.05


Tree=84
num_leaves=31
num_cat=0
split_feature=29 29 8 37 30 30 8 0 34 22 33 33 31 31 34 37 28 31 30 34 30 34 28 34 8 30 30 30 36 24
split_gain=28.4226 53.1194 40.4241 39.7859 37.6421 44.6294 37.1079 35.2298 34.6805 29.4153 28.1075 26.5459 47.055 77.2311 50.222 37.0982 35.9262 62.6831 45.4044 34.6576 34.507 36.3995 46.7038 34.1683 33.534 47.8416 65.5015 45.2268 43.5152 42.8147
threshold=44.598500000000008 44.502164502164511 9.5000000000000018 3.8999999999999986 43.960000000000015 43.408333333333339 15.500000000000002 1850.0000000000002 154.50000000000003 1.0000000180025095e-35 1.0000000180025095e-35 14.500000000000002 3.9000000000000026 5.1083333333333352 25.500000000000004 2.8499999999999992 4.5000000000000009 6.150000000000003 43.258333333333347 53.500000000000007 36.725000000000009 128.50000000000003 34.500000000000007 109.50000000000001 15.500000000000002 40.39500000000001 40.487500000000004 39.683333333333344 0.19999999999999693 1.0000000180025095e-35
decision_type=2 2 2 2 2 2 2 2 2 2 2 2 2 2 2 2 2 2 2 2 2 2 2 2 2 2 2 2 2 2
left_child=1 2 3 10 5 7 -3 8 9 -4 -1 20 -13 -14 -15 -16 19 18 -18 -17 23 -22 -23 -2 -19 27 -27 28 -26 -30
right_child=11 6 4 -5 -6 -7 -8 -9 -10 -11 -12 12 13 14 15 16 17 24 -20 -21 21 22 -24 -25 25 26 -28 -29 29 -31
leaf_value=0.034900755931933723 0.062582332910375391 -0.092974297496779212 -0.0038474994695303789 -0.0085843913737804669 -0.10231776952743531 0.073284838897072602 -0.0044449180364608768 0.051864822324401198 0.081675343621860852 -0.02025240455630014 0.12404697027523071 -0.043531086925855458 0.078440777460734051 -0.10053989864312685 0.049738252395763995 0.013987890832564409 0.014846105554274151 0.011396143282553525 -0.091695473283928422 0.10164776820546161 0.0039907394025913458 0.099052448084820888 -0.0068802293193967719 -0.039199527055025107 -0.028742550764286862 0.096809151505722724 -0.0032847234318601213 -0.065160821799693985 0.00013681959141703212 0.11362144080075352
leaf_weight=24 47 29 1259 31 9.9999999999999982 18 20 26 10.999999999999998 349 13.999999999999998 68 30 12.999999999999998 34 85 13.999999999999998 277 35 12.999999999999998 1639 23 19 9.9999999999999982 138 17 424 59 34 10.999999999999998
leaf_count=24 47 29 1259 31 10 18 20 26 11 349 14 68 30 13 34 85 14 277 35 13 1639 23 19 10 138 17 424 59 34 11
internal_value=-0.000516453 -0.00549761 -0.00405343 0.0334516 -0.00560026 -0.00501867 -0.0568399 -0.00587549 -0.00680276 -0.00740802 0.0677441 0.00246724 -0.00308356 -0.000760564 -0.00281952 -0.00170615 -0.00328619 -0.00609336 -0.061255 0.0256162 0.00646587 0.00516853 0.0511305 0.0447259 -0.00327782 -0.00922905 0.000573771 -0.0270929 -0.0148196 0.0278775
internal_weight=4781 1791 1742 69 1673 1663 49 1645 1619 1608 38 2990 1252 1184 1154 1141 1107 1009 49 98 1738 1681 42 57 960 683 441 242 183 45
internal_count=4781 1791 1742 69 1673 1663 49 1645 1619 1608 38 2990 1252 1184 1154 1141 1107 1009 49 98 1738 1681 42 57 960 683 441 242 183 45
is_linear=0
shrinkage=0.05


Tree=85
num_leaves=31
num_cat=0
split_feature=34 27 27 34 20 36 9 36 36 31 5 4 34 32 29 34 29 28 15 4 38 21 35 29 30 34 35 4 31 30
split_gain=25.1954 70.5741 42.6242 44.7953 54.7659 48.7905 42.1442 36.9027 54.8282 52.472 35.8765 45.8461 35.136 33.2204 44.5187 32.9493 42.4418 53.195 45.0125 42.4317 39.3063 57.7856 44.757 42.7596 42.9198 35.8196 38.065 54.7064 50.0217 47.1205
threshold=120.50000000000001 11.500000000000002 6.5000000000000009 56.500000000000007 1.0000000180025095e-35 -2.1166666666666676 1.0000000180025095e-35 -0.95000000000000007 -0.79499999999999871 12.595000000000001 0.17424242424242428 0.37980769230769235 119.50000000000001 0.46410256410256417 45.858928571428571 46.500000000000007 46.431657407407414 12.500000000000002 1.0000000180025095e-35 0.06458333333333334 0.96875000000000011 1.0000000180025095e-35 2.8207258007369624 44.967592592592602 42.190000000000005 50.500000000000007 2.4834027777777785 0.22649572649572652 9.6833333333333318 44.412500000000016
decision_type=2 2 2 2 2 2 2 2 2 2 2 2 2 2 2 2 2 2 2 2 2 2 2 2 2 2 2 2 2 2
left_child=1 2 15 4 10 -5 -2 -8 9 -9 -4 13 -7 14 -12 -1 17 18 20 -19 22 23 -17 -22 -25 -18 27 28 29 -27
right_child=6 -3 3 5 -6 12 7 8 -10 -11 11 -13 -14 -15 -16 16 25 19 -20 -21 21 -23 -24 24 -26 26 -28 -29 -30 -31
leaf_value=-0.0015642202983515525 0.024695505905441766 -0.04538166579677836 0.062800333400567385 0.080101550370454799 -0.11193956860030692 -0.0041723624909627468 -0.043351973709132935 0.15159007025261717 0.00035118263891167613 -0.0034895427525043488 -0.087677748118423757 -0.13057355433702469 -0.0870203624551113 -0.0071610488318505569 -0.0052067508424321817 0.0044915305619360876 0.03353533215209175 -0.085204300231998792 -0.047759311780747438 0.0026794701008145344 0.010222621885727028 0.098945366489616313 0.078392981489499414 0.10174236267006823 0.019488620147879783 -0.11047884608308474 0.010110112311392652 0.029710713724295297 -0.0078981012292206297 -0.032323754020035268
leaf_weight=1805 254 91 11.999999999999998 17 18 822 45 12.000000000000002 473 9.9999999999999982 36 9.9999999999999982 12.999999999999998 140 30 140 67 15.999999999999998 18 97 84 44 24 35 29 30 201 45 100 54
leaf_count=1805 254 91 12 17 18 822 45 12 473 10 36 10 13 140 30 140 67 16 18 97 84 44 24 35 29 30 201 45 100 54
internal_value=-0.000232703 -0.00185585 -0.000836851 -0.00918161 -0.0279764 -0.00375495 0.00789939 -1.00743e-06 0.00393999 0.0810993 -0.0213477 -0.0260226 -0.00546221 -0.0209473 -0.0501909 0.00244839 0.00980893 0.0202991 0.0293824 -0.00976425 0.0332829 0.0486378 0.0153064 0.0336814 0.0644711 -0.000470174 -0.00576871 -0.019706 -0.0317916 -0.0602363
internal_weight=4772 3978 3887 1098 246 852 794 540 495 22 228 216 835 206 66 2789 984 487 374 113 356 192 164 148 64 497 430 229 184 84
internal_count=4772 3978 3887 1098 246 852 794 540 495 22 228 216 835 206 66 2789 984 487 374 113 356 192 164 148 64 497 430 229 184 84
is_linear=0
shrinkage=0.05


Tree=86
num_leaves=31
num_cat=0
split_feature=0 34 27 35 34 27 30 23 5 5 29 6 34 2 8 5 30 28 29 28 34 30 37 36 36 30 5 36 29 37
split_gain=24.3959 28.7903 72.3163 43.2538 50.9475 48.3962 43.1645 42.5361 42.955 43.5168 40.0186 38.3653 33.444 37.8942 32.06 31.3919 30.9441 28.7743 28.0686 27.7739 38.2769 75.4388 61.862 71.4971 73.6993 58.4707 54.2909 50.9998 44.3635 39.8484
threshold=1075.0000000000002 120.50000000000001 6.5000000000000009 2.0735631613756618 54.500000000000007 11.500000000000002 39.910000000000011 1.0000000180025095e-35 0.24038461538461542 0.59166666666666679 46.025462962962969 0.67708333333333337 59.500000000000007 4.5000000000000009 14.500000000000002 0.18465909090909094 45.583333333333336 14.500000000000002 47.795833333333341 11.500000000000002 88.500000000000014 42.105555555555561 7.4000000000000039 0.15857142857142839 1.0000000180025095e-35 43.005555555555567 0.65476190476190488 -0.44722222222222169 46.318928571428579 4.8000000000000034
decision_type=2 2 2 2 2 2 2 2 2 2 2 2 2 2 2 2 2 2 2 2 2 2 2 2 2 2 2 2 2 2
left_child=-1 2 15 7 6 12 17 8 -4 16 -11 -3 13 -6 -8 18 -10 -5 -2 -14 21 28 23 24 26 -25 -22 -24 -21 -27
right_child=1 11 3 4 5 -7 14 -9 9 10 -12 -13 19 -15 -16 -17 -18 -19 -20 20 22 -23 27 25 -26 29 -28 -29 -30 -31
leaf_value=0.017681357953396863 -0.086500654075490804 0.0050603942797205472 0.081005945163113741 -0.062559936013227943 0.121303277015686 -0.059932261161844837 0.035077318424979846 0.0546919457201979 -0.013416454486286967 -0.020816166202227274 0.086113186641817996 0.05261237949960762 0.028177601496051804 -0.0081606200108161348 -0.053197059662003693 0.0022642154586856277 -0.09964677583087575 -0.14768500121740194 0.0019355619874070673 -0.040112354926279063 -0.010497237402945758 0.018312048219144346 0.097451114809761444 0.017188508527123194 -0.12991919150575995 -0.084937356220972204 -0.095693792746928727 -0.028792507573962213 -0.11360233028978109 0.012785317354342518
leaf_weight=183 19 739 13.999999999999998 42 10.000000000000002 55 18 35 192 14.999999999999998 21 45 38 12.999999999999998 24 2677 10.999999999999998 12.999999999999998 17 115 100 50 24 178 20 27 23 11.999999999999998 25 17
leaf_count=183 19 739 14 42 10 55 18 35 192 15 21 45 38 13 24 2677 11 13 17 115 100 50 24 178 20 27 23 12 25 17
internal_value=-0.000221067 -0.00093498 -0.00273267 -0.0135975 -0.0195533 -0.0148912 -0.0535336 0.00302903 -0.00411801 -0.00910435 0.0415593 0.00778978 -0.0110918 0.048128 -0.0153652 0.00164051 -0.018089 -0.0826804 -0.0447391 -0.0132572 -0.0159214 -0.0344072 -0.00716247 -0.0133301 -0.0409026 0.00443061 -0.0264283 0.0553699 -0.0532356 -0.0471809
internal_weight=4772 4589 3805 1092 804 707 97 288 253 239 36 784 652 23 42 2713 203 55 36 629 591 190 401 365 143 222 123 36 140 44
internal_count=4772 4589 3805 1092 804 707 97 288 253 239 36 784 652 23 42 2713 203 55 36 629 591 190 401 365 143 222 123 36 140 44
is_linear=0
shrinkage=0.05


Tree=87
num_leaves=31
num_cat=0
split_feature=0 34 32 32 34 34 28 29 4 34 2 5 9 3 2 35 5 36 36 34 28 36 27 7 4 29 38 35 35 36
split_gain=22.0173 25.9833 72.9573 46.5016 70.385 58.7095 60.2409 51.9158 45.3705 39.458 53.1094 38.4957 36.6953 35.9264 36.4026 41.802 34.1368 33.7595 48.9202 35.3762 36.6859 82.7431 33.3751 31.1333 30.7971 30.6559 29.8163 29.2169 39.5437 50.0655
threshold=1075.0000000000002 120.50000000000001 0.85164835164835173 0.37980769230769235 46.500000000000007 95.500000000000014 13.500000000000002 43.0064455782313 0.18465909090909094 66.500000000000014 1.5000000000000002 0.18465909090909094 0.25833333333333336 1.0000000180025095e-35 8.5000000000000018 3.0314748677248677 0.51666666666666672 -0.95000000000000007 -0.79499999999999871 122.50000000000001 23.500000000000004 0.073214285714284483 10.500000000000002 1.0000000180025095e-35 0.06458333333333334 50.756250000000001 0.96875000000000011 1.8065476190476202 1.9231776556776559 -0.39999999999999764
decision_type=2 2 2 2 2 2 2 2 2 2 2 2 2 2 2 2 2 2 2 2 2 2 2 2 2 2 2 2 2 2
left_child=-1 2 3 5 7 6 11 26 23 10 -6 -2 -4 14 15 16 -3 -15 22 -20 21 -21 -19 -7 -16 -12 -5 -11 29 -29
right_child=1 13 12 4 9 8 -8 -9 -10 27 25 -13 -14 17 24 -17 -18 18 19 20 -22 -23 -24 -25 -26 -27 -28 28 -30 -31
leaf_value=0.01679728991578491 -0.068245719412439745 0.056053198188041845 -0.066784379233215604 -0.11956939613041671 0.12653813034296035 0.043407216221094135 -0.068730729271968202 -0.021363683387230423 -0.031333867460489273 0.023160109139870908 0.012524480557379623 0.0032393368891479126 0.036431323289871219 -0.041437394950124953 -0.062572349918385353 0.083845713181654 0.0080661495598827234 0.13826755158264523 0.06718424623341937 -0.1248706498036259 0.0025177595243234228 0.0093690046590977696 0.015099002691832456 0.13110991251819276 0.024122211765497923 -0.076719647236168392 -0.03990278546698392 -0.10106315718591213 -0.0084123883363317799 0.026941033452749254
leaf_weight=183 19 52 62 23 9.9999999999999982 25 30 237 11.999999999999998 69 255 2144 9.9999999999999982 45 21 32 129 11.000000000000002 19 19 396 29 10.999999999999998 17 20 9.9999999999999982 24 25 822 10.999999999999998
leaf_count=183 19 52 62 23 10 25 30 237 12 69 255 2144 10 45 21 32 129 11 19 19 396 29 11 17 20 10 24 25 822 11
internal_value=-0.000210014 -0.000888231 -0.00259604 -0.0016345 -0.00849676 0.00290369 0.00163545 -0.0308836 0.0544082 -0.00320735 0.0134252 0.00261141 -0.0524489 0.00740029 0.0228614 0.031166 0.0218525 -9.35554e-06 0.00383448 0.000372985 -0.00248606 -0.0437675 0.0766833 0.0789059 -0.0202823 0.00915678 -0.0788886 -0.00814149 -0.0106588 -0.0619508
internal_weight=4772 4589 3805 3733 1486 2247 2193 284 54 1202 275 2163 72 784 254 213 181 530 485 463 444 48 22 42 41 265 47 927 858 36
internal_count=4772 4589 3805 3733 1486 2247 2193 284 54 1202 275 2163 72 784 254 213 181 530 485 463 444 48 22 42 41 265 47 927 858 36
is_linear=0
shrinkage=0.05


Tree=88
num_leaves=31
num_cat=0
split_feature=0 34 32 32 34 34 4 34 17 5 31 31 31 35 36 31 8 27 35 31 34 5 36 9 20 3 31 8 36 35
split_gain=19.8706 23.4499 65.844 41.9677 63.5224 52.9854 40.9469 35.6108 47.9312 33.7878 33.5043 61.1948 52.2407 64.7667 54.8542 47.1456 43.2443 41.0749 35.5828 34.5711 33.9168 44.3084 51.6723 33.1175 32.4599 32.4235 32.5653 48.7732 45.532 33.1269
threshold=1075.0000000000002 120.50000000000001 0.85164835164835173 0.37980769230769235 46.500000000000007 95.500000000000014 0.18465909090909094 66.500000000000014 1.0000000180025095e-35 0.18465909090909094 7.718333333333331 8.0083333333333346 6.0000000000000044 2.2963772239665099 -3.0999999999999992 6.208333333333333 10.500000000000002 4.5000000000000009 1.5290527065527064 8.2500000000000053 43.500000000000007 0.46410256410256417 0.10500000000000044 0.25833333333333336 1.0000000180025095e-35 1.0000000180025095e-35 13.199999999999999 13.500000000000002 -0.1999999999999966 2.5122592592592592
decision_type=2 2 2 2 2 2 2 2 2 2 2 2 2 2 2 2 2 2 2 2 2 2 2 2 2 2 2 2 2 2
left_child=-1 2 3 5 24 9 -7 8 -6 -2 12 18 -11 14 -14 -16 -13 -17 -12 -18 -15 -22 -23 -4 -5 -3 27 -27 -28 -29
right_child=1 25 23 4 7 6 -8 -9 -10 10 11 16 13 20 15 17 19 -19 -20 -21 21 22 -24 -25 -26 26 28 29 -30 -31
leaf_value=0.015957425414874663 -0.064833434484899047 0.021718299197762705 -0.063445159955130476 -0.023973333700505889 0.0086989388742290865 0.074960630679769186 -0.029767172038555147 -0.007734417577651898 0.12021122559905054 0.0016138224535174963 0.023277818690985441 0.060837252934773767 0.043384782541543244 -0.023643324251581985 -0.14426651660885131 -0.061756004962851024 -0.043069736646591791 0.017883519027382135 0.12716517071513569 0.0071412625401228932 -0.047341285375031558 0.12564786192443636 -5.5126349131266283e-06 0.034609757214784619 -0.082588007071843522 0.096675330003102633 -0.052257408898684292 0.021907076087490016 0.0017801740712353163 -0.0091520053635773813
leaf_weight=183 19 254 62 258 265 42 11.999999999999998 927 9.9999999999999982 1132 15.999999999999998 36 14.999999999999998 41 13.999999999999998 85 36 20 17 718 10.999999999999998 18 14.999999999999998 9.9999999999999982 26 14.999999999999998 62 154 105 194
leaf_count=183 19 254 62 258 265 42 12 927 10 1132 16 36 15 41 14 85 36 20 17 718 11 18 15 10 26 15 62 154 105 194
internal_value=-0.000199513 -0.000843819 -0.00246623 -0.00155278 -0.00807193 0.00275851 0.0516878 -0.00304698 0.0127539 0.00155368 0.00213388 0.0100866 -0.00271077 -0.0250644 -0.0467205 -0.0580783 0.00730007 -0.0465866 0.0767955 0.00474392 0.00907586 0.0395642 0.0685327 -0.0498264 -0.0293395 0.00703028 -8.88764e-06 0.00839761 -0.0182817 0.00459253
internal_weight=4772 4589 3805 3733 1486 2247 54 1202 275 2193 2174 823 1351 219 134 119 790 105 33 754 85 44 33 72 284 784 530 363 167 348
internal_count=4772 4589 3805 3733 1486 2247 54 1202 275 2193 2174 823 1351 219 134 119 790 105 33 754 85 44 33 72 284 784 530 363 167 348
is_linear=0
shrinkage=0.05


Tree=89
num_leaves=31
num_cat=0
split_feature=7 5 35 4 29 8 35 37 35 29 5 35 11 30 10 8 29 35 37 35 11 35 4 35 30 36 20 11 35 25
split_gain=19.4228 30.5532 82.0016 48.9406 49.6049 48.6746 43.0342 47.7872 39.1171 31.6716 50.9572 54.722 52.8866 37.5368 37.284 34.7243 32.2263 30.6453 29.2381 28.3975 45.0904 50.0984 48.806 41.7433 41.1181 59.4444 61.2326 58.5109 39.9026 36.1488
threshold=1.5000000000000002 0.51666666666666672 1.6130809294871795 0.25833333333333336 46.565833333333337 12.500000000000002 1.8976249999999999 8.9000000000000021 0.61642316017316123 46.821666666666673 0.40833333333333338 2.4073952696608947 0.31009615384615391 44.991666666666681 3.5000000000000004 12.500000000000002 46.062012987012999 2.8721367521367527 5.7892857142857155 2.5576569264069264 0.40833333333333338 2.9383751144688648 0.19375000000000003 3.0675649350649352 29.500000000000004 1.6200000000000012 1.0000000180025095e-35 0.27922077922077926 2.5396666666666667 1.0000000180025095e-35
decision_type=2 2 2 2 2 2 2 2 2 2 2 2 2 2 2 2 2 2 2 2 2 2 2 2 2 2 2 2 2 2
left_child=19 8 5 4 6 -3 -4 17 -2 14 13 12 -12 15 16 -11 -10 -8 -13 28 24 22 -22 -23 27 29 -27 -21 -1 -26
right_child=1 2 3 -5 -6 -7 7 -9 9 10 11 18 -14 -15 -16 -17 -18 -19 -20 20 21 23 -24 -25 25 26 -28 -29 -30 -31
leaf_value=0.00063203668289159081 0.055788781687065407 -0.11330040395259858 0.082308091802729508 0.12205560037067958 0.054104583590018629 -0.0087988378193516008 -0.025154073377764159 0.088268150123102337 0.0086087201389816251 -0.076298523601144558 0.0044497810304164886 -0.056129856667082229 -0.11238297820183155 0.062178765575994145 -0.026544427277812206 0.018031260669231414 0.071221078901241228 0.026479560358538514 0.038081932887434965 -0.0030493402305771327 0.0023717037709159914 0.069878607944966378 -0.066163911993498914 0.012880900512379008 -0.011406850761365425 0.043381095332679927 -0.069863304921558927 -0.13626672639511525 0.049759057880423611 -0.043897235212595365
leaf_weight=2604 27 12.999999999999998 18 13.999999999999998 99 78 91 13.999999999999998 143 15.999999999999998 12.999999999999998 13.999999999999998 38 22 67 25 24 42 20 17 138 44 32 119 791 81 13.999999999999998 15.999999999999998 42 96
leaf_count=2604 27 13 18 14 99 78 91 14 143 16 13 14 38 22 67 25 24 42 20 17 138 44 32 119 791 81 14 16 42 96
internal_value=-0.000189538 0.007038 0.0174698 0.0309552 0.0261241 -0.0237276 0.00933588 0.00040051 -0.00237353 -0.00648448 -0.0245875 -0.0498457 -0.0826021 0.00949108 0.00496528 -0.0187804 0.0176069 -0.00884872 -0.000711157 -0.00159741 -0.00750426 0.00846107 -0.0105291 0.0282668 -0.0127421 -0.0108973 0.0266924 -0.0676396 0.00141183 -0.0149233
internal_weight=4772 778 369 278 264 91 165 147 409 382 148 85 51 63 234 41 167 133 34 3994 1348 333 170 163 1015 982 95 33 2646 887
internal_count=4772 778 369 278 264 91 165 147 409 382 148 85 51 63 234 41 167 133 34 3994 1348 333 170 163 1015 982 95 33 2646 887
is_linear=0
shrinkage=0.05


Tree=90
num_leaves=31
num_cat=0
split_feature=21 2 2 8 36 29 11 34 35 6 5 34 31 32 37 29 34 36 2 29 4 8 4 11 32 37 37 35 37 29
split_gain=26.6543 37.2919 48.2975 37.9808 34.7402 34.0302 61.4768 46.0606 62.3073 42.6969 37.7184 34.0873 31.8689 45.5867 64.0167 56.3007 46.003 44.8533 40.7837 40.1136 39.115 39.0312 48.3987 45.4256 34.5822 61.1142 46.6537 34.2021 48.4046 33.2214
threshold=1.0000000180025095e-35 6.5000000000000009 1.5000000000000002 8.5000000000000018 2.214583333333334 47.700586419753094 0.37980769230769235 39.500000000000007 1.6422222222222225 0.36931818181818188 0.62019230769230782 23.500000000000004 7.6000000000000059 0.43303571428571436 8.1624999999999996 46.741666666666667 16.500000000000004 -0.59499999999999764 8.5000000000000018 52.120833333333344 0.22649572649572652 11.500000000000002 0.11805555555555557 0.55050505050505061 0.55050505050505061 3.48875 8.7775000000000052 2.678101851851852 6.900000000000003 47.825123456790131
decision_type=2 2 2 2 2 2 2 2 2 2 2 2 2 2 2 2 2 2 2 2 2 2 2 2 2 2 2 2 2 2
left_child=1 2 -1 -4 -5 -2 7 11 10 -10 -9 -7 21 14 16 -15 -14 20 -17 -18 -16 22 27 24 25 -24 -27 28 -3 -26
right_child=5 12 3 4 -6 6 -8 8 9 -11 -12 -13 13 15 17 18 19 -19 -20 -21 -22 -23 23 -25 29 26 -28 -29 -30 -31
leaf_value=0.01927476989317544 0.015254173349745324 0.047231055799947713 0.058756622225046164 -0.0099039301477838911 -0.091980819289500901 -0.019233616040303159 -0.051690691804229208 -0.15026090524413366 0.054498064867926369 -0.016102838771203994 -0.019322948970577934 0.075959248635370069 -0.047096351285775502 -0.01015425419448102 -0.01871010908140586 0.029369596229250883 0.031178344610728517 -0.094597194343805313 -0.0035402292077622677 0.11487411300341288 0.064578880783584383 -0.01056945454742339 0.024244122490996407 0.099190490841865542 -0.0073193359024384431 -0.07458674858703658 0.020390762859845864 0.097040618549693716 -0.061296315032702234 0.10133890087405842
leaf_weight=158 547 49 20 1556 12.999999999999998 12.999999999999998 59 11.000000000000002 33 61 10.999999999999998 34 18 494 65 221 314 14.999999999999998 164 14.999999999999998 18 682 42 9.9999999999999982 17.000000000000004 54 17 22 12.999999999999998 11.999999999999998
leaf_count=158 547 49 20 1556 13 13 59 11 33 61 11 34 18 494 65 221 314 15 164 15 18 682 42 10 17 54 17 22 13 12
internal_value=3.00954e-05 -0.00161304 -0.00708971 -0.00971122 -0.010584 0.00855345 -0.0079569 0.00787312 -0.00904534 0.00868258 -0.0847919 0.0496293 0.00265447 0.00761825 0.0206577 0.00101693 0.030736 -0.0150275 0.0153509 0.0349943 -0.000647437 -0.00450463 0.0130217 -0.00381082 -0.0110644 -0.0235645 -0.0518457 0.0434805 0.0244753 0.0376427
internal_weight=4758 3989 1747 1589 1569 769 222 163 116 94 22 47 2242 1324 445 879 347 98 385 329 83 918 236 152 142 113 71 84 62 29
internal_count=4758 3989 1747 1589 1569 769 222 163 116 94 22 47 2242 1324 445 879 347 98 385 329 83 918 236 152 142 113 71 84 62 29
is_linear=0
shrinkage=0.05


Tree=91
num_leaves=31
num_cat=0
split_feature=20 5 35 34 35 36 34 11 36 36 11 11 0 34 32 36 6 11 28 37 37 9 6 35 32 10 31 29 32 35
split_gain=27.366 84.5191 62.0375 48.4049 42.6664 39.9039 35.3871 39.5498 31.1447 45.7159 32.9735 37.582 45.0047 30.9021 29.8002 34.4599 32.3932 38.317 34.8091 32.9034 47.2885 48.3184 67.6377 45.4539 57.8979 48.6725 43.1689 52.5777 50.4687 39.8647
threshold=1.0000000180025095e-35 0.40833333333333338 2.7538003923160175 51.500000000000007 2.9161036706349202 -0.39999999999999886 41.500000000000007 0.19375000000000003 1.6200000000000012 2.214583333333334 0.48333333333333339 0.20714285714285716 1750.0000000000002 8.5000000000000018 0.87083333333333346 1.3200000000000001 0.46410256410256417 0.06458333333333334 60.500000000000007 5.6827777777777788 5.2483333333333286 1.0000000180025095e-35 0.40833333333333338 1.6130809294871795 0.32291666666666669 4.5000000000000009 17.287500000000005 49.196231060606067 0.43303571428571436 3.0569510582010593
decision_type=2 2 2 2 2 2 2 2 2 2 2 2 2 2 2 2 2 2 2 2 2 2 2 2 2 2 2 2 2 2
left_child=8 5 6 -4 -5 -2 -3 -8 14 10 11 -10 -13 -11 16 -16 17 -1 19 20 -19 22 -22 24 -23 26 27 28 -25 -30
right_child=1 2 3 4 -6 -7 7 -9 9 13 -12 12 -14 -15 15 -17 -18 18 -20 -21 21 23 -24 25 -26 -27 -28 -29 29 -31
leaf_value=-0.081629637915354519 -0.088968597268368199 -0.019590912131886736 -0.07588653985943114 -0.061380511696409928 0.020405327512596091 -0.023047452745959165 0.12628019431775267 0.026442553198868686 -0.0037890347065748994 -0.090799405597723426 -0.019993434406139637 0.048679099316873094 0.15370561530192695 0.011607279847649967 -0.011544629007678581 -0.078611650690436366 -0.0057668056660017918 0.0060462803199675084 -0.061326907984912395 -0.0011383461217018211 0.098018480936422001 0.02039263304322958 -0.021003110008314254 -0.027278832133327213 -0.09268968764104342 0.11681410148739815 -0.061223647823291164 0.13068077773787082 0.072519927562736883 -0.038821605369448668
leaf_weight=12.999999999999998 44 38 35 23 52 48 10.999999999999998 101 27 13.000000000000002 22 68 11.999999999999998 17 148 22 1198 1343 20 1266 47 28 15.999999999999998 35 19 14.999999999999998 13.999999999999998 11.999999999999998 41 9.9999999999999982
leaf_count=13 44 38 35 23 52 48 11 101 27 13 22 68 12 17 148 22 1198 1343 20 1266 47 28 16 35 19 15 14 12 41 10
internal_value=2.85906e-05 -0.0133871 0.00118701 -0.0273337 -0.00467566 -0.054575 0.0221022 0.036248 0.00110039 0.0228265 0.0357557 0.0472182 0.0644331 -0.032769 0.000287 -0.0202239 0.00114225 0.00401722 0.00440571 0.00486764 0.00968003 0.0302713 0.0677908 0.0166867 -0.0253215 0.032233 0.0209052 0.0326379 0.0189575 0.0506883
internal_weight=4758 352 260 110 75 92 150 112 4406 159 129 107 80 30 4247 170 4077 2879 2866 2846 1580 237 63 174 47 127 112 98 86 51
internal_count=4758 352 260 110 75 92 150 112 4406 159 129 107 80 30 4247 170 4077 2879 2866 2846 1580 237 63 174 47 127 112 98 86 51
is_linear=0
shrinkage=0.05


Tree=92
num_leaves=31
num_cat=0
split_feature=0 21 0 7 4 37 37 5 30 4 29 6 37 15 36 5 22 36 4 38 34 34 14 34 29 31 30 5 30 28
split_gain=24.7601 28.7883 45.9616 39.2782 52.2192 50.2735 45.9152 45.2234 38.0361 37.7285 65.9566 51.8186 51.3126 46.4975 41.5016 40.6149 45.0656 32.3755 35.2952 43.5373 46.0985 76.1786 49.6051 46.9387 52.3207 46.1538 43.4179 52.5058 43.6527 37.453
threshold=1075.0000000000002 1.0000000180025095e-35 1750.0000000000002 1.0000000180025095e-35 0.06458333333333334 8.1624999999999996 10.850000000000001 0.63961038961038974 49.150000000000013 0.19375000000000003 52.493531746031756 0.24038461538461542 4.6249999999999991 1.0000000180025095e-35 1.0275000000000003 0.45804195804195807 1.0000000180025095e-35 -0.26666666666666466 0.32291666666666669 0.75961538461538469 37.500000000000007 31.500000000000004 1.0000000180025095e-35 42.500000000000007 47.751000000000005 9.8749999999999982 37.350000000000001 0.62019230769230782 41.090000000000011 15.500000000000002
decision_type=2 2 2 2 2 2 2 2 2 2 2 2 2 2 2 2 2 2 2 2 2 2 2 2 2 2 2 2 2 2
left_child=-1 2 -2 4 -4 7 -7 9 -9 10 11 12 -6 14 15 16 -13 18 19 -3 21 22 25 -22 26 -21 27 -25 -28 -30
right_child=1 17 3 -5 5 6 -8 8 -10 -11 -12 13 -14 -15 -16 -17 -18 -19 -20 20 23 -23 -24 24 -26 -27 28 -29 29 -31
leaf_value=0.01738242395033086 -0.0073504147142610639 -0.077473868429660808 0.033900231299869847 -0.007194069683735334 0.026695390813983977 -0.033430606445283381 0.039309789512593014 -0.009784321678015068 -0.10414801885684331 0.028261524234886995 0.092475570663809792 0.062790453207812139 -0.081391499180878915 -0.044729830314846418 0.098193840097103802 -0.0031419182259045291 -0.030156597495079041 0.019775742068574 0.077183685524921331 0.11307515714849742 -0.075036158255086499 0.079267590700886972 -0.034860329081614815 0.01742198246453578 -0.036306309922013523 -0.015312915029270308 -0.028588695032522083 0.1603167472779751 0.00072612422518432147 0.075237355868403744
leaf_weight=197 2139 19 179 548 15.999999999999998 131 26 97 11.999999999999998 286 20 56 35 38 13.999999999999998 178 17 335 13.999999999999998 14.000000000000002 26 43 48 18.000000000000004 86 13.999999999999998 68 9.9999999999999982 48 26
leaf_count=197 2139 19 179 548 16 131 26 97 12 286 20 56 35 38 14 178 17 335 14 14 26 43 48 18 86 14 68 10 48 26
internal_value=2.71611e-05 -0.000722452 -0.00251131 0.00375053 0.00917827 0.0043994 -0.0213844 0.00966346 -0.020173 0.014591 0.00413705 -0.000853826 -0.0474819 0.00699446 0.0144115 0.00973841 0.0411452 0.00809857 -0.000914921 -0.00351821 -1.4074e-05 0.026083 -0.00400822 -0.0110267 -0.00452572 0.0488811 0.0115515 0.0684558 0.000330943 0.0269057
internal_weight=4758 4561 3792 1653 1105 926 157 769 109 660 374 354 51 303 265 251 73 769 434 420 401 119 76 282 256 28 170 28 142 74
internal_count=4758 4561 3792 1653 1105 926 157 769 109 660 374 354 51 303 265 251 73 769 434 420 401 119 76 282 256 28 170 28 142 74
is_linear=0
shrinkage=0.05


Tree=93
num_leaves=31
num_cat=0
split_feature=20 5 35 34 35 36 29 36 35 32 34 33 36 36 30 32 35 34 36 6 6 29 36 8 34 30 28 34 35 0
split_gain=24.378 75.9397 55.6673 43.028 38.4356 35.3386 32.7309 37.4957 31.6318 52.8602 28.8891 31.8646 28.1434 40.9427 54.2285 27.1441 33.3026 36.0683 30.4913 29.0705 31.9507 53.4648 46.865 37.0546 35.4299 31.5978 30.8006 33.5364 60.3376 49.1585
threshold=1.0000000180025095e-35 0.40833333333333338 2.7538003923160175 51.500000000000007 2.9161036706349202 -0.39999999999999886 44.839017857142863 -2.2000000000000015 2.4146071428571436 0.51666666666666672 52.500000000000007 14.500000000000002 1.6200000000000012 2.214583333333334 38.225000000000009 0.87083333333333346 2.5448406593406596 83.500000000000014 -0.55000000000000149 0.46410256410256417 0.53589743589743599 50.22095238095239 -1.4999999999999993 14.500000000000002 138.50000000000003 45.25777777777779 60.500000000000007 98.500000000000014 1.6680902777777784 1850.0000000000002
decision_type=2 2 2 2 2 2 2 2 2 2 2 2 2 2 2 2 2 2 2 2 2 2 2 2 2 2 2 2 2 2
left_child=12 5 6 -4 -5 10 -3 -8 -9 -10 -2 -12 15 -14 -15 19 18 -18 -17 26 21 22 23 -21 25 -24 27 -1 -29 -30
right_child=1 2 3 4 -6 -7 7 8 9 -11 11 -13 13 14 -16 16 17 -19 -20 20 -22 -23 24 -25 -26 -27 -28 28 29 -31
leaf_value=0.001366358187563143 -0.13763984888792039 -0.0072214246223695948 -0.071615273973771515 -0.058295863081255686 0.019329135950045803 -0.022008556983685899 -0.038142579736617895 0.084351024680072439 0.087486266938503837 -0.03444377511739731 -0.010512193062287921 -0.11972729695791545 0.03392576842691547 -0.093805038090795267 0.040942317673138218 -0.071657923293801454 -0.12846634604714133 -0.030101927320976732 0.010564483783262617 0.095565038422743484 0.00093652457871155512 -0.070350264249051483 -0.018456087892483986 0.0077032206005727263 0.032567251509716434 -0.074154834299614392 -0.058029064545407898 -0.10161736363714391 0.021335973225633506 -0.024955399747705088
leaf_weight=2232 15.999999999999998 61 35 23 52 48 12.999999999999998 40 15.999999999999998 20 17 11.000000000000002 129 16.000000000000004 13.999999999999998 12.999999999999998 10.999999999999998 61 85 14.999999999999998 742 41 281 60 31 28 20 10.999999999999998 552 64
leaf_count=2232 16 61 35 23 52 48 13 40 16 20 17 11 129 16 14 13 11 61 85 15 742 41 281 60 31 28 20 11 552 64
internal_value=2.5803e-05 -0.0126363 0.00117831 -0.0258384 -0.00447586 -0.0516778 0.0209906 0.0403269 0.0537493 0.0197474 -0.0840442 -0.0534181 0.0010374 0.0216902 -0.0309229 0.000264193 -0.0193113 -0.0451298 -0.00034257 0.00108044 -0.00546469 -0.0158807 -0.0104994 0.0252756 -0.0183909 -0.0235032 0.00380398 0.00423653 0.0144538 0.0165265
internal_weight=4758 352 260 110 75 92 150 89 76 36 44 28 4406 159 30 4247 170 72 98 4077 1198 456 415 75 340 309 2879 2859 627 616
internal_count=4758 352 260 110 75 92 150 89 76 36 44 28 4406 159 30 4247 170 72 98 4077 1198 456 415 75 340 309 2879 2859 627 616
is_linear=0
shrinkage=0.05


Tree=94
num_leaves=31
num_cat=0
split_feature=22 36 30 27 7 9 36 5 28 34 32 6 5 30 28 36 2 2 28 6 34 4 3 9 27 10 37 37 29 36
split_gain=22.7567 26.3525 43.5609 43.1416 69.9585 47.7545 34.7614 30.3963 23.5999 30.7112 33.3824 29.0644 28.1337 26.3903 31.5827 27.1871 23.3954 41.5393 38.156 78.5308 31.8632 43.1996 39.3603 36.4059 33.377 29.5419 62.003 36.5994 28.9005 29.8625
threshold=1.0000000180025095e-35 -1.9399999999999997 42.469047619047622 2.5000000000000004 1.0000000180025095e-35 0.06458333333333334 -1.3916666666666659 0.80625000000000013 8.5000000000000018 28.500000000000004 0.07417582417582419 0.24038461538461542 0.62019230769230782 44.815000000000005 4.5000000000000009 -2.6000000000000001 4.5000000000000009 1.5000000000000002 1.5000000000000002 0.21825396825396828 51.500000000000007 0.069047619047619066 1.5000000000000002 0.095454545454545472 10.500000000000002 3.5000000000000004 6.6000000000000005 4.7000000000000002 46.285833333333343 -0.76666666666666916
decision_type=2 2 2 2 2 2 2 2 2 2 2 2 2 2 2 2 2 2 2 2 2 2 2 2 2 2 2 2 2 2
left_child=16 8 7 4 -4 -6 -5 -3 9 11 -11 -2 -13 14 -12 -15 17 25 19 -19 21 -20 23 -22 28 27 -27 -1 -24 -30
right_child=1 2 3 6 5 -7 -8 -9 -10 10 13 12 -14 15 -16 -17 -18 18 20 -21 22 -23 24 -25 -26 26 -28 -29 29 -31
leaf_value=0.066572517078629753 0.028281793436035513 -0.013173558131504188 -0.0072871208190917972 0.065270606987178334 0.056442151560137654 0.20438637830317022 -0.0061497322729100355 0.067444107929865521 -0.070427967317402362 -0.063939511775970459 0.09235736903022318 -0.090312196287296476 0.0061360756307840348 0.020439165142866277 0.0059606046395076981 -0.089219772219657906 0.0037361567568128503 -0.089982305602593862 -0.073238225556402053 0.059050357573562196 -8.3630427758654829e-05 -0.017878625087313731 0.011548792817077394 0.088507421438892689 -0.060967604765668516 -0.072438371706415303 0.072948698428544137 0.0096189885877254536 0.020252505915526017 -0.070945846257281717
leaf_weight=43 9.9999999999999982 456 19 20 12.000000000000002 9.9999999999999982 115 11.999999999999998 25 15.999999999999998 17 31 9.9999999999999982 13.000000000000002 28 9.9999999999999982 3011 10.999999999999998 44 45 345 177 59 11.999999999999998 50 22 10.999999999999998 82 12.999999999999998 29
leaf_count=43 10 456 19 20 12 10 115 12 25 16 17 31 10 13 28 10 3011 11 44 45 345 177 59 12 50 22 11 82 13 29
internal_value=2.45128e-05 -0.00764385 -0.00313184 0.0180733 0.062993 0.12369 0.00443106 -0.0111064 -0.0258047 -0.0175411 0.00104109 -0.048147 -0.0667882 0.0163306 0.0385994 -0.0272386 0.00158378 -0.00528874 -0.00999675 0.0297761 -0.013052 -0.0289004 -0.00615731 0.00289422 -0.0275573 0.0181023 -0.023976 0.029211 -0.0110175 -0.0427178
internal_weight=4758 804 644 176 41 22 135 468 160 135 84 51 41 68 45 23 3954 943 785 56 729 221 508 357 151 158 33 125 101 42
internal_count=4758 804 644 176 41 22 135 468 160 135 84 51 41 68 45 23 3954 943 785 56 729 221 508 357 151 158 33 125 101 42
is_linear=0
shrinkage=0.05


Tree=95
num_leaves=31
num_cat=0
split_feature=34 30 7 34 6 5 2 0 34 2 35 32 29 29 34 6 32 32 0 27 31 31 35 29 11 37 19 31 8 37
split_gain=34.6417 33.3243 46.4267 37.0443 33.7121 34.0288 32.64 32.5895 42.5391 33.7725 31.5739 41.4133 30.2422 50.4979 41.0927 38.6667 39.7292 70.6827 58.7989 32.3254 30.1812 41.443 68.0811 31.1784 33.5593 30.6762 29.7356 29.6798 28.9763 28.9537
threshold=124.50000000000001 35.516666666666673 1.5000000000000002 15.500000000000002 0.73030303030303034 0.36931818181818188 9.5000000000000018 1750.0000000000002 58.500000000000007 7.5000000000000009 2.7258506944444449 0.17424242424242428 44.839017857142863 44.276041666666679 21.500000000000004 0.46410256410256417 0.48333333333333339 0.20714285714285716 1350.0000000000002 7.5000000000000009 7.5999999999999988 6.150000000000003 1.9695382395382397 42.568484848484857 0.42261904761904767 4.6249999999999991 1.0000000180025095e-35 10.00625 14.500000000000002 6.7333333333333369
decision_type=2 2 2 2 2 2 2 2 2 2 2 2 2 2 2 2 2 2 2 2 2 2 2 2 2 2 2 2 2 2
left_child=1 2 4 10 5 7 -7 8 9 -1 -3 -12 13 19 -15 16 17 -16 -18 20 21 23 -23 -5 28 -24 -2 -28 -25 -21
right_child=26 3 -4 12 -6 6 -8 -9 -10 -11 11 -13 -14 14 15 -17 18 -19 -20 29 -22 22 25 24 -26 -27 27 -29 -30 -31
leaf_value=-0.045647349456946061 0.012036325327333513 -0.04023393485979497 0.041833363014406398 -0.016130220487695905 0.071539155174704161 -0.0026832676325888095 -0.066431801198493873 0.070112132231394453 0.074651875440678042 0.035464028428707807 0.030756761364284013 -0.059890451447831262 -0.00054786765624877565 -0.13251468464732172 -0.076480718395289249 -0.062335730736507181 0.01212522337356439 0.040688428085929949 -0.089104251516982924 -0.016202384231338671 0.014483083906158743 -0.13630948086579642 -0.057212597903396403 0.071037570262948671 -0.02829320698591142 0.012567382673215536 -0.079025398205137931 -0.00039153791343172388 0.013201360933719174 -0.083951494859202835
leaf_weight=33 639 131 84 130 17 458 21 30 18 21 42 18 2214 9.9999999999999982 17 58 26 53 32 218 239 14.999999999999998 28 33 29 36 18 36 63 17
leaf_count=33 639 131 84 130 17 458 21 30 18 21 42 18 2214 10 17 58 26 53 32 218 239 15 28 33 29 36 18 36 63 17
internal_value=-0.00131218 -0.00306334 0.00702587 -0.00508177 0.00213652 0.00010581 -0.00547809 0.0263282 0.00808494 -0.014104 -0.0264759 0.0035626 -0.00381196 -0.0110099 -0.0337775 -0.028469 -0.0131232 0.0122331 -0.0437255 -0.00548702 0.000917595 -0.00878945 -0.0404325 0.0010137 0.0188434 -0.0179614 0.00902548 -0.0266028 0.0330826 -0.0211034
internal_weight=4784 4091 682 3409 598 581 479 102 72 54 191 60 3218 1004 196 186 128 70 58 808 573 334 79 255 125 64 693 54 96 235
internal_count=4784 4091 682 3409 598 581 479 102 72 54 191 60 3218 1004 196 186 128 70 58 808 573 334 79 255 125 64 693 54 96 235
is_linear=0
shrinkage=0.05


Tree=96
num_leaves=31
num_cat=0
split_feature=34 35 28 37 31 24 9 7 34 0 28 30 29 34 34 30 35 30 30 31 29 24 30 2 27 37 0 6 29 34
split_gain=31.2646 39.3638 33.2016 56.3097 40.2338 31.7927 34.1157 27.6458 61.4626 32.2316 29.8098 37.1101 29.1476 50.6111 59.1602 54.9622 65.5616 45.7208 40.2067 34.5316 33.948 57.5285 38.5902 30.6325 30.0103 29.9469 69.2596 51.5028 49.4982 38.3281
threshold=142.50000000000003 3.6336734693877553 39.500000000000007 4.418333333333333 11.300000000000002 1.0000000180025095e-35 0.06458333333333334 1.5000000000000002 7.5000000000000009 1750.0000000000002 30.500000000000004 45.706250000000018 47.731734693877563 29.500000000000004 39.500000000000007 45.675000000000004 1.5141145833333345 43.355000000000011 42.38750000000001 8.6000000000000068 44.039642857142859 1.0000000180025095e-35 39.56333333333334 9.5000000000000018 4.5000000000000009 5.8500000000000041 1350.0000000000002 0.5590277777777779 44.598500000000008 57.500000000000007
decision_type=2 2 2 2 2 2 2 2 2 2 2 2 2 2 2 2 2 2 2 2 2 2 2 2 2 2 2 2 2 2
left_child=7 2 3 4 -2 6 -4 9 -9 12 -11 -12 18 -14 17 16 -16 -15 19 20 21 -1 -23 -18 -19 26 -22 28 -28 -27
right_child=1 -3 5 -5 -6 -7 -8 8 -10 10 11 -13 13 14 15 -17 23 24 -20 -21 25 22 -24 -25 -26 29 27 -29 -30 -31
leaf_value=-0.01589924921385499 0.030422530418062317 -0.077514591542157271 0.015758964422418444 0.016362352669239046 0.14212986528873445 0.04134240092798358 -0.039362414482121286 0.07318683212453668 0.0034206399404965756 7.2952868783036047e-05 0.041507419343688526 -0.056440580703995449 -0.063371442712969697 0.11914701112187827 -0.11632775400343927 0.037824293819721792 -0.014418713375926019 0.053434872890219968 0.011574399788855392 -0.0024256823568945705 -0.0086873264983296401 0.012548312438385828 0.11679199315034426 -0.077679504826664927 -0.043596012329993154 -0.072697320101516583 -0.21091357361186636 0.0062613342702388768 -0.086347670711833857 0.028042205680033256
leaf_weight=524 13.999999999999998 10.999999999999998 61 75 19 42 52 33 728 1310 80 10.999999999999998 59 12.999999999999998 21 32 147 17 299 1022 43 28 12.999999999999998 22 14.999999999999998 13.999999999999998 10.999999999999998 9.9999999999999982 29 29
leaf_count=524 14 11 61 75 19 42 52 33 728 1310 80 11 59 13 21 32 147 17 299 1022 43 28 13 22 15 14 11 10 29 29
internal_value=-0.00124657 0.0151523 0.0190281 0.0403107 0.0947389 0.00419892 -0.00960663 -0.00224287 0.00644598 -0.00400659 0.00199523 0.0296676 -0.00758775 -0.0214618 -0.0122009 -0.0227973 -0.0330073 0.0400748 -0.00535088 -0.008288 -0.0168348 -0.0114364 0.0456012 -0.0226538 0.00795165 -0.0392619 -0.0552158 -0.0952304 -0.120603 -0.00475671
internal_weight=4784 274 263 108 33 155 113 4510 761 3749 1401 91 2348 326 267 222 190 45 2022 1723 701 565 41 169 32 136 93 50 40 43
internal_count=4784 274 263 108 33 155 113 4510 761 3749 1401 91 2348 326 267 222 190 45 2022 1723 701 565 41 169 32 136 93 50 40 43
is_linear=0
shrinkage=0.05


end of trees

feature_importances:
history_lap_samples=244
history_front_avg_pci=202
history_lap_avg_delta=184
history_front_min_pci=177
distance_m=159
history_lap_spread=157
style_balance=138
field_size=137
history_lap_min_delta=134
closer_ratio=130
history_front_spread=130
history_front_samples=123
flexible_ratio=113
jyo_cd=110
history_front_coverage=103
front_ratio=74
history_lap_horses=74
history_front_horses=61
escape_ratio=58
venue_06=57
track_cond=56
venue_05=53
history_lap_coverage=33
escape_count=31
venue_04=31
venue_08=29
venue_09=21
venue_07=20
front_count=14
distance_short=13
distance_mile=11
escape_competition=9
distance_middle=9
venue_03=8
venue_02=3
venue_01=2
venue_10=2

parameters:
[boosting: gbdt]
[objective: regression]
[metric: l1]
[tree_learner: serial]
[device_type: cpu]
[data_sample_strategy: bagging]
[data: ]
[valid: ]
[num_iterations: 500]
[learning_rate: 0.05]
[num_leaves: 31]
[num_threads: 0]
[seed: 42]
[deterministic: 0]
[force_col_wise: 0]
[force_row_wise: 0]
[histogram_pool_size: -1]
[max_depth: -1]
[min_data_in_leaf: 10]
[min_sum_hessian_in_leaf: 0.001]
[bagging_fraction: 0.8]
[pos_bagging_fraction: 1]
[neg_bagging_fraction: 1]
[bagging_freq: 5]
[bagging_seed: 400]
[bagging_by_query: 0]
[feature_fraction: 0.8]
[feature_fraction_bynode: 1]
[feature_fraction_seed: 30056]
[extra_trees: 0]
[extra_seed: 12879]
[early_stopping_round: 0]
[early_stopping_min_delta: 0]
[first_metric_only: 0]
[max_delta_step: 0]
[lambda_l1: 0]
[lambda_l2: 0]
[linear_lambda: 0]
[min_gain_to_split: 0]
[drop_rate: 0.1]
[max_drop: 50]
[skip_drop: 0.5]
[xgboost_dart_mode: 0]
[uniform_drop: 0]
[drop_seed: 17869]
[top_rate: 0.2]
[other_rate: 0.1]
[min_data_per_group: 100]
[max_cat_threshold: 32]
[cat_l2: 10]
[cat_smooth: 10]
[max_cat_to_onehot: 4]
[top_k: 20]
[monotone_constraints: ]
[monotone_constraints_method: basic]
[monotone_penalty: 0]
[feature_contri: ]
[forcedsplits_filename: ]
[refit_decay_rate: 0.9]
[cegb_tradeoff: 1]
[cegb_penalty_split: 0]
[cegb_penalty_feature_lazy: ]
[cegb_penalty_feature_coupled: ]
[path_smooth: 0]
[interaction_constraints: ]
[verbosity: -1]
[saved_feature_importance_type: 0]
[use_quantized_grad: 0]
[num_grad_quant_bins: 4]
[quant_train_renew_leaf: 0]
[stochastic_rounding: 1]
[linear_tree: 0]
[max_bin: 255]
[max_bin_by_feature: ]
[min_data_in_bin: 3]
[bin_construct_sample_cnt: 200000]
[data_random_seed: 175]
[is_enable_sparse: 1]
[enable_bundle: 1]
[use_missing: 1]
[zero_as_missing: 0]
[feature_pre_filter: 1]
[pre_partition: 0]
[two_round: 0]
[header: 0]
[label_column: ]
[weight_column: ]
[group_column: ]
[ignore_column: ]
[categorical_feature: ]
[forcedbins_filename: ]
[precise_float_parser: 0]
[parser_config_file: ]
[objective_seed: 16083]
[num_class: 1]
[is_unbalance: 0]
[scale_pos_weight: 1]
[sigmoid: 1]
[boost_from_average: 1]
[reg_sqrt: 0]
[alpha: 0.9]
[fair_c: 1]
[poisson_max_delta_step: 0.7]
[tweedie_variance_power: 1.5]
[lambdarank_truncation_level: 30]
[lambdarank_norm: 1]
[label_gain: ]
[lambdarank_position_bias_regularization: 0]
[eval_at: ]
[multi_error_top_k: 1]
[auc_mu_weights: ]
[num_machines: 1]
[local_listen_port: 12400]
[time_out: 120]
[machine_list_filename: ]
[machines: ]
[gpu_platform_id: -1]
[gpu_device_id: -1]
[gpu_device_id_list: ]
[gpu_use_dp: 0]
[num_gpu: 1]

end of parameters

pandas_categorical:null
