tree
version=v4
num_class=1
num_tree_per_iteration=1
label_index=0
max_feature_idx=7
objective=regression
feature_names=distance_m is_dirt jyo_cd escape_count front_ratio closer_ratio style_balance track_cond
feature_infos=[1000:3600] [0:1] [1:10] none none none none none
tree_sizes=1785 1856 1855 1853 1854 1857 1857 2183 1854 1861 1865 1860 1872 1870 1869 1869 1868 2182 1867 1866 1872 1866 1876 1876 1880 2181 2191 2192 2190 1897 1887 1894 2196 1897 2190 1896 1893 1892 2199 1896 1893 1892 1895 1893 1898 1905 2206 2200 1908 1906 1896 1900 1898 1899 2210 1902 1904 1902 1901 2212 2227 2230 1909 1907 1908 2213 2220 1902 2219 1902 1906 1912 1910 2234

Tree=0
num_leaves=20
num_cat=0
split_feature=1 2 2 2 2 2 2 2 2 2 2 2 2 2 2 2 2 2 2
split_gain=249738 34450.9 43181 27723.1 20799.3 15413.5 4259.77 5483.63 1495.33 2308.86 994.849 832.304 828.2 739.888 247.457 237.796 104.684 20.2622 3.45755
threshold=1.0000000180025095e-35 4.5000000000000009 9.5000000000000018 3.5000000000000004 9.5000000000000018 5.5000000000000009 3.5000000000000004 1.5000000000000002 4.5000000000000009 5.5000000000000009 1.5000000000000002 6.5000000000000009 7.5000000000000009 8.5000000000000018 2.5000000000000004 8.5000000000000018 2.5000000000000004 6.5000000000000009 7.5000000000000009
decision_type=2 2 2 2 2 2 2 2 2 2 2 2 2 2 2 2 2 2 2
left_child=1 6 5 10 8 -3 7 -1 -5 -10 -2 -11 -13 17 -12 -14 -9 -7 -19
right_child=3 2 -4 4 -6 13 -8 16 9 11 14 12 15 -15 -16 -17 -18 18 -20
leaf_value=48.153763349877735 47.965198139505631 48.592753417588966 47.85600810201916 47.57515327820699 48.127602007737153 48.310506083856929 48.156145197510007 47.850785866786218 47.758726826717201 47.619860880174492 48.158768346493318 47.733087787182122 47.678673796938945 48.382639320572373 48.079122212303005 47.639042694771881 47.894096460934065 48.324728873472417 48.319213517797827
leaf_weight=258 170 745 423 358 268 668 425 232 777 844 155 524 812 569 263 709 350 469 721
leaf_count=258 170 745 423 358 268 668 425 232 777 844 155 524 812 569 263 709 350 469 721
internal_value=47.9979 48.2516 48.3305 47.7452 47.7011 48.3938 48.0272 47.9619 47.6727 47.6822 48.0672 47.6616 47.6789 48.3328 48.1087 47.6602 47.8768 48.3175 48.3214
internal_weight=9740 4860 3595 4880 4292 3172 1265 840 4024 3666 588 2889 2045 2427 418 1521 582 1858 1190
internal_count=9740 4860 3595 4880 4292 3172 1265 840 4024 3666 588 2889 2045 2427 418 1521 582 1858 1190
is_linear=0
shrinkage=1


Tree=1
num_leaves=20
num_cat=0
split_feature=1 2 2 2 2 2 2 2 2 2 2 2 2 2 2 2 2 2 2
split_gain=225389 31091.9 38970.9 25020.1 18771.4 13910.7 3844.44 4948.98 1349.53 2083.74 897.851 751.154 747.451 667.749 223.33 214.611 94.4776 18.2866 3.12045
threshold=1.0000000180025095e-35 4.5000000000000009 9.5000000000000018 3.5000000000000004 9.5000000000000018 5.5000000000000009 3.5000000000000004 1.5000000000000002 4.5000000000000009 5.5000000000000009 1.5000000000000002 6.5000000000000009 7.5000000000000009 8.5000000000000018 2.5000000000000004 8.5000000000000018 2.5000000000000004 6.5000000000000009 7.5000000000000009
decision_type=2 2 2 2 2 2 2 2 2 2 2 2 2 2 2 2 2 2 2
left_child=1 6 5 10 8 -3 7 -1 -5 -10 -2 -11 -13 17 -12 -14 -9 -7 -19
right_child=3 2 -4 4 -6 13 -8 16 9 11 14 12 15 -15 -16 -17 -18 18 -20
leaf_value=0.14343587176571057 -0.035701088323531784 0.56047641120501013 -0.13943162270718151 -0.40624370196386761 0.11858259999373955 0.29234146265791239 0.14569862064938335 -0.14439274592582008 -0.23184882023802059 -0.3637714801501854 0.14819063131246837 -0.25620591448236057 -0.30789921497513217 0.3608680400283768 0.072526782094554085 -0.34554874506504479 -0.10324767021621978 0.3058531147203466 0.30061351346231779
leaf_weight=258 170 745 423 358 268 668 425 232 777 844 155 524 812 569 263 709 350 469 721
leaf_count=258 170 745 423 358 268 668 425 232 777 844 155 524 812 569 263 709 350 469 721
internal_value=-0.00466495 0.236353 0.311372 -0.244695 -0.286599 0.371488 0.0231562 -0.0388445 -0.313585 -0.304536 0.0611818 -0.324086 -0.307707 0.313476 0.100584 -0.325449 -0.119649 0.298962 0.302679
internal_weight=9740 4860 3595 4880 4292 3172 1265 840 4024 3666 588 2889 2045 2427 418 1521 582 1858 1190
internal_count=9740 4860 3595 4880 4292 3172 1265 840 4024 3666 588 2889 2045 2427 418 1521 582 1858 1190
is_linear=0
shrinkage=0.05


Tree=2
num_leaves=20
num_cat=0
split_feature=1 2 2 2 2 2 2 2 2 2 2 2 2 2 2 2 2 2 2
split_gain=203414 28060.5 35171.2 22580.7 16941.2 12554.4 3469.61 4466.45 1217.95 1880.58 810.31 677.917 674.574 602.643 201.556 193.687 85.2659 16.5037 2.8162
threshold=1.0000000180025095e-35 4.5000000000000009 9.5000000000000018 3.5000000000000004 9.5000000000000018 5.5000000000000009 3.5000000000000004 1.5000000000000002 4.5000000000000009 5.5000000000000009 1.5000000000000002 6.5000000000000009 7.5000000000000009 8.5000000000000018 2.5000000000000004 8.5000000000000018 2.5000000000000004 6.5000000000000009 7.5000000000000009
decision_type=2 2 2 2 2 2 2 2 2 2 2 2 2 2 2 2 2 2 2
left_child=1 6 5 10 8 -3 7 -1 -5 -10 -2 -11 -13 17 -12 -14 -9 -7 -19
right_child=3 2 -4 4 -6 13 -8 16 9 11 14 12 15 -15 -16 -17 -18 18 -20
leaf_value=0.13626407249722369 -0.033916026407524072 0.53245260376258186 -0.13246002157899081 -0.3859315101868947 0.11265345343889029 0.27772438740521577 0.13841369214611512 -0.1371730930846313 -0.22025639436554112 -0.34558290805892744 0.14078108642956302 -0.24339561381675875 -0.29250425046832834 0.34282463239293109 0.068900442305428231 -0.32827130783150926 -0.098085300402848852 0.29056045240970818 0.2855828431211464
leaf_weight=258 170 745 423 358 268 668 425 232 777 844 155 524 812 569 263 709 350 469 721
leaf_count=258 170 745 423 358 268 668 425 232 777 844 155 524 812 569 263 709 350 469 721
internal_value=-0.0044317 0.224535 0.295803 -0.23246 -0.272269 0.352914 0.0219984 -0.0369022 -0.297906 -0.289309 0.0581227 -0.307881 -0.292321 0.297802 0.0955547 -0.309177 -0.113667 0.284014 0.287545
internal_weight=9740 4860 3595 4880 4292 3172 1265 840 4024 3666 588 2889 2045 2427 418 1521 582 1858 1190
internal_count=9740 4860 3595 4880 4292 3172 1265 840 4024 3666 588 2889 2045 2427 418 1521 582 1858 1190
is_linear=0
shrinkage=0.05


Tree=3
num_leaves=20
num_cat=0
split_feature=1 2 2 2 2 2 2 2 2 2 2 2 2 2 2 2 2 2 2
split_gain=183581 25324.6 31742 20379.1 15289.4 11330.4 3131.32 4030.97 1099.2 1697.22 731.305 611.82 608.803 543.885 181.904 174.802 76.9525 14.8945 2.54162
threshold=1.0000000180025095e-35 4.5000000000000009 9.5000000000000018 3.5000000000000004 9.5000000000000018 5.5000000000000009 3.5000000000000004 1.5000000000000002 4.5000000000000009 5.5000000000000009 1.5000000000000002 6.5000000000000009 7.5000000000000009 8.5000000000000018 2.5000000000000004 8.5000000000000018 2.5000000000000004 6.5000000000000009 7.5000000000000009
decision_type=2 2 2 2 2 2 2 2 2 2 2 2 2 2 2 2 2 2 2
left_child=1 6 5 10 8 -3 7 -1 -5 -10 -2 -11 -13 17 -12 -14 -9 -7 -19
right_child=3 2 -4 4 -6 13 -8 16 9 11 14 12 15 -15 -16 -17 -18 18 -20
leaf_value=0.12945086285110938 -0.032220226553378299 0.50582997134267893 -0.1258370216288571 -0.36663493764217342 0.10702080377238565 0.26383817370111001 0.13149300582268661 -0.1303144384400341 -0.20924356452080312 -0.32830376934427857 0.13374203130122153 -0.23122583600685342 -0.27787902472549914 0.32568339963422299 0.06545542084785469 -0.31185775739896116 -0.093181036102718551 0.27603242701368291 0.27130369475413624
leaf_weight=258 170 745 423 358 268 668 425 232 777 844 155 524 812 569 263 709 350 469 721
leaf_count=258 170 745 423 358 268 668 425 232 777 844 155 524 812 569 263 709 350 469 721
internal_value=-0.00421012 0.213308 0.281013 -0.220837 -0.258656 0.335268 0.0208984 -0.0350571 -0.28301 -0.274844 0.0552166 -0.292487 -0.277705 0.282912 0.090777 -0.293718 -0.107983 0.269813 0.273167
internal_weight=9740 4860 3595 4880 4292 3172 1265 840 4024 3666 588 2889 2045 2427 418 1521 582 1858 1190
internal_count=9740 4860 3595 4880 4292 3172 1265 840 4024 3666 588 2889 2045 2427 418 1521 582 1858 1190
is_linear=0
shrinkage=0.05


Tree=4
num_leaves=20
num_cat=0
split_feature=1 2 2 2 2 2 2 2 2 2 2 2 2 2 2 2 2 2 2
split_gain=165682 22855.4 28647.2 18392.1 13798.7 10225.7 2826.02 3637.95 992.03 1531.74 660.003 552.167 549.445 490.856 164.168 157.759 69.4497 13.4423 2.29382
threshold=1.0000000180025095e-35 4.5000000000000009 9.5000000000000018 3.5000000000000004 9.5000000000000018 5.5000000000000009 3.5000000000000004 1.5000000000000002 4.5000000000000009 5.5000000000000009 1.5000000000000002 6.5000000000000009 7.5000000000000009 8.5000000000000018 2.5000000000000004 8.5000000000000018 2.5000000000000004 6.5000000000000009 7.5000000000000009
decision_type=2 2 2 2 2 2 2 2 2 2 2 2 2 2 2 2 2 2 2
left_child=1 6 5 10 8 -3 7 -1 -5 -10 -2 -11 -13 17 -12 -14 -9 -7 -19
right_child=3 2 -4 4 -6 13 -8 16 9 11 14 12 15 -15 -16 -17 -18 18 -20
leaf_value=0.12297832823192428 -0.03060921942267348 0.48053846870092737 -0.11954517151949043 -0.34830319622646 0.10166975782433552 0.25064627932590955 0.12491835020570195 -0.12379872647178328 -0.19878138352750035 -0.31188857887928945 0.12705493757801672 -0.21966454227035512 -0.26398508884706423 0.30939923557354654 0.062182648338115432 -0.29626485410347392 -0.088521980778463849 0.2622308216210622 0.25773851729944947
leaf_weight=258 170 745 423 358 268 668 425 232 777 844 155 524 812 569 263 709 350 469 721
leaf_count=258 170 745 423 358 268 668 425 232 777 844 155 524 812 569 263 709 350 469 721
internal_value=-0.00399961 0.202643 0.266962 -0.209795 -0.245723 0.318505 0.0198535 -0.0333043 -0.26886 -0.261102 0.0524558 -0.277863 -0.26382 0.268766 0.0862382 -0.279032 -0.102584 0.256323 0.259509
internal_weight=9740 4860 3595 4880 4292 3172 1265 840 4024 3666 588 2889 2045 2427 418 1521 582 1858 1190
internal_count=9740 4860 3595 4880 4292 3172 1265 840 4024 3666 588 2889 2045 2427 418 1521 582 1858 1190
is_linear=0
shrinkage=0.05


Tree=5
num_leaves=20
num_cat=0
split_feature=1 2 2 2 2 2 2 2 2 2 2 2 2 2 2 2 2 2 2
split_gain=154819 20941.1 23402.3 14793.5 12043 4291.2 10357.3 2720.61 747.453 584.237 779.796 828.136 404.337 305.961 226.453 226.795 69.4324 18.7145 5.40286
threshold=1.0000000180025095e-35 3.5000000000000004 9.5000000000000018 3.5000000000000004 9.5000000000000018 4.5000000000000009 5.5000000000000009 1.5000000000000002 4.5000000000000009 5.5000000000000009 6.5000000000000009 8.5000000000000018 7.5000000000000009 7.5000000000000009 1.5000000000000002 2.5000000000000004 8.5000000000000018 2.5000000000000004 6.5000000000000009
decision_type=2 2 2 2 2 2 2 2 2 2 2 2 2 2 2 2 2 2 2
left_child=1 7 5 14 8 -3 -7 -1 -5 -10 -11 13 18 -12 -2 -16 -14 -9 -8
right_child=3 2 -4 4 -6 6 12 17 9 10 11 -13 16 -15 15 -17 -18 -19 -20
leaf_value=0.1086669224113799 -0.014719343323658849 0.14068340748883365 -0.10986940081123836 -0.32550726930845031 0.09827728224809533 0.46635840340750295 0.23063709376061575 -0.096330558404787991 -0.21053381335772553 -0.29962413795079185 -0.18981589292547196 -0.28693857869226214 0.26435228854459136 -0.23862277179220578 0.10216691067616922 0.026451633519647667 0.28776112595474168 -0.078106494637624549 0.23766937793444978
leaf_weight=260 159 445 416 342 257 768 654 226 803 830 532 682 721 810 160 259 565 374 469
leaf_count=260 159 445 416 342 257 768 654 226 803 830 532 682 721 810 160 259 565 374 469
internal_value=-0.000523533 0.197595 0.245307 -0.201265 -0.233499 0.2861 0.306468 -0.0264292 -0.254821 -0.24821 -0.258811 -0.242074 0.255495 -0.219275 0.0360853 0.0553644 0.274637 -0.0849709 0.233574
internal_weight=9732 4898 4038 4834 4256 3622 3177 860 3999 3657 2854 2024 2409 1342 578 419 1286 600 1123
internal_count=9732 4898 4038 4834 4256 3622 3177 860 3999 3657 2854 2024 2409 1342 578 419 1286 600 1123
is_linear=0
shrinkage=0.05


Tree=6
num_leaves=20
num_cat=0
split_feature=1 2 2 2 2 2 2 2 2 2 2 2 2 2 2 2 2 2 2
split_gain=139724 18899.4 21120.6 13351.2 10868.8 3872.81 9347.42 2455.35 674.576 527.273 703.766 747.393 364.914 276.13 204.374 204.682 62.6628 16.8899 4.87611
threshold=1.0000000180025095e-35 3.5000000000000004 9.5000000000000018 3.5000000000000004 9.5000000000000018 4.5000000000000009 5.5000000000000009 1.5000000000000002 4.5000000000000009 5.5000000000000009 6.5000000000000009 8.5000000000000018 7.5000000000000009 7.5000000000000009 1.5000000000000002 2.5000000000000004 8.5000000000000018 2.5000000000000004 6.5000000000000009
decision_type=2 2 2 2 2 2 2 2 2 2 2 2 2 2 2 2 2 2 2
left_child=1 7 5 14 8 -3 -7 -1 -5 -10 -11 13 18 -12 -2 -16 -14 -9 -8
right_child=3 2 -4 4 -6 6 12 17 9 10 11 -13 16 -15 15 -17 -18 -19 -20
leaf_value=0.10323356869639472 -0.013983368620557605 0.13364923702197129 -0.10437593433576137 -0.30923189966999298 0.093363411005600888 0.44304047823219056 0.21910522661972165 -0.091514040718464987 -0.20000712728246139 -0.28464292783155498 -0.18032508348596207 -0.27259165735893459 0.25113467786579952 -0.2266916345333807 0.09705856487998972 0.025129053068552239 0.27337307655516252 -0.074201176556594237 0.22578591704408307
leaf_weight=260 159 445 416 342 257 768 654 226 803 830 532 682 721 810 160 259 565 374 469
leaf_count=260 159 445 416 342 257 768 654 226 803 830 532 682 721 810 160 259 565 374 469
internal_value=-0.000497357 0.187715 0.233041 -0.191202 -0.221824 0.271795 0.291145 -0.0251078 -0.24208 -0.2358 -0.24587 -0.229971 0.24272 -0.208311 0.034281 0.0525962 0.260905 -0.0807224 0.221895
internal_weight=9732 4898 4038 4834 4256 3622 3177 860 3999 3657 2854 2024 2409 1342 578 419 1286 600 1123
internal_count=9732 4898 4038 4834 4256 3622 3177 860 3999 3657 2854 2024 2409 1342 578 419 1286 600 1123
is_linear=0
shrinkage=0.05


Tree=7
num_leaves=24
num_cat=0
split_feature=0 1 0 0 0 0 0 1 0 0 1 0 0 0 0 0 0 0 0 0 0 0 1
split_gain=161941 100377 12918.6 32484.9 20829.3 10875.3 26723.3 20079.4 5754.9 3079.4 3035.43 3034.21 2755.63 1621.58 1236.05 552.884 226.818 726.701 241.191 148.557 87.7722 66.4268 0.924887
threshold=1450.0000000000002 1.0000000180025095e-35 1650.0000000000002 1750.0000000000002 1850.0000000000002 1250.0000000000002 1350.0000000000002 1.0000000180025095e-35 1950.0000000000002 1075.0000000000002 1.0000000180025095e-35 2050.0000000000005 1750.0000000000002 2550.0000000000005 1950.0000000000002 1175.0000000000002 2150.0000000000005 2350.0000000000005 2450.0000000000005 2800.0000000000005 1550.0000000000002 2350.0000000000005 1.0000000180025095e-35
decision_type=2 2 2 2 2 2 2 2 2 2 2 2 2 2 2 2 2 2 2 2 2 2 2
left_child=5 12 -3 -4 -5 9 -7 -8 -6 10 -1 -10 20 14 -14 -11 -16 -18 -19 -15 -2 -13 -17
right_child=1 2 3 4 8 6 7 -9 11 15 -12 21 13 19 16 22 17 18 -20 -21 -22 -23 -24
leaf_value=-0.22466277127916162 0.32299494972595805 -0.36002962159511498 0.30871549303284523 -0.21749801610534947 0.41909962670843293 0.84353370925278548 0.040717502400987905 -0.3633679173658379 -0.322586812870577 -0.20650356167720424 -0.62385682598061387 0.14547324091934963 0.39605183062829252 0.54970256360084346 0.33478306357135318 -0.32669076944922093 0.22781356761770116 0.37461456796519604 0.24303803132580862 0.41039966876092165 0.25622034165845914 0.082161026926238154 -0.32895925917218188
leaf_weight=66 52 343 542 1472 163 63 494 814 48 99 171 121 887 114 1008 865 225 204 42 23 918 63 935
leaf_count=66 52 343 542 1472 163 63 494 814 48 99 171 121 887 114 1008 865 225 204 42 23 918 63 935
internal_value=-0.000472492 0.152617 -0.0729346 -0.0320572 -0.130985 -0.27221 -0.162308 -0.210755 0.191411 -0.342751 -0.512689 0.0314407 0.331344 0.35907 0.349386 -0.321542 0.321398 0.292754 0.35215 0.526316 0.2598 0.123796 -0.327869
internal_weight=9732 6225 2752 2409 1867 3507 1371 1308 395 2136 237 232 3473 2503 2366 1899 1479 471 246 137 970 184 1800
internal_count=9732 6225 2752 2409 1867 3507 1371 1308 395 2136 237 232 3473 2503 2366 1899 1479 471 246 137 970 184 1800
is_linear=0
shrinkage=0.05


Tree=8
num_leaves=20
num_cat=0
split_feature=1 2 2 2 2 2 2 2 2 2 2 2 2 2 2 2 2 2 2
split_gain=113806 16369.7 18370.7 10742.8 9010.34 3332.19 8134 2059.43 578.411 426.156 606.977 603.77 309.091 227.001 192.575 229.2 54.7926 9.81573 7.8579
threshold=1.0000000180025095e-35 3.5000000000000004 9.5000000000000018 3.5000000000000004 9.5000000000000018 4.5000000000000009 5.5000000000000009 1.5000000000000002 4.5000000000000009 5.5000000000000009 6.5000000000000009 7.5000000000000009 7.5000000000000009 8.5000000000000018 1.5000000000000002 2.5000000000000004 8.5000000000000018 2.5000000000000004 6.5000000000000009
decision_type=2 2 2 2 2 2 2 2 2 2 2 2 2 2 2 2 2 2 2
left_child=1 7 5 14 8 -3 -7 -1 -5 -10 -11 -12 18 -13 -2 -16 -14 -9 -8
right_child=3 2 -4 4 -6 6 12 17 9 10 11 13 16 -15 15 -17 -18 -19 -20
leaf_value=0.088883641999071616 -0.017148575617832208 0.11959827827603629 -0.10308944016975988 -0.2806527699639324 0.086950056969481687 0.40738226132319444 0.19780805017970027 -0.087816156450333485 -0.18047783197545139 -0.25771733482738574 -0.1612106981485053 -0.20535480914988133 0.22811588341306932 -0.24450499840555959 0.09453054191893899 0.018414886838587496 0.24891091262048062 -0.074617888467861979 0.20628886838924629
leaf_weight=260 159 445 416 342 257 768 654 226 803 830 532 810 721 682 160 259 565 374 469
leaf_count=260 159 445 416 342 257 768 654 226 803 830 532 810 721 682 160 259 565 374 469
internal_value=-0.000448867 0.169413 0.211597 -0.172559 -0.200028 0.24774 0.265688 -0.0286556 -0.218471 -0.212656 -0.22171 -0.206944 0.220516 -0.223251 0.0297019 0.0474805 0.237252 -0.0795892 0.20135
internal_weight=9732 4898 4038 4834 4256 3622 3177 860 3999 3657 2854 2024 2409 1492 578 419 1286 600 1123
internal_count=9732 4898 4038 4834 4256 3622 3177 860 3999 3657 2854 2024 2409 1492 578 419 1286 600 1123
is_linear=0
shrinkage=0.05


Tree=9
num_leaves=20
num_cat=0
split_feature=1 2 2 2 2 2 2 2 2 2 2 2 2 2 2 2 2 2 2
split_gain=102710 14773.7 16579.6 9695.41 8131.84 3007.3 7340.94 1858.63 522.016 384.606 547.797 544.902 278.954 204.869 173.799 206.853 49.4503 8.85871 7.09175
threshold=1.0000000180025095e-35 3.5000000000000004 9.5000000000000018 3.5000000000000004 9.5000000000000018 4.5000000000000009 5.5000000000000009 1.5000000000000002 4.5000000000000009 5.5000000000000009 6.5000000000000009 7.5000000000000009 7.5000000000000009 8.5000000000000018 1.5000000000000002 2.5000000000000004 8.5000000000000018 2.5000000000000004 6.5000000000000009
decision_type=2 2 2 2 2 2 2 2 2 2 2 2 2 2 2 2 2 2 2
left_child=1 7 5 14 8 -3 -7 -1 -5 -10 -11 -12 18 -13 -2 -16 -14 -9 -8
right_child=3 2 -4 4 -6 6 12 17 9 10 11 13 16 -15 15 -17 -18 -19 -20
leaf_value=0.084439457924320158 -0.016291141514695667 0.11361836173896041 -0.097934956830711323 -0.26662012883979413 0.082602557371794491 0.3870131467790392 0.1879176574279996 -0.083425347184127752 -0.17145393666942346 -0.24483147007669884 -0.15315015977090995 -0.1950870707777852 0.21671008885568127 -0.23227975045636715 0.08980400603730232 0.017494141966694226 0.23646536331524892 -0.070886984181884216 0.19597443216152666
leaf_weight=260 159 445 416 342 257 768 654 226 803 830 532 810 721 682 160 259 565 374 469
leaf_count=260 159 445 416 342 257 768 654 226 803 830 532 810 721 682 160 259 565 374 469
internal_value=-0.000426422 0.160942 0.201017 -0.163931 -0.190027 0.235353 0.252404 -0.0272228 -0.207548 -0.202023 -0.210624 -0.196596 0.20949 -0.212088 0.0282168 0.0451065 0.22539 -0.0756098 0.191282
internal_weight=9732 4898 4038 4834 4256 3622 3177 860 3999 3657 2854 2024 2409 1492 578 419 1286 600 1123
internal_count=9732 4898 4038 4834 4256 3622 3177 860 3999 3657 2854 2024 2409 1492 578 419 1286 600 1123
is_linear=0
shrinkage=0.05


Tree=10
num_leaves=20
num_cat=0
split_feature=1 2 2 2 2 2 2 2 2 2 2 2 2 2 2 2 2 2 2
split_gain=94160.5 15308 13746.8 11476.1 7550.02 7505.22 1497.41 2315.94 679.329 557.396 554.365 492.156 411.462 490.994 189.442 114.939 39.6417 7.1938 0.00143862
threshold=1.0000000180025095e-35 4.5000000000000009 9.5000000000000018 3.5000000000000004 9.5000000000000018 5.5000000000000009 3.5000000000000004 1.5000000000000002 6.5000000000000009 1.5000000000000002 4.5000000000000009 5.5000000000000009 6.5000000000000009 7.5000000000000009 2.5000000000000004 2.5000000000000004 7.5000000000000009 8.5000000000000018 8.5000000000000018
decision_type=2 2 2 2 2 2 2 2 2 2 2 2 2 2 2 2 2 2 2
left_child=1 6 5 9 10 -3 7 -1 -7 -2 -5 -12 -13 -14 -11 -9 -10 -15 -18
right_child=3 2 -4 4 -6 8 -8 15 16 14 11 12 13 17 -16 -17 18 -19 -20
leaf_value=0.088117752371581051 -0.023051050268970003 0.37735110720802933 -0.056523238824500534 -0.25912390488840803 0.076474373870871803 0.15542949869882489 0.080705641499544331 -0.11562157779770053 0.20227126548459054 0.12850031230905248 -0.16020895902018162 -0.23413025787499336 -0.15270943333512696 -0.20436251348902093 0.057938873133120627 -0.070371939224035784 0.21923484957363046 -0.21131818868417099 0.21912868045738543
leaf_weight=273 174 772 440 372 261 667 444 230 473 150 794 840 561 810 260 360 720 687 573
leaf_count=273 174 772 440 372 261 667 444 230 473 150 794 840 561 810 260 360 720 687 573
internal_value=-0.000932718 0.1529 0.205542 -0.156113 -0.184206 0.24152 0.00609226 -0.0322952 0.19842 0.051932 -0.200947 -0.195085 -0.204641 -0.192604 0.083754 -0.0880116 0.214657 -0.207555 0.219188
internal_weight=9861 4952 3645 4909 4325 3205 1307 863 2433 584 4064 3692 2898 2058 410 590 1766 1497 1293
internal_count=9861 4952 3645 4909 4325 3205 1307 863 2433 584 4064 3692 2898 2058 410 590 1766 1497 1293
is_linear=0
shrinkage=0.05


Tree=11
num_leaves=20
num_cat=0
split_feature=1 2 2 2 2 2 2 2 2 2 2 2 2 2 2 2 2 2 2
split_gain=84979.8 13815.5 12406.5 10357.2 6813.89 6773.46 1351.41 2090.14 613.095 503.05 500.315 444.171 371.345 443.122 170.971 103.733 35.7766 6.49242 0.00129833
threshold=1.0000000180025095e-35 4.5000000000000009 9.5000000000000018 3.5000000000000004 9.5000000000000018 5.5000000000000009 3.5000000000000004 1.5000000000000002 6.5000000000000009 1.5000000000000002 4.5000000000000009 5.5000000000000009 6.5000000000000009 7.5000000000000009 2.5000000000000004 2.5000000000000004 7.5000000000000009 8.5000000000000018 8.5000000000000018
decision_type=2 2 2 2 2 2 2 2 2 2 2 2 2 2 2 2 2 2 2
left_child=1 6 5 9 10 -3 7 -1 -7 -2 -5 -12 -13 -14 -11 -9 -10 -15 -18
right_child=3 2 -4 4 -6 8 -8 15 16 14 11 12 13 17 -16 -17 18 -19 -20
leaf_value=0.083711867499755413 -0.02189850038581196 0.35848355017653111 -0.05369708170437 -0.24616771868870702 0.0726506585276675 0.14765802096824038 0.076670357190399774 -0.1098405008090903 0.19215770433036647 0.12207530106604099 -0.15219850716783997 -0.22242374737181569 -0.14507395457409974 -0.19414439285053287 0.0550419258461513 -0.066853337709067595 0.20827310925336662 -0.20075229275429396 0.20817224944228174
leaf_weight=273 174 772 440 372 261 667 444 230 473 150 794 840 561 810 260 360 720 687 573
leaf_count=273 174 772 440 372 261 667 444 230 473 150 794 840 561 810 260 360 720 687 573
internal_value=-0.000886083 0.145255 0.195265 -0.148308 -0.174995 0.229444 0.00578765 -0.0306804 0.188499 0.0493354 -0.1909 -0.185331 -0.194409 -0.182974 0.0795663 -0.083611 0.203924 -0.197177 0.208228
internal_weight=9861 4952 3645 4909 4325 3205 1307 863 2433 584 4064 3692 2898 2058 410 590 1766 1497 1293
internal_count=9861 4952 3645 4909 4325 3205 1307 863 2433 584 4064 3692 2898 2058 410 590 1766 1497 1293
is_linear=0
shrinkage=0.05


Tree=12
num_leaves=20
num_cat=0
split_feature=1 2 2 2 2 2 2 2 2 2 2 2 2 2 2 2 2 2 2
split_gain=76694.3 12468.5 11196.8 9347.39 6149.54 6113.05 1219.65 1886.35 553.318 454.003 451.534 400.865 335.138 399.918 154.301 93.6188 32.2884 5.85941 0.00117174
threshold=1.0000000180025095e-35 4.5000000000000009 9.5000000000000018 3.5000000000000004 9.5000000000000018 5.5000000000000009 3.5000000000000004 1.5000000000000002 6.5000000000000009 1.5000000000000002 4.5000000000000009 5.5000000000000009 6.5000000000000009 7.5000000000000009 2.5000000000000004 2.5000000000000004 7.5000000000000009 8.5000000000000018 8.5000000000000018
decision_type=2 2 2 2 2 2 2 2 2 2 2 2 2 2 2 2 2 2 2
left_child=1 6 5 9 10 -3 7 -1 -7 -2 -5 -12 -13 -14 -11 -9 -10 -15 -18
right_child=3 2 -4 4 -6 8 -8 15 16 14 11 12 13 17 -16 -17 18 -19 -20
leaf_value=0.079526276394533801 -0.020803575119239161 0.34055936957439265 -0.051012223279632798 -0.23385933304395806 0.069018123814857557 0.14027511394475176 0.072836850023920749 -0.10434847738128156 0.18254981744506774 0.11597152919322254 -0.14458857672429767 -0.21130256110641532 -0.13782026741417946 -0.18443717562064621 0.052289829300000118 -0.063510676576859423 0.19785945172939035 -0.19071467719237378 0.19776363485065301
leaf_weight=273 174 772 440 372 261 667 444 230 473 150 794 840 561 810 260 360 720 687 573
leaf_count=273 174 772 440 372 261 667 444 230 473 150 794 840 561 810 260 360 720 687 573
internal_value=-0.00084178 0.137993 0.185502 -0.140892 -0.166245 0.217972 0.00549827 -0.0291464 0.179074 0.0468686 -0.181355 -0.176064 -0.184688 -0.173825 0.075588 -0.0794305 0.193728 -0.187318 0.197817
internal_weight=9861 4952 3645 4909 4325 3205 1307 863 2433 584 4064 3692 2898 2058 410 590 1766 1497 1293
internal_count=9861 4952 3645 4909 4325 3205 1307 863 2433 584 4064 3692 2898 2058 410 590 1766 1497 1293
is_linear=0
shrinkage=0.05


Tree=13
num_leaves=20
num_cat=0
split_feature=1 2 2 2 2 2 2 2 2 2 2 2 2 2 2 2 2 2 2
split_gain=69216.6 11252.8 10105.1 8436.02 5549.96 5517.03 1100.73 1702.43 499.369 409.738 407.509 361.78 302.462 360.926 139.257 84.4909 29.1403 5.28809 0.00105763
threshold=1.0000000180025095e-35 4.5000000000000009 9.5000000000000018 3.5000000000000004 9.5000000000000018 5.5000000000000009 3.5000000000000004 1.5000000000000002 6.5000000000000009 1.5000000000000002 4.5000000000000009 5.5000000000000009 6.5000000000000009 7.5000000000000009 2.5000000000000004 2.5000000000000004 7.5000000000000009 8.5000000000000018 8.5000000000000018
decision_type=2 2 2 2 2 2 2 2 2 2 2 2 2 2 2 2 2 2 2
left_child=1 6 5 9 10 -3 7 -1 -7 -2 -5 -12 -13 -14 -11 -9 -10 -15 -18
right_child=3 2 -4 4 -6 8 -8 15 16 14 11 12 13 17 -16 -17 18 -19 -20
leaf_value=0.075549961692029308 -0.019763398739969594 0.32353140228353156 -0.048461615205213263 -0.22216635678183808 0.065567220103038448 0.13326136165450717 0.069195000894434824 -0.099131048153332971 0.17342232211353159 0.1101729615951578 -0.13735915080418984 -0.20073742634872491 -0.13092924551476989 -0.17521531972367271 0.049675335134379571 -0.060335144297116332 0.1879664841314985 -0.18117893229210222 0.18787545261946859
leaf_weight=273 174 772 440 372 261 667 444 230 473 150 794 840 561 810 260 360 720 687 573
leaf_count=273 174 772 440 372 261 667 444 230 473 150 794 840 561 810 260 360 720 687 573
internal_value=-0.000799689 0.131093 0.176227 -0.133848 -0.157933 0.207073 0.00522336 -0.0276891 0.17012 0.0445252 -0.172287 -0.167261 -0.175454 -0.165134 0.0718086 -0.075459 0.184041 -0.177952 0.187926
internal_weight=9861 4952 3645 4909 4325 3205 1307 863 2433 584 4064 3692 2898 2058 410 590 1766 1497 1293
internal_count=9861 4952 3645 4909 4325 3205 1307 863 2433 584 4064 3692 2898 2058 410 590 1766 1497 1293
is_linear=0
shrinkage=0.05


Tree=14
num_leaves=20
num_cat=0
split_feature=1 2 2 2 2 2 2 2 2 2 2 2 2 2 2 2 2 2 2
split_gain=62468 10155.7 9119.89 7613.5 5008.84 4979.12 993.413 1536.44 450.681 369.788 367.777 326.507 272.972 325.735 125.68 76.2531 26.2991 4.77252 0.000954468
threshold=1.0000000180025095e-35 4.5000000000000009 9.5000000000000018 3.5000000000000004 9.5000000000000018 5.5000000000000009 3.5000000000000004 1.5000000000000002 6.5000000000000009 1.5000000000000002 4.5000000000000009 5.5000000000000009 6.5000000000000009 7.5000000000000009 2.5000000000000004 2.5000000000000004 7.5000000000000009 8.5000000000000018 8.5000000000000018
decision_type=2 2 2 2 2 2 2 2 2 2 2 2 2 2 2 2 2 2 2
left_child=1 6 5 9 10 -3 7 -1 -7 -2 -5 -12 -13 -14 -11 -9 -10 -15 -18
right_child=3 2 -4 4 -6 8 -8 15 16 14 11 12 13 17 -16 -17 18 -19 -20
leaf_value=0.071772462612652521 -0.01877522449726346 0.30735483647799455 -0.046038527928123421 -0.21105804303410636 0.062288853837983597 0.12659830063123487 0.065735247136336994 -0.094174495086721766 0.16475120900360274 0.10466430951406558 -0.13049119852133734 -0.19070056052846623 -0.12438279434162028 -0.16645454010135713 0.047191571096818041 -0.057318387093643355 0.17856815816420649 -0.17211998526679334 0.17848168003322462
leaf_weight=273 174 772 440 372 261 667 444 230 473 150 794 840 561 810 260 360 720 687 573
leaf_count=273 174 772 440 372 261 667 444 230 473 150 794 840 561 810 260 360 720 687 573
internal_value=-0.000759705 0.124538 0.167415 -0.127155 -0.150037 0.196719 0.00496219 -0.0263046 0.161614 0.0422989 -0.163673 -0.158898 -0.166681 -0.156877 0.0682182 -0.071686 0.174839 -0.169055 0.17853
internal_weight=9861 4952 3645 4909 4325 3205 1307 863 2433 584 4064 3692 2898 2058 410 590 1766 1497 1293
internal_count=9861 4952 3645 4909 4325 3205 1307 863 2433 584 4064 3692 2898 2058 410 590 1766 1497 1293
is_linear=0
shrinkage=0.05


Tree=15
num_leaves=20
num_cat=0
split_feature=1 2 2 2 2 2 2 2 2 2 2 2 2 2 2 2 2 2 2
split_gain=63179.1 6730.07 8916.93 5305.12 4546.68 3373.06 1142.03 804.869 634.231 556.737 512.427 277.727 116.961 87.5691 67.3767 47.7411 15.3191 14.6579 28.3484
threshold=1.0000000180025095e-35 9.5000000000000018 4.5000000000000009 3.5000000000000004 9.5000000000000018 5.5000000000000009 3.5000000000000004 1.5000000000000002 4.5000000000000009 1.5000000000000002 5.5000000000000009 6.5000000000000009 8.5000000000000018 8.5000000000000018 2.5000000000000004 2.5000000000000004 7.5000000000000009 7.5000000000000009 6.5000000000000009
decision_type=2 2 2 2 2 2 2 2 2 2 2 2 2 2 2 2 2 2 2
left_child=1 2 6 9 8 -4 7 -1 -5 -2 -10 -12 16 17 -9 -11 -13 18 -7
right_child=3 -3 5 4 -6 13 -8 14 10 15 11 12 -14 -15 -16 -17 -18 -19 -20
leaf_value=0.070941230976653002 -0.063705930046674769 -0.06128028874885566 0.27995272475120919 -0.2250586127962948 0.052713772348577985 0.15648631009236655 0.098035225893777334 -0.054373005623199147 -0.11996896065574028 0.064476904790294734 -0.18931844100756801 -0.15358415096834066 -0.1722988033747285 0.17585745047485521 -0.020054462320137946 0.029166086861516633 -0.14278135318608781 0.15891027940906027 0.14038850207665193
leaf_weight=266 179 447 750 361 263 662 433 236 792 148 853 539 684 567 363 271 839 735 466
leaf_count=266 179 447 750 361 263 662 433 236 792 148 853 539 684 567 363 271 839 735 466
internal_value=-0.00293949 0.123717 0.142183 -0.129493 -0.148768 0.187261 0.0317472 -0.00143518 -0.161794 0.0101057 -0.155633 -0.165323 -0.155397 0.158652 -0.0335756 0.0416386 -0.147007 0.153416 0.149836
internal_weight=9854 4925 4478 4929 4331 3180 1298 865 4068 598 3707 2915 2062 2430 599 419 1378 1863 1128
internal_count=9854 4925 4478 4929 4331 3180 1298 865 4068 598 3707 2915 2062 2430 599 419 1378 1863 1128
is_linear=0
shrinkage=0.05


Tree=16
num_leaves=20
num_cat=0
split_feature=1 2 2 2 2 2 2 2 2 2 2 2 2 2 2 2 2 2 2
split_gain=57019.2 6073.89 8047.53 4787.87 4103.38 3044.19 1030.68 726.394 572.393 502.455 462.466 250.648 105.558 79.0311 60.8075 43.0864 13.8255 13.2287 25.5844
threshold=1.0000000180025095e-35 9.5000000000000018 4.5000000000000009 3.5000000000000004 9.5000000000000018 5.5000000000000009 3.5000000000000004 1.5000000000000002 4.5000000000000009 1.5000000000000002 5.5000000000000009 6.5000000000000009 8.5000000000000018 8.5000000000000018 2.5000000000000004 2.5000000000000004 7.5000000000000009 7.5000000000000009 6.5000000000000009
decision_type=2 2 2 2 2 2 2 2 2 2 2 2 2 2 2 2 2 2 2
left_child=1 2 6 9 8 -4 7 -1 -5 -2 -10 -12 16 17 -9 -11 -13 18 -7
right_child=3 -3 5 4 -6 13 -8 14 10 15 11 12 -14 -15 -16 -17 -18 -19 -20
leaf_value=0.067394176174543408 -0.060520634376678054 -0.058216261744949239 0.26595508712932159 -0.213805679314437 0.050078075961298367 0.14866199216459317 0.093133457909245695 -0.051654359350825456 -0.11397051023333477 0.061253060960538092 -0.17985252089965501 -0.14590495143073623 -0.1636838696906561 0.16706457788911461 -0.019051738126465115 0.027707782493237534 -0.13564229696590555 0.15096476725106237 0.13336907748488686
leaf_weight=266 179 447 750 361 263 662 433 236 792 148 853 539 684 567 363 271 839 735 466
leaf_count=266 179 447 750 361 263 662 433 236 792 148 853 539 684 567 363 271 839 735 466
internal_value=-0.00279252 0.117531 0.135074 -0.123018 -0.14133 0.177898 0.0301598 -0.00136342 -0.153704 0.00960045 -0.147851 -0.157057 -0.147627 0.15072 -0.0318968 0.0395567 -0.139656 0.145745 0.142344
internal_weight=9854 4925 4478 4929 4331 3180 1298 865 4068 598 3707 2915 2062 2430 599 419 1378 1863 1128
internal_count=9854 4925 4478 4929 4331 3180 1298 865 4068 598 3707 2915 2062 2430 599 419 1378 1863 1128
is_linear=0
shrinkage=0.05


Tree=17
num_leaves=24
num_cat=0
split_feature=0 1 0 0 0 0 0 0 0 1 0 0 0 1 0 1 0 0 0 0 0 0 0
split_gain=127661 43591.6 10908.8 10849.6 8223.38 25199.6 5340.83 4477.03 24333.7 5387.36 3935.58 2739.11 3029.45 1759.91 1532.86 1416.78 801.377 285.687 229.636 163.93 156.422 58.4502 30.5788
threshold=1450.0000000000002 1.0000000180025095e-35 1075.0000000000002 1850.0000000000002 1750.0000000000002 1650.0000000000002 1750.0000000000002 1250.0000000000002 1350.0000000000002 1.0000000180025095e-35 1950.0000000000002 2550.0000000000005 1950.0000000000002 1.0000000180025095e-35 2050.0000000000005 1.0000000180025095e-35 2150.0000000000005 2800.0000000000005 2350.0000000000005 2350.0000000000005 2450.0000000000005 1550.0000000000002 1175.0000000000002
decision_type=2 2 2 2 2 2 2 2 2 2 2 2 2 2 2 2 2 2 2 2 2 2 2
left_child=2 6 13 4 5 -3 21 15 -9 -10 -5 12 -8 -1 -12 -4 -14 -13 -18 -16 -20 -2 -17
right_child=1 3 7 10 -6 -7 11 8 9 -11 14 17 16 -15 19 22 18 -19 20 -21 -22 -23 -24
leaf_value=-0.35348272654745316 0.20297204384685688 -0.2728507200212163 -0.31263169619466241 0.4329674856453542 -0.12550940690353438 0.27377759439409249 0.34867851574217523 0.82862856513896921 -0.060381059844016295 -0.26908415329435148 -0.14791074115782976 0.5326932340115309 0.25678440450812007 -0.64741124935105621 0.20644715501551045 -0.20180739946490914 0.13786967288936683 0.34689634916186335 0.22918469105203895 0.10489234171929906 0.12476541830057448 0.14897757289030128 -0.22984327817248118
leaf_weight=72 53 340 872 151 1495 555 906 61 488 844 48 120 1021 174 114 108 207 25 194 61 44 923 978
leaf_count=72 53 340 872 151 1495 555 906 61 488 844 48 120 1021 174 114 108 207 25 194 61 44 923 978
internal_value=-0.00265289 0.133799 -0.240012 -0.0145613 -0.0537486 0.0661199 0.251197 -0.21642 -0.147901 -0.192622 0.23586 0.289696 0.2768 -0.561383 0.102393 -0.265167 0.232379 0.500659 0.176383 0.171048 0.20988 0.15191 -0.227055
internal_weight=9854 6257 3597 2764 2390 895 3493 3351 1393 1332 374 2517 2372 246 223 1958 1466 145 445 175 238 976 1086
internal_count=9854 6257 3597 2764 2390 895 3493 3351 1393 1332 374 2517 2372 246 223 1958 1466 145 445 175 238 976 1086
is_linear=0
shrinkage=0.05


Tree=18
num_leaves=20
num_cat=0
split_feature=1 2 2 2 2 2 2 2 2 2 2 2 2 2 2 2 2 2 2
split_gain=46442.5 5277.31 6958.91 3804.4 3449.64 889.443 2611.75 585.286 496.166 445.751 383.599 213.99 69.472 66.1067 53.2519 42.6691 12.6736 10.074 15.9216
threshold=1.0000000180025095e-35 9.5000000000000018 3.5000000000000004 3.5000000000000004 9.5000000000000018 4.5000000000000009 5.5000000000000009 1.5000000000000002 4.5000000000000009 1.5000000000000002 5.5000000000000009 6.5000000000000009 8.5000000000000018 8.5000000000000018 2.5000000000000004 2.5000000000000004 7.5000000000000009 7.5000000000000009 6.5000000000000009
decision_type=2 2 2 2 2 2 2 2 2 2 2 2 2 2 2 2 2 2 2
left_child=1 2 7 9 8 -4 -7 -1 -5 -2 -10 -12 16 17 -11 -9 -13 18 -8
right_child=3 -3 5 4 -6 6 13 15 10 14 11 12 -14 -15 -16 -17 -18 -19 -20
leaf_value=0.056756352193283115 -0.058853787075020585 -0.057746279875224904 0.085692071759595811 -0.19464943761165948 0.048152626260491833 0.24363989719661575 0.13436917203163387 -0.048920831441784565 -0.10238661862970942 0.059527911717776917 -0.16269033334222335 -0.13243077969513764 -0.14594074167273408 0.15185152399016963 0.022234755234167364 -0.021610260759954938 -0.12260494418270194 0.13690803655510339 0.12230504454521247
leaf_weight=266 179 447 433 361 263 750 662 236 792 148 853 539 684 567 271 363 839 735 466
leaf_count=266 179 447 433 361 263 750 662 236 792 148 853 539 684 567 271 363 839 735 466
internal_value=-0.00252025 0.106072 0.122424 -0.111024 -0.127347 0.152922 0.162077 -0.0049626 -0.138693 0.00719218 -0.133244 -0.141627 -0.132914 0.136903 0.0354075 -0.0323704 -0.126448 0.132353 0.129385
internal_weight=9854 4925 4478 4929 4331 3613 3180 865 4068 598 3707 2915 2062 2430 419 599 1378 1863 1128
internal_count=9854 4925 4478 4929 4331 3613 3180 865 4068 598 3707 2915 2062 2430 419 599 1378 1863 1128
is_linear=0
shrinkage=0.05


Tree=19
num_leaves=20
num_cat=0
split_feature=1 2 2 2 2 2 2 2 2 2 2 2 2 2 2 2 2 2 2
split_gain=41914.3 4762.77 6280.42 3433.47 3113.3 802.722 2357.1 528.22 447.79 402.291 346.198 193.126 62.6985 59.6613 48.0599 38.5088 11.4379 9.09179 14.3692
threshold=1.0000000180025095e-35 9.5000000000000018 3.5000000000000004 3.5000000000000004 9.5000000000000018 4.5000000000000009 5.5000000000000009 1.5000000000000002 4.5000000000000009 1.5000000000000002 5.5000000000000009 6.5000000000000009 8.5000000000000018 8.5000000000000018 2.5000000000000004 2.5000000000000004 7.5000000000000009 7.5000000000000009 6.5000000000000009
decision_type=2 2 2 2 2 2 2 2 2 2 2 2 2 2 2 2 2 2 2
left_child=1 2 7 9 8 -4 -7 -1 -5 -2 -10 -12 16 17 -11 -9 -13 18 -8
right_child=3 -3 5 4 -6 6 13 15 10 14 11 12 -14 -15 -16 -17 -18 -19 -20
leaf_value=0.053918529425999784 -0.055911101917241961 -0.054858965916304916 0.081407467367914765 -0.18491696543924491 0.045744990855597051 0.23145790307198963 0.12765071489102575 -0.046474781509299401 -0.09726729063467697 0.056551514732072483 -0.1545558144891982 -0.12580923855871459 -0.13864370443291787 0.14425894752854393 0.021123016594713245 -0.02052974773483664 -0.11647469848795396 0.13006263077715222 0.11618979511134997
leaf_weight=266 179 447 433 361 263 750 662 236 792 148 853 539 684 567 271 363 839 735 466
leaf_count=266 179 447 433 361 263 750 662 236 792 148 853 539 684 567 271 363 839 735 466
internal_value=-0.00239424 0.100768 0.116303 -0.105473 -0.120979 0.145276 0.153973 -0.00471447 -0.131758 0.00683257 -0.126581 -0.134546 -0.126269 0.130058 0.0336371 -0.0307518 -0.120126 0.125736 0.122916
internal_weight=9854 4925 4478 4929 4331 3613 3180 865 4068 598 3707 2915 2062 2430 419 599 1378 1863 1128
internal_count=9854 4925 4478 4929 4331 3613 3180 865 4068 598 3707 2915 2062 2430 419 599 1378 1863 1128
is_linear=0
shrinkage=0.05


Tree=20
num_leaves=20
num_cat=0
split_feature=1 2 2 2 2 2 2 2 2 2 2 2 2 2 2 2 2 2 2
split_gain=33741.5 4738.41 4852.59 3779.4 2275.9 2058.97 484.26 773.152 310.199 225.045 126.969 182.268 280.585 59.3373 32.646 65.9092 20.8924 6.51476 0.0230289
threshold=1.0000000180025095e-35 4.5000000000000009 9.5000000000000018 3.5000000000000004 5.5000000000000009 9.5000000000000018 1.5000000000000002 3.5000000000000004 4.5000000000000009 7.5000000000000009 5.5000000000000009 6.5000000000000009 7.5000000000000009 8.5000000000000018 2.5000000000000004 1.5000000000000002 6.5000000000000009 8.5000000000000018 2.5000000000000004
decision_type=2 2 2 2 2 2 2 2 2 2 2 2 2 2 2 2 2 2 2
left_child=1 6 4 14 -3 8 -1 18 -5 16 -10 -12 -13 -14 15 -2 -6 -11 -8
right_child=3 2 -4 5 9 -7 7 -9 10 17 11 12 13 -15 -16 -17 -18 -19 -20
leaf_value=0.073988210871540602 0.017166023399011139 0.22055050195720916 -0.029200809038831151 -0.16014860519858379 0.099948079888918961 0.028667741059237108 -0.039255762644685235 0.048394485070036915 -0.093617104036858634 0.13302516754274518 -0.13557104395771952 -0.077359957185570455 -0.12854462451728324 -0.10850435967481564 0.01432712457205792 0.061916875734535692 0.11370312883183203 0.14019791691645719 -0.038628858092965353
leaf_weight=259 178 770 453 358 665 263 247 436 789 712 858 544 803 684 266 153 472 570 360
leaf_count=259 178 770 453 358 665 263 247 436 789 712 858 544 803 684 266 153 472 570 360
internal_value=0.00252608 0.0946635 0.123931 -0.0905146 0.145683 -0.106885 0.012796 -0.00239939 -0.115718 0.121852 -0.111394 -0.116249 -0.108086 -0.119326 0.0273699 0.0378515 0.105658 0.136214 -0.038884
internal_weight=9840 4944 3642 4896 3189 4299 1302 1043 4036 2419 3678 2889 2031 1487 597 331 1137 1282 607
internal_count=9840 4944 3642 4896 3189 4299 1302 1043 4036 2419 3678 2889 2031 1487 597 331 1137 1282 607
is_linear=0
shrinkage=0.05


Tree=21
num_leaves=20
num_cat=0
split_feature=1 2 2 2 2 2 2 2 2 2 2 2 2 2 2 2 2 2 2
split_gain=30451.7 4276.42 4379.46 3410.9 2054 1858.22 437.045 697.77 279.955 203.103 114.59 164.497 253.228 53.552 29.463 59.483 18.8554 5.87956 0.0207834
threshold=1.0000000180025095e-35 4.5000000000000009 9.5000000000000018 3.5000000000000004 5.5000000000000009 9.5000000000000018 1.5000000000000002 3.5000000000000004 4.5000000000000009 7.5000000000000009 5.5000000000000009 6.5000000000000009 7.5000000000000009 8.5000000000000018 2.5000000000000004 1.5000000000000002 6.5000000000000009 8.5000000000000018 2.5000000000000004
decision_type=2 2 2 2 2 2 2 2 2 2 2 2 2 2 2 2 2 2 2
left_child=1 6 4 14 -3 8 -1 18 -5 16 -10 -12 -13 -14 15 -2 -6 -11 -8
right_child=3 2 -4 5 9 -7 7 -9 10 17 11 12 13 -15 -16 -17 -18 -19 -20
leaf_value=0.070288799373742245 0.01630772221885789 0.20952297649660767 -0.027740765377137995 -0.15214117515257264 0.094950673005130506 0.027234357979304437 -0.037292972217249851 0.045974761460706975 -0.088936243292194517 0.12637391438105769 -0.12879249087723715 -0.073491956506725672 -0.1221173979666729 -0.10307913172499233 0.013610761079068921 0.058821024838226293 0.10801797108093308 0.1331880211751712 -0.036697415324031479
leaf_weight=259 178 770 453 358 665 263 247 436 789 712 858 544 803 684 266 153 472 570 360
leaf_count=259 178 770 453 358 665 263 247 436 789 712 858 544 803 684 266 153 472 570 360
internal_value=0.00239978 0.0899303 0.117734 -0.0859889 0.138399 -0.101541 0.0121562 -0.00227942 -0.109932 0.115759 -0.105824 -0.110436 -0.102681 -0.11336 0.0260014 0.0359589 0.100375 0.129404 -0.0369398
internal_weight=9840 4944 3642 4896 3189 4299 1302 1043 4036 2419 3678 2889 2031 1487 597 331 1137 1282 607
internal_count=9840 4944 3642 4896 3189 4299 1302 1043 4036 2419 3678 2889 2031 1487 597 331 1137 1282 607
is_linear=0
shrinkage=0.05


Tree=22
num_leaves=20
num_cat=0
split_feature=1 2 2 2 2 2 2 2 2 2 2 2 2 2 2 2 2 2 2
split_gain=27482.7 3859.47 3952.46 3078.34 1853.73 1677.04 394.433 629.737 252.659 183.3 103.417 148.459 228.538 48.3306 26.5904 53.6834 17.017 5.3063 0.0187567
threshold=1.0000000180025095e-35 4.5000000000000009 9.5000000000000018 3.5000000000000004 5.5000000000000009 9.5000000000000018 1.5000000000000002 3.5000000000000004 4.5000000000000009 7.5000000000000009 5.5000000000000009 6.5000000000000009 7.5000000000000009 8.5000000000000018 2.5000000000000004 1.5000000000000002 6.5000000000000009 8.5000000000000018 2.5000000000000004
decision_type=2 2 2 2 2 2 2 2 2 2 2 2 2 2 2 2 2 2 2
left_child=1 6 4 14 -3 8 -1 18 -5 16 -10 -12 -13 -14 15 -2 -6 -11 -8
right_child=3 2 -4 5 9 -7 7 -9 10 17 11 12 13 -15 -16 -17 -18 -19 -20
leaf_value=0.066774363087986427 0.015492335322386261 0.19904682889617012 -0.026353731717108433 -0.1445341203653113 0.090203144678003958 0.0258726348569298 -0.035428319200270085 0.043676023327140989 -0.084489437983299318 0.12005521754415056 -0.12235286612756169 -0.069817365829572639 -0.11601152131705084 -0.097925180263694511 0.012930226304981494 0.055879962074211226 0.10261707929026148 0.12652861996570178 -0.034862544817733578
leaf_weight=259 178 770 453 358 665 263 247 436 789 712 858 544 803 684 266 153 472 570 360
leaf_count=259 178 770 453 358 665 263 247 436 789 712 858 544 803 684 266 153 472 570 360
internal_value=0.00227979 0.0854338 0.111848 -0.0816895 0.131479 -0.0964639 0.0115484 -0.00216545 -0.104436 0.109971 -0.100533 -0.104914 -0.0975474 -0.107692 0.0247014 0.0341609 0.0953565 0.122933 -0.0350928
internal_weight=9840 4944 3642 4896 3189 4299 1302 1043 4036 2419 3678 2889 2031 1487 597 331 1137 1282 607
internal_count=9840 4944 3642 4896 3189 4299 1302 1043 4036 2419 3678 2889 2031 1487 597 331 1137 1282 607
is_linear=0
shrinkage=0.05


Tree=23
num_leaves=20
num_cat=0
split_feature=1 2 2 2 2 2 2 2 2 2 2 2 2 2 2 2 2 2 2
split_gain=24803.1 3483.17 3567.1 2778.2 1672.99 1513.53 355.976 568.338 228.025 165.429 93.3339 133.984 206.255 43.6184 23.9978 48.4493 15.3578 4.78894 0.0169284
threshold=1.0000000180025095e-35 4.5000000000000009 9.5000000000000018 3.5000000000000004 5.5000000000000009 9.5000000000000018 1.5000000000000002 3.5000000000000004 4.5000000000000009 7.5000000000000009 5.5000000000000009 6.5000000000000009 7.5000000000000009 8.5000000000000018 2.5000000000000004 1.5000000000000002 6.5000000000000009 8.5000000000000018 2.5000000000000004
decision_type=2 2 2 2 2 2 2 2 2 2 2 2 2 2 2 2 2 2 2
left_child=1 6 4 14 -3 8 -1 18 -5 16 -10 -12 -13 -14 15 -2 -6 -11 -8
right_child=3 2 -4 5 9 -7 7 -9 10 17 11 12 13 -15 -16 -17 -18 -19 -20
leaf_value=0.063435645794143555 0.014717719470035662 0.18909448357858372 -0.02503604094814468 -0.1373074067685644 0.085692979411074996 0.024578997994925359 -0.033656910454349119 0.041492221739416552 -0.080264961890904624 0.11405245667974873 -0.1162352255972684 -0.066326492376195839 -0.11021094760912034 -0.093028919544201671 0.012283715297629063 0.053085973051687087 0.097486226529009262 0.12020218696859829 -0.033119418492747681
leaf_weight=259 178 770 453 358 665 263 247 436 789 712 858 544 803 684 266 153 472 570 360
leaf_count=259 178 770 453 358 665 263 247 436 789 712 858 544 803 684 266 153 472 570 360
internal_value=0.0021658 0.0811621 0.106255 -0.077605 0.124905 -0.0916407 0.010971 -0.00205718 -0.099214 0.104473 -0.0955062 -0.0996686 -0.09267 -0.102307 0.0234663 0.0324529 0.0905887 0.116787 -0.0333381
internal_weight=9840 4944 3642 4896 3189 4299 1302 1043 4036 2419 3678 2889 2031 1487 597 331 1137 1282 607
internal_count=9840 4944 3642 4896 3189 4299 1302 1043 4036 2419 3678 2889 2031 1487 597 331 1137 1282 607
is_linear=0
shrinkage=0.05


Tree=24
num_leaves=20
num_cat=0
split_feature=1 2 2 2 2 2 2 2 2 2 2 2 2 2 2 2 2 2 2
split_gain=22384.8 3143.56 3219.31 2507.33 1509.88 1365.96 321.268 512.925 205.792 149.299 84.2338 120.92 186.145 39.3656 21.658 43.7255 13.8604 4.32202 0.015278
threshold=1.0000000180025095e-35 4.5000000000000009 9.5000000000000018 3.5000000000000004 5.5000000000000009 9.5000000000000018 1.5000000000000002 3.5000000000000004 4.5000000000000009 7.5000000000000009 5.5000000000000009 6.5000000000000009 7.5000000000000009 8.5000000000000018 2.5000000000000004 1.5000000000000002 6.5000000000000009 8.5000000000000018 2.5000000000000004
decision_type=2 2 2 2 2 2 2 2 2 2 2 2 2 2 2 2 2 2 2
left_child=1 6 4 14 -3 8 -1 18 -5 16 -10 -12 -13 -14 15 -2 -6 -11 -8
right_child=3 2 -4 5 9 -7 7 -9 10 17 11 12 13 -15 -16 -17 -18 -19 -20
leaf_value=0.06026386212284271 0.013981833727507109 0.17963976362103284 -0.02378424268892286 -0.13044203636730767 0.081408334519518052 0.023350055118183475 -0.031974066148779776 0.039417607562697639 -0.07625171550433299 0.10834983390091468 -0.11042345785307926 -0.063010171204972307 -0.10470039782967944 -0.088377473855754354 0.011669528740633251 0.050431679754085794 0.092611909294658804 0.11419207968291614 -0.031463445488156543
leaf_weight=259 178 770 453 358 665 263 247 436 789 712 858 544 803 684 266 153 472 570 360
leaf_count=259 178 770 453 358 665 263 247 436 789 712 858 544 803 684 266 153 472 570 360
internal_value=0.00205751 0.077104 0.100942 -0.0737247 0.11866 -0.0870587 0.0104224 -0.00195432 -0.0942533 0.0992492 -0.0907309 -0.0946852 -0.0880365 -0.0971921 0.022293 0.0308303 0.0860592 0.110947 -0.0316712
internal_weight=9840 4944 3642 4896 3189 4299 1302 1043 4036 2419 3678 2889 2031 1487 597 331 1137 1282 607
internal_count=9840 4944 3642 4896 3189 4299 1302 1043 4036 2419 3678 2889 2031 1487 597 331 1137 1282 607
is_linear=0
shrinkage=0.05


Tree=25
num_leaves=24
num_cat=0
split_feature=0 1 0 0 0 0 0 0 0 1 0 0 0 0 1 1 0 0 0 0 0 0 0
split_gain=101936 20301.8 10869.5 11546.6 11467.2 9170.36 3943.64 3205.95 24718.9 2951.84 2876.89 2207.89 3042.82 1915.25 1683.2 986.956 712.761 182.137 109.933 73.7653 62.2 16.0442 6.41895
threshold=1450.0000000000002 1.0000000180025095e-35 1650.0000000000002 1750.0000000000002 1850.0000000000002 1075.0000000000002 1950.0000000000002 1250.0000000000002 1350.0000000000002 1.0000000180025095e-35 1750.0000000000002 2550.0000000000005 2150.0000000000005 2050.0000000000005 1.0000000180025095e-35 1.0000000180025095e-35 1950.0000000000002 2800.0000000000005 1550.0000000000002 2350.0000000000005 2350.0000000000005 1175.0000000000002 2450.0000000000005
decision_type=2 2 2 2 2 2 2 2 2 2 2 2 2 2 2 2 2 2 2 2 2 2 2
left_child=5 10 -3 -4 -5 15 -6 9 -9 -7 18 12 16 -8 -10 -1 -12 -13 -2 -14 -15 -11 -21
right_child=1 2 3 4 6 7 13 8 14 21 11 17 19 20 -16 -17 -18 -19 -20 22 -22 -23 -24
leaf_value=-0.35869705929205969 0.19880163472628706 -0.24420927464331996 0.25997980730812792 -0.064232392407081493 0.44121545924265915 -0.3021781077316375 -0.14793235738416788 0.834320560901884 -0.10611711805781583 -0.19660539446132524 0.27769974675027004 0.44898089164724714 0.080199423715196283 0.21568873418276913 -0.22324239595986695 -0.57331858299541893 0.21704064033616929 0.28905975435461317 0.12542127273320577 0.1243067247169045 0.15283905981016943 -0.17536695304341265 0.10047937020885223
leaf_weight=78 54 340 546 1482 152 857 54 63 489 98 927 117 216 111 823 171 1014 21 931 197 61 960 33
leaf_count=78 54 340 546 1482 152 857 54 63 489 98 927 117 216 111 823 171 1014 21 931 197 61 960 33
internal_value=0.000933589 0.122251 0.0204175 0.0578128 -0.001533 -0.213523 0.244288 -0.191381 -0.133133 -0.233204 0.20192 0.230192 0.21895 0.111842 -0.179588 -0.506088 0.246011 0.424645 0.129444 0.101182 0.193399 -0.177334 0.120888
internal_weight=9795 6256 2746 2406 1860 3539 378 3290 1375 1915 3510 2525 2387 226 1312 249 1941 138 985 446 172 1058 230
internal_count=9795 6256 2746 2406 1860 3539 378 3290 1375 1915 3510 2525 2387 226 1312 249 1941 138 985 446 172 1058 230
is_linear=0
shrinkage=0.05


Tree=26
num_leaves=24
num_cat=0
split_feature=0 1 0 0 0 0 0 0 0 1 0 0 0 0 1 1 0 0 0 0 0 0 0
split_gain=91997.6 18322.4 9809.76 10420.8 10349.1 8276.25 3559.14 2893.37 22308.8 2664.03 2596.39 1992.62 2746.14 1728.52 1519.09 890.728 643.267 164.378 99.2143 66.5732 56.1355 14.4798 5.7931
threshold=1450.0000000000002 1.0000000180025095e-35 1650.0000000000002 1750.0000000000002 1850.0000000000002 1075.0000000000002 1950.0000000000002 1250.0000000000002 1350.0000000000002 1.0000000180025095e-35 1750.0000000000002 2550.0000000000005 2150.0000000000005 2050.0000000000005 1.0000000180025095e-35 1.0000000180025095e-35 1950.0000000000002 2800.0000000000005 1550.0000000000002 2350.0000000000005 2350.0000000000005 1175.0000000000002 2450.0000000000005
decision_type=2 2 2 2 2 2 2 2 2 2 2 2 2 2 2 2 2 2 2 2 2 2 2
left_child=5 10 -3 -4 -5 15 -6 9 -9 -7 18 12 16 -8 -10 -1 -12 -13 -2 -14 -15 -11 -21
right_child=1 2 3 4 6 7 13 8 14 21 11 17 19 20 -16 -17 -18 -19 -20 22 -22 -23 -24
leaf_value=-0.34076218574654121 0.18886155161868645 -0.23199881320928828 0.24698081250599291 -0.06102077075017568 0.41915468485339691 -0.28706920781102724 -0.14053573310375214 0.79260454083245901 -0.10081126598035631 -0.18677512110039896 0.26381476133903076 0.42653184779561482 0.076189453126991991 0.20490429669551485 -0.21208027576113048 -0.54465265688077924 0.20618860275673825 0.2746067662058132 0.11915020569018564 0.11809138903006684 0.14519711131932306 -0.16659860486470279 0.095455400498979021
leaf_weight=78 54 340 546 1482 152 857 54 63 489 98 927 117 216 111 823 171 1014 21 931 197 61 960 33
leaf_count=78 54 340 546 1482 152 857 54 63 489 98 927 117 216 111 823 171 1014 21 931 197 61 960 33
internal_value=0.000886908 0.116139 0.0193966 0.0549222 -0.00145634 -0.202847 0.232074 -0.181812 -0.126476 -0.221544 0.191824 0.218683 0.208003 0.10625 -0.170609 -0.480783 0.23371 0.403413 0.122972 0.0961232 0.183729 -0.168468 0.114844
internal_weight=9795 6256 2746 2406 1860 3539 378 3290 1375 1915 3510 2525 2387 226 1312 249 1941 138 985 446 172 1058 230
internal_count=9795 6256 2746 2406 1860 3539 378 3290 1375 1915 3510 2525 2387 226 1312 249 1941 138 985 446 172 1058 230
is_linear=0
shrinkage=0.05


Tree=27
num_leaves=24
num_cat=0
split_feature=0 1 0 0 0 0 0 0 0 1 0 0 0 0 1 1 0 0 0 0 0 0 0
split_gain=83027.8 16535.9 8853.31 9404.82 9340.08 7469.32 3212.12 2611.27 20133.7 2404.29 2343.25 1798.34 2478.39 1559.99 1370.98 803.882 580.549 148.352 89.5409 60.0823 50.6623 13.0681 5.22827
threshold=1450.0000000000002 1.0000000180025095e-35 1650.0000000000002 1750.0000000000002 1850.0000000000002 1075.0000000000002 1950.0000000000002 1250.0000000000002 1350.0000000000002 1.0000000180025095e-35 1750.0000000000002 2550.0000000000005 2150.0000000000005 2050.0000000000005 1.0000000180025095e-35 1.0000000180025095e-35 1950.0000000000002 2800.0000000000005 1550.0000000000002 2350.0000000000005 2350.0000000000005 1175.0000000000002 2450.0000000000005
decision_type=2 2 2 2 2 2 2 2 2 2 2 2 2 2 2 2 2 2 2 2 2 2 2
left_child=5 10 -3 -4 -5 15 -6 9 -9 -7 18 12 16 -8 -10 -1 -12 -13 -2 -14 -15 -11 -21
right_child=1 2 3 4 6 7 13 8 14 21 11 17 19 20 -16 -17 -18 -19 -20 22 -22 -23 -24
leaf_value=-0.3237240916500107 0.17941847042422054 -0.22039886893321048 0.23463177586907366 -0.05796973652436678 0.39819695824316065 -0.27271574534738791 -0.13350895060985177 0.7529743409819073 -0.095770701041144213 -0.17743636199406215 0.25062402017221674 0.40520525794659357 0.072379978045959165 0.19465907693311976 -0.2014762545919401 -0.51742003586317542 0.19587917851019632 0.26087642540889128 0.11319269920878361 0.11218681492119423 0.13793725373192889 -0.15826867129864697 0.090682634694332437
leaf_weight=78 54 340 546 1482 152 857 54 63 489 98 927 117 216 111 823 171 1014 21 931 197 61 960 33
leaf_count=78 54 340 546 1482 152 857 54 63 489 98 927 117 216 111 823 171 1014 21 931 197 61 960 33
internal_value=0.000842564 0.110332 0.0184268 0.0521761 -0.00138353 -0.192705 0.22047 -0.172721 -0.120152 -0.210467 0.182232 0.207748 0.197603 0.100937 -0.162078 -0.456744 0.222025 0.383242 0.116823 0.0913171 0.174543 -0.160044 0.109101
internal_weight=9795 6256 2746 2406 1860 3539 378 3290 1375 1915 3510 2525 2387 226 1312 249 1941 138 985 446 172 1058 230
internal_count=9795 6256 2746 2406 1860 3539 378 3290 1375 1915 3510 2525 2387 226 1312 249 1941 138 985 446 172 1058 230
is_linear=0
shrinkage=0.05


Tree=28
num_leaves=24
num_cat=0
split_feature=0 1 0 0 0 0 0 0 0 1 0 0 0 0 1 1 0 0 0 0 0 0 0
split_gain=74932.6 14923.7 7990.12 8487.85 8429.42 6741.06 2898.94 2356.67 18170.7 2169.87 2114.78 1623 2236.75 1407.89 1237.31 725.504 523.945 133.887 80.8106 54.2243 45.7227 11.7939 4.71852
threshold=1450.0000000000002 1.0000000180025095e-35 1650.0000000000002 1750.0000000000002 1850.0000000000002 1075.0000000000002 1950.0000000000002 1250.0000000000002 1350.0000000000002 1.0000000180025095e-35 1750.0000000000002 2550.0000000000005 2150.0000000000005 2050.0000000000005 1.0000000180025095e-35 1.0000000180025095e-35 1950.0000000000002 2800.0000000000005 1550.0000000000002 2350.0000000000005 2350.0000000000005 1175.0000000000002 2450.0000000000005
decision_type=2 2 2 2 2 2 2 2 2 2 2 2 2 2 2 2 2 2 2 2 2 2 2
left_child=5 10 -3 -4 -5 15 -6 9 -9 -7 18 12 16 -8 -10 -1 -12 -13 -2 -14 -15 -11 -21
right_child=1 2 3 4 6 7 13 8 14 21 11 17 19 20 -16 -17 -18 -19 -20 22 -22 -23 -24
leaf_value=-0.30753788141868055 0.17044755217653734 -0.2093789355456829 0.22290018746022122 -0.055071250460003468 0.37828711027610362 -0.25907995523793881 -0.12683350864659856 0.71532561411038931 -0.090982173263440047 -0.16856454469415608 0.23809282374391214 0.38494499050335501 0.068760986420049991 0.184926120748928 -0.19140244911669246 -0.49154902140974821 0.18608521465023822 0.24783260559751874 0.10753306291447742 0.10657747856856603 0.13104039138702095 -0.15035523997527589 0.086148498413350552
leaf_weight=78 54 340 546 1482 152 857 54 63 489 98 927 117 216 111 823 171 1014 21 931 197 61 960 33
leaf_count=78 54 340 546 1482 152 857 54 63 489 98 927 117 216 111 823 171 1014 21 931 197 61 960 33
internal_value=0.000800435 0.104815 0.0175054 0.0495673 -0.00131435 -0.18307 0.209447 -0.164085 -0.114145 -0.199944 0.173121 0.197361 0.187722 0.0958905 -0.153974 -0.433907 0.210923 0.36408 0.110982 0.0867512 0.165815 -0.152042 0.103646
internal_weight=9795 6256 2746 2406 1860 3539 378 3290 1375 1915 3510 2525 2387 226 1312 249 1941 138 985 446 172 1058 230
internal_count=9795 6256 2746 2406 1860 3539 378 3290 1375 1915 3510 2525 2387 226 1312 249 1941 138 985 446 172 1058 230
is_linear=0
shrinkage=0.05


Tree=29
num_leaves=20
num_cat=0
split_feature=1 2 2 2 2 2 2 2 2 2 2 2 2 2 2 2 2 2 2
split_gain=14461.6 2706.57 2123.47 1514.62 1449.57 919.527 359.52 340.733 118.42 278.148 33.8682 21.3973 80.1118 36.6569 30.1203 19.1294 1.98127 1.89146 0.967249
threshold=1.0000000180025095e-35 4.5000000000000009 9.5000000000000018 9.5000000000000018 3.5000000000000004 5.5000000000000009 3.5000000000000004 2.5000000000000004 7.5000000000000009 6.5000000000000009 1.5000000000000002 5.5000000000000009 6.5000000000000009 4.5000000000000009 7.5000000000000009 2.5000000000000004 1.5000000000000002 8.5000000000000018 8.5000000000000018
decision_type=2 2 2 2 2 2 2 2 2 2 2 2 2 2 2 2 2 2 2
left_child=1 6 5 4 10 -3 7 16 9 -7 -2 13 -13 -6 -14 -12 -1 -16 -10
right_child=3 2 -4 -5 11 8 -8 -9 18 -11 15 12 14 -15 17 -17 -18 -19 -20
leaf_value=0.0096444372995246729 -0.011765937918719062 0.14526543374221226 -0.022546975389479453 0.056016587734462303 -0.085208675237372522 0.072883517229515957 0.035547581627379338 -0.057288565867447433 0.073258843274489671 0.12301910448770892 0.028868259731438251 -0.092908884030045338 -0.064429231775368911 -0.065962425235237376 -0.079917343972610452 0.0065172397899680703 0.0034013064067323498 -0.076337336630125666 0.070521656025623256
leaf_weight=274 167 761 418 264 360 653 458 350 714 480 154 852 533 791 808 253 237 679 589
leaf_count=274 167 761 418 264 360 653 458 350 714 480 154 852 533 791 808 253 237 679 589
internal_value=0.000760412 0.0610634 0.0834325 -0.0604482 -0.0671366 0.0972891 -0.000243761 -0.0192826 0.0823014 0.0941237 0.00719453 -0.0777422 -0.0800506 -0.0719821 -0.0746273 0.0149744 0.0067489 -0.0782826 0.0720215
internal_weight=9795 4934 3615 4861 4597 3197 1319 861 2436 1133 574 4023 2872 1151 2020 407 511 1487 1303
internal_count=9795 4934 3615 4861 4597 3197 1319 861 2436 1133 574 4023 2872 1151 2020 407 511 1487 1303
is_linear=0
shrinkage=0.05


Tree=30
num_leaves=20
num_cat=0
split_feature=1 2 2 2 2 2 2 2 2 2 2 2 2 2 2 2 2 2 2
split_gain=11056.8 1941.76 1426.42 1240.85 895.377 286.364 887.593 241.778 442.066 192.044 108.718 60.8848 48.3691 39.6219 10.6304 10.1423 21.5082 6.16045 0.895255
threshold=1.0000000180025095e-35 3.5000000000000004 9.5000000000000018 9.5000000000000018 3.5000000000000004 5.5000000000000009 4.5000000000000009 4.5000000000000009 5.5000000000000009 6.5000000000000009 1.5000000000000002 8.5000000000000018 1.5000000000000002 2.5000000000000004 7.5000000000000009 6.5000000000000009 7.5000000000000009 2.5000000000000004 8.5000000000000018
decision_type=2 2 2 2 2 2 2 2 2 2 2 2 2 2 2 2 2 2 2
left_child=1 10 5 4 12 6 -3 -6 -9 -7 -1 14 -2 -12 -11 -10 -17 -14 -18
right_child=3 2 -4 -5 7 9 -8 8 15 11 13 -13 17 -15 -16 16 18 -19 -20
leaf_value=0.0065319417436294457 -0.02866162257097616 0.0368335913009687 -0.0214079883741847 0.051074753416561716 -0.11116106349180428 0.041103764826827649 0.12589923903060987 -0.034839791312873618 -0.081271895824659476 0.084506287877627373 -0.048184488115387156 0.058902419674642652 0.01105970649615578 -0.021386895549751945 0.074935314914224838 -0.066135679361906563 -0.078935934000566629 -0.0013060718345486986 -0.076499827092843628
leaf_weight=271 163 439 442 252 347 673 771 809 842 493 226 560 161 354 705 535 807 269 708
leaf_count=271 163 439 442 252 347 673 771 809 842 493 226 560 161 354 705 535 807 269 708
internal_value=-0.00372261 0.049093 0.063413 -0.0569807 -0.062848 0.0737098 0.0935853 -0.0712537 -0.067512 0.063817 -0.0196128 0.0725121 -0.00546807 -0.0318287 0.078874 -0.0766517 -0.074754 0.00332391 -0.0777975
internal_weight=9827 4934 4083 4893 4641 3641 1210 4048 3701 2431 851 1758 593 580 1198 2892 2050 430 1515
internal_count=9827 4934 4083 4893 4641 3641 1210 4048 3701 2431 851 1758 593 580 1198 2892 2050 430 1515
is_linear=0
shrinkage=0.05


Tree=31
num_leaves=20
num_cat=0
split_feature=1 2 2 2 2 2 2 2 2 2 2 2 2 2 2 2 2 2 2
split_gain=9978.74 1752.44 1287.34 1119.86 808.077 258.444 801.053 218.205 398.965 173.319 98.1176 54.9485 43.6531 35.7588 9.59397 9.15347 19.4111 5.55981 0.807967
threshold=1.0000000180025095e-35 3.5000000000000004 9.5000000000000018 9.5000000000000018 3.5000000000000004 5.5000000000000009 4.5000000000000009 4.5000000000000009 5.5000000000000009 6.5000000000000009 1.5000000000000002 8.5000000000000018 1.5000000000000002 2.5000000000000004 7.5000000000000009 6.5000000000000009 7.5000000000000009 2.5000000000000004 8.5000000000000018
decision_type=2 2 2 2 2 2 2 2 2 2 2 2 2 2 2 2 2 2 2
left_child=1 10 5 4 12 6 -3 -6 -9 -7 -1 14 -2 -12 -11 -10 -17 -14 -18
right_child=3 2 -4 -5 7 9 -8 8 15 11 13 -13 17 -15 -16 16 18 -19 -20
leaf_value=0.0062053436667716816 -0.027228540902888759 0.034991917620118128 -0.020337591826287835 0.048521014144052826 -0.1056030047656861 0.039048575233795402 0.11960428530415557 -0.03309779098045601 -0.077208300546749611 0.080280969452498296 -0.045775265062013563 0.0559572961745185 0.010506717208194438 -0.020317549045897474 0.07118854591664231 -0.062828895332831369 -0.074989134935509821 -0.0012407702791978879 -0.072674834341505332
leaf_weight=271 163 439 442 252 347 673 771 809 842 493 226 560 161 354 705 535 807 269 708
leaf_count=271 163 439 442 252 347 673 771 809 842 493 226 560 161 354 705 535 807 269 708
internal_value=-0.00353648 0.0466383 0.0602423 -0.0541317 -0.0597056 0.0700243 0.0889061 -0.067691 -0.0641364 0.0606262 -0.0186322 0.0688865 -0.00519467 -0.0302373 0.0749303 -0.0728191 -0.0710163 0.00315771 -0.0739076
internal_weight=9827 4934 4083 4893 4641 3641 1210 4048 3701 2431 851 1758 593 580 1198 2892 2050 430 1515
internal_count=9827 4934 4083 4893 4641 3641 1210 4048 3701 2431 851 1758 593 580 1198 2892 2050 430 1515
is_linear=0
shrinkage=0.05


Tree=32
num_leaves=24
num_cat=0
split_feature=0 1 0 0 0 0 0 0 0 0 0 1 0 0 1 0 1 0 0 0 0 0 0
split_gain=54756.3 9774.69 7884.76 7539.06 4265.32 11173.5 3616.1 2479.93 2081.84 2070.08 20969 2418.14 1669.5 1267.33 1062.66 549.002 367.455 247.747 92.6972 91.437 90.0337 99.4775 7.09282
threshold=1450.0000000000002 1.0000000180025095e-35 1850.0000000000002 1075.0000000000002 1650.0000000000002 1750.0000000000002 1750.0000000000002 1950.0000000000002 2550.0000000000005 1250.0000000000002 1350.0000000000002 1.0000000180025095e-35 2150.0000000000005 2050.0000000000005 1.0000000180025095e-35 1950.0000000000002 1.0000000180025095e-35 2800.0000000000005 1175.0000000000002 1550.0000000000002 2350.0000000000005 2450.0000000000005 2350.0000000000005
decision_type=2 2 2 2 2 2 2 2 2 2 2 2 2 2 2 2 2 2 2 2 2 2 2
left_child=3 6 4 14 -3 -6 19 -4 12 11 -11 -5 15 -9 -1 -8 -12 -10 -13 -2 -14 -22 -15
right_child=1 2 7 9 5 -7 8 13 17 10 16 18 20 22 -16 -17 -18 -19 -20 -21 21 -23 -24
leaf_value=-0.26672497904962966 0.12293215502913182 -0.18019509849736115 0.38784572791474925 -0.23667153151666601 0.20236042235131291 -0.061123340421998067 0.21079638662926864 -0.091862242468274569 0.38968805378764615 0.78277325963744759 -0.10326401425604655 -0.16764777297065372 0.053789163530553311 0.19621288589177988 -0.49551210519099653 0.1572955233298424 -0.15673636985308631 0.20680319395932287 -0.11809785317803326 0.054747423045708489 0.1115670726058029 0.026420407905811218 0.17495026205808431
leaf_weight=72 52 346 148 854 550 1499 901 52 117 65 518 105 219 117 172 1025 846 22 934 903 210 41 59
leaf_count=72 52 346 148 854 550 1499 901 52 117 65 518 105 219 117 172 1025 846 22 934 903 210 41 59
internal_value=-0.00335965 0.0857132 0.0156009 -0.159749 -0.0178176 0.00960193 0.141381 0.228466 0.17262 -0.140046 -0.0946182 -0.174339 0.161706 0.125009 -0.428001 0.182324 -0.136429 0.360742 -0.123105 0.0584601 0.0772173 0.0976587 0.189085
internal_weight=9827 6261 2771 3566 2395 2049 3490 376 2535 3322 1429 1893 2396 228 244 1926 1364 139 1039 955 470 251 176
internal_count=9827 6261 2771 3566 2395 2049 3490 376 2535 3322 1429 1893 2396 228 244 1926 1364 139 1039 955 470 251 176
is_linear=0
shrinkage=0.05


Tree=33
num_leaves=20
num_cat=0
split_feature=1 2 2 2 2 2 2 2 2 2 2 2 2 2 2 2 2 2 2
split_gain=8127.75 1555.21 1115.22 964.029 626.203 228.914 656.222 186.124 332.632 166.11 69.1885 54.2413 40.1329 26.5913 12.3049 10.4644 7.24108 13.7402 3.52139
threshold=1.0000000180025095e-35 3.5000000000000004 9.5000000000000018 9.5000000000000018 3.5000000000000004 5.5000000000000009 4.5000000000000009 4.5000000000000009 5.5000000000000009 6.5000000000000009 1.5000000000000002 8.5000000000000018 1.5000000000000002 2.5000000000000004 7.5000000000000009 2.5000000000000004 6.5000000000000009 7.5000000000000009 8.5000000000000018
decision_type=2 2 2 2 2 2 2 2 2 2 2 2 2 2 2 2 2 2 2
left_child=1 10 5 4 12 6 -3 -6 -9 -7 -1 14 -2 -12 -11 -14 -10 -18 -19
right_child=3 2 -4 -5 7 9 -8 8 16 11 13 -13 15 -15 -16 -17 17 18 -20
leaf_value=0.0014601886007811092 -0.027166176615054351 0.032984137497333164 -0.020093158776798112 0.046389142566523149 -0.096069273129320287 0.034042317702547051 0.10956649883081303 -0.029430966618227944 -0.069604029744252949 0.075317479190973924 -0.042541074442092035 0.050407302912624019 0.012051355875797155 -0.020587864359985449 0.065020278376652627 -0.0040652116649822238 -0.057208333875566168 -0.068787161659453963 -0.063955680834236792
leaf_weight=271 163 439 442 252 347 673 771 809 842 493 226 560 161 354 705 269 535 807 708
leaf_count=271 163 439 442 252 347 673 771 809 842 493 226 560 161 354 705 269 535 807 708
internal_value=-0.00319167 0.0420911 0.0549067 -0.0488539 -0.0540254 0.0640113 0.0817817 -0.061055 -0.0577721 0.0551663 -0.0193968 0.0632531 -0.00603939 -0.029142 0.0692578 0.00196913 -0.0657002 -0.0640967 -0.0665293
internal_weight=9827 4934 4083 4893 4641 3641 1210 4048 3701 2431 851 1758 593 580 1198 430 2892 2050 1515
internal_count=9827 4934 4083 4893 4641 3641 1210 4048 3701 2431 851 1758 593 580 1198 430 2892 2050 1515
is_linear=0
shrinkage=0.05


Tree=34
num_leaves=24
num_cat=0
split_feature=0 1 0 0 0 0 0 0 1 0 0 0 0 0 0 1 0 0 0 0 0 0 0
split_gain=48921.4 8149.63 7130.24 6908.8 3890.37 9765.9 3326.04 2258.33 2028.98 1961.36 1923.39 1549.43 1323.71 18048 1131.4 954.153 499.165 233.908 96.0603 90.7994 77.3293 85.8178 5.88391
threshold=1450.0000000000002 1.0000000180025095e-35 1850.0000000000002 1075.0000000000002 1650.0000000000002 1750.0000000000002 1750.0000000000002 1950.0000000000002 1.0000000180025095e-35 1350.0000000000002 2550.0000000000005 2150.0000000000005 1350.0000000000002 1250.0000000000002 2050.0000000000005 1.0000000180025095e-35 1950.0000000000002 2800.0000000000005 1175.0000000000002 1550.0000000000002 2350.0000000000005 2450.0000000000005 2350.0000000000005
decision_type=2 2 2 2 2 2 2 2 2 2 2 2 2 2 2 2 2 2 2 2 2 2 2
left_child=3 6 4 15 -3 -6 19 -4 9 -5 11 16 13 18 -9 -1 -8 -12 -10 -2 -13 -22 -16
right_child=1 2 7 8 5 -7 10 14 12 -11 17 20 -14 -15 22 -17 -18 -19 -20 -21 21 -23 -24
leaf_value=-0.2548281559927596 0.11671253766577978 -0.16971378337640339 0.37165810416100198 -0.22513769502932562 0.19175739900395275 -0.054571289845631699 0.19847297057727525 -0.084071348439185678 -0.15906211890635036 -0.10181820315334041 0.37089870095006233 0.048354681052233534 -0.14627572759362842 0.74510610662400723 0.18787379280114785 -0.4716202842978609 0.14745821158715139 0.19319521415640006 -0.10862134078266279 0.04876596456247146 0.10192963346085025 0.022844659373527622 0.16850777687899518
leaf_weight=72 52 346 148 854 550 1499 901 52 105 518 117 219 846 65 117 172 1025 22 934 903 210 41 59
leaf_count=72 52 346 148 854 550 1499 901 52 105 518 117 219 846 65 117 172 1025 22 934 903 210 41 59
internal_value=-0.00303209 0.0811613 0.0171419 -0.150854 -0.0146375 0.0115491 0.131992 0.219566 -0.131993 -0.178578 0.161951 0.151461 -0.099216 -0.0631539 0.12084 -0.407649 0.171323 0.342773 -0.113719 0.0524657 0.0700671 0.0890114 0.181382
internal_weight=9827 6261 2771 3566 2395 2049 3490 376 3322 1372 2535 2396 1950 1104 228 244 1926 139 1039 955 470 251 176
internal_count=9827 6261 2771 3566 2395 2049 3490 376 3322 1372 2535 2396 1950 1104 228 244 1926 139 1039 955 470 251 176
is_linear=0
shrinkage=0.05


Tree=35
num_leaves=20
num_cat=0
split_feature=1 2 2 2 2 2 2 2 2 2 2 2 2 2 2 2 2 2 2
split_gain=6800.88 1202.36 1563.69 852.777 422.581 289.639 219.126 108.471 101.322 86.6541 42.4222 31.6834 30.8455 81.3905 68.8872 23.0844 11.2542 4.83941 0.00697136
threshold=1.0000000180025095e-35 9.5000000000000018 4.5000000000000009 5.5000000000000009 3.5000000000000004 9.5000000000000018 6.5000000000000009 3.5000000000000004 2.5000000000000004 1.5000000000000002 7.5000000000000009 1.5000000000000002 5.5000000000000009 6.5000000000000009 4.5000000000000009 8.5000000000000018 8.5000000000000018 2.5000000000000004 7.5000000000000009
decision_type=2 2 2 2 2 2 2 2 2 2 2 2 2 2 2 2 2 2 2
left_child=1 2 7 -4 9 12 -5 8 11 -2 -8 -1 14 -14 -6 -12 18 -11 -15
right_child=4 -3 3 6 5 -7 10 -9 -10 17 15 -13 13 16 -16 -17 -18 -19 -20
leaf_value=-0.0017426295103285258 -0.027774173319135065 -0.032777720299348632 0.11859130506700995 0.033647127087070482 -0.057734796730266227 0.0081623780791862648 0.054457069475936343 0.026981448819128319 -0.024715804547820925 0.0065315325642851269 0.077782575620374245 0.023356183035879857 -0.062000841388564001 -0.046370198132246049 -0.030956145028989281 0.064251042872268543 -0.038365022989421474 0.017385297490267581 -0.046139113388673381
leaf_weight=254 182 443 759 674 348 260 478 445 338 165 726 249 852 540 775 557 682 272 825
leaf_count=254 182 443 759 674 348 260 478 445 338 165 726 249 852 540 775 557 682 272 825
internal_value=0.00429352 0.0458019 0.0535722 0.072316 -0.0374012 -0.0429834 0.0578918 0.00701856 -0.00354445 0.00121422 0.0671712 0.010682 -0.0462897 -0.0490149 -0.0392544 0.071908 -0.04361 0.0132872 -0.0462305
internal_weight=9824 4923 4480 3194 4901 4282 2435 1286 841 619 1761 503 4022 2899 1123 1283 2047 437 1365
internal_count=9824 4923 4480 3194 4901 4282 2435 1286 841 619 1761 503 4022 2899 1123 1283 2047 437 1365
is_linear=0
shrinkage=0.05


Tree=36
num_leaves=20
num_cat=0
split_feature=1 2 2 2 2 2 2 2 2 2 2 2 2 2 2 2 2 2 2
split_gain=6137.79 1085.13 1411.23 769.631 381.38 261.399 197.761 97.8947 91.4428 78.2053 38.286 28.5942 27.8381 73.4549 62.1707 20.8337 10.1569 4.36756 0.00629099
threshold=1.0000000180025095e-35 9.5000000000000018 4.5000000000000009 5.5000000000000009 3.5000000000000004 9.5000000000000018 6.5000000000000009 3.5000000000000004 2.5000000000000004 1.5000000000000002 7.5000000000000009 1.5000000000000002 5.5000000000000009 6.5000000000000009 4.5000000000000009 8.5000000000000018 8.5000000000000018 2.5000000000000004 7.5000000000000009
decision_type=2 2 2 2 2 2 2 2 2 2 2 2 2 2 2 2 2 2 2
left_child=1 2 7 -4 9 12 -5 8 11 -2 -8 -1 14 -14 -6 -12 18 -11 -15
right_child=4 -3 3 6 5 -7 10 -9 -10 17 15 -13 13 16 -16 -17 -18 -19 -20
leaf_value=-0.0016554954238089286 -0.026385468855541161 -0.031138834349062658 0.112661739614975 0.031964769096110977 -0.054848058989014604 0.0077542518931799217 0.051734214120205485 0.025632379272680608 -0.023480020206629648 0.0062049683494578038 0.073893450843215178 0.022188378922476708 -0.05890079971865813 -0.044051680916023482 -0.02940833579669256 0.061038493200019674 -0.036446773634999555 0.01651603330323911 -0.043832161914881769
leaf_weight=254 182 443 759 674 348 260 478 445 338 165 726 249 852 540 775 557 682 272 825
leaf_count=254 182 443 759 674 348 260 478 445 338 165 726 249 852 540 775 557 682 272 825
internal_value=0.00407884 0.0435118 0.0508936 0.0687002 -0.0355311 -0.0408342 0.0549972 0.00666763 -0.00336723 0.00115351 0.0638126 0.0101479 -0.0439752 -0.0465642 -0.0372917 0.0683126 -0.0414295 0.0126228 -0.043919
internal_weight=9824 4923 4480 3194 4901 4282 2435 1286 841 619 1761 503 4022 2899 1123 1283 2047 437 1365
internal_count=9824 4923 4480 3194 4901 4282 2435 1286 841 619 1761 503 4022 2899 1123 1283 2047 437 1365
is_linear=0
shrinkage=0.05


Tree=37
num_leaves=20
num_cat=0
split_feature=1 2 2 2 2 2 2 2 2 2 2 2 2 2 2 2 2 2 2
split_gain=5539.36 979.332 1273.64 694.593 344.195 235.913 178.479 88.35 82.5271 70.5803 34.5531 25.8063 25.1239 66.293 56.1091 18.8024 9.16658 3.94172 0.00567807
threshold=1.0000000180025095e-35 9.5000000000000018 4.5000000000000009 5.5000000000000009 3.5000000000000004 9.5000000000000018 6.5000000000000009 3.5000000000000004 2.5000000000000004 1.5000000000000002 7.5000000000000009 1.5000000000000002 5.5000000000000009 6.5000000000000009 4.5000000000000009 8.5000000000000018 8.5000000000000018 2.5000000000000004 7.5000000000000009
decision_type=2 2 2 2 2 2 2 2 2 2 2 2 2 2 2 2 2 2 2
left_child=1 2 7 -4 9 12 -5 8 11 -2 -8 -1 14 -14 -6 -12 18 -11 -15
right_child=4 -3 3 6 5 -7 10 -9 -10 17 15 -13 13 16 -16 -17 -18 -19 -20
leaf_value=-0.0015727216143190392 -0.025066197747978698 -0.02958189357980312 0.10702865665965028 0.030366524404573922 -0.052105652764118437 0.0073665475680564467 0.04914750727244252 0.024350756751687339 -0.022306019055640558 0.0058947249372122874 0.070198772911536547 0.021078955075408082 -0.055955758965202551 -0.041849103180553626 -0.027937916706646644 0.057986565497394532 -0.034624433524830162 0.015690233836443548 -0.041640551858779157
leaf_weight=254 182 443 759 674 348 260 478 445 338 165 726 249 852 540 775 557 682 272 825
leaf_count=254 182 443 759 674 348 260 478 445 338 165 726 249 852 540 775 557 682 272 825
internal_value=0.0038749 0.0413362 0.0483489 0.0652652 -0.0337546 -0.0387925 0.0522474 0.00633425 -0.00319887 0.00109584 0.060622 0.00964053 -0.0417764 -0.044236 -0.0354271 0.064897 -0.039358 0.0119917 -0.0417231
internal_weight=9824 4923 4480 3194 4901 4282 2435 1286 841 619 1761 503 4022 2899 1123 1283 2047 437 1365
internal_count=9824 4923 4480 3194 4901 4282 2435 1286 841 619 1761 503 4022 2899 1123 1283 2047 437 1365
is_linear=0
shrinkage=0.05


Tree=38
num_leaves=24
num_cat=0
split_feature=0 0 0 1 0 0 1 0 1 0 0 0 0 0 0 0 0 1 0 0 0 0 0
split_gain=53825.1 7223.68 5712.63 4996.56 4159.43 5914.47 3438.01 3135.53 2422.73 2102.74 1602.93 1430.41 1202.62 1005.16 11473.8 625.682 489.473 350.251 114.315 95.6118 94.1248 31.4291 48.8252
threshold=1450.0000000000002 1075.0000000000002 1650.0000000000002 1.0000000180025095e-35 1750.0000000000002 1850.0000000000002 1.0000000180025095e-35 1950.0000000000002 1.0000000180025095e-35 1350.0000000000002 2550.0000000000005 1950.0000000000002 2050.0000000000005 1350.0000000000002 1250.0000000000002 2800.0000000000005 2150.0000000000005 1.0000000180025095e-35 1175.0000000000002 2350.0000000000005 1550.0000000000002 2350.0000000000005 2450.0000000000005
decision_type=2 2 2 2 2 2 2 2 2 2 2 2 2 2 2 2 2 2 2 2 2 2 2
left_child=1 17 6 10 -5 -6 20 -7 9 -3 11 -4 -9 14 18 -12 -13 -1 -10 -14 -2 -18 -23
right_child=2 8 3 4 5 7 -8 12 13 -11 15 16 19 -15 -16 -17 21 -19 -20 -21 -22 22 -24
leaf_value=-0.30481438965481872 0.11340910581445013 -0.22879821120080091 0.20567190511298988 0.1846910611235133 -0.01434541308754015 0.38347900132893731 -0.14547814033782711 -0.14306475857893627 -0.15368524109114812 -0.10044981499898281 0.38308198630541296 0.14549140725413653 0.17495805653869301 -0.13613040328477638 0.58628397621796469 0.079269134849309919 0.06923520624806935 -0.43659941440018324 -0.097763272884233934 0.096187732697038342 0.041589141433815591 0.10688118289954761 0.047733269805131956
leaf_weight=68 48 864 926 565 1495 152 313 45 101 506 111 1012 111 841 64 20 220 195 960 59 920 185 43
leaf_count=68 48 864 926 565 1495 152 313 45 101 506 111 1012 111 841 64 20 220 195 960 59 920 185 43
internal_value=0.00368115 -0.15024 0.0926708 0.117052 0.0658634 0.0298066 -0.0014278 0.209663 -0.13035 -0.181394 0.16641 0.157061 0.0867791 -0.0947805 -0.0638691 0.336698 0.126229 -0.402526 -0.103087 0.14762 0.0451505 0.0827172 0.0957261
internal_weight=9824 3599 6225 4944 2427 1862 1281 367 3336 1370 2517 2386 215 1966 1125 131 1460 263 1061 170 968 448 228
internal_count=9824 3599 6225 4944 2427 1862 1281 367 3336 1370 2517 2386 215 1966 1125 131 1460 263 1061 170 968 448 228
is_linear=0
shrinkage=0.05


Tree=39
num_leaves=20
num_cat=0
split_feature=1 2 2 2 2 2 2 2 2 2 2 2 2 2 2 2 2 2 2
split_gain=4511.84 843.739 1089.15 587.877 265.62 204.366 168.407 88.8907 70.5522 62.9833 34.8237 24.3 23.5813 40.561 47.6033 31.2635 18.0889 0.714081 0.00519566
threshold=1.0000000180025095e-35 9.5000000000000018 4.5000000000000009 5.5000000000000009 3.5000000000000004 9.5000000000000018 6.5000000000000009 3.5000000000000004 2.5000000000000004 1.5000000000000002 1.5000000000000002 7.5000000000000009 8.5000000000000018 5.5000000000000009 4.5000000000000009 6.5000000000000009 8.5000000000000018 2.5000000000000004 7.5000000000000009
decision_type=2 2 2 2 2 2 2 2 2 2 2 2 2 2 2 2 2 2 2
left_child=1 2 7 -4 9 12 -5 8 10 -2 -1 -8 13 14 -6 -15 -13 -11 -17
right_child=4 -3 3 6 5 -7 11 -9 -10 17 -12 16 -14 15 -16 18 -18 -19 -20
leaf_value=-0.00575438091150067 -0.024562342106722868 -0.028519893210154218 0.097879830951408564 0.026227686941922151 -0.047017055946059698 0.0080728814786729906 0.045994450624961075 0.023033873058353249 -0.022266522931491617 0.0078493498085123129 0.020558888288626231 0.064402317922413563 -0.029193895235329954 -0.050833424418796284 -0.024756403541282543 -0.038747660167282455 0.052424077608052448 0.012018600992365357 -0.038548164830289111
leaf_weight=254 182 443 759 674 348 260 478 445 338 165 249 726 682 852 775 540 557 272 825
leaf_count=254 182 443 759 674 348 260 478 445 338 165 249 726 682 852 775 540 557 272 825
internal_value=0.0034971 0.0373059 0.0438151 0.0594583 -0.0304635 -0.0348892 0.0474822 0.00496232 -0.00459992 0.000151625 0.00727147 0.0556171 -0.0376664 -0.0393965 -0.0316546 -0.043318 0.0592021 0.0104444 -0.0386271
internal_weight=9824 4923 4480 3194 4901 4282 2435 1286 841 619 503 1761 4022 3340 1123 2217 1283 437 1365
internal_count=9824 4923 4480 3194 4901 4282 2435 1286 841 619 503 1761 4022 3340 1123 2217 1283 437 1365
is_linear=0
shrinkage=0.05


Tree=40
num_leaves=20
num_cat=0
split_feature=1 2 2 2 2 2 2 2 2 2 2 2 2 2 2 2 2 2 2
split_gain=3508.09 1553.74 843.051 784.86 708.698 493.775 480.792 31.7221 20.6358 48.5297 14.2388 13.4833 4.51965 4.02509 3.46267 2.94906 6.19518 2.30999 0.254855
threshold=1.0000000180025095e-35 3.5000000000000004 5.5000000000000009 4.5000000000000009 9.5000000000000018 9.5000000000000018 3.5000000000000004 1.5000000000000002 7.5000000000000009 5.5000000000000009 8.5000000000000018 2.5000000000000004 6.5000000000000009 2.5000000000000004 8.5000000000000018 7.5000000000000009 6.5000000000000009 1.5000000000000002 4.5000000000000009
decision_type=2 2 2 2 2 2 2 2 2 2 2 2 2 2 2 2 2 2 2
left_child=1 11 3 -3 6 14 7 -2 9 18 -10 17 -11 -9 15 16 -4 -1 -8
right_child=4 2 5 -5 -6 -7 8 13 10 12 -12 -13 -14 -15 -16 -17 -18 -19 -20
leaf_value=-0.03232733484564556 -0.013011712994840411 0.020120955194963954 0.035472172003091072 0.10339523695898359 0.047016760599745522 -0.026525472128572522 -0.040277762894155619 0.0071921441842865506 -0.034780979854522151 -0.055285793882121625 -0.044537148746794888 -0.041820771575316495 -0.04942758294009713 0.01747266163354012 0.029495234613563737 0.036417448336459761 0.027944139365820176 -0.025570605122366877 -0.038668013233460072
leaf_weight=270 162 439 653 796 259 409 354 161 803 851 700 359 537 233 580 722 470 238 805
leaf_count=270 162 439 653 796 259 409 354 161 803 851 700 359 537 233 580 722 470 238 805
internal_value=-0.00332893 0.0263689 0.0393179 0.0737941 -0.0334601 0.0242939 -0.0379854 0.00561361 -0.0439709 -0.0467126 -0.0393248 -0.0344035 -0.0530193 0.0132717 0.032865 0.0339244 0.0323215 -0.0291618 -0.0391597
internal_weight=9801 4936 4069 1235 4865 2834 4606 556 4050 2547 1503 867 1388 394 2425 1845 1123 508 1159
internal_count=9801 4936 4069 1235 4865 2834 4606 556 4050 2547 1503 867 1388 394 2425 1845 1123 508 1159
is_linear=0
shrinkage=0.05


Tree=41
num_leaves=20
num_cat=0
split_feature=1 2 2 2 2 2 2 2 2 2 2 2 2 2 2 2 2 2 2
split_gain=3166.05 1402.25 760.853 708.336 639.6 445.632 433.915 28.6291 18.6238 43.7981 12.8505 12.1687 4.07898 3.63265 3.12506 2.66153 5.59116 2.08477 0.23001
threshold=1.0000000180025095e-35 3.5000000000000004 5.5000000000000009 4.5000000000000009 9.5000000000000018 9.5000000000000018 3.5000000000000004 1.5000000000000002 7.5000000000000009 5.5000000000000009 8.5000000000000018 2.5000000000000004 6.5000000000000009 2.5000000000000004 8.5000000000000018 7.5000000000000009 6.5000000000000009 1.5000000000000002 4.5000000000000009
decision_type=2 2 2 2 2 2 2 2 2 2 2 2 2 2 2 2 2 2 2
left_child=1 11 3 -3 6 14 7 -2 9 18 -10 17 -11 -9 15 16 -4 -1 -8
right_child=4 2 5 -5 -6 -7 8 13 10 12 -12 -13 -14 -15 -16 -17 -18 -19 -20
leaf_value=-0.03071096259203774 -0.01236112757275502 0.01911490771215163 0.033698563171040051 0.098225473013973275 0.044665918056943012 -0.025199195382829692 -0.038263876882965786 0.0068325289747799226 -0.033041938099717887 -0.052521497266067224 -0.042310297604384171 -0.039729730589808193 -0.046956198842540466 0.016599032249253708 0.028020473931562803 0.034596573864303308 0.026546925644172315 -0.024292063252890812 -0.036734603606048764
leaf_weight=270 162 439 653 796 259 409 354 161 803 851 700 359 537 233 580 722 470 238 805
leaf_count=270 162 439 653 796 259 409 354 161 803 851 700 359 537 233 580 722 470 238 805
internal_value=-0.00316249 0.0250504 0.037352 0.0701044 -0.0317871 0.0230792 -0.0360862 0.00533293 -0.0417723 -0.0443769 -0.0373585 -0.0326833 -0.0503684 0.0126082 0.0312218 0.0322282 0.0307054 -0.0277037 -0.0372017
internal_weight=9801 4936 4069 1235 4865 2834 4606 556 4050 2547 1503 867 1388 394 2425 1845 1123 508 1159
internal_count=9801 4936 4069 1235 4865 2834 4606 556 4050 2547 1503 867 1388 394 2425 1845 1123 508 1159
is_linear=0
shrinkage=0.05


Tree=42
num_leaves=20
num_cat=0
split_feature=1 2 2 2 2 2 2 2 2 2 2 2 2 2 2 2 2 2 2
split_gain=2857.36 1265.53 686.67 639.273 577.239 402.183 391.608 25.8378 16.808 39.5278 11.5976 10.9823 3.68128 3.27846 2.82037 2.40203 5.04603 1.8815 0.207583
threshold=1.0000000180025095e-35 3.5000000000000004 5.5000000000000009 4.5000000000000009 9.5000000000000018 9.5000000000000018 3.5000000000000004 1.5000000000000002 7.5000000000000009 5.5000000000000009 8.5000000000000018 2.5000000000000004 6.5000000000000009 2.5000000000000004 8.5000000000000018 7.5000000000000009 6.5000000000000009 1.5000000000000002 4.5000000000000009
decision_type=2 2 2 2 2 2 2 2 2 2 2 2 2 2 2 2 2 2 2
left_child=1 11 3 -3 6 14 7 -2 9 18 -10 17 -11 -9 15 16 -4 -1 -8
right_child=4 2 5 -5 -6 -7 8 13 10 12 -12 -13 -14 -15 -16 -17 -18 -19 -20
leaf_value=-0.029175415759630226 -0.011743071031423262 0.01815916936110561 0.032013642011783659 0.093314197967905355 0.042432629178964953 -0.023939242100566263 -0.036350680236036409 0.0064909060533384078 -0.031389831488193534 -0.049895426053137959 -0.040194777674706916 -0.037743253426102297 -0.044608392401683378 0.015769078540156075 0.026619452338039491 0.032866752418767471 0.025219583939463691 -0.023077462200357134 -0.034897874474239116
leaf_weight=270 162 439 653 796 259 409 354 161 803 851 700 359 537 233 580 722 470 238 805
leaf_count=270 162 439 653 796 259 409 354 161 803 851 700 359 537 233 580 722 470 238 805
internal_value=-0.00300436 0.0237979 0.0354844 0.0665992 -0.0301978 0.0219252 -0.0342818 0.00506628 -0.0396837 -0.0421581 -0.0354906 -0.0310492 -0.0478499 0.0119777 0.0296607 0.0306168 0.0291702 -0.0263185 -0.0353416
internal_weight=9801 4936 4069 1235 4865 2834 4606 556 4050 2547 1503 867 1388 394 2425 1845 1123 508 1159
internal_count=9801 4936 4069 1235 4865 2834 4606 556 4050 2547 1503 867 1388 394 2425 1845 1123 508 1159
is_linear=0
shrinkage=0.05


Tree=43
num_leaves=20
num_cat=0
split_feature=1 2 2 2 2 2 2 2 2 2 2 2 2 2 2 2 2 2 2
split_gain=2578.77 1142.14 619.72 576.944 520.958 362.97 353.426 23.3186 15.1692 35.6738 10.4668 9.9115 3.32235 2.95881 2.54538 2.16784 4.55405 1.69805 0.187343
threshold=1.0000000180025095e-35 3.5000000000000004 5.5000000000000009 4.5000000000000009 9.5000000000000018 9.5000000000000018 3.5000000000000004 1.5000000000000002 7.5000000000000009 5.5000000000000009 8.5000000000000018 2.5000000000000004 6.5000000000000009 2.5000000000000004 8.5000000000000018 7.5000000000000009 6.5000000000000009 1.5000000000000002 4.5000000000000009
decision_type=2 2 2 2 2 2 2 2 2 2 2 2 2 2 2 2 2 2 2
left_child=1 11 3 -3 6 14 7 -2 9 18 -10 17 -11 -9 15 16 -4 -1 -8
right_child=4 2 5 -5 -6 -7 8 13 10 12 -12 -13 -14 -15 -16 -17 -18 -19 -20
leaf_value=-0.027716637493145686 -0.011155915959381764 0.017251209485140927 0.030412954492383931 0.088648494657587701 0.040310991237939672 -0.022742276337489598 -0.034533147810363755 0.0061663653415928582 -0.02982034429326157 -0.047400651020670946 -0.038185035123589589 -0.035856078520500233 -0.042377974397938153 0.014980628026829288 0.02528847865342837 0.031223414817675328 0.023958594976389344 -0.021923588911274904 -0.033152981614057692
leaf_weight=270 162 439 653 796 259 409 354 161 803 851 700 359 537 233 580 722 470 238 805
leaf_count=270 162 439 653 796 259 409 354 161 803 851 700 359 537 233 580 722 470 238 805
internal_value=-0.00285414 0.022608 0.0337102 0.0632692 -0.0286879 0.0208289 -0.0325678 0.00481297 -0.0376995 -0.0400502 -0.0337161 -0.0294967 -0.0454574 0.0113789 0.0281777 0.0290859 0.0277117 -0.0250026 -0.0335745
internal_weight=9801 4936 4069 1235 4865 2834 4606 556 4050 2547 1503 867 1388 394 2425 1845 1123 508 1159
internal_count=9801 4936 4069 1235 4865 2834 4606 556 4050 2547 1503 867 1388 394 2425 1845 1123 508 1159
is_linear=0
shrinkage=0.05


Tree=44
num_leaves=20
num_cat=0
split_feature=1 2 2 2 2 2 2 2 2 2 2 2 2 2 2 2 2 2 2
split_gain=2327.34 1030.78 559.297 520.692 470.164 327.581 318.967 21.045 13.6902 32.1956 9.44629 8.94512 2.99842 2.67033 2.29721 1.95648 4.11002 1.53249 0.169078
threshold=1.0000000180025095e-35 3.5000000000000004 5.5000000000000009 4.5000000000000009 9.5000000000000018 9.5000000000000018 3.5000000000000004 1.5000000000000002 7.5000000000000009 5.5000000000000009 8.5000000000000018 2.5000000000000004 6.5000000000000009 2.5000000000000004 8.5000000000000018 7.5000000000000009 6.5000000000000009 1.5000000000000002 4.5000000000000009
decision_type=2 2 2 2 2 2 2 2 2 2 2 2 2 2 2 2 2 2 2
left_child=1 11 3 -3 6 14 7 -2 9 18 -10 17 -11 -9 15 16 -4 -1 -8
right_child=4 2 5 -5 -6 -7 8 13 10 12 -12 -13 -14 -15 -16 -17 -18 -19 -20
leaf_value=-0.026330814005858783 -0.010598118354876836 0.016388642270084058 0.028892300404168975 0.084216060681881658 0.038295434476694451 -0.021605165857106704 -0.032806497501474685 0.0058580474988759864 -0.028329328045476304 -0.045030623144709826 -0.036275782228580543 -0.034063280960103928 -0.040259076335885373 0.014231591316763423 0.024024049568728639 0.029662241665723829 0.022760664183012352 -0.020827418618185933 -0.031495335636116707
leaf_weight=270 162 439 653 796 259 409 354 161 803 851 700 359 537 233 580 722 470 238 805
leaf_count=270 162 439 653 796 259 409 354 161 803 851 700 359 537 233 580 722 470 238 805
internal_value=-0.00271144 0.0214776 0.0320247 0.0601057 -0.0272535 0.0197875 -0.0309394 0.00457232 -0.0358146 -0.0380477 -0.0320303 -0.0280219 -0.0431846 0.0108099 0.0267688 0.0276316 0.0263261 -0.0237525 -0.0318958
internal_weight=9801 4936 4069 1235 4865 2834 4606 556 4050 2547 1503 867 1388 394 2425 1845 1123 508 1159
internal_count=9801 4936 4069 1235 4865 2834 4606 556 4050 2547 1503 867 1388 394 2425 1845 1123 508 1159
is_linear=0
shrinkage=0.05


Tree=45
num_leaves=20
num_cat=0
split_feature=1 2 2 2 2 2 2 2 2 2 2 2 2 2 2 2 2 2 2
split_gain=2309.29 698.143 804.578 264.355 212.104 129.073 91.7871 153.598 85.2179 102.43 42.0764 101.392 10.3339 21.4559 9.13903 8.00338 5.546 0.536648 1.09751
threshold=1.0000000180025095e-35 9.5000000000000018 4.5000000000000009 9.5000000000000018 7.5000000000000009 5.5000000000000009 3.5000000000000004 4.5000000000000009 6.5000000000000009 7.5000000000000009 5.5000000000000009 6.5000000000000009 3.5000000000000004 2.5000000000000004 8.5000000000000018 8.5000000000000018 1.5000000000000002 1.5000000000000002 2.5000000000000004
decision_type=2 2 2 2 2 2 2 2 2 2 2 2 2 2 2 2 2 2 2
left_child=1 2 12 4 6 -4 17 -8 -7 -10 -9 -12 13 16 -6 -11 -1 -2 -19
right_child=3 -3 5 -5 14 8 7 10 9 15 11 -13 -14 -15 -16 -17 -18 18 -20
leaf_value=0.0034226547230769046 -0.0061834115196358072 -0.037843964760479291 0.06021213664498646 0.023010887166349595 -0.04791478824559902 0.02115880740108322 -0.055544457894379964 -0.011155367312117567 0.062541555772710006 0.031513618266173542 -0.036426005906681394 -0.0088756445278651529 0.0013348230966067779 -0.017607646789401771 -0.040042329035865729 0.03943460615108843 -0.007267540440435323 0.00045777730223151947 -0.0048067791395936246
leaf_weight=269 176 434 752 261 801 659 365 776 459 716 855 548 436 350 683 575 221 155 274
leaf_count=269 176 434 752 261 801 659 365 776 459 716 855 548 436 350 683 575 221 155 274
internal_value=-0.00169151 0.0226808 0.0286009 -0.0259492 -0.0287074 0.0421286 -0.0213632 -0.0255261 0.0364836 0.0422544 -0.0204978 -0.0256651 -0.00491076 -0.00815251 -0.0442915 0.0350416 -0.00139884 -0.00385848 -0.00290467
internal_weight=9765 4871 4437 4894 4633 3161 3149 2544 2409 1750 2179 1403 1276 840 1484 1291 490 605 429
internal_count=9765 4871 4437 4894 4633 3161 3149 2544 2409 1750 2179 1403 1276 840 1484 1291 490 605 429
is_linear=0
shrinkage=0.05


Tree=46
num_leaves=24
num_cat=0
split_feature=0 0 0 1 1 0 1 0 0 0 0 0 0 0 0 1 0 0 0 0 0 0 0
split_gain=41344.5 5762.51 4657.6 3522.88 3436.03 3263.31 1684.03 3796.7 5729.45 2954.22 992.51 12973.8 941.063 765.27 718.778 370.737 330.286 298.987 236.934 176.788 116.502 1.86261 0.103796
threshold=1450.0000000000002 1075.0000000000002 1650.0000000000002 1.0000000180025095e-35 1.0000000180025095e-35 2550.0000000000005 1.0000000180025095e-35 1850.0000000000002 1750.0000000000002 1950.0000000000002 1350.0000000000002 1250.0000000000002 1350.0000000000002 2150.0000000000005 2050.0000000000005 1.0000000180025095e-35 2350.0000000000005 1550.0000000000002 1950.0000000000002 1175.0000000000002 2800.0000000000005 2250.0000000000005 2450.0000000000005
decision_type=2 2 2 2 2 2 2 2 2 2 2 2 2 2 2 2 2 2 2 2 2 2 2
left_child=1 15 4 12 17 6 13 8 -8 -9 11 19 -3 18 -11 -1 -16 -2 -4 -5 -7 -15 -23
right_child=2 3 5 10 -6 20 7 9 -10 14 -12 -13 -14 21 16 -17 -18 -19 -20 -21 -22 22 -24
leaf_value=-0.26744109769077862 0.14925198258232261 -0.21302269280471325 0.15467764591183536 -0.15074137869335358 -0.14647914367443757 0.36589858893688043 0.17414942851502691 0.38819670006590368 -0.014411726101763212 -0.096013456732034694 -0.11782455234594565 0.61829744249150376 -0.12667009536585658 0.065853833540007095 0.19145219767635521 -0.40406923168237602 0.047879615757200455 0.03309245350408186 0.11944071439938425 -0.082413672667486587 0.24966917467062122 0.059773393952728883 0.057102784988366899
leaf_weight=68 59 858 897 105 331 107 552 144 1491 40 841 69 499 197 110 184 63 907 1019 962 27 190 45
leaf_count=68 59 858 897 105 331 107 552 144 1491 40 841 69 499 197 110 184 63 907 1019 962 27 190 45
internal_value=-0.00160693 -0.136658 0.0767701 -0.119232 -0.00745094 0.0991451 0.0922776 0.0628244 0.0365358 0.213266 -0.0766503 -0.0461684 -0.181269 0.122383 0.0950029 -0.367201 0.139169 0.0401871 0.135937 -0.0891376 0.342479 0.062268 0.059262
internal_weight=9765 3586 6179 3334 1297 4882 4748 2400 2043 357 1977 1136 1357 2348 213 252 173 966 1916 1067 134 432 235
internal_count=9765 3586 6179 3334 1297 4882 4748 2400 2043 357 1977 1136 1357 2348 213 252 173 966 1916 1067 134 432 235
is_linear=0
shrinkage=0.05


Tree=47
num_leaves=24
num_cat=0
split_feature=0 0 0 1 1 0 1 0 0 0 0 0 0 0 0 1 0 0 0 0 0 0 0
split_gain=37313.4 5200.67 4203.48 3179.4 3101.01 2945.13 1519.84 3426.52 5170.83 2666.19 895.74 11708.9 849.31 690.656 648.697 334.59 298.083 269.835 213.833 159.551 105.143 1.68101 0.0936752
threshold=1450.0000000000002 1075.0000000000002 1650.0000000000002 1.0000000180025095e-35 1.0000000180025095e-35 2550.0000000000005 1.0000000180025095e-35 1850.0000000000002 1750.0000000000002 1950.0000000000002 1350.0000000000002 1250.0000000000002 1350.0000000000002 2150.0000000000005 2050.0000000000005 1.0000000180025095e-35 2350.0000000000005 1550.0000000000002 1950.0000000000002 1175.0000000000002 2800.0000000000005 2250.0000000000005 2450.0000000000005
decision_type=2 2 2 2 2 2 2 2 2 2 2 2 2 2 2 2 2 2 2 2 2 2 2
left_child=1 15 4 12 17 6 13 8 -8 -9 11 19 -3 18 -11 -1 -16 -2 -4 -5 -7 -15 -23
right_child=2 3 5 10 -6 20 7 9 -10 14 -12 -13 -14 21 16 -17 -18 -19 -20 -21 -22 22 -24
leaf_value=-0.25406905053293005 0.14178937832603897 -0.20237155793764408 0.14694376553740007 -0.14320430849279678 -0.13915518841050634 0.34760366396229958 0.16544196155357541 0.36878685997281641 -0.013691137912842469 -0.091212785169482238 -0.11193332484990855 0.58738256800865785 -0.1203365800375929 0.06256113927527733 0.18187958704286511 -0.38386576126694033 0.04548562721807569 0.031437830317071348 0.11346867848818316 -0.078292984429266688 0.23718571265538535 0.056784723834869891 0.054247649295462511
leaf_weight=68 59 858 897 105 331 107 552 144 1491 40 841 69 499 197 110 184 63 907 1019 962 27 190 45
leaf_count=68 59 858 897 105 331 107 552 144 1491 40 841 69 499 197 110 184 63 907 1019 962 27 190 45
internal_value=-0.00152659 -0.129825 0.0729316 -0.11327 -0.0070784 0.0941879 0.0876638 0.0596832 0.034709 0.202603 -0.0728178 -0.04386 -0.172205 0.116264 0.0902528 -0.348841 0.13221 0.0381777 0.12914 -0.0846807 0.325355 0.0591546 0.0562989
internal_weight=9765 3586 6179 3334 1297 4882 4748 2400 2043 357 1977 1136 1357 2348 213 252 173 966 1916 1067 134 432 235
internal_count=9765 3586 6179 3334 1297 4882 4748 2400 2043 357 1977 1136 1357 2348 213 252 173 966 1916 1067 134 432 235
is_linear=0
shrinkage=0.05


Tree=48
num_leaves=20
num_cat=0
split_feature=1 2 2 2 2 2 2 2 2 2 2 2 2 2 2 2 2 2 2
split_gain=1689.59 574.209 651.281 224.068 167.658 97.9527 90.8114 114.932 50.2601 126.933 31.9771 75.093 22.4332 18.0213 14.575 6.52389 3.08824 4.99382 0.0020157
threshold=1.0000000180025095e-35 9.5000000000000018 4.5000000000000009 9.5000000000000018 7.5000000000000009 5.5000000000000009 6.5000000000000009 7.5000000000000009 3.5000000000000004 4.5000000000000009 5.5000000000000009 6.5000000000000009 8.5000000000000018 3.5000000000000004 2.5000000000000004 8.5000000000000018 2.5000000000000004 1.5000000000000002 1.5000000000000002
decision_type=2 2 2 2 2 2 2 2 2 2 2 2 2 2 2 2 2 2 2
left_child=1 2 13 4 8 -4 -7 -8 16 -10 -11 -12 -6 14 18 -9 17 -2 -1
right_child=3 -3 5 -5 12 6 7 15 9 10 11 -13 -14 -15 -16 -17 -18 -19 -20
leaf_value=-0.0041911897398392945 -0.0077693409201773731 -0.03549341241365582 0.052690307694215434 0.022875886960704438 -0.044270901438709209 0.016199535879762972 0.05946602485737279 0.027150905221979028 -0.048578282245626186 -0.0085742644982450874 -0.030484114448942942 -0.0067744582442797879 -0.031936852780946615 0.002863069270831456 -0.017458520394616896 0.034302385737552593 -0.0091824153886876838 0.0045383935758183079 -0.0039873874565055463
leaf_weight=269 176 434 752 261 801 659 459 716 365 776 855 548 683 436 350 575 274 155 221
leaf_count=269 176 434 752 261 801 659 459 716 365 776 855 548 683 436 350 575 274 155 221
internal_value=-0.00145026 0.0193969 0.024766 -0.0221995 -0.0247388 0.0369369 0.0320192 0.0379765 -0.0182093 -0.0212897 -0.0167187 -0.0212233 -0.0385942 -0.00538466 -0.00966562 0.0303361 -0.00525609 -0.0020059 -0.00409927
internal_weight=9765 4871 4437 4894 4633 3161 2409 1750 3149 2544 2179 1403 1484 1276 840 1291 605 331 490
internal_count=9765 4871 4437 4894 4633 3161 2409 1750 3149 2544 2179 1403 1484 1276 840 1291 605 331 490
is_linear=0
shrinkage=0.05


Tree=49
num_leaves=20
num_cat=0
split_feature=1 2 2 2 2 2 2 2 2 2 2 2 2 2 2 2 2 2 2
split_gain=1524.86 518.224 587.781 202.222 151.312 88.4023 81.9573 103.726 45.3597 114.557 28.8593 67.7714 20.2459 16.2642 13.154 5.88781 2.78713 4.50692 0.00181915
threshold=1.0000000180025095e-35 9.5000000000000018 4.5000000000000009 9.5000000000000018 7.5000000000000009 5.5000000000000009 6.5000000000000009 7.5000000000000009 3.5000000000000004 4.5000000000000009 5.5000000000000009 6.5000000000000009 8.5000000000000018 3.5000000000000004 2.5000000000000004 8.5000000000000018 2.5000000000000004 1.5000000000000002 1.5000000000000002
decision_type=2 2 2 2 2 2 2 2 2 2 2 2 2 2 2 2 2 2 2
left_child=1 2 13 4 8 -4 -7 -8 16 -10 -11 -12 -6 14 18 -9 17 -2 -1
right_child=3 -3 5 -5 12 6 7 15 9 10 11 -13 -14 -15 -16 -17 -18 -19 -20
leaf_value=-0.0039816230660145169 -0.007380871470509605 -0.03371873639528275 0.05005578882227131 0.021732097074846201 -0.042057352443371027 0.015389553559569528 0.05649272034427634 0.025793361853269664 -0.046149369487411357 -0.0081455505210618236 -0.028959908105040851 -0.0064357401040063189 -0.03034000785034123 0.0027199148980114577 -0.016585588122385423 0.032587266825058539 -0.0087232930449782503 0.0043114747185139888 -0.0037880120638808519
leaf_weight=269 176 434 752 261 801 659 459 716 365 776 855 548 683 436 350 575 274 155 221
leaf_count=269 176 434 752 261 801 659 459 716 365 776 855 548 683 436 350 575 274 155 221
internal_value=-0.00137774 0.0184271 0.0235277 -0.0210895 -0.0235019 0.03509 0.0304183 0.0360776 -0.0172988 -0.0202252 -0.0158827 -0.0201622 -0.0366645 -0.00511542 -0.00918234 0.0288193 -0.00499328 -0.0019056 -0.0038943
internal_weight=9765 4871 4437 4894 4633 3161 2409 1750 3149 2544 2179 1403 1484 1276 840 1291 605 331 490
internal_count=9765 4871 4437 4894 4633 3161 2409 1750 3149 2544 2179 1403 1484 1276 840 1291 605 331 490
is_linear=0
shrinkage=0.05


Tree=50
num_leaves=20
num_cat=0
split_feature=1 2 2 2 2 2 2 2 2 2 2 2 2 2 2 2 2 2 2
split_gain=1659.71 643.214 209.327 201.97 180.317 518.383 207.921 78.7346 21.1421 57.5935 16.5553 15.9416 11.794 11.7402 5.43137 2.15964 1.97245 0.773563 0.0411408
threshold=1.0000000180025095e-35 3.5000000000000004 9.5000000000000018 3.5000000000000004 6.5000000000000009 5.5000000000000009 4.5000000000000009 5.5000000000000009 2.5000000000000004 1.5000000000000002 8.5000000000000018 8.5000000000000018 6.5000000000000009 2.5000000000000004 9.5000000000000018 1.5000000000000002 7.5000000000000009 4.5000000000000009 7.5000000000000009
decision_type=2 2 2 2 2 2 2 2 2 2 2 2 2 2 2 2 2 2 2
left_child=1 13 4 8 5 6 -3 17 9 -2 16 12 -9 15 -13 -1 -6 -5 -14
right_child=3 2 -4 7 10 -7 -8 11 -10 -11 -12 14 18 -15 -16 -17 -18 -19 -20
leaf_value=-0.020456987646109655 -0.0091326596313401273 0.01072805396178652 -0.0079107491414816596 -0.037079669108921236 0.041648448530777468 -0.016641412387864356 0.054032309201353879 -0.021325270981743825 -0.007375793917418382 0.032212026365359414 0.033774361397735972 -0.020526999434810626 -0.029227039731065319 -0.029329159346492856 -0.011892242602495306 -0.01379591249095069 0.045788080458700614 -0.039895642389043681 -0.02866683880328838
leaf_weight=265 171 436 420 352 478 671 761 828 279 166 567 678 550 356 249 225 723 794 811
leaf_count=265 171 436 420 352 478 671 761 828 279 166 567 678 550 356 249 225 723 794 811
internal_value=-0.00330853 0.0172386 0.0255103 -0.0239567 0.0293709 0.0185383 0.038259 -0.0278247 0.00280465 0.011233 0.0408161 -0.0237033 -0.0260306 -0.0224189 -0.0182076 -0.0173983 0.0441405 -0.0390307 -0.0288932
internal_weight=9780 4902 4056 4878 3636 1868 1197 4262 616 337 1768 3116 2189 846 927 490 1201 1146 1361
internal_count=9780 4902 4056 4878 3636 1868 1197 4262 616 337 1768 3116 2189 846 927 490 1201 1146 1361
is_linear=0
shrinkage=0.05


Tree=51
num_leaves=20
num_cat=0
split_feature=1 2 2 2 2 2 2 2 2 2 2 2 2 2 2 2 2 2 2
split_gain=1497.89 580.5 188.917 182.278 162.736 467.841 187.649 71.058 19.0808 51.9782 14.9412 14.3873 10.644 10.5956 4.90181 1.94908 1.78014 0.698145 0.0371301
threshold=1.0000000180025095e-35 3.5000000000000004 9.5000000000000018 3.5000000000000004 6.5000000000000009 5.5000000000000009 4.5000000000000009 5.5000000000000009 2.5000000000000004 1.5000000000000002 8.5000000000000018 8.5000000000000018 6.5000000000000009 2.5000000000000004 9.5000000000000018 1.5000000000000002 7.5000000000000009 4.5000000000000009 7.5000000000000009
decision_type=2 2 2 2 2 2 2 2 2 2 2 2 2 2 2 2 2 2 2
left_child=1 13 4 8 5 6 -3 17 9 -2 16 12 -9 15 -13 -1 -6 -5 -14
right_child=3 2 -4 7 10 -7 -8 11 -10 -11 -12 14 18 -15 -16 -17 -18 -19 -20
leaf_value=-0.019434139876151987 -0.0086760255851243678 0.010191651035971735 -0.0075152066536247732 -0.035225680949092335 0.039566018267156694 -0.015809350989893601 0.051330700117125427 -0.020259008297763073 -0.0070069981892476379 0.030601425104808195 0.032085640562083934 -0.019500651267002775 -0.027765691882338035 -0.027862701707080093 -0.011297631426807868 -0.013106113036473594 0.043498674694082883 -0.037900864912645063 -0.027233497263535252
leaf_weight=265 171 436 420 352 478 671 761 828 279 166 567 678 550 356 249 225 723 794 811
leaf_count=265 171 436 420 352 478 671 761 828 279 166 567 678 550 356 249 225 723 794 811
internal_value=-0.00314311 0.0163767 0.0242348 -0.0227589 0.0279023 0.0176114 0.0363461 -0.0264334 0.00266442 0.0106713 0.0387753 -0.0225181 -0.0247291 -0.0212979 -0.0172973 -0.0165284 0.0419335 -0.0370792 -0.0274486
internal_weight=9780 4902 4056 4878 3636 1868 1197 4262 616 337 1768 3116 2189 846 927 490 1201 1146 1361
internal_count=9780 4902 4056 4878 3636 1868 1197 4262 616 337 1768 3116 2189 846 927 490 1201 1146 1361
is_linear=0
shrinkage=0.05


Tree=52
num_leaves=20
num_cat=0
split_feature=1 2 2 2 2 2 2 2 2 2 2 2 2 2 2 2 2 2 2
split_gain=1351.84 523.902 170.498 164.506 146.869 422.227 169.353 64.1299 17.2204 46.9103 13.4844 12.9845 9.60624 9.5625 4.42388 1.75904 1.60658 0.630076 0.0335107
threshold=1.0000000180025095e-35 3.5000000000000004 9.5000000000000018 3.5000000000000004 6.5000000000000009 5.5000000000000009 4.5000000000000009 5.5000000000000009 2.5000000000000004 1.5000000000000002 8.5000000000000018 8.5000000000000018 6.5000000000000009 2.5000000000000004 9.5000000000000018 1.5000000000000002 7.5000000000000009 4.5000000000000009 7.5000000000000009
decision_type=2 2 2 2 2 2 2 2 2 2 2 2 2 2 2 2 2 2 2
left_child=1 13 4 8 5 6 -3 17 9 -2 16 12 -9 15 -13 -1 -6 -5 -14
right_child=3 2 -4 7 10 -7 -8 11 -10 -11 -12 14 18 -15 -16 -17 -18 -19 -20
leaf_value=-0.018462432909686612 -0.0082422261698204182 0.0096820654890098432 -0.0071394479851282777 -0.033464398155973123 0.037587716620586908 -0.015018888959597279 0.048764167919524905 -0.01924606133834459 -0.0066566524927013666 0.029071351589725482 0.030481362054660358 -0.01852561642462525 -0.026377408675172118 -0.026469566859304905 -0.010732753524728808 -0.012450813558366565 0.041323743548816176 -0.036005821801318554 -0.025871818315504183
leaf_weight=265 171 436 420 352 478 671 761 828 279 166 567 678 550 356 249 225 723 794 811
leaf_count=265 171 436 420 352 478 671 761 828 279 166 567 678 550 356 249 225 723 794 811
internal_value=-0.00298595 0.0155578 0.0230231 -0.021621 0.0265072 0.0167309 0.0345287 -0.0251117 0.0025312 0.0101378 0.0368365 -0.0213922 -0.0234926 -0.020233 -0.0164324 -0.015702 0.0398368 -0.0352252 -0.0260761
internal_weight=9780 4902 4056 4878 3636 1868 1197 4262 616 337 1768 3116 2189 846 927 490 1201 1146 1361
internal_count=9780 4902 4056 4878 3636 1868 1197 4262 616 337 1768 3116 2189 846 927 490 1201 1146 1361
is_linear=0
shrinkage=0.05


Tree=53
num_leaves=20
num_cat=0
split_feature=1 2 2 2 2 2 2 2 2 2 2 2 2 2 2 2 2 2 2
split_gain=1220.04 472.821 153.874 148.466 132.55 381.059 152.841 57.8771 15.5414 42.3365 12.1697 11.7186 8.66964 8.63014 3.99254 1.58753 1.44993 0.56864 0.030242
threshold=1.0000000180025095e-35 3.5000000000000004 9.5000000000000018 3.5000000000000004 6.5000000000000009 5.5000000000000009 4.5000000000000009 5.5000000000000009 2.5000000000000004 1.5000000000000002 8.5000000000000018 8.5000000000000018 6.5000000000000009 2.5000000000000004 9.5000000000000018 1.5000000000000002 7.5000000000000009 4.5000000000000009 7.5000000000000009
decision_type=2 2 2 2 2 2 2 2 2 2 2 2 2 2 2 2 2 2 2
left_child=1 13 4 8 5 6 -3 17 9 -2 16 12 -9 15 -13 -1 -6 -5 -14
right_child=3 2 -4 7 10 -7 -8 11 -10 -11 -12 14 18 -15 -16 -17 -18 -19 -20
leaf_value=-0.017539313039127386 -0.0078301152203515256 0.0091979542366921099 -0.0067824706266678518 -0.031791175988407548 0.035708340070362374 -0.014267938229326163 0.046325952077939811 -0.018283755800704776 -0.0063238200467867671 0.027617788771504021 0.028957296484618117 -0.017599331605410242 -0.025058531346307561 -0.025146080047059594 -0.010196120057060538 -0.011828271521462335 0.039257551819107978 -0.0342055205487991 -0.024578231133970764
leaf_weight=265 171 436 420 352 478 671 761 828 279 166 567 678 550 356 249 225 723 794 811
leaf_count=265 171 436 420 352 478 671 761 828 279 166 567 678 550 356 249 225 723 794 811
internal_value=-0.00283665 0.0147799 0.0218719 -0.0205399 0.0251818 0.0158943 0.0328023 -0.0238562 0.00240464 0.00963087 0.0349947 -0.0203226 -0.022318 -0.0192214 -0.0156108 -0.0149169 0.037845 -0.0334639 -0.0247723
internal_weight=9780 4902 4056 4878 3636 1868 1197 4262 616 337 1768 3116 2189 846 927 490 1201 1146 1361
internal_count=9780 4902 4056 4878 3636 1868 1197 4262 616 337 1768 3116 2189 846 927 490 1201 1146 1361
is_linear=0
shrinkage=0.05


Tree=54
num_leaves=24
num_cat=0
split_feature=0 0 0 0 0 1 1 0 1 0 0 0 0 0 1 0 0 0 0 0 0 0 0
split_gain=39474.5 6392.97 2674.96 1990.57 7586.02 2908.3 1401.39 1848.71 1295.19 2327.69 3411.5 2373.14 1289.79 513.475 377.642 369.538 383.051 159.868 153.054 148.091 110.7 74.0884 13.6777
threshold=1650.0000000000002 1075.0000000000002 2550.0000000000005 1250.0000000000002 1350.0000000000002 1.0000000180025095e-35 1.0000000180025095e-35 1450.0000000000002 1.0000000180025095e-35 1750.0000000000002 1850.0000000000002 1950.0000000000002 2150.0000000000005 1950.0000000000002 1.0000000180025095e-35 2050.0000000000005 2350.0000000000005 1550.0000000000002 1550.0000000000002 1175.0000000000002 2350.0000000000005 2800.0000000000005 2450.0000000000005
decision_type=2 2 2 2 2 2 2 2 2 2 2 2 2 2 2 2 2 2 2 2 2 2 2
left_child=1 14 8 5 -5 -3 7 -6 12 -10 -11 -12 13 -2 -1 -13 -17 -8 -9 -7 -14 -4 -22
right_child=2 3 21 4 6 19 17 18 9 10 11 15 20 -15 -16 16 -18 -19 -20 -21 22 -23 -24
leaf_value=-0.2504841137925784 0.16172914265780391 -0.19908613746730308 0.32946793786857442 0.47849965918631787 -0.1213464508225563 -0.1296572680297223 -0.10554717695258259 0.08223200199753046 0.15386183916929319 0.0032250398733402797 0.32190967750735583 -0.057682803970702148 0.016826803336000961 0.11009973282744595 -0.39584571918738742 0.15482931593803906 -0.00064872131362313137 -0.14621842740363825 -0.0076395398115289065 -0.068338652497853716 0.071162086605699254 0.23288552624483905 0.039051063517108561
leaf_weight=60 906 853 115 63 504 110 835 50 559 1477 155 47 230 1028 175 113 61 340 902 939 194 24 40
leaf_count=60 906 853 115 63 504 110 835 50 559 1477 155 47 230 1028 175 113 61 340 902 939 194 24 40
internal_value=-0.00269482 -0.104366 0.0965524 -0.0913602 -0.0637114 -0.130522 -0.0766948 -0.0439134 0.0903035 0.0644333 0.0374552 0.171918 0.116325 0.134286 -0.358732 0.0667197 0.100323 -0.117316 -0.0029194 -0.0747686 0.0414605 0.312792 0.065673
internal_weight=9780 4831 4949 4596 2694 1902 2631 1456 4810 2412 1853 376 2398 1934 235 221 174 1175 952 1049 464 139 234
internal_count=9780 4831 4949 4596 2694 1902 2631 1456 4810 2412 1853 376 2398 1934 235 221 174 1175 952 1049 464 139 234
is_linear=0
shrinkage=0.05


Tree=55
num_leaves=20
num_cat=0
split_feature=1 2 2 2 2 2 2 2 2 2 2 2 2 2 2 2 2 2 2
split_gain=896.024 381.263 253.006 132.015 117.852 117.492 64.4884 41.1521 94.5348 23.1518 22.1833 15.9925 60.6153 44.4452 28.922 26.7297 3.8417 0.304307 0.00920914
threshold=1.0000000180025095e-35 3.5000000000000004 2.5000000000000004 9.5000000000000018 8.5000000000000018 9.5000000000000018 4.5000000000000009 6.5000000000000009 5.5000000000000009 7.5000000000000009 1.5000000000000002 4.5000000000000009 3.5000000000000004 5.5000000000000009 2.5000000000000004 6.5000000000000009 7.5000000000000009 8.5000000000000018 1.5000000000000002
decision_type=2 2 2 2 2 2 2 2 2 2 2 2 2 2 2 2 2 2 2
left_child=1 2 10 4 6 11 -3 8 -8 -9 -1 12 14 -13 18 -15 -17 -18 -2
right_child=5 3 -4 -5 -6 -7 7 9 -10 -11 -12 13 -14 15 -16 16 17 -19 -20
leaf_value=0.004390113175347838 -0.015943244170706125 0.045205807081241722 -0.041072356092891747 0.0021199534338156474 0.052000449221117177 0.024698266410452176 0.030448525453096776 0.03996451767920936 0.0045781683460787729 0.025691817989022786 0.02547827015957262 0.0016473095713555352 -0.031904712429462488 -0.019110814167087424 0.0060460720737516667 -0.012222197669314268 -0.0065959622962639703 -0.0080209350818364385 -0.016480551494766547
leaf_weight=267 169 435 352 434 578 254 776 466 648 728 234 806 368 845 269 523 817 692 151
leaf_count=267 169 435 352 434 578 254 776 466 648 728 234 806 368 845 269 523 817 692 151
internal_value=0.00673284 0.0218055 -0.00858546 0.0281827 0.0312979 -0.0084137 0.0273784 0.0244163 0.0186761 0.0312622 0.0142397 -0.0102263 -0.0159849 -0.00872998 -0.00603833 -0.0116372 -0.00852933 -0.00724943 -0.0161968
internal_weight=9812 4918 853 4065 3631 4894 3053 2618 1424 1194 501 4640 957 3683 589 2877 2032 1509 320
internal_count=9812 4918 853 4065 3631 4894 3053 2618 1424 1194 501 4640 957 3683 589 2877 2032 1509 320
is_linear=0
shrinkage=0.05


Tree=56
num_leaves=20
num_cat=0
split_feature=1 2 2 2 2 2 2 2 2 2 2 2 2 2 2 2 2 2 2
split_gain=808.662 344.09 228.338 119.144 106.361 106.037 58.2007 37.1398 85.3176 20.8945 20.0205 14.4333 54.7054 40.1118 26.1021 24.1236 3.46714 0.274636 0.00831161
threshold=1.0000000180025095e-35 3.5000000000000004 2.5000000000000004 9.5000000000000018 8.5000000000000018 9.5000000000000018 4.5000000000000009 6.5000000000000009 5.5000000000000009 7.5000000000000009 1.5000000000000002 4.5000000000000009 3.5000000000000004 5.5000000000000009 2.5000000000000004 6.5000000000000009 7.5000000000000009 8.5000000000000018 1.5000000000000002
decision_type=2 2 2 2 2 2 2 2 2 2 2 2 2 2 2 2 2 2 2
left_child=1 2 10 4 6 11 -3 8 -8 -9 -1 12 14 -13 18 -15 -17 -18 -2
right_child=5 3 -4 -5 -6 -7 7 9 -10 -11 -12 13 -14 15 -16 16 17 -19 -20
leaf_value=0.004170601667787475 -0.015146078085857471 0.042945513482066405 -0.039018729664464694 0.0020139597377778476 0.049400426923687277 0.023463351654959479 0.028926103377472326 0.037966285584406539 0.0043492656403773082 0.02440723262312771 0.024204354332043574 0.0015649510254891631 -0.030309483130227105 -0.018155277245953547 0.0057437695105833639 -0.011611088673026794 -0.0062661615860360054 -0.0076198821455064278 -0.015656531051985476
leaf_weight=267 169 435 352 434 578 254 776 466 648 728 234 806 368 845 269 523 817 692 151
leaf_count=267 169 435 352 434 578 254 776 466 648 728 234 806 368 845 269 523 817 692 151
internal_value=0.0063962 0.0207152 -0.00815618 0.0267736 0.029733 -0.00799302 0.0260095 0.0231955 0.0177423 0.0296991 0.0135277 -0.00971498 -0.0151856 -0.00829348 -0.00573642 -0.0110553 -0.00810286 -0.00688695 -0.0153869
internal_weight=9812 4918 853 4065 3631 4894 3053 2618 1424 1194 501 4640 957 3683 589 2877 2032 1509 320
internal_count=9812 4918 853 4065 3631 4894 3053 2618 1424 1194 501 4640 957 3683 589 2877 2032 1509 320
is_linear=0
shrinkage=0.05


Tree=57
num_leaves=20
num_cat=0
split_feature=1 2 2 2 2 2 2 2 2 2 2 2 2 2 2 2 2 2 2
split_gain=729.818 310.541 206.075 107.527 95.9909 95.6982 52.5262 33.5187 76.9991 18.8573 18.0684 13.026 49.3716 36.2008 23.5571 21.7715 3.12911 0.24786 0.00750108
threshold=1.0000000180025095e-35 3.5000000000000004 2.5000000000000004 9.5000000000000018 8.5000000000000018 9.5000000000000018 4.5000000000000009 6.5000000000000009 5.5000000000000009 7.5000000000000009 1.5000000000000002 4.5000000000000009 3.5000000000000004 5.5000000000000009 2.5000000000000004 6.5000000000000009 7.5000000000000009 8.5000000000000018 1.5000000000000002
decision_type=2 2 2 2 2 2 2 2 2 2 2 2 2 2 2 2 2 2 2
left_child=1 2 10 4 6 11 -3 8 -8 -9 -1 12 14 -13 18 -15 -17 -18 -2
right_child=5 3 -4 -5 -6 -7 7 9 -10 -11 -12 13 -14 15 -16 16 17 -19 -20
leaf_value=0.0039620842579935331 -0.014388775067216548 0.040798239443857957 -0.03706779485642487 0.0019132661882118422 0.046930406110805935 0.022290174551601486 0.02747979120069487 0.036067970157820782 0.0041318045469880523 0.023186870752373242 0.022994139446662024 0.0014866954639205067 -0.028794004720048574 -0.017247505961812636 0.0054565836685851604 -0.01103053973109798 -0.0059528517616614061 -0.0072388899735662277 -0.014873700697493081
leaf_weight=267 169 435 352 434 578 254 776 466 648 728 234 806 368 845 269 523 817 692 151
leaf_count=267 169 435 352 434 578 254 776 466 648 728 234 806 368 845 269 523 817 692 151
internal_value=0.00607639 0.0196794 -0.00774837 0.0254349 0.0282463 -0.00759337 0.024709 0.0220357 0.0168551 0.0282142 0.0128513 -0.00922923 -0.0144263 -0.0078788 -0.00544959 -0.0105026 -0.00769772 -0.00654261 -0.0146176
internal_weight=9812 4918 853 4065 3631 4894 3053 2618 1424 1194 501 4640 957 3683 589 2877 2032 1509 320
internal_count=9812 4918 853 4065 3631 4894 3053 2618 1424 1194 501 4640 957 3683 589 2877 2032 1509 320
is_linear=0
shrinkage=0.05


Tree=58
num_leaves=20
num_cat=0
split_feature=1 2 2 2 2 2 2 2 2 2 2 2 2 2 2 2 2 2 2
split_gain=658.66 280.263 185.983 97.0434 86.6318 86.3677 47.4049 30.2506 69.4918 17.0187 16.3068 11.756 44.5578 32.6713 21.2603 19.6488 2.82401 0.223693 0.00676978
threshold=1.0000000180025095e-35 3.5000000000000004 2.5000000000000004 9.5000000000000018 8.5000000000000018 9.5000000000000018 4.5000000000000009 6.5000000000000009 5.5000000000000009 7.5000000000000009 1.5000000000000002 4.5000000000000009 3.5000000000000004 5.5000000000000009 2.5000000000000004 6.5000000000000009 7.5000000000000009 8.5000000000000018 1.5000000000000002
decision_type=2 2 2 2 2 2 2 2 2 2 2 2 2 2 2 2 2 2 2
left_child=1 2 10 4 6 11 -3 8 -8 -9 -1 12 14 -13 18 -15 -17 -18 -2
right_child=5 3 -4 -5 -6 -7 7 9 -10 -11 -12 13 -14 15 -16 16 17 -19 -20
leaf_value=0.0037639783707548503 -0.013669339020753049 0.0387583283296433 -0.035214411763312956 0.0018175955956226673 0.04458388474396878 0.021175671277905074 0.026105806557641643 0.034264571975932613 0.0039252079126459579 0.022027520244803755 0.021844427172954269 0.0014123653550747847 -0.027354308081102438 -0.016385130556465604 0.0051837495656261653 -0.010479009366170442 -0.005655209377015892 -0.0068769444781490155 -0.014130020033050056
leaf_weight=267 169 435 352 434 578 254 776 466 648 728 234 806 368 845 269 523 817 692 151
leaf_count=267 169 435 352 434 578 254 776 466 648 728 234 806 368 845 269 523 817 692 151
internal_value=0.00577257 0.0186955 -0.00736096 0.0241631 0.026834 -0.0072137 0.0234736 0.0209339 0.0160124 0.0268035 0.0122087 -0.00876777 -0.013705 -0.00748486 -0.00517712 -0.00997744 -0.00731283 -0.00621547 -0.0138867
internal_weight=9812 4918 853 4065 3631 4894 3053 2618 1424 1194 501 4640 957 3683 589 2877 2032 1509 320
internal_count=9812 4918 853 4065 3631 4894 3053 2618 1424 1194 501 4640 957 3683 589 2877 2032 1509 320
is_linear=0
shrinkage=0.05


Tree=59
num_leaves=24
num_cat=0
split_feature=0 0 0 1 0 1 0 1 0 0 0 0 0 1 0 0 0 0 0 0 0 0 0
split_gain=32746.4 6308.52 2804.74 3435.88 2277.57 1403.62 987.542 1609.18 3604.71 1892.37 971.656 915.937 10221.6 900.617 489.702 167.684 147.016 129.219 78.2842 112.119 39.1902 11.6686 5.97273
threshold=1650.0000000000002 1075.0000000000002 1450.0000000000002 1.0000000180025095e-35 2550.0000000000005 1.0000000180025095e-35 1750.0000000000002 1.0000000180025095e-35 1850.0000000000002 1950.0000000000002 2150.0000000000005 1350.0000000000002 1250.0000000000002 1.0000000180025095e-35 2050.0000000000005 1175.0000000000002 2350.0000000000005 1550.0000000000002 2350.0000000000005 2450.0000000000005 2800.0000000000005 1350.0000000000002 1950.0000000000002
decision_type=2 2 2 2 2 2 2 2 2 2 2 2 2 2 2 2 2 2 2 2 2 2 2
left_child=1 13 3 21 6 17 -2 10 -9 -10 22 12 15 -1 -11 -5 -16 -4 -12 -20 -6 -3 -8
right_child=4 2 5 11 20 -7 7 8 9 14 18 -13 -14 -15 16 -17 -18 -19 19 -21 -22 -23 -24
leaf_value=-0.17924683179819223 0.15397624042689695 -0.16107401297942506 0.096648374701348641 -0.12445501095801592 0.30908605507739817 -0.098808101551301444 0.12853253229685202 0.013307648425300918 0.3220695460629468 -0.047220947912761144 0.020307533533284159 -0.094272917868262168 0.57832033073302058 -0.39633893907027096 0.16574769011867996 -0.056456185819918771 0.062345373854041097 0.015615698098952741 0.078082122571948104 -0.0090735510364174845 0.2410028322814749 -0.15156457658813452 0.12294392942388609
leaf_weight=66 551 872 52 100 113 335 903 1485 154 49 198 847 66 173 110 971 50 913 205 45 26 512 1016
leaf_count=66 551 872 52 100 113 335 903 1485 154 49 198 847 66 173 110 971 50 913 205 45 26 512 1016
internal_value=0.00548394 -0.08584 -0.073012 -0.0970909 0.0968451 -0.0106291 0.0910265 0.0827975 0.0478335 0.189075 0.110095 -0.0549115 -0.0255895 -0.336389 0.0910798 -0.0628053 0.133434 0.0199822 0.0437933 0.0623941 0.296351 -0.157556 0.125574
internal_weight=9812 4907 4668 3368 4905 1300 4766 4215 1848 363 2367 1984 1137 239 209 1071 160 965 448 250 139 1384 1919
internal_count=9812 4907 4668 3368 4905 1300 4766 4215 1848 363 2367 1984 1137 239 209 1071 160 965 448 250 139 1384 1919
is_linear=0
shrinkage=0.05


Tree=60
num_leaves=24
num_cat=0
split_feature=0 0 0 0 0 1 0 1 0 0 0 1 0 0 0 1 1 0 0 1 0 1 0
split_gain=27236 5791.28 2076.69 1743.29 8281.45 2057.83 1364.28 1256.57 727.157 1500.98 2508.76 2018.14 2394.67 217.359 208.847 185.122 73.2888 62.9238 39.0078 233.678 5.55146 4.10914 3.62611
threshold=1650.0000000000002 1075.0000000000002 2550.0000000000005 1250.0000000000002 1350.0000000000002 1.0000000180025095e-35 1450.0000000000002 1.0000000180025095e-35 2150.0000000000005 1850.0000000000002 1950.0000000000002 1.0000000180025095e-35 1750.0000000000002 1550.0000000000002 1175.0000000000002 1.0000000180025095e-35 1.0000000180025095e-35 2450.0000000000005 2050.0000000000005 1.0000000180025095e-35 2250.0000000000005 1.0000000180025095e-35 2800.0000000000005
decision_type=2 2 2 2 2 2 2 2 2 2 2 2 2 2 2 2 2 2 2 2 2 2 2
left_child=1 15 8 5 -5 -3 16 13 9 11 -11 -2 -13 -8 -7 -1 -6 20 19 -12 -10 -22 -4
right_child=2 3 22 4 6 14 7 -9 17 10 18 12 -14 -15 -16 -17 -18 -19 -20 -21 21 -23 -24
leaf_value=-0.25156895953460018 0.12976405227204085 -0.16460721331746275 0.278537422125893 0.50055852427749947 -0.10918527538014461 -0.12708419598729431 0.10416995069632928 -0.10384914523529631 0.02129849335178733 0.31936651901039603 0.1070916834072794 0.12704689302938241 0.0060452461295788344 0.00096623009117118594 -0.052051357884324134 -0.34843227349523176 -0.08494623342278633 0.074376710014417771 0.13181567803363911 -0.0025809827388501637 0.0064534039793374106 0.02225397787988186 0.25842026863247158
leaf_weight=69 866 848 112 68 501 103 54 349 200 154 1019 561 1508 924 931 173 826 50 121 51 184 53 28
leaf_count=69 866 848 112 68 501 103 54 349 200 154 1019 561 1508 924 931 173 826 50 121 51 184 53 28
internal_value=0.00167551 -0.0824037 0.0847095 -0.0698721 -0.0442891 -0.106874 -0.058249 -0.0224004 0.0791352 0.0857225 0.129462 0.0656781 0.0388543 0.0066646 -0.0595256 -0.320814 -0.0940975 0.0212432 0.104907 0.101864 0.0151638 0.00998687 0.274514
internal_weight=9753 4846 4907 4604 2722 1882 2654 1327 4767 4280 1345 2935 2069 978 1034 242 1327 487 1191 1070 437 237 140
internal_count=9753 4846 4907 4604 2722 1882 2654 1327 4767 4280 1345 2935 2069 978 1034 242 1327 487 1191 1070 437 237 140
is_linear=0
shrinkage=0.05


Tree=61
num_leaves=24
num_cat=0
split_feature=0 0 0 0 0 1 0 1 0 0 0 1 0 0 0 1 1 0 0 1 0 1 0
split_gain=24580.5 5226.63 1874.21 1573.32 7474 1857.19 1231.26 1134.05 656.259 1354.63 2264.16 1821.37 2161.19 196.166 188.485 167.073 66.1432 56.7888 35.2045 210.894 5.01019 3.7085 3.27257
threshold=1650.0000000000002 1075.0000000000002 2550.0000000000005 1250.0000000000002 1350.0000000000002 1.0000000180025095e-35 1450.0000000000002 1.0000000180025095e-35 2150.0000000000005 1850.0000000000002 1950.0000000000002 1.0000000180025095e-35 1750.0000000000002 1550.0000000000002 1175.0000000000002 1.0000000180025095e-35 1.0000000180025095e-35 2450.0000000000005 2050.0000000000005 1.0000000180025095e-35 2250.0000000000005 1.0000000180025095e-35 2800.0000000000005
decision_type=2 2 2 2 2 2 2 2 2 2 2 2 2 2 2 2 2 2 2 2 2 2 2
left_child=1 15 8 5 -5 -3 16 13 9 11 -11 -2 -13 -8 -7 -1 -6 20 19 -12 -10 -22 -4
right_child=2 3 22 4 6 14 7 -9 17 10 18 12 -14 -15 -16 -17 -18 -19 -20 -21 21 -23 -24
leaf_value=-0.23899051046025926 0.12327584842280173 -0.15637685811160273 0.2646105573146737 0.47553057600470156 -0.10372601220804359 -0.12072998866149523 0.098961457023742039 -0.09865668527888706 0.020233567103743553 0.30339819393302137 0.10173710676559483 0.12069455058016748 0.0057429838849019157 0.0009179194577772058 -0.049448790071906265 -0.33101065664456603 -0.08069892055625616 0.070657875210046781 0.12522489068921933 -0.0024519343586529001 0.0061307323924468266 0.021141278691027526 0.24549925284726279
leaf_weight=69 866 848 112 68 501 103 54 349 200 154 1019 561 1508 924 931 173 826 50 121 51 184 53 28
leaf_count=69 866 848 112 68 501 103 54 349 200 154 1019 561 1508 924 931 173 826 50 121 51 184 53 28
internal_value=0.00159174 -0.0782835 0.080474 -0.0663785 -0.0420746 -0.10153 -0.0553365 -0.0212804 0.0751785 0.0814363 0.122989 0.0623942 0.0369116 0.00633137 -0.0565493 -0.304774 -0.0893926 0.020181 0.0996619 0.0967711 0.0144056 0.00948752 0.260788
internal_weight=9753 4846 4907 4604 2722 1882 2654 1327 4767 4280 1345 2935 2069 978 1034 242 1327 487 1191 1070 437 237 140
internal_count=9753 4846 4907 4604 2722 1882 2654 1327 4767 4280 1345 2935 2069 978 1034 242 1327 487 1191 1070 437 237 140
is_linear=0
shrinkage=0.05


Tree=62
num_leaves=20
num_cat=0
split_feature=2 1 2 2 2 2 2 2 1 2 2 2 2 2 2 2 2 2 2
split_gain=480.522 618.135 245.827 113.057 272.797 116.847 53.1076 40.6966 21.6021 23.6702 31.0846 10.5199 7.09594 21.5754 3.13451 1.65749 1.59927 0.508096 0.01982
threshold=4.5000000000000009 1.0000000180025095e-35 8.5000000000000018 6.5000000000000009 7.5000000000000009 5.5000000000000009 8.5000000000000018 5.5000000000000009 1.0000000180025095e-35 2.5000000000000004 1.5000000000000002 7.5000000000000009 2.5000000000000004 1.5000000000000002 9.5000000000000018 9.5000000000000018 3.5000000000000004 6.5000000000000009 3.5000000000000004
decision_type=2 2 2 2 2 2 2 2 2 2 2 2 2 2 2 2 2 2 2
left_child=8 2 3 5 -5 -2 7 -3 9 10 -1 17 13 -10 -4 -8 -11 -9 -14
right_child=1 6 14 4 -6 -7 15 11 12 16 -12 -13 18 -15 -16 -17 -18 -19 -20
leaf_value=-0.019600075693978442 0.034504331292039017 0.00025267971844190206 -0.00091115555182446945 0.070973476915320091 0.022009472943778301 0.0055875456788473665 0.0029785358063205117 -0.016278963912105249 -0.019489965600482488 -0.015240706657974426 -0.044797260666406963 -0.0083406601161948347 -0.01678684269671963 0.0058034870009985029 0.0047437459945391322 0.0077222723722457894 -0.019811811956465929 -0.014323581825603138 -0.016214232019031657
leaf_weight=252 758 809 568 484 690 648 699 839 177 341 238 812 276 161 431 250 436 550 334
leaf_count=252 758 809 568 484 690 648 699 839 177 341 238 812 276 161 431 250 436 550 334
internal_value=0.00151215 0.00752827 0.0225872 0.0307414 0.0421957 0.0211771 -0.00608529 -0.00933695 -0.0189617 -0.0232328 -0.0318387 -0.0128617 -0.0132533 -0.0074419 0.00152855 0.0042282 -0.0178057 -0.0155047 -0.0164733
internal_weight=9753 7538 3579 2580 1174 1406 3959 3010 2215 1267 490 2201 948 338 999 949 777 1389 610
internal_count=9753 7538 3579 2580 1174 1406 3959 3010 2215 1267 490 2201 948 338 999 949 777 1389 610
is_linear=0
shrinkage=0.05


Tree=63
num_leaves=20
num_cat=0
split_feature=2 1 2 2 2 2 2 2 1 2 2 2 2 2 2 2 2 2 2
split_gain=433.671 557.867 221.859 102.034 246.2 105.455 47.9295 36.7287 19.4959 21.3623 28.0539 9.49425 6.40408 19.4718 2.8289 1.49589 1.44334 0.458561 0.0178873
threshold=4.5000000000000009 1.0000000180025095e-35 8.5000000000000018 6.5000000000000009 7.5000000000000009 5.5000000000000009 8.5000000000000018 5.5000000000000009 1.0000000180025095e-35 2.5000000000000004 1.5000000000000002 7.5000000000000009 2.5000000000000004 1.5000000000000002 9.5000000000000018 9.5000000000000018 3.5000000000000004 6.5000000000000009 3.5000000000000004
decision_type=2 2 2 2 2 2 2 2 2 2 2 2 2 2 2 2 2 2 2
left_child=8 2 3 5 -5 -2 7 -3 9 10 -1 17 13 -10 -4 -8 -11 -9 -14
right_child=1 6 14 4 -6 -7 15 11 12 16 -12 -13 18 -15 -16 -17 -18 -19 -20
leaf_value=-0.018620070371599424 0.032779117386682467 0.00024004554786409709 -0.00086560284031856759 0.067424807703307221 0.020908998733899301 0.0053081735170929243 0.002829599463232981 -0.015465016896626663 -0.018515463087097402 -0.014478678951829214 -0.042557403770815426 -0.0079236253023633896 -0.015947497280422544 0.0055133108535538556 0.0045065577641635133 0.0073361552089452747 -0.018821222250939375 -0.01360739528387785 -0.015403522135031794
leaf_weight=252 758 809 568 484 690 648 699 839 177 341 238 812 276 161 431 250 436 550 334
leaf_count=252 758 809 568 484 690 648 699 839 177 341 238 812 276 161 431 250 436 550 334
internal_value=0.00143654 0.00715185 0.0214579 0.0292043 0.0400859 0.0201183 -0.00578102 -0.0088701 -0.0180136 -0.0220712 -0.0302468 -0.0122186 -0.0125906 -0.0070698 0.00145212 0.00401678 -0.0169154 -0.0147295 -0.0156496
internal_weight=9753 7538 3579 2580 1174 1406 3959 3010 2215 1267 490 2201 948 338 999 949 777 1389 610
internal_count=9753 7538 3579 2580 1174 1406 3959 3010 2215 1267 490 2201 948 338 999 949 777 1389 610
is_linear=0
shrinkage=0.05


Tree=64
num_leaves=20
num_cat=0
split_feature=2 1 2 2 2 2 2 2 1 2 2 2 2 2 2 2 2 2 2
split_gain=391.388 503.474 200.228 92.086 222.195 95.1729 43.2564 33.1476 17.595 19.2795 25.3186 8.56857 5.77968 17.5733 2.55308 1.35004 1.30261 0.413848 0.0161435
threshold=4.5000000000000009 1.0000000180025095e-35 8.5000000000000018 6.5000000000000009 7.5000000000000009 5.5000000000000009 8.5000000000000018 5.5000000000000009 1.0000000180025095e-35 2.5000000000000004 1.5000000000000002 7.5000000000000009 2.5000000000000004 1.5000000000000002 9.5000000000000018 9.5000000000000018 3.5000000000000004 6.5000000000000009 3.5000000000000004
decision_type=2 2 2 2 2 2 2 2 2 2 2 2 2 2 2 2 2 2 2
left_child=8 2 3 5 -5 -2 7 -3 9 10 -1 17 13 -10 -4 -8 -11 -9 -14
right_child=1 6 14 4 -6 -7 15 11 12 16 -12 -13 18 -15 -16 -17 -18 -19 -20
leaf_value=-0.017689059967441217 0.031140160787341345 0.00022804073569778128 -0.00082231953561397826 0.064053568536690378 0.019863545485920665 0.0050427650548460212 0.0026881235931468369 -0.014691763652624016 -0.017589688468408787 -0.013754744784595156 -0.040429529660389207 -0.007527440351094556 -0.015150126673119225 0.0052376348502147273 0.0042812229613308946 0.0069693497359752657 -0.017880160594679451 -0.012927030112255704 -0.014633346545303653
leaf_weight=252 758 809 568 484 690 648 699 839 177 341 238 812 276 161 431 250 436 550 334
leaf_count=252 758 809 568 484 690 648 699 839 177 341 238 812 276 161 431 250 436 550 334
internal_value=0.00136471 0.00679426 0.020385 0.0277441 0.0380816 0.0191123 -0.00549197 -0.0084266 -0.0171129 -0.0209676 -0.0287344 -0.0116077 -0.0119611 -0.00671632 0.00137951 0.00381595 -0.0160696 -0.013993 -0.0148672
internal_weight=9753 7538 3579 2580 1174 1406 3959 3010 2215 1267 490 2201 948 338 999 949 777 1389 610
internal_count=9753 7538 3579 2580 1174 1406 3959 3010 2215 1267 490 2201 948 338 999 949 777 1389 610
is_linear=0
shrinkage=0.05


Tree=65
num_leaves=24
num_cat=0
split_feature=0 0 0 0 1 1 0 1 0 0 0 0 0 0 1 0 0 0 0 0 0 0 0
split_gain=22869 4150.42 3776.26 2136.35 3046.39 1396.45 1004.05 1738.48 2584.22 1832.24 1309.56 776.1 5381.82 570.197 463.853 420.139 198.769 143.134 115.218 106.53 128.176 47.7866 73.583
threshold=1650.0000000000002 1075.0000000000002 2550.0000000000005 1450.0000000000002 1.0000000180025095e-35 1.0000000180025095e-35 1750.0000000000002 1.0000000180025095e-35 1850.0000000000002 1950.0000000000002 2150.0000000000005 1350.0000000000002 1250.0000000000002 1350.0000000000002 1.0000000180025095e-35 1950.0000000000002 1550.0000000000002 1175.0000000000002 2800.0000000000005 2050.0000000000005 2350.0000000000005 2450.0000000000005 2350.0000000000005
decision_type=2 2 2 2 2 2 2 2 2 2 2 2 2 2 2 2 2 2 2 2 2 2 2
left_child=1 14 6 4 13 16 -2 10 -9 -10 15 12 17 -3 -1 -8 -5 -6 -4 -11 -21 22 -12
right_child=2 3 18 5 11 -7 7 8 9 19 21 -13 -14 -15 -16 -17 -18 -19 -20 20 -22 -23 -24
leaf_value=-0.17042806231743332 0.13292070785093876 -0.16650624483928669 0.35776561255921174 0.11393846532640357 -0.10182477124765808 -0.09794038620304775 0.13337888446481019 -0.0028425734105908518 0.28241930266918791 -0.008734549728094362 -0.0017445459252312071 -0.082077603278254557 0.4196547421570303 -0.099061368366424193 -0.31782113233495551 0.086528577034973242 0.015225996987766211 -0.039576743838504208 0.23713808730244637 0.10565904798930058 0.015908215855879169 -0.038294669315218931 0.040578021917177076
leaf_weight=77 567 879 113 54 102 333 903 1510 146 51 210 833 66 487 174 1018 917 976 24 111 62 40 201
leaf_count=77 567 879 113 54 102 333 903 1510 146 51 210 833 66 487 174 1018 917 976 24 111 62 40 201
internal_value=0.0020569 -0.0745634 0.0777805 -0.0638665 -0.0850399 -0.0095853 0.0704215 0.0620873 0.0261755 0.144601 0.0905503 -0.0453649 -0.0186327 -0.142461 -0.272605 0.108551 0.0207157 -0.0454666 0.336634 0.0547723 0.073494 0.0138759 0.0189534
internal_weight=9854 4898 4956 4647 3343 1304 4819 4252 1880 370 2372 1977 1144 1366 251 1921 971 1078 137 224 173 451 411
internal_count=9854 4898 4956 4647 3343 1304 4819 4252 1880 370 2372 1977 1144 1366 251 1921 971 1078 137 224 173 451 411
is_linear=0
shrinkage=0.05


Tree=66
num_leaves=24
num_cat=0
split_feature=0 0 0 0 1 1 0 1 0 0 0 0 0 0 1 0 0 0 0 0 0 0 0
split_gain=20639.3 3745.76 3408.08 1928.06 2749.37 1260.3 906.156 1568.98 2332.26 1653.6 1181.87 700.43 4857.09 514.603 418.627 379.176 179.389 129.178 103.985 96.1437 115.679 43.1274 66.4086
threshold=1650.0000000000002 1075.0000000000002 2550.0000000000005 1450.0000000000002 1.0000000180025095e-35 1.0000000180025095e-35 1750.0000000000002 1.0000000180025095e-35 1850.0000000000002 1950.0000000000002 2150.0000000000005 1350.0000000000002 1250.0000000000002 1350.0000000000002 1.0000000180025095e-35 1950.0000000000002 1550.0000000000002 1175.0000000000002 2800.0000000000005 2050.0000000000005 2350.0000000000005 2450.0000000000005 2350.0000000000005
decision_type=2 2 2 2 2 2 2 2 2 2 2 2 2 2 2 2 2 2 2 2 2 2 2
left_child=1 14 6 4 13 16 -2 10 -9 -10 15 12 17 -3 -1 -8 -5 -6 -4 -11 -21 22 -12
right_child=2 3 18 5 11 -7 7 8 9 19 21 -13 -14 -15 -16 -17 -18 -19 -20 20 -22 -23 -24
leaf_value=-0.16190666471208848 0.12627467503919015 -0.15818093445648565 0.33987733469863912 0.1082415429668294 -0.096733532826343158 -0.093043363076430546 0.1267099420411372 -0.0027004436003846052 0.26829833466278979 -0.0082978211781557874 -0.0016573184160959154 -0.077973719217142579 0.39867200038649819 -0.094108289158166811 -0.30193007054000071 0.082202145271460678 0.014464706537540242 -0.03759790596449137 0.22528119012713432 0.10037609368965433 0.015112800304327281 -0.036379935368895534 0.038549114878877855
leaf_weight=77 567 879 113 54 102 333 903 1510 146 51 210 833 66 487 174 1018 917 976 24 111 62 40 201
leaf_count=77 567 879 113 54 102 333 903 1510 146 51 210 833 66 487 174 1018 917 976 24 111 62 40 201
internal_value=0.00195405 -0.0708352 0.0738915 -0.0606732 -0.0807879 -0.00910603 0.0669004 0.0589829 0.0248667 0.137371 0.0860228 -0.0430967 -0.0177011 -0.135338 -0.258975 0.103124 0.0196799 -0.0431933 0.319802 0.0520337 0.0698193 0.0131821 0.0180057
internal_weight=9854 4898 4956 4647 3343 1304 4819 4252 1880 370 2372 1977 1144 1366 251 1921 971 1078 137 224 173 451 411
internal_count=9854 4898 4956 4647 3343 1304 4819 4252 1880 370 2372 1977 1144 1366 251 1921 971 1078 137 224 173 451 411
is_linear=0
shrinkage=0.05


Tree=67
num_leaves=20
num_cat=0
split_feature=1 2 2 2 2 2 2 2 2 2 2 2 2 2 2 2 2 2 2
split_gain=447.065 330.046 274.922 164.908 95.8572 90.7439 51.5927 50.2715 122.933 66.0931 24.5194 7.68849 5.97387 4.70682 2.7914 1.31044 0.393205 0.323624 0.664133
threshold=1.0000000180025095e-35 9.5000000000000018 1.5000000000000002 9.5000000000000018 4.5000000000000009 2.5000000000000004 8.5000000000000018 7.5000000000000009 6.5000000000000009 5.5000000000000009 1.5000000000000002 8.5000000000000018 3.5000000000000004 3.5000000000000004 5.5000000000000009 4.5000000000000009 2.5000000000000004 6.5000000000000009 7.5000000000000009
decision_type=2 2 2 2 2 2 2 2 2 2 2 2 2 2 2 2 2 2 2
left_child=1 2 -1 5 13 10 12 8 9 -6 -2 -9 -7 16 15 -14 -4 -16 -19
right_child=3 -3 4 -5 7 6 -8 11 -10 -11 -12 -13 14 -15 17 -17 -18 18 -20
leaf_value=-0.032230288354075098 0.00076771687822682524 -0.028798489294607533 0.0051039011171087629 0.030707473127520181 0.031888013406527964 -0.022348193365793963 -0.0003954958729045653 0.01297895085731695 0.05065790237594954 0.010067010426339304 0.027510008286862148 0.020754212628347441 -0.015151965611593357 0.010366143478143417 -0.016437924945120402 -0.011490269069513843 0.0024716443690855155 -0.013844336319982843 -0.016097846789990815
leaf_weight=271 175 440 240 251 738 273 698 719 494 655 168 570 356 445 869 779 347 542 824
leaf_count=271 175 440 240 251 738 273 698 719 494 655 168 570 356 445 869 779 347 542 824
internal_value=0.00185635 0.0125236 0.016583 -0.00877636 0.0197266 -0.0108922 -0.0128484 0.0240283 0.0292275 0.0216276 0.013866 0.0164172 -0.0152344 0.00648792 -0.0146581 -0.0126388 0.00354787 -0.0156836 -0.0152037
internal_weight=9854 4919 4479 4935 4208 4684 4341 3176 1887 1393 343 1289 3643 1032 3370 1135 587 2235 1366
internal_count=9854 4919 4479 4935 4208 4684 4341 3176 1887 1393 343 1289 3643 1032 3370 1135 587 2235 1366
is_linear=0
shrinkage=0.05


Tree=68
num_leaves=24
num_cat=0
split_feature=0 0 0 0 1 1 0 1 0 0 0 0 0 0 1 0 0 0 0 0 0 0 0
split_gain=18621 3412.37 3089.73 1701.31 2544.54 1104.58 809.901 1356.55 2101.21 1498.36 1081.43 635.972 4380.66 444.65 381.231 347.195 172.037 114.732 96.29 87.7725 105.316 38.2012 59.7911
threshold=1650.0000000000002 1075.0000000000002 2550.0000000000005 1450.0000000000002 1.0000000180025095e-35 1.0000000180025095e-35 1750.0000000000002 1.0000000180025095e-35 1850.0000000000002 1950.0000000000002 2150.0000000000005 1350.0000000000002 1250.0000000000002 1350.0000000000002 1.0000000180025095e-35 1950.0000000000002 1550.0000000000002 1175.0000000000002 2800.0000000000005 2050.0000000000005 2350.0000000000005 2450.0000000000005 2350.0000000000005
decision_type=2 2 2 2 2 2 2 2 2 2 2 2 2 2 2 2 2 2 2 2 2 2 2
left_child=1 14 6 4 13 16 -2 10 -9 -10 15 12 17 -3 -1 -8 -5 -6 -4 -11 -21 22 -12
right_child=2 3 18 5 11 -7 7 8 9 19 21 -13 -14 -15 -16 -17 -18 -19 -20 20 -22 -23 -24
leaf_value=-0.15431596241988146 0.11956888792454881 -0.15028332254782625 0.32355507541019307 0.10444097651375667 -0.090779444575309759 -0.087816687507202507 0.12002196579940559 -0.0019373173874037515 0.2556450915146517 -0.0078631479950512159 -0.0027002084805142317 -0.073544318534630615 0.3793129147905292 -0.090724549573335561 -0.28793893632875095 0.077432471052020765 0.01260588247320093 -0.035048377811317109 0.21328035288800798 0.095931803246305611 0.014576994898098132 -0.035227946080267435 0.035450414469956761
leaf_weight=77 567 879 113 54 102 333 903 1510 146 51 210 833 66 487 174 1018 917 976 24 111 62 40 201
leaf_count=77 567 879 113 54 102 333 903 1510 146 51 210 833 66 487 174 1018 917 976 24 111 62 40 201
internal_value=0.00176353 -0.0673752 0.0700931 -0.0576759 -0.0765709 -0.00923585 0.0634366 0.0559514 0.0242287 0.131015 0.0810942 -0.0403108 -0.0161119 -0.12905 -0.246947 0.0974524 0.0177131 -0.0403216 0.304237 0.0497821 0.0667757 0.0114177 0.0159574
internal_weight=9854 4898 4956 4647 3343 1304 4819 4252 1880 370 2372 1977 1144 1366 251 1921 971 1078 137 224 173 451 411
internal_count=9854 4898 4956 4647 3343 1304 4819 4252 1880 370 2372 1977 1144 1366 251 1921 971 1078 137 224 173 451 411
is_linear=0
shrinkage=0.05


Tree=69
num_leaves=20
num_cat=0
split_feature=1 2 2 2 2 2 2 2 2 2 2 2 2 2 2 2 2 2 2
split_gain=361.302 291.861 273.489 146.622 79.7627 76.8539 54.3385 45.512 124.338 54.8715 25.3175 9.65061 6.60178 5.25505 3.53763 1.19323 1.09505 0.301618 0.482662
threshold=1.0000000180025095e-35 9.5000000000000018 1.5000000000000002 9.5000000000000018 2.5000000000000004 4.5000000000000009 8.5000000000000018 7.5000000000000009 6.5000000000000009 5.5000000000000009 1.5000000000000002 3.5000000000000004 8.5000000000000018 3.5000000000000004 5.5000000000000009 4.5000000000000009 2.5000000000000004 7.5000000000000009 6.5000000000000009
decision_type=2 2 2 2 2 2 2 2 2 2 2 2 2 2 2 2 2 2 2
left_child=1 2 -1 4 10 13 11 8 9 -7 -2 -6 -9 16 15 -13 -4 18 -16
right_child=3 -3 5 -5 6 7 -8 12 -10 -11 -12 14 -14 -15 17 -17 -18 -19 -20
leaf_value=-0.03360347548788379 2.3826582091195244e-05 -0.027593276060334494 0.0058539155785304808 0.029347151982416199 -0.023202725144225982 0.028722197000129113 0.0010676548105096153 0.011641651932448045 0.048568955739123017 0.0088397284449284307 0.027197839692234993 -0.013553421788723367 0.018846506605970495 0.010461603695254647 -0.014869429180536568 -0.010059316423500438 0.0014611650006013577 -0.015343056574183545 -0.012968151402192336
leaf_weight=271 175 440 240 251 273 738 698 719 494 655 168 356 570 445 869 779 347 824 542
leaf_count=271 175 440 240 251 273 738 698 719 494 655 168 356 570 445 869 779 347 824 542
internal_value=0.00167536 0.011265 0.0150823 -0.00788323 -0.00987829 0.0182178 -0.0117123 0.0220696 0.0270165 0.0193733 0.0133335 -0.014161 0.0148277 0.00636374 -0.0134285 -0.0111553 0.00325718 -0.014583 -0.0141391
internal_weight=9854 4919 4479 4935 4684 4208 4341 3176 1887 1393 343 3643 1289 1032 3370 1135 587 2235 1411
internal_count=9854 4919 4479 4935 4684 4208 4341 3176 1887 1393 343 3643 1289 1032 3370 1135 587 2235 1411
is_linear=0
shrinkage=0.05


Tree=70
num_leaves=20
num_cat=0
split_feature=2 1 2 2 2 1 2 2 2 2 2 2 2 2 2 2 2 2 2
split_gain=277.842 239.007 278.452 352.021 165.993 69.435 66.2584 43.3162 29.956 24.043 39.4912 16.8991 13.2911 7.12552 3.52931 1.20767 0.822956 0.599111 0.551508
threshold=3.5000000000000004 1.0000000180025095e-35 8.5000000000000018 7.5000000000000009 8.5000000000000018 1.0000000180025095e-35 5.5000000000000009 1.5000000000000002 2.5000000000000004 6.5000000000000009 4.5000000000000009 1.5000000000000002 6.5000000000000009 9.5000000000000018 9.5000000000000018 4.5000000000000009 2.5000000000000004 7.5000000000000009 5.5000000000000009
decision_type=2 2 2 2 2 2 2 2 2 2 2 2 2 2 2 2 2 2 2
left_child=5 4 3 6 9 11 15 -7 -9 10 -2 -1 -8 -6 -4 -3 -13 -11 -12
right_child=1 2 14 -5 13 7 12 8 -10 17 18 16 -14 -15 -16 -17 -18 -19 -20
leaf_value=-0.021004401888075043 0.0066583945140339142 0.0020207704245751978 0.015162779265360873 -0.042266801810926867 -0.0036672493069385376 -0.030126650772160958 -0.015680955081984825 0.015657307323581445 -0.011341399467839731 0.0089348703489771902 0.02256467196406392 -0.034053898179886993 -0.0056395003630853981 -0.012070143503853971 0.021944722250328029 0.0055200852078608849 -0.037930706520670689 0.0112181808791788 0.024535192039952122
leaf_weight=257 463 357 688 810 571 180 848 167 267 483 787 224 539 452 266 797 352 709 647
leaf_count=257 463 357 688 810 571 180 848 167 267 483 787 224 539 452 266 797 352 709 647
internal_value=-0.00202372 0.00145562 -0.00677887 -0.0135638 0.0100766 -0.0222626 -0.0044141 -0.00950518 -0.000952496 0.0158578 0.0193545 -0.031666 -0.0117788 -0.00737997 0.0170538 0.00443754 -0.0364231 0.010293 0.0234537
internal_weight=9864 8417 4305 3351 4112 1447 2541 614 434 3089 1897 833 1387 1023 954 1154 576 1192 1434
internal_count=9864 8417 4305 3351 4112 1447 2541 614 434 3089 1897 833 1387 1023 954 1154 576 1192 1434
is_linear=0
shrinkage=0.05


Tree=71
num_leaves=20
num_cat=0
split_feature=2 1 2 2 2 1 2 2 2 2 2 2 2 2 2 2 2 2 2
split_gain=250.752 215.704 251.303 317.699 149.808 62.665 59.7982 39.0929 27.0353 21.6988 35.6408 15.2515 11.9952 6.43076 3.18521 1.08992 0.742716 0.540696 0.497732
threshold=3.5000000000000004 1.0000000180025095e-35 8.5000000000000018 7.5000000000000009 8.5000000000000018 1.0000000180025095e-35 5.5000000000000009 1.5000000000000002 2.5000000000000004 6.5000000000000009 4.5000000000000009 1.5000000000000002 6.5000000000000009 9.5000000000000018 9.5000000000000018 4.5000000000000009 2.5000000000000004 7.5000000000000009 5.5000000000000009
decision_type=2 2 2 2 2 2 2 2 2 2 2 2 2 2 2 2 2 2 2
left_child=5 4 3 6 9 11 15 -7 -9 10 -2 -1 -8 -6 -4 -3 -13 -11 -12
right_child=1 2 14 -5 13 7 12 8 -10 17 18 16 -14 -15 -16 -17 -18 -19 -20
leaf_value=-0.01995417428246413 0.0063254832054767968 0.0019197343976474276 0.014404634039085576 -0.040153462215683167 -0.0034838918050108464 -0.028620318645197484 -0.014896900530790314 0.014874442323239265 -0.01077432871311345 0.0084881318403373218 0.021436440664209813 -0.032351206620556433 -0.00535752310249989 -0.011466627257496975 0.020847482508734652 0.0052440805456494752 -0.036034168852810661 0.010657273649601909 0.023308427557291629
leaf_weight=257 463 357 688 810 571 180 848 167 267 483 787 224 539 452 266 797 352 709 647
leaf_count=257 463 357 688 810 571 180 848 167 267 483 787 224 539 452 266 797 352 709 647
internal_value=-0.00192254 0.00138284 -0.00643993 -0.0128856 0.00957278 -0.0211495 -0.00419339 -0.00902992 -0.000904871 0.0150649 0.0183868 -0.0300827 -0.0111898 -0.00701097 0.0162011 0.00421566 -0.0346019 0.00977833 0.0222811
internal_weight=9864 8417 4305 3351 4112 1447 2541 614 434 3089 1897 833 1387 1023 954 1154 576 1192 1434
internal_count=9864 8417 4305 3351 4112 1447 2541 614 434 3089 1897 833 1387 1023 954 1154 576 1192 1434
is_linear=0
shrinkage=0.05


Tree=72
num_leaves=20
num_cat=0
split_feature=2 1 2 2 2 1 2 2 2 2 2 2 2 2 2 2 2 2 2
split_gain=226.304 194.673 226.801 286.724 135.202 56.5552 53.9679 35.2813 24.3994 19.5832 32.1659 13.7644 10.8257 5.80378 2.87465 0.98365 0.670302 0.487983 0.449206
threshold=3.5000000000000004 1.0000000180025095e-35 8.5000000000000018 7.5000000000000009 8.5000000000000018 1.0000000180025095e-35 5.5000000000000009 1.5000000000000002 2.5000000000000004 6.5000000000000009 4.5000000000000009 1.5000000000000002 6.5000000000000009 9.5000000000000018 9.5000000000000018 4.5000000000000009 2.5000000000000004 7.5000000000000009 5.5000000000000009
decision_type=2 2 2 2 2 2 2 2 2 2 2 2 2 2 2 2 2 2 2
left_child=5 4 3 6 9 11 15 -7 -9 10 -2 -1 -8 -6 -4 -3 -13 -11 -12
right_child=1 2 14 -5 13 7 12 8 -10 17 18 16 -14 -15 -16 -17 -18 -19 -20
leaf_value=-0.018956471395276578 0.0060092025776403773 0.0018237434202382546 0.01368440500769201 -0.038145788829675932 -0.0033096929508116221 -0.027189306377743683 -0.014152054580473254 0.014130719782349595 -0.01023561175117332 0.0080637156600846024 0.02036461705271524 -0.030733650012033261 -0.0050896511596311336 -0.010893302009877774 0.019805112528733741 0.0049818723799644445 -0.034232466650031379 0.010124411373773567 0.022143010364001878
leaf_weight=257 463 357 688 810 571 180 848 167 267 483 787 224 539 452 266 797 352 709 647
leaf_count=257 463 357 688 810 571 180 848 167 267 483 787 224 539 452 266 797 352 709 647
internal_value=-0.00182641 0.0013137 -0.00611793 -0.0122413 0.00909414 -0.020092 -0.00398372 -0.00857843 -0.000859627 0.0143117 0.0174674 -0.0285786 -0.0106303 -0.00666042 0.015391 0.00400488 -0.0328718 0.00928941 0.021167
internal_weight=9864 8417 4305 3351 4112 1447 2541 614 434 3089 1897 833 1387 1023 954 1154 576 1192 1434
internal_count=9864 8417 4305 3351 4112 1447 2541 614 434 3089 1897 833 1387 1023 954 1154 576 1192 1434
is_linear=0
shrinkage=0.05


Tree=73
num_leaves=24
num_cat=0
split_feature=0 0 0 0 0 0 1 0 1 1 1 0 0 0 0 0 0 0 1 0 0 0 1
split_gain=17091.7 3517.45 1756.74 1337.47 1065.71 5669.45 1550.5 820.783 900.655 657.484 506.074 1317.2 1716.06 867.963 435.998 408.796 254.464 166.42 90.6287 89.9452 39.5727 1.91644 0.719462
threshold=1650.0000000000002 1075.0000000000002 2550.0000000000005 2150.0000000000005 1250.0000000000002 1350.0000000000002 1.0000000180025095e-35 1450.0000000000002 1.0000000180025095e-35 1.0000000180025095e-35 1.0000000180025095e-35 1850.0000000000002 1750.0000000000002 1950.0000000000002 1950.0000000000002 2050.0000000000005 2350.0000000000005 1550.0000000000002 1.0000000180025095e-35 1175.0000000000002 2450.0000000000005 2800.0000000000005 1.0000000180025095e-35
decision_type=2 2 2 2 2 2 2 2 2 2 2 2 2 2 2 2 2 2 2 2 2 2 2
left_child=1 9 3 10 6 -6 -3 18 17 -1 14 12 -12 -13 -2 -15 -5 -9 -7 -8 22 -4 -18
right_child=2 4 21 16 5 7 19 8 -10 -11 11 13 -14 15 -16 -17 20 -19 -20 -21 -22 -23 -24
leaf_value=-0.12750898667176566 0.11126201956201805 -0.13834556693595731 0.24971526685357093 -0.058819165953469504 0.43392413258552553 -0.09397203664794887 -0.091939282579587236 0.086272499850019821 -0.092314734822139144 -0.30445185661315921 0.11066233801505881 0.2335362859650065 0.0094349849879835287 -0.049784006382904804 0.063957335606015256 0.11984487512252398 0.0025098798505780173 -0.0025035870018674023 -0.06714981798326132 -0.042299923565963293 0.051664415603646867 0.23470331172424333 0.0090452311314501849
leaf_weight=75 917 838 100 216 62 509 101 56 336 175 579 151 1512 51 1039 117 205 921 826 946 52 27 53
leaf_count=75 917 838 100 216 62 509 101 56 336 175 579 151 1512 51 1039 117 205 921 826 946 52 27 53
internal_value=-0.00173509 -0.0687232 0.0629307 0.0581645 -0.058786 -0.0387035 -0.0876579 -0.0497696 -0.0217001 -0.251369 0.0672389 0.0519029 0.0374649 0.146542 0.0861344 0.0683504 -0.0171568 0.00258491 -0.0773764 -0.0470884 0.0118725 0.246524 0.00385241
internal_weight=9864 4845 5019 4892 4595 2710 1885 2648 1313 250 4366 2410 2091 319 1956 168 526 977 1335 1047 310 127 258
internal_count=9864 4845 5019 4892 4595 2710 1885 2648 1313 250 4366 2410 2091 319 1956 168 526 977 1335 1047 310 127 258
is_linear=0
shrinkage=0.05


end of trees

feature_importances:
jyo_cd=984
distance_m=354
is_dirt=144

parameters:
[boosting: gbdt]
[objective: regression]
[metric: l1]
[tree_learner: serial]
[device_type: cpu]
[data_sample_strategy: bagging]
[data: ]
[valid: ]
[num_iterations: 500]
[learning_rate: 0.05]
[num_leaves: 63]
[num_threads: 0]
[seed: 42]
[deterministic: 0]
[force_col_wise: 0]
[force_row_wise: 0]
[histogram_pool_size: -1]
[max_depth: -1]
[min_data_in_leaf: 20]
[min_sum_hessian_in_leaf: 0.001]
[bagging_fraction: 0.8]
[pos_bagging_fraction: 1]
[neg_bagging_fraction: 1]
[bagging_freq: 5]
[bagging_seed: 400]
[bagging_by_query: 0]
[feature_fraction: 0.8]
[feature_fraction_bynode: 1]
[feature_fraction_seed: 30056]
[extra_trees: 0]
[extra_seed: 12879]
[early_stopping_round: 0]
[early_stopping_min_delta: 0]
[first_metric_only: 0]
[max_delta_step: 0]
[lambda_l1: 0]
[lambda_l2: 0]
[linear_lambda: 0]
[min_gain_to_split: 0]
[drop_rate: 0.1]
[max_drop: 50]
[skip_drop: 0.5]
[xgboost_dart_mode: 0]
[uniform_drop: 0]
[drop_seed: 17869]
[top_rate: 0.2]
[other_rate: 0.1]
[min_data_per_group: 100]
[max_cat_threshold: 32]
[cat_l2: 10]
[cat_smooth: 10]
[max_cat_to_onehot: 4]
[top_k: 20]
[monotone_constraints: ]
[monotone_constraints_method: basic]
[monotone_penalty: 0]
[feature_contri: ]
[forcedsplits_filename: ]
[refit_decay_rate: 0.9]
[cegb_tradeoff: 1]
[cegb_penalty_split: 0]
[cegb_penalty_feature_lazy: ]
[cegb_penalty_feature_coupled: ]
[path_smooth: 0]
[interaction_constraints: ]
[verbosity: -1]
[saved_feature_importance_type: 0]
[use_quantized_grad: 0]
[num_grad_quant_bins: 4]
[quant_train_renew_leaf: 0]
[stochastic_rounding: 1]
[linear_tree: 0]
[max_bin: 255]
[max_bin_by_feature: ]
[min_data_in_bin: 3]
[bin_construct_sample_cnt: 200000]
[data_random_seed: 175]
[is_enable_sparse: 1]
[enable_bundle: 1]
[use_missing: 1]
[zero_as_missing: 0]
[feature_pre_filter: 1]
[pre_partition: 0]
[two_round: 0]
[header: 0]
[label_column: ]
[weight_column: ]
[group_column: ]
[ignore_column: ]
[categorical_feature: ]
[forcedbins_filename: ]
[precise_float_parser: 0]
[parser_config_file: ]
[objective_seed: 16083]
[num_class: 1]
[is_unbalance: 0]
[scale_pos_weight: 1]
[sigmoid: 1]
[boost_from_average: 1]
[reg_sqrt: 0]
[alpha: 0.9]
[fair_c: 1]
[poisson_max_delta_step: 0.7]
[tweedie_variance_power: 1.5]
[lambdarank_truncation_level: 30]
[lambdarank_norm: 1]
[label_gain: ]
[lambdarank_position_bias_regularization: 0]
[eval_at: ]
[multi_error_top_k: 1]
[auc_mu_weights: ]
[num_machines: 1]
[local_listen_port: 12400]
[time_out: 120]
[machine_list_filename: ]
[machines: ]
[gpu_platform_id: -1]
[gpu_device_id: -1]
[gpu_use_dp: 0]
[num_gpu: 1]

end of parameters

pandas_categorical:null
