tree
version=v4
num_class=1
num_tree_per_iteration=1
label_index=0
max_feature_idx=38
objective=regression
feature_names=distance_m is_dirt jyo_cd escape_count front_ratio closer_ratio style_balance track_cond field_size escape_ratio front_count flexible_ratio escape_competition distance_short distance_mile distance_middle distance_long venue_01 venue_02 venue_03 venue_04 venue_05 venue_06 venue_07 venue_08 venue_09 venue_10 history_front_horses history_front_samples history_front_avg_pci history_front_min_pci history_front_spread history_front_coverage history_lap_horses history_lap_samples history_lap_avg_delta history_lap_min_delta history_lap_spread history_lap_coverage
feature_infos=[1000:3600] none [1:10] [0:8] [0:0.72727272727272729] [0:1] [-0.66666666666666663:1] [0:3] [4:18] [0:0.7142857142857143] [0:9] [0:1] [0:0.5714285714285714] [0:1] [0:1] [0:1] [0:1] [0:1] [0:1] [0:1] [0:1] [0:1] [0:1] [0:1] [0:1] [0:1] [0:1] [0:17] [0:103] [0:138.48333333333332] [0:70.5] [0:271.5] [0:1] [0:18] [0:180] [-3.2714285714285691:4.8000000000000007] [-6.6000000000000014:4.8000000000000007] [0:14.199999999999999] [0:1]
tree_sizes=5254 5458 5496 5436 5470 5484 5482 5488 5453 5432 5502 5515 5472 5500 5474 5482 5470 5502 5542 5495 5517 5502 5543 5502 5567 5497 5522 5496 5514 5559 5539 5514 5513 5519 5579 5508 5499 5516 5498 5529 5530 5518 5513 5518 5549 5517 5515 5523 5536 5513 5554 5529 5525 5504 5521 5516 5534 5534 5541 5523 5576 5504 5541 5508 5542 5492 5556 5557 5530 5547 5521 5551 5490 5553 5530 5517 5526 5525 5569 5498 5551 5508 5542 5557 5538 5525 5524 5529 5530 5511

Tree=0
num_leaves=63
num_cat=0
split_feature=0 33 21 38 0 21 26 33 0 0 8 21 20 20 35 0 0 31 8 8 0 32 26 34 30 22 31 35 35 30 8 8 26 33 34 35 7 7 33 28 21 8 37 5 34 32 35 7 32 26 34 0 32 0 6 5 28 9 5 9 7 32
split_gain=28302.1 6649.97 3394.83 1727.01 1128.57 944.273 870.775 813.112 791.81 719.082 641.908 542.224 522.942 504.754 487.795 404.43 352.745 337.528 324.952 300.776 288.136 274.221 241.265 237.505 233.924 205.772 185.616 181.812 175.498 162.807 159.484 156.24 145.46 144.666 146.095 214.507 144.649 141.284 134.828 132.371 122.419 120.515 119.788 115.291 115.025 160.15 136.294 112.065 110.347 112.223 109.508 122.088 107.008 105.323 101.883 112.122 98.9741 97.7503 96.4169 93.6561 92.2738 91.4737
threshold=1550.0000000000002 11.500000000000002 1.0000000180025095e-35 0.057189542483660136 2250.0000000000005 1.0000000180025095e-35 1.0000000180025095e-35 10.500000000000002 2100.0000000000005 1700.0000000000002 13.500000000000002 1.0000000180025095e-35 1.0000000180025095e-35 1.0000000180025095e-35 -0.33660943223443246 1100.0000000000002 2450.0000000000005 5.900000000000003 13.500000000000002 14.500000000000002 1300.0000000000002 0.34313725490196084 1.0000000180025095e-35 96.500000000000014 38.625000000000007 1.0000000180025095e-35 7.98166666666667 1.2096418396418394 0.06125529100529143 47.32500000000001 17.500000000000004 10.500000000000002 1.0000000180025095e-35 6.5000000000000009 12.500000000000002 -1.7169642857142862 1.0000000180025095e-35 1.0000000180025095e-35 15.500000000000002 3.5000000000000004 1.0000000180025095e-35 13.500000000000002 3.2000000000000011 0.51470588235294124 51.500000000000007 0.59411764705882364 -0.74769870448179276 1.0000000180025095e-35 0.32291666666666669 1.0000000180025095e-35 93.500000000000014 1700.0000000000002 0.12132352941176472 1700.0000000000002 0.42261904761904767 0.2817460317460318 16.500000000000004 0.12132352941176472 0.62019230769230782 0.060661764705882359 1.0000000180025095e-35 0.13809523809523813
decision_type=2 2 2 2 2 2 2 2 2 2 2 2 2 2 2 2 2 2 2 2 2 2 2 2 2 2 2 2 2 2 2 2 2 2 2 2 2 2 2 2 2 2 2 2 2 2 2 2 2 2 2 2 2 2 2 2 2 2 2 2 2 2
left_child=2 3 6 11 10 8 7 20 13 -7 14 12 18 19 22 -9 26 43 -2 28 24 58 25 48 -1 33 -6 42 32 -27 56 -18 54 -5 -35 -36 -26 44 39 -10 -12 -22 57 -4 45 -37 -46 50 61 -50 -23 -52 -8 -13 55 -3 -11 -17 59 -21 -29 -16
right_child=1 5 17 4 16 9 52 15 38 30 40 53 -14 -15 23 27 31 -19 -20 21 41 47 -24 -25 36 29 -28 60 -30 -31 -32 -33 -34 34 35 37 -38 -39 -40 -41 -42 -43 -44 -45 46 -47 -48 -49 49 -51 51 -53 -54 -55 -56 -57 -58 -59 -60 -61 -62 -63
leaf_value=51.74697731173471 52.086774880329159 51.799361578031956 51.913617523009556 52.109813815496558 52.204979746699415 51.842840937465418 51.603891953656046 51.756751719679521 52.035698937229725 52.055942460304458 51.817590739359041 52.150427054365807 52.251842632121154 51.91090323259526 51.928241796198115 51.682948281544043 52.059153234442171 51.834882402690575 51.976162821503557 51.872214136490108 51.819137806101352 51.73576255406077 51.854199524273021 51.790736572615074 51.668020611320834 51.805319882553583 52.069337358432534 51.597880242107884 51.786847685270111 51.979326010872917 51.889569891770599 51.890024445800449 51.771388061253354 51.934003867516417 52.140427071438282 52.019523602994049 51.528169925105338 51.933883627291991 51.861145237216142 51.922203240292035 51.953569910001519 51.705782023748611 51.612333063402581 52.075656874720842 52.149569914963159 51.868617544131951 52.024800677605768 51.709052664420682 51.9269829494555 51.806236580638995 51.735182148645251 51.830069904430857 51.525797975228727 52.269194937121632 51.802538660506528 51.91581150926978 51.953924746103979 51.603815175366165 51.746775770804312 51.808445878536226 51.524153237389292 52.009372524638927
leaf_weight=81 161 24 21 41 61 107 59 55 31 102 96 35 33 135 64 148 36 112 113 104 81 109 27 30 71 20 43 145 90 41 23 22 33 53 35 108 25 51 73 150 20 33 304 23 33 21 65 87 230 21 49 110 171 40 32 149 31 53 34 129 60 76
leaf_count=81 161 24 21 41 61 107 59 55 31 102 96 35 33 135 64 148 36 112 113 104 81 109 27 30 71 20 43 145 90 41 23 22 33 53 35 108 25 51 73 150 20 33 304 23 33 21 65 87 230 21 49 110 171 40 32 149 31 53 34 129 60 76
internal_value=51.8444 51.9278 51.6607 52.0007 51.9711 51.8561 51.634 51.6532 51.839 51.9427 51.9518 52.0932 52.0638 51.8204 51.9659 51.6261 52.0938 51.881 52.0412 51.8076 51.7243 51.7872 51.9995 51.9263 51.6844 52.0079 52.1489 51.616 51.8463 51.9223 52.0111 51.995 51.8688 52.0207 52.0108 52.0238 51.6316 52.0091 51.9185 51.9416 51.841 51.7863 51.6321 51.9983 52.026 51.995 52.0668 51.7584 51.9367 51.9169 51.7744 51.8008 51.5458 52.2138 51.8845 51.8997 52.0322 51.6621 51.8254 51.8369 51.5763 51.9723
internal_weight=4620 3178 1442 1576 1194 1602 1286 1056 1339 263 1032 382 307 1085 916 765 162 156 274 950 291 622 495 421 177 468 104 710 328 61 156 58 238 407 366 313 96 278 254 181 116 114 505 44 227 129 98 355 391 251 268 159 230 75 205 173 133 201 267 233 205 140
internal_count=4620 3178 1442 1576 1194 1602 1286 1056 1339 263 1032 382 307 1085 916 765 162 156 274 950 291 622 495 421 177 468 104 710 328 61 156 58 238 407 366 313 96 278 254 181 116 114 505 44 227 129 98 355 391 251 268 159 230 75 205 173 133 201 267 233 205 140
is_linear=0
shrinkage=1


Tree=1
num_leaves=63
num_cat=0
split_feature=0 33 0 33 0 33 0 8 2 2 0 2 0 35 2 8 8 2 20 2 0 2 30 2 27 2 2 24 25 2 2 24 8 0 33 31 35 28 7 8 34 30 28 2 7 0 2 25 29 2 8 6 29 6 7 32 36 8 7 35 3 6
split_gain=25542.7 6001.59 2265.03 1552.46 1016.58 801.962 738.267 563.066 534.888 527.361 521.04 486.823 849.701 440.235 420.175 389.026 371.152 354.151 328.159 540.777 318.352 278.242 250.086 235.308 228.007 224.283 217.741 211.159 215.894 197.872 309.689 191.422 179.301 175.052 168.442 167.519 162.582 152.219 150.3 141.007 138.238 138.289 126.021 124.658 129.896 124.455 122.295 165.957 121.724 119.598 119.158 122.938 113.317 154.999 112.892 111.809 111.375 106.999 154.239 102.972 108.819 100.163
threshold=1550.0000000000002 11.500000000000002 1300.0000000000002 1.0000000180025095e-35 2250.0000000000005 10.500000000000002 2100.0000000000005 13.500000000000002 5.5000000000000009 9.5000000000000018 1100.0000000000002 3.5000000000000004 1700.0000000000002 -0.33660943223443246 3.5000000000000004 9.5000000000000018 12.500000000000002 5.5000000000000009 1.0000000180025095e-35 6.5000000000000009 2450.0000000000005 6.5000000000000009 36.833333333333336 4.5000000000000009 8.5000000000000018 4.5000000000000009 9.5000000000000018 1.0000000180025095e-35 1.0000000180025095e-35 5.5000000000000009 6.5000000000000009 1.0000000180025095e-35 9.5000000000000018 1450.0000000000002 14.500000000000002 7.98166666666667 0.048974613349613193 23.500000000000004 1.5000000000000002 10.500000000000002 57.500000000000007 44.905000000000008 8.5000000000000018 9.5000000000000018 1.0000000180025095e-35 1700.0000000000002 5.5000000000000009 1.0000000180025095e-35 56.07780612244899 7.5000000000000009 14.500000000000002 0.32291666666666669 51.950476190476202 0.36038961038961043 1.0000000180025095e-35 0.42261904761904767 -2.3267857142857147 14.500000000000002 1.0000000180025095e-35 0.20885527544351054 1.0000000180025095e-35 0.29705882352941182
decision_type=2 2 2 2 2 2 2 2 2 2 2 2 2 2 2 2 2 2 2 2 2 2 2 2 2 2 2 2 2 2 2 2 2 2 2 2 2 2 2 2 2 2 2 2 2 2 2 2 2 2 2 2 2 2 2 2 2 2 2 2 2 2
left_child=2 3 10 8 7 21 9 13 14 11 -1 57 29 26 -2 -10 22 25 19 33 35 23 61 -4 38 -14 32 28 54 -13 36 -21 48 -7 -32 -6 -31 -27 55 -22 49 -42 -19 44 -24 -16 -9 -48 -5 -8 51 -17 56 -54 -18 59 -34 -3 -59 60 -15 -12
right_child=1 6 5 4 20 18 40 46 15 -11 16 12 17 24 45 50 27 42 -20 31 39 -23 43 -25 -26 37 -28 -29 -30 30 34 -33 52 -35 -36 -37 -38 -39 -40 -41 41 -43 -44 -45 -46 -47 47 -49 -50 -51 -52 -53 53 -55 -56 -57 -58 58 -60 -61 -62 -63
leaf_value=-0.08088019361409049 0.18130605978534578 -0.019646948666035474 -0.033947281611876358 0.16327950162100321 0.34016084018789355 -0.013326088915992943 0.087891408137299801 0.085581811318366702 0.31159876578797902 -0.10353980549690567 -0.16349206042700803 0.014448735626860405 0.057404833784326918 0.20295842654721918 0.30622686411974565 0.23115863091642819 -0.25184545240397405 0.060029180781719718 -0.25793970049695764 -0.21686589057757477 0.20162566415448158 -0.068460844705502191 -0.16099823415279391 0.13515775563816232 -0.085161722433708967 0.18892811328276166 0.0069196482499440512 -0.12760919930879028 -0.1329776899307035 -0.079727828272041834 0.035856208775805525 -0.10342783473039929 0.12831373955522266 -0.14811921996034441 -0.061400852735866519 0.21130058711697891 -0.21177694888131038 0.039430122219380886 -0.027853855543902947 0.040953319672156464 -0.015895385171609874 0.079898861396852094 -0.0039416773137278286 -0.29494160396712171 -0.27814294176716964 0.41408002608352246 -0.071252667909460277 0.089834753406189738 0.24745514917102729 0.20946364616975188 0.1079180417848485 0.11169897410454173 0.11370732097378509 0.22971813696651508 -0.30005414807933506 0.066433887826609736 0.00027897116643461314 -0.064327870821985211 -0.1991748845921113 0.073815807543587006 0.10163764661213137 -0.03783669548375266
leaf_weight=60 47 91 36 196 61 108 55 29 48 129 29 142 100 53 53 62 402 152 47 107 36 78 100 48 21 90 27 32 32 63 79 57 35 31 102 43 37 21 28 22 49 163 156 35 31 54 67 21 55 32 84 33 110 39 174 197 33 115 26 69 53 35
leaf_count=60 47 91 36 196 61 108 55 29 48 129 29 142 100 53 53 62 402 152 47 107 36 78 100 48 21 90 27 32 32 63 79 57 35 31 102 43 37 21 28 22 49 163 156 35 31 54 67 21 55 32 84 33 110 39 174 197 33 115 26 69 53 35
internal_value=-0.00236215 0.0768311 -0.176895 0.146107 0.118086 -0.0924387 0.0086799 0.099823 0.233993 -0.00757967 -0.223391 0.00296451 0.0189432 0.113016 0.30592 0.185197 -0.233219 0.0618142 -0.135012 -0.115944 0.234538 -0.000459727 -0.178742 0.0626842 0.0754301 0.111716 0.144983 -0.252797 -0.259386 -0.0336575 -0.0579674 -0.177439 0.152948 -0.0433879 -0.0189516 0.286882 -0.128586 0.160645 0.0838611 0.140681 0.0795368 0.0577577 0.0276284 -0.211116 -0.18872 0.360657 -0.00346604 -0.0328114 0.181724 0.132608 0.151302 0.189662 0.119664 0.144073 -0.266408 0.0922698 0.0661792 -0.0619143 -0.0891933 0.121354 0.152298 -0.0947743
internal_weight=4620 3178 1442 1576 1195 512 1602 1033 381 1303 930 1174 942 916 154 227 870 519 350 303 162 162 230 84 421 211 495 640 608 423 281 164 468 139 181 104 100 111 400 58 299 212 308 166 131 107 117 88 251 87 179 95 217 149 576 372 68 232 141 175 106 64
internal_count=4620 3178 1442 1576 1195 512 1602 1033 381 1303 930 1174 942 916 154 227 870 519 350 303 162 162 230 84 421 211 495 640 608 423 281 164 468 139 181 104 100 111 400 58 299 212 308 166 131 107 117 88 251 87 179 95 217 149 576 372 68 232 141 175 106 64
is_linear=0
shrinkage=0.05


Tree=2
num_leaves=63
num_cat=0
split_feature=13 33 21 38 16 21 24 8 16 21 2 20 35 33 20 35 8 25 31 8 2 25 31 33 27 2 22 8 30 2 2 6 21 2 8 30 32 25 21 20 30 8 7 36 33 4 2 5 32 36 37 21 25 32 30 32 34 3 36 38 31 33
split_gain=22841.2 5550.89 2881.16 1398.16 949.561 820.602 766.615 502.174 462.748 462.702 454.241 449.368 445.882 395.461 380.122 327.625 311.908 294.914 287.832 276.529 207.29 201.641 201.153 198.421 195.446 195.27 179.661 176.36 173.098 170.751 186.556 159.06 151.113 149.104 142.396 142.106 129.079 127.201 159.2 152.112 119.662 115.246 138.346 112.965 105.405 104.303 103.776 120.489 102.916 105.398 101.704 101.396 135.004 100.807 97.3423 90.6024 88.6415 88.1129 86.0246 85.9402 85.239 83.8276
threshold=1.0000000180025095e-35 11.500000000000002 1.0000000180025095e-35 0.057189542483660136 1.0000000180025095e-35 1.0000000180025095e-35 1.0000000180025095e-35 13.500000000000002 1.0000000180025095e-35 1.0000000180025095e-35 9.5000000000000018 1.0000000180025095e-35 -0.33660943223443246 12.500000000000002 1.0000000180025095e-35 0.06125529100529143 15.500000000000002 1.0000000180025095e-35 5.900000000000003 10.500000000000002 3.5000000000000004 1.0000000180025095e-35 12.35 9.5000000000000018 8.5000000000000018 9.5000000000000018 1.0000000180025095e-35 8.5000000000000018 40.616666666666674 9.5000000000000018 6.5000000000000009 0.39444444444444454 1.0000000180025095e-35 3.5000000000000004 17.500000000000004 47.32500000000001 0.79285714285714304 1.0000000180025095e-35 1.0000000180025095e-35 1.0000000180025095e-35 49.79375000000001 9.5000000000000018 1.0000000180025095e-35 -2.2183333333333324 10.500000000000002 0.12916666666666668 8.5000000000000018 0.32291666666666669 0.31009615384615391 -3.2874999999999983 3.9915476190476196 1.0000000180025095e-35 1.0000000180025095e-35 0.46410256410256417 49.011111111111113 0.12132352941176472 56.500000000000007 1.0000000180025095e-35 -1.9000000000000017 0.91287878787878796 1.3166666666666667 6.5000000000000009
decision_type=2 2 2 2 2 2 2 2 2 2 2 2 2 2 2 2 2 2 2 2 2 2 2 2 2 2 2 2 2 2 2 2 2 2 2 2 2 2 2 2 2 2 2 2 2 2 2 2 2 2 2 2 2 2 2 2 2 2 2 2 2 2
left_child=1 3 6 9 7 8 10 12 14 11 13 19 25 28 15 16 29 36 45 -1 -15 -10 34 -8 37 26 33 40 -2 30 -3 -30 44 -5 53 -28 -17 38 39 43 -6 61 46 -14 -29 -4 47 -43 -18 -50 -51 52 -9 56 -34 -12 60 -45 -24 -59 -7 -35
right_child=2 5 18 4 27 22 23 51 21 -11 55 -13 24 20 -16 17 48 -19 -20 -21 -22 -23 58 -25 -26 -27 35 32 31 -31 -32 -33 54 41 -36 -37 -38 -39 -40 -41 -42 42 -44 57 -46 -47 -48 -49 49 50 -52 -53 -54 -55 -56 -57 -58 59 -60 -61 -62 -63
leaf_value=0.2423898508561716 -0.11082559000675712 -0.001976725420341914 0.21608348827470436 0.059656071969463181 0.21895958748848543 0.22482278004288672 0.045428186712356718 -0.058086684393386045 0.046542398748784047 0.3304711851477623 -0.21936330755825267 0.36708145281582172 -0.022304031389455001 -0.25766043052009252 0.052838860542341409 -0.075593005551414849 -0.010940323678244438 0.064907532799485565 -0.011825915204826743 0.13763309130627974 -0.19503007175865117 0.19813068849896942 0.067818789266877705 -0.1108177804257921 -0.080903636344841545 0.0065736599818423946 -0.044446956226602198 0.18467800697932643 -0.21727536835086841 -0.07200518175294357 0.075522275095184652 -0.11966891007614322 0.34290520325303081 0.26719467970993249 0.02513972415078071 0.11812086854039171 -0.20098280107433145 0.14025561065136571 0.14611847719736398 0.16063428778101557 0.37552488388923499 0.095460498719303705 0.048672875104885965 0.096361146554534816 0.052512909336523576 0.062118317901066894 0.083984053047264334 0.21955315143027354 -0.1530879357395073 -0.080792088780019977 -0.0025448842256358181 0.097042420525103812 0.085343017251718611 0.065712846527176516 0.19207924189774886 -0.29122204770557364 0.24078584330777331 0.11518589067806413 -0.026669703232936371 0.010313107240058128 0.10233274121217582 0.17791044019550259
leaf_weight=94 149 161 22 36 23 20 26 75 117 75 59 33 60 219 157 306 140 37 112 191 333 27 63 93 21 27 20 48 120 42 150 64 20 31 31 41 22 64 50 28 26 27 36 81 22 22 34 71 30 112 66 20 21 31 23 171 30 24 39 105 49 173
leaf_count=94 149 161 22 36 23 20 26 75 117 75 59 33 60 219 157 306 140 37 112 191 333 27 63 93 21 27 20 48 120 42 150 64 20 31 31 41 22 64 50 28 26 27 36 81 22 22 34 71 30 112 66 20 21 31 23 171 30 24 39 105 49 173
internal_value=-0.00224405 0.0706874 -0.171718 0.136846 0.110175 0.00574683 -0.197313 0.0927139 -0.00981412 0.218757 -0.210187 0.19241 0.104962 -0.193918 -0.0197963 -0.030494 -0.0104923 -0.0689082 0.0307432 0.172184 -0.219878 0.0749652 0.0866283 -0.07668 0.0678878 0.137327 0.144854 0.222812 -0.150885 0.0226229 0.0354022 -0.183325 0.188458 0.15682 0.121433 0.0648199 -0.0840033 0.0754718 0.0635576 0.0497051 0.302035 0.166223 0.135556 0.0382013 0.14314 0.139101 0.159251 0.185364 -0.0440832 -0.0663909 -0.0517791 -0.00537457 -0.0267114 0.144396 0.262231 -0.272789 0.169034 0.0554885 0.0316908 0.0298243 0.137837 0.191478
internal_weight=4620 3230 1390 1600 1207 1630 1234 1045 1367 393 1115 318 929 885 1223 1066 701 365 156 285 552 144 263 119 433 496 469 162 333 353 311 184 113 408 161 61 328 412 348 298 49 372 168 270 70 44 132 98 348 208 178 116 96 130 43 230 99 210 102 129 69 204
internal_count=4620 3230 1390 1600 1207 1630 1234 1045 1367 393 1115 318 929 885 1223 1066 701 365 156 285 552 144 263 119 433 496 469 162 333 353 311 184 113 408 161 61 328 412 348 298 49 372 168 270 70 44 132 98 348 208 178 116 96 130 43 230 99 210 102 129 69 204
is_linear=0
shrinkage=0.05


Tree=3
num_leaves=63
num_cat=0
split_feature=0 33 21 33 0 21 2 33 0 0 8 2 35 2 8 0 2 2 8 0 31 24 32 0 27 22 2 2 22 31 7 2 36 8 30 2 28 8 6 29 0 0 24 21 8 6 8 7 0 31 28 32 9 29 0 31 4 2 31 7 4 6
split_gain=20830.6 4889.97 2498.11 1265.99 827.381 697.238 655.373 604.955 585.441 585.299 459.465 430.849 357.461 346.423 329.97 324.273 396.039 305.193 270.139 268.854 259.768 226.202 224.537 203.561 185.995 185.19 222.641 177.387 164.068 145.235 132.654 132.078 136.393 131.212 128.251 122.137 118.346 116.522 114.486 172.964 113.158 112.719 109.865 105.519 104.508 109.554 104.01 124.858 124.817 99.8105 102.154 97.2758 96.2872 95.2432 108.272 95.2417 94.1336 93.6581 92.369 91.9749 91.2288 90.7337
threshold=1550.0000000000002 11.500000000000002 1.0000000180025095e-35 1.0000000180025095e-35 2250.0000000000005 1.0000000180025095e-35 9.5000000000000018 10.500000000000002 1700.0000000000002 2100.0000000000005 13.500000000000002 5.5000000000000009 -0.33660943223443246 3.5000000000000004 9.5000000000000018 1100.0000000000002 6.5000000000000009 9.5000000000000018 14.500000000000002 2450.0000000000005 5.900000000000003 1.0000000180025095e-35 0.31009615384615391 1450.0000000000002 8.5000000000000018 1.0000000180025095e-35 3.5000000000000004 9.5000000000000018 1.0000000180025095e-35 7.98166666666667 1.5000000000000002 7.5000000000000009 -1.7666666666666642 17.500000000000004 47.32500000000001 3.5000000000000004 5.5000000000000009 10.500000000000002 0.39444444444444454 43.692000000000007 1450.0000000000002 1700.0000000000002 1.0000000180025095e-35 1.0000000180025095e-35 14.500000000000002 0.32291666666666669 9.5000000000000018 1.0000000180025095e-35 1700.0000000000002 8.0000000000000053 6.5000000000000009 0.42261904761904767 0.060661764705882359 48.868171296296303 1900.0000000000002 23.125000000000004 0.12916666666666668 8.5000000000000018 10.108333333333336 1.0000000180025095e-35 0.19375000000000003 0.24264705882352944
decision_type=2 2 2 2 2 2 2 2 2 2 2 2 2 2 2 2 2 2 2 2 2 2 2 2 2 2 2 2 2 2 2 2 2 2 2 2 2 2 2 2 2 2 2 2 2 2 2 2 2 2 2 2 2 2 2 2 2 2 2 2 2 2
left_child=2 3 6 11 10 9 7 21 -7 17 12 13 27 -2 -13 -9 40 18 25 29 56 23 49 38 30 26 -3 28 35 -6 51 32 -11 -10 -30 -5 -33 -21 39 -1 59 -15 -18 -12 45 -16 48 57 -37 -20 -51 53 -38 -14 -55 -53 -4 61 -19 -17 -46 -48
right_child=1 5 20 4 19 8 -8 15 33 31 43 14 24 41 44 16 42 58 22 37 -22 -23 -24 -25 -26 -27 -28 -29 34 -31 -32 36 -34 -35 -36 46 52 -39 -40 -41 -42 -43 -44 -45 60 -47 47 -49 -50 50 -52 55 -54 54 -56 -57 -58 -59 -60 -61 -62 -63
leaf_value=-0.10336721331585903 0.1626844603939854 -0.016988274371660835 0.20527931296012622 0.060213712826371196 0.30938228759609288 -0.0077780979711597215 -0.25914928102298923 -0.072388063107024544 0.16314820495707202 0.065088872343441045 -0.025375868808381104 0.28389933931563671 0.069214318233070435 0.27373573739995377 0.21136734630732287 -0.22179683863651009 -0.17338678440230185 -0.041753233549185101 -0.017827107308649535 0.18081939323908755 -0.011234618506361066 0.025377322410543763 -0.05339925976573965 0.029682613993507058 -0.076858452920402803 -0.045005731923958743 0.081421412260104464 0.00624497621147721 -0.042224608641117815 0.18939841150544412 -0.029152072700006623 0.1941398517228663 -0.034943057580268944 0.03380932469406854 0.11221482731492781 0.09596322612038681 -0.011269831625015839 0.034761312807148156 -0.086444603279232979 -0.20942603774368762 -0.13623285599413418 0.37637787687557717 -0.10595499370874983 0.098356281779706484 0.13248572852296223 0.098597482004852022 0.13266803843003733 0.046239231175018686 0.19970267151410764 0.082938061514869335 -0.044150909125095325 0.071610705086707402 0.11402581155948018 0.098010410448270191 0.20420968834133377 -0.04104434824770406 0.059012399182062261 0.079784849110771633 -0.12859517655370734 -0.277498449658861 0.021950001695326397 0.22939426225017417
leaf_weight=74 47 91 22 35 61 107 230 55 133 107 96 48 77 53 62 304 188 50 133 36 112 30 417 21 21 74 156 27 20 43 28 28 50 23 41 35 23 22 86 80 31 54 89 21 56 33 54 36 169 64 21 176 46 56 42 21 22 34 79 98 28 44
leaf_count=74 47 91 22 35 61 107 230 55 133 107 96 48 77 53 62 304 188 50 133 36 112 30 417 21 21 74 156 27 20 43 28 28 50 23 41 35 23 22 86 80 31 54 89 21 56 33 54 36 169 64 21 176 46 56 42 21 22 34 79 98 28 44
internal_value=-0.00213184 0.0693846 -0.159746 0.131916 0.106612 0.00786791 -0.182667 -0.166009 0.0822968 -0.00675106 0.0901366 0.211281 0.102054 0.275835 0.167487 -0.189349 -0.19841 -0.0227456 -0.0130044 0.211671 0.029206 -0.104649 -0.0319018 -0.119594 0.0681857 0.0243781 0.0451652 0.13086 0.138049 0.259774 0.0758005 0.0615719 0.0332316 0.144079 0.0615789 0.14951 0.107442 0.125418 -0.132656 -0.158463 -0.228278 0.325536 -0.151721 -0.00316753 0.13627 0.172195 0.157912 0.128778 0.181904 0.00921955 0.0515396 0.0837001 0.0722606 0.110828 0.143524 0.0596018 0.132146 0.151289 -0.0949355 -0.235376 0.0956405 0.176096
internal_weight=4620 3178 1442 1576 1195 1602 1286 1056 263 1339 1033 381 916 154 227 765 710 1085 956 162 156 291 635 261 421 321 247 495 468 104 400 254 157 156 61 407 97 58 240 154 433 107 277 117 179 95 372 168 204 218 85 372 69 175 98 197 44 132 129 402 84 98
internal_count=4620 3178 1442 1576 1195 1602 1286 1056 263 1339 1033 381 916 154 227 765 710 1085 956 162 156 291 635 261 421 321 247 495 468 104 400 254 157 156 61 407 97 58 240 154 433 107 277 117 179 95 372 168 204 218 85 372 69 175 98 197 44 132 129 402 84 98
is_linear=0
shrinkage=0.05


Tree=4
num_leaves=63
num_cat=0
split_feature=0 8 21 34 34 21 2 0 8 8 21 2 0 20 0 2 2 30 0 25 32 5 20 21 7 0 2 20 2 8 0 2 30 2 2 36 0 29 34 34 36 11 21 30 29 37 2 36 32 30 0 7 37 36 37 2 11 3 9 32 32 0
split_gain=18799.6 3304.97 2254.54 1560.58 1266.75 748.866 591.474 566.634 540.817 487.22 399.997 390.224 349.885 276.929 269.211 266.474 266.137 260.693 247.65 241.036 230.132 218.666 186.142 186.839 167.652 181.236 165.315 214.98 160.608 166.074 156.287 211.115 154.882 143.157 205.771 138.196 137.084 134.023 132.98 131.314 128.615 121.347 113.653 112.784 110.293 108.633 105.885 104.14 98.2727 89.6791 87.8688 132.833 113.394 95.306 91.741 91.3615 87.7972 85.8989 134.908 84.5309 81.7686 77.658
threshold=1550.0000000000002 13.500000000000002 1.0000000180025095e-35 1.0000000180025095e-35 1.0000000180025095e-35 1.0000000180025095e-35 9.5000000000000018 2100.0000000000005 12.500000000000002 9.5000000000000018 1.0000000180025095e-35 9.5000000000000018 1700.0000000000002 1.0000000180025095e-35 1700.0000000000002 3.5000000000000004 5.5000000000000009 36.833333333333336 2350.0000000000005 1.0000000180025095e-35 0.41421568627450983 0.57738095238095244 1.0000000180025095e-35 1.0000000180025095e-35 1.0000000180025095e-35 1700.0000000000002 7.5000000000000009 1.0000000180025095e-35 7.5000000000000009 9.5000000000000018 1100.0000000000002 6.5000000000000009 43.970833333333339 9.5000000000000018 5.5000000000000009 -4.2874999999999979 1450.0000000000002 50.729563492063498 94.500000000000014 41.500000000000007 -1.8000000000000027 0.53137254901960795 1.0000000180025095e-35 48.093750000000007 51.389583333333341 3.4999999999999978 7.5000000000000009 -1.3612500000000001 0.080128205128205135 45.787500000000009 1700.0000000000002 1.0000000180025095e-35 3.3750000000000022 -1.4000000000000017 3.028174603174604 8.5000000000000018 0.36931818181818188 1.5000000000000002 0.12132352941176472 0.42261904761904767 0.12132352941176472 1900.0000000000002
decision_type=2 2 2 2 2 2 2 2 2 2 2 2 2 2 2 2 2 2 2 2 2 2 2 2 2 2 2 2 2 2 2 2 2 2 2 2 2 2 2 2 2 2 2 2 2 2 2 2 2 2 2 2 2 2 2 2 2 2 2 2 2 2
left_child=2 3 6 22 16 9 8 10 17 18 13 20 -7 19 -12 36 -3 -1 35 24 37 -4 23 57 25 39 27 47 -19 -30 -17 -32 -21 34 -27 -5 -10 48 61 -6 -39 43 46 -26 -28 -16 -9 -22 -11 -46 56 52 53 55 -53 -52 -37 58 -2 -20 -8 -14
right_child=1 4 21 5 7 12 60 42 15 11 14 -13 38 -15 45 30 -18 28 59 32 26 -23 -24 -25 41 33 44 -29 29 -31 31 -33 -34 -35 -36 50 -38 40 -40 -41 -42 -43 -44 -45 49 -47 -48 -49 -50 -51 51 54 -54 -55 -56 -57 -58 -59 -60 -61 -62 -63
leaf_value=-0.024739794299097326 0.19441508960967163 0.24166725554010449 -0.0011393420571010442 0.23562330283224583 -0.028388680683878755 0.074492165207862865 -0.19543767385184765 0.027063349387534553 -0.23219548142746033 0.13907442848230231 -0.012457082635426726 -0.047055587209761142 0.16708873480918907 0.044066114662723116 0.030722332472602528 -0.074291080802679071 0.10200482434005415 -0.15867958928810788 0.30235713937065822 0.11102039077998818 0.018126926571130752 0.14906301304697991 0.37451830005103892 0.31278303966391835 -0.13424667947345592 -0.046410289127988363 -0.0033489447343966056 0.12503478058701936 0.051049399340436577 -0.11807913983121832 -0.21311200239134501 -0.14106720897506275 -0.012940691960857641 -0.08607605177336014 0.0340883004936305 -0.0056019138864108501 -0.11715761576618614 0.10416262967341489 0.080610838767495904 -0.1216526145943337 0.20667558029676095 0.018122971294955773 0.14935246899321272 -0.043540270824213419 0.025115636621530241 0.14603142820415088 0.10645266906136559 -0.06059143783860519 0.033787110295305227 0.13137950038071722 0.24351202401777972 -0.036461060707058228 0.098067691844007987 0.085302663553992047 0.093162915855646136 0.12146326236264862 0.11204141876820861 0.1360198280319225 0.3369106949493289 0.1666696813888848 -0.26370348496830953 0.23509457769302222
leaf_weight=82 98 51 126 20 65 75 59 126 242 29 88 85 62 110 30 50 103 148 22 37 135 30 22 44 114 153 29 37 21 47 161 276 79 65 165 35 29 142 21 90 39 22 37 49 26 64 63 61 94 84 46 21 109 23 39 23 29 43 20 24 171 130
leaf_count=82 98 51 126 20 65 75 59 126 242 29 88 85 62 110 30 50 103 148 22 37 135 30 22 44 114 153 29 37 21 47 161 276 79 65 165 35 29 142 21 90 39 22 37 49 26 64 63 61 94 84 46 21 109 23 39 23 29 43 20 24 171 130
internal_value=-0.00202525 0.0659154 -0.151758 0.11446 0.0123588 0.0952523 -0.173533 -0.00306361 -0.157708 0.0772237 -0.0175065 0.0539159 0.167366 -0.0305283 0.0503926 -0.180144 0.148257 -0.100641 0.122588 -0.0403082 0.066612 0.0277457 0.236307 0.221474 -0.0510429 -0.0369241 0.0402395 0.014495 -0.129455 -0.0658483 -0.158029 -0.16761 0.0265986 -0.0184625 -0.00464215 0.108057 -0.219885 0.0988835 0.200069 -0.0825419 0.126251 -0.0921021 0.0692148 -0.106979 0.083394 0.109231 0.0535265 -0.00637216 0.0586109 0.106263 0.100207 0.113081 0.13257 0.173447 0.0477945 0.202829 0.0477052 0.19652 0.218567 0.231564 -0.246192 0.213134
internal_weight=4620 3178 1442 1667 1511 1440 1286 1357 1056 1152 1131 761 288 949 182 758 154 298 391 839 676 156 227 205 723 538 372 233 216 68 487 437 116 383 318 345 271 304 213 155 181 185 226 163 139 94 189 196 123 110 325 261 201 92 60 69 64 161 118 46 230 192
internal_count=4620 3178 1442 1667 1511 1440 1286 1357 1056 1152 1131 761 288 949 182 758 154 298 391 839 676 156 227 205 723 538 372 233 216 68 487 437 116 383 318 345 271 304 213 155 181 185 226 163 139 94 189 196 123 110 325 261 201 92 60 69 64 161 118 46 230 192
is_linear=0
shrinkage=0.05


Tree=5
num_leaves=63
num_cat=0
split_feature=13 33 21 21 24 33 38 35 27 2 2 33 33 21 20 2 30 2 21 20 30 28 2 2 7 34 20 33 36 29 30 33 30 29 35 33 20 9 37 12 38 5 27 36 34 5 25 23 32 33 35 19 32 30 31 5 36 36 5 35 10 9
split_gain=16895.3 4740.97 2202.99 1173.11 575.439 546.193 544.611 376.286 364.944 353.396 323.021 328.131 307.872 283.89 244.06 409.67 214.969 201.558 188.563 185.666 182.956 188.762 178.909 213.529 177.922 167.707 161.251 144.115 142.826 134.482 164.673 126.567 119.024 118.671 117.994 115.68 112.668 111.592 110.309 117.32 108.793 107.869 101.033 100.338 147.369 99.8424 99.5368 119.67 98.7044 98.3657 126.338 120.372 98.0942 89.3234 88.6816 86.9859 84.6546 83.5301 86.2896 75.7168 75.0539 73.2716
threshold=1.0000000180025095e-35 9.5000000000000018 1.0000000180025095e-35 1.0000000180025095e-35 1.0000000180025095e-35 13.500000000000002 0.060661764705882359 0.78772470238095271 4.5000000000000009 9.5000000000000018 9.5000000000000018 6.5000000000000009 10.500000000000002 1.0000000180025095e-35 1.0000000180025095e-35 6.5000000000000009 51.416666666666679 3.5000000000000004 1.0000000180025095e-35 1.0000000180025095e-35 48.953571428571436 4.5000000000000009 9.5000000000000018 6.5000000000000009 1.5000000000000002 95.500000000000014 1.0000000180025095e-35 13.500000000000002 -1.4166666666666681 50.518376623376632 45.610000000000007 14.500000000000002 48.908333333333339 54.50138888888889 0.11191722629222621 10.500000000000002 1.0000000180025095e-35 0.087121212121212141 3.7853571428571411 0.060661764705882359 0.97222222222222232 0.6132478632478634 5.5000000000000009 -3.6166666666666658 45.500000000000007 0.54195804195804198 1.0000000180025095e-35 1.0000000180025095e-35 0.32291666666666669 15.500000000000002 0.48304421768707489 1.0000000180025095e-35 0.57738095238095244 43.695000000000007 13.208333333333334 0.56696428571428581 -2.2183333333333324 -1.2999999999999976 0.32291666666666669 -0.44281746031746005 1.5000000000000002 0.18465909090909094
decision_type=2 2 2 2 2 2 2 2 2 2 2 2 2 2 2 2 2 2 2 2 2 2 2 2 2 2 2 2 2 2 2 2 2 2 2 2 2 2 2 2 2 2 2 2 2 2 2 2 2 2 2 2 2 2 2 2 2 2 2 2 2 2
left_child=1 6 4 5 10 9 18 13 31 14 11 -2 37 22 15 16 24 41 19 46 21 -7 23 36 53 29 49 33 54 30 -17 43 -11 -10 48 -6 40 -4 39 59 -8 -13 45 -5 -45 -25 47 -1 -16 50 51 57 -27 -3 -29 -19 -47 58 -23 -15 -20 -51
right_child=2 3 12 8 35 20 7 -9 27 32 -12 17 -14 38 34 25 -18 55 60 -21 -22 26 -24 42 -26 52 -28 28 -30 -31 -32 -33 -34 -35 -36 -37 -38 -39 -40 -41 -42 -43 -44 44 -46 56 -48 -49 -50 61 -52 -53 -54 -55 -56 -57 -58 -59 -60 -61 -62 -63
leaf_value=0.13942708698501857 -0.089956341254169014 -0.056572842743733656 0.2047363848824586 0.26609054135865179 0.015017283978787335 0.034840217341688719 -0.0052357539534568787 -0.033403055993322696 0.072748440515900417 -0.096426693985479026 -0.23406364899388579 -0.22150462797762885 -0.01349925330222243 0.31217193649830044 0.093756904892623436 0.079929998256266122 0.10572228486355591 -0.16805686665866049 0.33408993065116066 0.30651968430934684 0.017085687955133193 0.11327664919197561 0.02607268910197651 0.17977452029849536 -0.15126868200798829 -0.075958713764945673 0.028558439942630562 0.091300779496723758 -0.099408299438655381 0.11510906926129522 -0.074278833846683087 0.09169949714560062 0.031025293433608922 0.20763526030562143 0.029553054867401007 -0.094422107052264947 0.16207433919752801 0.050099732652306564 0.14313469302201234 0.12748456701636315 0.092683115028902086 -0.11813832968473435 0.082987671588426057 0.10445221187546849 0.23399135909582439 0.023674137322675617 0.24704600638813445 0.22244855684361289 0.22635297689121217 -0.061658070558775216 -0.094458133854592841 -0.091078573955995279 0.045882274640970076 0.010767028384928615 -0.0030401185154914859 -0.11223561728482739 0.16113729441228014 -0.082164246067404745 0.0027128491699695591 0.19953230452537538 0.23108364830259234 -0.14092722304842689
leaf_weight=193 123 69 28 29 33 94 46 36 63 62 215 256 101 37 25 70 38 390 28 27 263 20 51 191 24 24 74 53 20 191 23 52 26 22 21 90 31 20 59 20 74 28 46 52 38 21 36 56 32 250 60 41 53 172 47 85 24 25 150 25 48 33
leaf_count=193 123 69 28 29 33 94 46 36 63 62 215 256 101 37 25 70 38 390 28 27 263 20 51 191 24 24 74 53 20 191 23 52 26 22 21 90 31 20 59 20 74 28 46 52 38 21 36 56 32 250 60 41 53 172 47 85 24 25 150 25 48 33
internal_value=0.00199451 0.0638154 -0.145445 0.0223616 -0.167611 0.00591635 0.151386 0.123784 0.102838 0.0359671 -0.17911 -0.165714 0.0360482 0.132838 0.0472028 0.0373745 -0.00549373 -0.177991 0.198409 0.181206 -0.0187788 -0.0314058 0.11465 0.125083 -0.0214417 0.0733553 -0.040942 0.0578489 0.0225657 0.0911004 0.0417923 0.156773 -0.0587704 0.10766 0.13087 -0.0650603 0.0770994 0.140304 0.195272 0.232785 0.0551475 -0.211314 0.150776 0.185209 0.159147 0.163989 0.169334 0.158099 0.168197 -0.0498246 -0.0296735 -0.0132028 0.00790586 -0.00851285 0.0469606 -0.158068 0.0969878 0.00317105 0.0157204 0.266753 0.269033 -0.0709015
internal_weight=4634 3265 1369 2216 1220 1840 1049 661 376 830 1097 882 149 625 742 664 303 759 388 312 1010 747 484 433 265 361 653 205 120 284 93 171 88 85 78 123 151 48 141 82 120 284 282 119 90 236 285 249 57 579 296 236 77 241 100 475 45 195 170 62 76 283
internal_count=4634 3265 1369 2216 1220 1840 1049 661 376 830 1097 882 149 625 742 664 303 759 388 312 1010 747 484 433 265 361 653 205 120 284 93 171 88 85 78 123 151 48 141 82 120 284 282 119 90 236 285 249 57 579 296 236 77 241 100 475 45 195 170 62 76 283
is_linear=0
shrinkage=0.05


Tree=6
num_leaves=63
num_cat=0
split_feature=0 33 21 21 0 20 0 0 38 8 33 28 0 33 25 8 8 32 24 33 8 0 2 2 2 5 27 23 8 24 8 33 8 28 30 5 2 30 33 35 33 36 3 2 35 4 30 21 36 35 30 11 33 22 0 36 36 30 36 4 5 36
split_gain=15312.2 4256.98 1900.36 1017 574.62 567.149 562.857 521.897 497.529 422.621 369.164 354.776 285.858 277.854 253.934 228.112 206.943 205.893 203.383 210.733 189.121 186.457 180.15 168.346 258.425 182.837 162.178 158.282 145.943 145.505 134.104 133.886 133.202 132.363 130.034 119.824 118.123 158.338 111.226 109.384 103.167 123.068 101.771 96.6368 91.7651 88.4153 81.7782 85.9531 79.6229 123.189 114.415 78.2415 78.1887 72.7526 121.266 71.1611 177.249 75.6558 70.3116 68.673 67.8385 107.586
threshold=1550.0000000000002 9.5000000000000018 1.0000000180025095e-35 1.0000000180025095e-35 2100.0000000000005 1.0000000180025095e-35 1700.0000000000002 1300.0000000000002 0.060661764705882359 8.5000000000000018 10.500000000000002 4.5000000000000009 1100.0000000000002 10.500000000000002 1.0000000180025095e-35 13.500000000000002 14.500000000000002 0.095454545454545472 1.0000000180025095e-35 16.500000000000004 12.500000000000002 2100.0000000000005 5.5000000000000009 9.5000000000000018 6.5000000000000009 0.59411764705882364 4.5000000000000009 1.0000000180025095e-35 6.5000000000000009 1.0000000180025095e-35 11.500000000000002 13.500000000000002 13.500000000000002 9.5000000000000018 52.025000000000006 0.65686274509803932 2.5000000000000004 48.953571428571436 14.500000000000002 -0.66561111111111182 14.500000000000002 -1.7000000000000017 1.0000000180025095e-35 6.5000000000000009 -1.2187471655328792 0.19375000000000003 52.13750000000001 1.0000000180025095e-35 -2.1928571428571395 -0.5685416666666665 45.310000000000009 0.53137254901960795 17.500000000000004 1.0000000180025095e-35 1700.0000000000002 -1.3816666666666675 -1.7799999999999991 47.112500000000004 -0.34444444444444416 0.17914438502673799 0.36038961038961043 -2.3000000000000029
decision_type=2 2 2 2 2 2 2 2 2 2 2 2 2 2 2 2 2 2 2 2 2 2 2 2 2 2 2 2 2 2 2 2 2 2 2 2 2 2 2 2 2 2 2 2 2 2 2 2 2 2 2 2 2 2 2 2 2 2 2 2 2 2
left_child=2 8 7 4 5 11 31 12 16 21 32 39 -1 42 18 35 -2 30 27 55 -7 28 -18 24 25 -19 44 36 -10 52 -14 -5 58 -23 40 48 59 51 -16 -3 41 -6 -4 -43 -8 -24 47 -30 50 -50 -11 53 -12 -38 -55 56 57 -20 -9 -13 61 -28
right_child=1 3 13 6 34 20 26 10 9 15 29 14 17 -15 38 -17 22 23 19 -21 -22 33 45 -25 -26 -27 60 -29 46 -31 -32 -33 -34 -35 -36 -37 37 -39 -40 -41 -42 43 -44 -45 -46 -47 -48 -49 49 -51 -52 -53 -54 54 -56 -57 -58 -59 -60 -61 -62 -63
leaf_value=-0.069722378220348089 0.21885363113376416 0.06810300033061932 0.21243652948178351 0.076012722374024733 0.10648768193349244 0.18008989797610986 0.26141030197513515 -0.029841908191641172 0.23771209910731106 0.15614495172006329 -0.14238505984726205 -0.055625795459167827 -0.065672618642981559 -0.012824290444945345 0.063513779087544797 -0.00035159407326808344 0.22920529595576228 -0.21139628128237922 -0.041231195601048293 -0.12558383538641713 0.052224142754004027 0.28322431746249399 0.13584672525891514 -0.2364375670541482 -0.12269429538411483 -0.10561785463942215 0.13264649938791992 -0.0013692707213844488 0.090051725825642137 -0.063750064968332354 -0.16736224340153982 -0.025326649177368384 -0.10647226580859799 0.13272075369244529 0.1552970648225811 0.0061321716370253731 -0.1174608385231305 -0.011289772174010676 -0.028724466684256118 0.0063339306519215781 0.014616953163806881 -0.023835676491563752 0.066318429433382481 0.08720172589334349 0.15966871836757723 0.029801532921606096 0.19196842033416034 0.19385197001198928 0.23561381040899843 0.11652997876475524 0.05651876856332895 -0.020113621416844821 -0.22202069877814026 -0.11299341353423456 -0.026945961370498317 -0.026341326714113905 0.18152397149242461 0.073252198526695858 0.067735588221500317 0.015266713901207998 0.12927000379407561 -0.029390621655398894
leaf_weight=61 247 117 22 55 125 38 29 48 34 41 147 72 56 101 91 65 40 365 27 22 121 48 61 166 149 46 20 127 118 51 77 80 38 21 36 29 182 81 51 185 105 43 26 36 94 29 36 24 27 111 97 38 39 85 79 27 24 31 30 65 77 21
leaf_count=61 247 117 22 55 125 38 29 48 34 41 147 72 56 101 91 65 40 365 27 22 121 48 61 166 149 46 20 127 118 51 77 80 38 21 36 29 182 81 51 185 105 43 26 36 94 29 36 24 27 111 97 38 39 85 79 27 24 31 30 65 77 21
internal_value=0.00189479 0.0623694 -0.134705 0.0228779 0.00731835 -0.00636992 0.0976964 -0.15448 0.14627 0.119799 -0.102796 -0.0172406 -0.174311 0.0342458 -0.0315584 0.0846909 0.191979 -0.181738 -0.0417865 0.0155732 0.0827833 0.166027 0.140916 -0.192215 -0.179106 -0.199557 0.143482 -0.0520939 0.142791 -0.138568 -0.124546 0.0159598 -0.0297094 0.237419 0.0653645 0.102815 -0.0627949 -0.0748168 0.030386 0.0302643 0.054887 0.0756142 0.133289 0.0267636 0.183657 0.101677 0.12466 0.107595 0.112973 0.139829 0.0861179 -0.0882171 -0.159083 -0.0956967 -0.0715437 0.0440636 0.0672457 0.0199582 0.0076879 -0.0219907 0.101606 0.0496519
internal_weight=4634 3212 1422 2184 1808 1463 376 1273 1028 651 353 1304 920 149 1002 370 377 859 860 131 159 281 130 726 560 411 241 729 212 237 133 135 116 69 345 305 602 465 142 302 309 204 48 79 123 90 178 142 276 138 138 384 186 346 164 109 82 58 78 137 118 41
internal_count=4634 3212 1422 2184 1808 1463 376 1273 1028 651 353 1304 920 149 1002 370 377 859 860 131 159 281 130 726 560 411 241 729 212 237 133 135 116 69 345 305 602 465 142 302 309 204 48 79 123 90 178 142 276 138 138 384 186 346 164 109 82 58 78 137 118 41
is_linear=0
shrinkage=0.05


Tree=7
num_leaves=63
num_cat=0
split_feature=0 33 21 21 8 0 0 38 8 0 20 33 35 0 31 35 8 32 37 0 8 32 36 28 7 21 5 8 24 21 3 30 5 8 33 8 28 25 7 3 8 30 24 37 32 36 30 31 6 36 4 20 28 23 6 30 8 30 6 30 21 29
split_gain=13819.3 3841.93 1715.08 917.839 519.623 507.978 471.012 449.02 381.416 333.271 333.54 333.17 281.936 257.987 255.004 219.663 186.766 185.818 181.507 168.278 158.823 155.045 163.263 144.594 144.364 134.43 141.724 131.714 131.319 128.283 125.858 124.61 121.365 121.028 120.832 120.214 119.457 116.903 115.83 113.294 108.313 108.015 106.051 103.854 91.9548 91.7688 99.9163 89.6627 130.83 119.971 87.7901 84.7732 89.1065 83.1932 101.941 82.4595 80.2737 76.4373 75.8669 73.8049 77.5727 71.3445
threshold=1550.0000000000002 9.5000000000000018 1.0000000180025095e-35 1.0000000180025095e-35 15.500000000000002 1700.0000000000002 1300.0000000000002 0.060661764705882359 8.5000000000000018 2100.0000000000005 1.0000000180025095e-35 10.500000000000002 -0.1451215277777774 1100.0000000000002 5.900000000000003 0.61903703703703739 14.500000000000002 0.095454545454545472 3.4999999999999978 2100.0000000000005 12.500000000000002 0.31009615384615391 -3.2000000000000015 31.500000000000004 1.0000000180025095e-35 1.0000000180025095e-35 0.60555555555555574 6.5000000000000009 1.0000000180025095e-35 1.0000000180025095e-35 1.5000000000000002 51.914285714285718 0.58578431372549034 11.500000000000002 13.500000000000002 13.500000000000002 9.5000000000000018 1.0000000180025095e-35 1.0000000180025095e-35 1.5000000000000002 13.500000000000002 48.953571428571436 1.0000000180025095e-35 4.5000000000000036 0.17156862745098042 -1.7000000000000017 44.058333333333337 8.7500000000000053 0.42261904761904767 -1.8599999999999988 0.19375000000000003 1.0000000180025095e-35 13.500000000000002 1.0000000180025095e-35 0.43303571428571436 40.143750000000004 11.500000000000002 43.405000000000008 0.48529411764705888 52.13750000000001 1.0000000180025095e-35 51.571696428571435
decision_type=2 2 2 2 2 2 2 2 2 2 2 2 2 2 2 2 2 2 2 2 2 2 2 2 2 2 2 2 2 2 2 2 2 2 2 2 2 2 2 2 2 2 2 2 2 2 2 2 2 2 2 2 2 2 2 2 2 2 2 2 2 2
left_child=2 7 6 4 9 34 13 16 19 10 12 35 23 -1 -4 25 -2 33 -7 27 -20 38 -23 47 37 26 40 -9 58 50 -14 45 -26 -15 -5 -8 -21 42 -6 56 55 51 53 -32 -40 -11 -47 -3 49 -49 -18 52 -24 54 -19 -10 -12 -54 -13 60 -29 -58
right_child=1 3 14 5 21 18 11 8 15 31 39 28 30 17 -16 -17 29 24 20 36 -22 22 41 -25 32 -27 -28 59 -30 -31 43 -33 -34 -35 -36 -37 -38 -39 44 -41 -42 -43 -44 -45 -46 46 -48 48 -50 -51 -52 -53 57 -55 -56 -57 61 -59 -60 -61 -62 -63
leaf_value=-0.066236259382538742 0.20791094844731003 0.06941416911047342 0.14051120530813932 0.072212086291137068 0.020690777118442246 0.078577370898819526 0.0073035036530106874 0.22582649336579969 0.18379188701510429 0.093524945263936426 0.22218539530322667 -0.16969740576037079 -0.012128538152777611 -0.062388987819265045 -0.0070912847637173235 -0.040653104367939868 0.14155756839934516 -0.20220851981233887 0.23516182598184077 0.26906310031966618 0.12999852023941955 -0.14330956989373916 -0.015454126629564496 -0.056918828215363419 -0.23631707056899742 0.14663388860346968 -0.041361101499448223 0.085549139079906189 -0.060562561280733229 0.23088125001501153 -0.14581551201440193 0.18087182541688285 -0.12186659795266611 -0.15899413095109843 -0.024060317012772434 -0.10114865461854559 0.12608471782434555 -0.082306601293385032 0.0191615721041506 0.012755629614643431 0.0041742277496001302 0.031816795745901037 -0.090344891149245946 -0.038241301293958696 -0.086059114257139829 -0.070411777049303056 0.056308295656261699 0.0058394358857654996 -0.07213492123692325 0.087344584221177746 0.044098371788859371 0.018913490729146575 -0.12618021798768528 -0.11555441130104281 -0.14443707871623337 0.088028350373707626 0.16955799773335456 -0.055940599304481142 -0.09621279200023794 0.18237000091208355 0.18415937380244335 0.037605501764586997
leaf_weight=61 247 153 40 55 217 87 78 34 26 133 21 139 235 56 109 34 68 323 57 48 97 39 90 43 163 86 24 118 51 27 37 27 27 77 80 38 21 36 33 23 34 51 34 57 56 20 70 124 33 71 35 43 54 43 100 166 20 137 47 36 24 21
leaf_count=61 247 153 40 55 217 87 78 34 26 133 21 139 235 56 109 34 68 323 57 48 97 39 90 43 163 86 24 118 51 27 37 27 27 77 80 38 21 36 33 23 34 51 34 57 56 20 70 124 33 71 35 43 54 43 100 166 20 137 47 36 24 21
internal_value=0.00180005 0.0592509 -0.127969 0.021734 0.00695243 0.0928116 -0.146756 0.138956 0.113809 0.028758 0.0136432 -0.0976561 0.00304492 -0.165595 0.0325335 0.0804564 0.18238 -0.172651 0.136308 0.157725 0.168923 -0.0259982 -0.0459459 0.0299952 -0.182604 0.0927115 0.0741622 0.135651 -0.13164 0.13387 -0.0316873 0.0794228 -0.220053 -0.118318 0.0151618 -0.0282239 0.225548 -0.16933 0.000989935 0.107531 0.0864302 -0.0358201 -0.175595 -0.0805843 -0.0470447 0.0671397 0.0281483 0.0398044 0.0199347 0.0355157 0.10844 -0.0464666 -0.0564714 -0.181815 -0.188551 0.100996 0.14269 -0.0757989 -0.151129 0.118427 0.102216 0.101973
internal_weight=4634 3212 1422 2184 1808 376 1273 1028 651 1088 838 353 753 920 149 370 377 859 241 281 154 720 414 424 726 336 250 212 237 130 329 250 190 133 135 116 69 536 306 85 226 375 500 94 89 223 90 381 228 195 103 324 281 466 423 192 62 191 186 178 142 41
internal_count=4634 3212 1422 2184 1808 376 1273 1028 651 1088 838 353 753 920 149 370 377 859 241 281 154 720 414 424 726 336 250 212 237 130 329 250 190 133 135 116 69 536 306 85 226 375 500 94 89 223 90 381 228 195 103 324 281 466 423 192 62 191 186 178 142 41
is_linear=0
shrinkage=0.05


Tree=8
num_leaves=63
num_cat=0
split_feature=0 33 0 8 33 0 2 2 7 2 0 35 22 22 2 2 2 0 0 8 32 32 0 20 2 33 2 2 32 2 35 0 37 35 8 7 37 8 2 33 25 3 36 3 37 11 37 29 8 29 29 31 4 7 37 27 37 36 3 10 34 2
split_gain=12471.9 3470.72 1331.86 974.924 516.688 400.259 361.555 346.531 334.089 323.963 487.503 304.215 325.859 280.215 263.269 243.878 241.541 232.833 204.517 173.8 167.543 165.97 163.022 160.705 251.613 148.228 138.381 164.665 133.216 128.615 126.772 204.569 132.534 113.981 111.407 101.189 99.8185 98.4369 96.9486 121.35 95.7359 95.5114 95.1702 89.9457 87.0224 86.7374 85.6195 85.0301 130.13 84.1052 113.928 80.6575 76.0351 81.4348 75.6411 73.3688 93.2936 73.0666 71.5417 70.4232 69.7648 68.3379
threshold=1550.0000000000002 8.5000000000000018 1300.0000000000002 12.500000000000002 10.500000000000002 2100.0000000000005 9.5000000000000018 9.5000000000000018 1.0000000180025095e-35 3.5000000000000004 1700.0000000000002 0.23775669642857117 1.0000000180025095e-35 1.0000000180025095e-35 5.5000000000000009 3.5000000000000004 7.5000000000000009 1100.0000000000002 1700.0000000000002 11.500000000000002 0.76696832579185525 0.26969696969696971 1700.0000000000002 1.0000000180025095e-35 6.5000000000000009 5.5000000000000009 6.5000000000000009 4.5000000000000009 0.11437908496732027 9.5000000000000018 -0.037501352813853243 1900.0000000000002 2.1357142857142879 -0.42438383838383881 14.500000000000002 1.0000000180025095e-35 5.1604166666666673 13.500000000000002 4.5000000000000009 16.500000000000004 1.0000000180025095e-35 1.0000000180025095e-35 -1.7199999999999986 1.0000000180025095e-35 2.0100000000000002 0.42261904761904767 4.4258333333333351 47.723194444444452 15.500000000000002 51.095208333333339 53.250625000000007 3.9899999999999953 0.095454545454545472 1.0000000180025095e-35 4.0200000000000022 4.5000000000000009 4.3958730158730175 -2.1928571428571395 1.5000000000000002 2.5000000000000004 15.500000000000002 7.5000000000000009
decision_type=2 2 2 2 2 2 2 2 2 2 2 2 2 2 2 2 2 2 2 2 2 2 2 2 2 2 2 2 2 2 2 2 2 2 2 2 2 2 2 2 2 2 2 2 2 2 2 2 2 2 2 2 2 2 2 2 2 2 2 2 2 2
left_child=2 6 17 8 26 7 11 9 14 57 13 12 30 38 15 54 -13 -1 46 25 34 51 -14 24 -6 -19 27 -4 -7 44 31 55 -33 60 -12 40 45 -28 -11 -40 -21 -26 -30 -29 -20 -34 -16 48 -24 -35 -51 -10 -27 -54 -3 56 -2 -5 -9 -32 -17 -44
right_child=1 3 4 5 23 28 -8 58 21 10 20 16 22 -15 18 33 -18 19 29 35 -22 -23 47 -25 41 52 37 43 42 -31 59 32 36 49 -36 -37 -38 -39 39 -41 -42 -43 61 -45 -46 -47 -48 -49 -50 50 -52 -53 53 -55 -56 -57 -58 -59 -60 -61 -62 -63
leaf_value=-0.06292444610296459 0.16190042349285094 -0.011488218419253828 -0.017258732378678889 -0.10380691643804313 -0.027703814852730674 0.16704688507776996 0.023067943572320723 -0.059742403388437296 0.031400116590353161 0.074272818536135474 0.093354252713566385 -0.016334519151944754 0.016634867753347625 -0.096802900427565827 -0.052199697988677997 0.10303270590046179 0.18735881576483901 -0.055192040194404025 0.19304629683494567 -0.16961484388339776 -0.055492497204900959 -0.019040059389308431 0.24492058918944429 -0.18685962878740753 -0.068926595081969841 -0.086664062826072474 0.0071102235501386089 0.1964664446359331 0.06989340877289292 -0.00067871587221012561 0.22243726076057524 0.29979077339172366 0.18400695093122185 0.1753721786020645 0.039159758454813058 -0.20905891254241038 0.25050465069711209 -0.11325147485733032 0.0051034927670099697 -0.072239130368512691 -0.069212324738502515 -0.14816465952072433 -0.028570362925529481 0.059099306681981462 0.084173047339732687 0.077956067987026714 0.04780630780089843 0.058418849499329274 0.077932311855256564 0.017310482346349295 0.16614814003929498 0.16314843069052412 -0.14605303000684619 -0.24928997319478255 0.087754422705620533 0.026846243503193062 0.050765095025833165 -0.037229726265516433 -0.13877216354012489 0.1741378751099403 0.19961041278205813 0.074346255089925692
leaf_weight=61 58 32 38 54 133 26 55 90 26 36 129 43 46 106 49 23 22 58 20 472 38 133 28 39 59 34 53 22 159 43 186 25 51 29 358 172 30 25 219 66 25 107 54 26 223 31 38 23 20 36 20 21 72 26 48 24 28 174 42 127 100 23
leaf_count=61 58 32 38 54 133 26 55 90 26 36 129 43 46 106 49 23 22 58 20 472 38 133 28 39 59 34 53 22 159 43 186 25 51 29 358 172 30 25 219 66 25 107 54 26 223 31 38 23 20 36 20 21 72 26 48 24 28 174 42 127 100 23
internal_value=0.00171005 0.0562884 -0.121571 0.0264303 -0.0560635 0.00320865 0.146762 -0.0080587 0.0698914 0.000535786 0.0133569 0.155931 0.165851 -0.0263171 0.0863366 0.122248 0.0526078 -0.157315 0.0586091 -0.164018 0.0456251 0.00950107 0.0899595 -0.0913977 -0.0789461 -0.121816 0.0167596 0.0605001 0.0596314 0.0790291 0.181707 0.154927 0.1957 0.150782 0.0535152 -0.176004 0.172465 -0.0314672 -0.00304142 -0.0128074 -0.164564 -0.120002 0.0477975 0.122059 0.0931338 0.143915 -0.00851891 0.137466 0.175342 0.106258 0.0704668 0.0902664 -0.15109 -0.173442 0.0480574 0.104145 0.125717 -0.052998 -0.0848882 0.20284 0.181551 0.00217096
internal_weight=4634 3212 1422 2415 502 1574 797 1312 841 1180 952 742 677 427 661 288 65 920 373 859 525 180 117 338 299 190 164 86 262 286 560 247 137 208 487 669 112 78 321 285 497 166 236 48 243 82 87 71 48 85 56 47 132 98 80 110 86 228 132 313 123 77
internal_count=4634 3212 1422 2415 502 1574 797 1312 841 1180 952 742 677 427 661 288 65 920 373 859 525 180 117 338 299 190 164 86 262 286 560 247 137 208 487 669 112 78 321 285 497 166 236 48 243 82 87 71 48 85 56 47 132 98 80 110 86 228 132 313 123 77
is_linear=0
shrinkage=0.05


Tree=9
num_leaves=63
num_cat=0
split_feature=0 33 21 21 8 0 2 2 33 38 0 28 2 0 31 5 2 8 11 8 11 34 8 0 0 8 32 28 32 2 8 28 20 33 2 0 34 2 30 0 8 2 29 0 3 29 29 30 34 0 29 21 11 20 11 29 5 11 3 29 2 8
split_gain=11255.9 3143.76 1406.96 774.983 438.371 428.495 389.458 388.239 352.206 325.739 345.77 301.828 239.705 239.976 212.634 199.438 177.816 176.589 173.264 162.78 159.478 162.127 153.662 153.592 145.352 145.015 137.675 135.141 130.177 115.412 107.946 100.486 99.1886 98.3635 97.8828 96.6763 95.4335 94.6473 113.336 92.3841 90.7453 86.9933 83.1655 82.6635 80.1425 78.7436 76.6784 75.6985 99.5673 74.1424 70.9881 70.8446 76.2301 70.0538 141.691 105.836 68.6497 89.7272 67.634 64.5765 64.5007 85.9951
threshold=1550.0000000000002 9.5000000000000018 1.0000000180025095e-35 1.0000000180025095e-35 15.500000000000002 1700.0000000000002 9.5000000000000018 9.5000000000000018 7.5000000000000009 0.060661764705882359 1900.0000000000002 9.5000000000000018 6.5000000000000009 1100.0000000000002 5.900000000000003 0.58578431372549034 9.5000000000000018 9.5000000000000018 0.20714285714285716 6.5000000000000009 0.14835164835164838 51.500000000000007 13.500000000000002 2250.0000000000005 2350.0000000000005 14.500000000000002 0.46410256410256417 36.500000000000007 0.31009615384615391 5.5000000000000009 16.500000000000004 7.5000000000000009 1.0000000180025095e-35 13.500000000000002 9.5000000000000018 2100.0000000000005 115.50000000000001 3.5000000000000004 46.916666666666679 1300.0000000000002 14.500000000000002 5.5000000000000009 54.463333333333345 1450.0000000000002 1.0000000180025095e-35 53.002916666666671 48.558409090909102 50.316666666666677 27.500000000000004 1900.0000000000002 53.551851851851858 1.0000000180025095e-35 0.44097222222222227 1.0000000180025095e-35 0.35504201680672276 50.587013888888897 0.43303571428571436 0.37980769230769235 1.0000000180025095e-35 46.420882936507944 3.5000000000000004 8.5000000000000018
decision_type=2 2 2 2 2 2 2 2 2 2 2 2 2 2 2 2 2 2 2 2 2 2 2 2 2 2 2 2 2 2 2 2 2 2 2 2 2 2 2 2 2 2 2 2 2 2 2 2 2 2 2 2 2 2 2 2 2 2 2 2 2 2
left_child=2 7 6 4 11 33 8 9 22 25 17 18 13 -10 -4 43 20 51 -3 -12 -13 -22 39 47 34 60 40 37 30 -27 -6 -25 35 -5 53 -30 -34 -23 -39 -1 -7 -26 45 -15 46 -40 -14 56 -49 -18 -28 -11 -53 55 -55 58 57 -21 -20 -19 -2 -62
right_child=1 3 14 5 28 26 -8 -9 12 10 19 16 44 15 -16 -17 49 59 24 23 21 27 -24 31 41 29 50 -29 32 -31 -32 -33 36 -35 -36 -37 -38 38 42 -41 -42 -43 -44 -45 -46 -47 -48 48 -50 -51 -52 52 -54 54 -56 -57 -58 -59 -60 -61 61 -63
leaf_value=-0.05421885204459749 0.14081868274180695 -0.027817691009153017 0.1284796582814306 0.065005895305763603 -0.029669451020929397 0.18508000210178702 -0.19385702624050685 0.020509878428721873 -0.058081236535336006 0.080090185129083696 0.28440907966522944 0.11180464908279278 -0.11552805758758702 -0.18329270353668747 -0.0063036802438420983 -0.082643203414045283 -0.14054631128631256 0.064009082317352292 0.058448705441601904 0.18701504949042858 -0.085238334380657144 -0.015907111401685468 -0.11731413204650409 0.24318148312063848 0.073225133396961073 0.19854471385478975 0.018880903989904458 -0.068207171656515284 -0.060835291839697783 0.095154776783233669 0.029729686707648778 0.1145514344627207 -0.033741248822931585 -0.021855659266002476 -0.015198868091895499 0.019804718469580016 0.10823132621124387 0.01027219849313761 0.053027688742292169 0.041072011815679328 0.10986867452627176 0.19509100404102356 0.0075116588268429041 -0.094374111135091102 -0.11639423805103495 0.14463648029913506 -0.03005352646112442 0.11957117360658372 0.24450885711804682 -0.028823958314729461 0.11404889319525209 0.18940331639928953 0.071266648579727518 0.033205272054130382 0.21265556805513125 0.078244933766960095 0.050331290266834777 0.077947843176397413 -0.024055645454468002 -0.027243767520214651 0.28629965643088023 0.19391128503877647
leaf_weight=67 43 55 40 55 151 89 215 81 59 160 21 37 44 393 109 64 27 33 46 33 46 118 61 49 27 40 36 46 323 83 155 22 29 80 44 42 20 172 49 41 73 32 36 28 236 45 65 52 23 33 43 36 22 22 22 177 52 44 54 47 30 157
leaf_count=67 43 55 40 55 151 89 215 81 59 160 21 37 44 393 109 64 27 33 46 33 46 118 61 49 27 40 36 46 323 83 155 22 29 80 44 42 20 172 49 41 73 32 36 28 236 45 65 52 23 33 43 36 22 22 22 177 52 44 54 47 30 157
internal_value=0.00162454 0.053474 -0.115492 0.0195367 0.00595402 0.084849 -0.132508 0.125574 -0.120041 0.134561 0.111955 0.0259823 -0.132619 -0.153295 0.0298798 -0.164878 0.00262649 0.0739351 0.0556768 0.150231 0.0115582 0.00431387 -0.053875 0.139985 0.0665075 0.1726 0.124798 0.0131538 -0.0243109 0.128778 0.000418348 0.203324 -0.0425891 0.0135324 0.0547375 -0.0515562 0.0242067 0.0220648 0.0369014 -0.0180436 0.151188 0.139322 0.072134 -0.177379 -0.100017 0.096883 -0.064557 0.11794 0.157885 -0.079099 0.0706812 0.0972514 0.144593 0.0643238 0.12293 0.0550144 0.0947165 0.124691 0.0138964 0.010398 0.196036 0.208733
internal_weight=4634 3212 1422 2184 1808 376 1273 1028 1058 947 594 1088 889 544 149 485 609 298 479 296 549 512 169 275 424 353 241 466 720 123 306 71 414 135 365 365 49 420 302 108 162 59 130 421 345 94 109 204 75 60 79 218 58 321 44 277 129 77 100 80 230 187
internal_count=4634 3212 1422 2184 1808 376 1273 1028 1058 947 594 1088 889 544 149 485 609 298 479 296 549 512 169 275 424 353 241 466 720 123 306 71 414 135 365 365 49 420 302 108 162 59 130 421 345 94 109 204 75 60 79 218 58 321 44 277 129 77 100 80 230 187
is_linear=0
shrinkage=0.05


Tree=10
num_leaves=63
num_cat=0
split_feature=0 33 0 38 8 0 8 28 8 0 37 0 20 28 17 26 20 8 37 31 25 23 26 8 28 6 27 34 8 37 12 34 5 25 29 26 9 0 22 19 24 9 5 0 34 28 36 27 23 27 29 10 37 9 28 34 29 37 36 31 29 32
split_gain=10404.2 2573.84 790.323 562.327 479.665 459.34 346.92 265.895 251.5 242.73 232.744 220.96 194.078 184.439 183.958 183.55 180.537 154.817 152.903 172.012 152.531 219.181 150.351 146.513 137.951 140.277 135.331 132.815 132.29 117.891 115.129 113.226 108.842 102.556 101.659 99.3308 98.6177 97.7138 192.929 132.963 124.568 94.5089 92.0614 92.0549 89.7669 143.331 91.1187 87.6627 87.3313 86.4663 83.4129 81.7525 80.8164 78.7269 77.1038 76.0996 74.1271 74.1132 77.5639 73.1839 71.8535 73.1444
threshold=1450.0000000000002 10.500000000000002 1300.0000000000002 0.057189542483660136 14.500000000000002 2100.0000000000005 10.500000000000002 37.500000000000007 13.500000000000002 1100.0000000000002 1.9807142857142863 2100.0000000000005 1.0000000180025095e-35 12.500000000000002 1.0000000180025095e-35 1.0000000180025095e-35 1.0000000180025095e-35 12.500000000000002 3.3750000000000022 6.3454365079365127 1.0000000180025095e-35 1.0000000180025095e-35 1.0000000180025095e-35 11.500000000000002 17.500000000000004 0.42261904761904767 4.5000000000000009 93.500000000000014 9.5000000000000018 3.3414285714285725 0.080128205128205135 53.500000000000007 0.5590277777777779 1.0000000180025095e-35 53.355000000000011 1.0000000180025095e-35 0.095454545454545472 1700.0000000000002 1.0000000180025095e-35 1.0000000180025095e-35 1.0000000180025095e-35 0.12132352941176472 0.42261904761904767 1700.0000000000002 51.500000000000007 8.5000000000000018 -4.0000000000000009 2.5000000000000004 1.0000000180025095e-35 13.500000000000002 51.021111111111118 3.5000000000000004 3.9915476190476196 1.0000000180025095e-35 4.5000000000000009 128.50000000000003 47.79122448979593 4.9000000000000004 -1.5000000000000029 8.1050000000000022 53.040601851851854 0.48529411764705888
decision_type=2 2 2 2 2 2 2 2 2 2 2 2 2 2 2 2 2 2 2 2 2 2 2 2 2 2 2 2 2 2 2 2 2 2 2 2 2 2 2 2 2 2 2 2 2 2 2 2 2 2 2 2 2 2 2 2 2 2 2 2 2 2
left_child=2 3 9 12 7 8 36 14 22 -1 23 13 17 35 15 24 20 30 34 -20 21 32 26 -11 44 57 29 -15 -28 50 41 -16 51 53 -7 37 -4 38 40 -39 -6 -2 -21 54 45 46 -3 -13 52 -29 -5 -8 -45 -12 -31 -55 -54 58 -26 -58 -46 -62
right_child=1 4 6 5 11 18 16 -9 -10 10 33 47 -14 27 31 -17 -18 -19 19 42 -22 -23 -24 -25 25 -27 28 49 -30 43 -32 -33 -34 -35 -36 -37 -38 39 -40 -41 -42 -43 -44 48 60 -47 -48 -49 -50 -51 -52 -53 56 55 -56 -57 59 -59 -60 -61 61 -63
leaf_value=-0.046426162191681448 0.1774731195119561 0.13821554244274187 0.11400246048967044 0.090625773278796784 0.022078598554255171 0.15604762133024633 -0.064390363571389261 -0.098969499964047886 -0.014908065651442207 -0.04242529701572699 -0.13857201356493107 0.12607632863521576 0.27093780732923939 -0.10726062734906056 -0.1248005103658546 -0.023562298973111202 -0.15949194814752918 0.10770538662301728 0.17424356204542246 -0.0040074547526962835 -0.12783765857004456 -0.1227112697826615 -0.0067434594996113985 -0.1327649036239161 0.087845726126037985 -0.068264096142614597 0.084068435239791878 -0.025912493879764045 0.0073339068257779472 0.0030118924581952265 0.10184860808605499 0.0081068695096646326 0.052548557727835898 -0.088733573704957963 0.27017522417008877 -0.067956844197129315 -0.011253974835077923 0.034123081962981215 -0.14185469639798007 -0.061731441389946712 -0.11153643528620404 0.29231090801102771 0.12319511373341084 0.0057416865666364801 0.071183231356903853 -0.017772947125402946 0.055073483166850956 0.02484859598397806 0.16554095893117943 -0.13386012632399799 0.17127453120549521 0.017284467148905001 0.021324792131781581 -0.18817045587535999 0.11508670310888972 -0.13834514486958688 0.088817425807937986 -0.030853357166051865 0.010319457926715797 0.18555568433527292 0.16706932218124471 0.083571866634940983
leaf_weight=63 122 42 30 56 103 50 96 34 92 71 178 25 31 79 22 74 58 181 55 33 72 67 54 122 85 34 125 256 102 57 44 59 43 45 32 53 33 261 30 42 21 21 25 29 133 56 153 148 38 20 75 45 24 365 21 97 60 28 52 29 54 51
leaf_count=63 122 42 30 56 103 50 96 34 92 71 178 25 31 79 22 74 58 181 55 33 72 67 54 122 85 34 125 256 102 57 44 59 43 45 32 53 33 261 30 42 21 21 25 29 133 56 153 148 38 20 75 45 24 365 21 97 60 28 52 29 54 51
internal_value=-0.000418884 0.0482166 -0.115283 0.100924 0.0108945 0.0801338 -0.0602971 0.0381186 0.0626103 -0.141227 -0.14803 -0.0121069 0.15079 -0.0224237 0.0436477 0.0512629 -0.0782693 0.140669 0.14861 0.110894 -0.0636844 -0.0452818 0.0732547 -0.0995312 0.0593109 0.0242142 0.0802675 -0.0500969 0.0495886 0.0981701 0.172575 -0.0279914 -0.0170874 -0.161694 0.200585 -0.00316102 0.0483919 0.0043536 -0.0280767 0.0208363 -0.000549754 0.194337 0.0508212 0.0785563 0.0735936 0.0527331 0.072981 0.0394769 0.0982168 -0.0337348 0.136799 -0.0383239 0.0802005 -0.166824 0.0331859 -0.177709 0.0993093 0.0432703 0.0584197 0.120339 0.0955936 0.126513
internal_weight=4656 3271 1385 1356 1915 957 444 877 762 941 878 1038 399 865 843 762 381 368 195 113 323 251 670 193 688 199 616 355 227 389 187 81 184 685 82 510 63 457 154 303 124 143 58 258 489 251 195 173 180 276 131 141 142 640 78 462 113 165 137 89 238 105
internal_count=4656 3271 1385 1356 1915 957 444 877 762 941 878 1038 399 865 843 762 381 368 195 113 323 251 670 193 688 199 616 355 227 389 187 81 184 685 82 510 63 457 154 303 124 143 58 258 489 251 195 173 180 276 131 141 142 640 78 462 113 165 137 89 238 105
is_linear=0
shrinkage=0.05


Tree=11
num_leaves=63
num_cat=0
split_feature=0 8 38 0 38 35 8 0 8 0 26 37 28 0 26 27 34 28 8 34 20 20 36 36 27 28 5 34 32 31 11 7 35 0 37 9 5 7 0 22 24 32 36 30 38 7 9 32 30 22 35 37 8 37 35 30 36 11 36 30 35 27
split_gain=9392.32 1844.25 875.087 815.041 688.486 390.52 346.239 328.073 313.811 219.063 216.29 210.051 192.971 191.858 169.019 150.171 173.552 142.019 134.012 132.28 128.028 121.751 117.567 116.293 197.303 112.795 110.95 110.281 109.86 104.791 99.5648 97.5779 93.7184 92.7708 91.5415 90.1051 222.148 100.056 89.4571 141.047 150.604 100.042 118.753 89.9542 89.0002 88.6638 86.6968 82.0241 81.5225 95.821 87.9935 81.3248 79.9234 82.1405 77.8389 79.5729 77.1507 120.956 76.3914 76.1495 97.5886 108.276
threshold=1550.0000000000002 13.500000000000002 0.095454545454545472 1300.0000000000002 0.057189542483660136 0.06125529100529143 12.500000000000002 2100.0000000000005 8.5000000000000018 1100.0000000000002 1.0000000180025095e-35 1.9807142857142863 12.500000000000002 2350.0000000000005 1.0000000180025095e-35 4.5000000000000009 41.500000000000007 27.500000000000004 14.500000000000002 93.500000000000014 1.0000000180025095e-35 1.0000000180025095e-35 -1.4800000000000002 -2.4062500000000022 5.5000000000000009 37.500000000000007 0.51470588235294124 89.500000000000014 0.13809523809523813 8.9000000000000039 0.2817460317460318 1.0000000180025095e-35 0.51660714285714315 2100.0000000000005 4.3958730158730175 0.10555555555555557 0.32291666666666669 1.0000000180025095e-35 1700.0000000000002 1.0000000180025095e-35 1.0000000180025095e-35 0.24264705882352944 -3.0499999999999985 44.510000000000012 0.90454545454545465 1.0000000180025095e-35 0.12916666666666668 0.48529411764705888 51.416666666666679 1.0000000180025095e-35 -0.50433697089947072 4.5000000000000036 10.500000000000002 3.6000000000000072 0.90534027777777792 45.310000000000009 -1.8999999999999988 0.39444444444444454 -1.3999999999999975 55.225000000000009 -1.2816249999999996 3.5000000000000004
decision_type=2 2 2 2 2 2 2 2 2 2 2 2 2 2 2 2 2 2 2 2 2 2 2 2 2 2 2 2 2 2 2 2 2 2 2 2 2 2 2 2 2 2 2 2 2 2 2 2 2 2 2 2 2 2 2 2 2 2 2 2 2 2
left_child=3 2 30 9 -3 8 23 10 13 -1 12 18 27 56 15 16 35 33 -11 -14 22 32 48 -5 -25 26 -21 38 -9 -24 -2 51 45 44 -26 37 -37 -10 39 40 -6 42 -40 -44 -7 58 -12 -15 49 -17 -51 -13 -18 -54 55 -46 59 -58 -8 60 -4 -62
right_child=1 4 5 6 7 17 21 28 14 11 46 31 19 47 -16 20 52 -19 -20 25 -22 -23 29 24 34 -27 -28 -29 -30 -31 -32 -33 -34 -35 -36 36 -38 -39 41 -41 -42 -43 43 -45 54 -47 -48 -49 -50 50 -52 -53 53 -55 -56 -57 57 -59 -60 -61 61 -63
leaf_value=-0.044104855288825344 0.11162108466401698 0.10528561589626238 0.054383860323578115 -0.090406195012231683 0.022508753517435656 0.075227182869835263 -0.069713940508663655 0.1344183621081439 0.11956473397285337 -0.058363114023364193 -0.058728687623792353 -0.12885216119991882 -0.088402818070117684 0.29095976601044338 -0.0044256771426044511 0.065118792135637774 0.20546518184244633 -0.085185615186180397 -0.14251923140991166 0.017824062543931877 0.15204686806537213 -0.15085331068063779 -0.10474134907126427 0.090333550941431903 0.0090103048730540928 -0.077237495926745017 -0.05671863366450583 0.098803150202288775 0.036019195709377526 0.026880408258688065 0.1914258884401295 -0.18384888932365964 -0.099532693057485369 0.080087573418708202 -0.12375990989152341 0.14434777048882097 -0.019262798741396706 0.030679835947003312 0.084702262441597648 -0.095597190885063341 -0.10890692486069525 -0.0087692314308039799 0.074224227873815427 -0.021135441566039397 0.050801177003553938 -0.13590926893732766 -0.17038443202064152 0.15385688948445023 0.13068628124892712 -0.085959503190083941 0.058948925696313381 -0.17360318009774167 0.062417843553327745 0.18874432187188755 -0.084800679495801112 -0.017919925497143822 0.12484332305012327 -0.024524607282617822 0.0059785508656253422 0.22331416808068752 0.198022834057028 0.07644023243958753
leaf_weight=63 50 161 40 24 135 52 60 33 139 110 101 350 89 24 71 232 45 28 83 174 32 54 20 64 37 66 70 33 202 62 179 192 136 77 20 32 59 41 93 49 26 173 36 79 77 22 21 20 38 22 20 143 31 22 23 93 33 23 75 20 47 30
leaf_count=63 50 161 40 24 135 52 60 33 139 110 101 350 89 24 71 232 45 28 83 174 32 54 20 64 37 66 70 33 202 62 179 192 136 77 20 32 59 41 93 49 26 173 36 79 77 22 21 20 38 22 20 143 31 22 23 93 33 23 75 20 47 30
internal_value=-0.00039794 0.0469546 0.083157 -0.1069 0.00743965 0.0688395 -0.0547504 -0.00397571 0.0834412 -0.134166 -0.0150202 -0.140628 -0.00751563 0.134421 0.0694894 0.0760906 0.0994397 0.0228231 -0.0945546 -0.0346728 0.0558656 -0.0818645 0.048054 0.0101364 0.0300788 -0.0192471 -0.00356114 0.00984928 0.049837 -0.00522246 0.174001 -0.153609 -0.0691498 0.0322152 -0.0375757 0.0788192 0.0382706 0.0993187 0.00488231 -0.0213198 0.00128635 0.0193244 0.0426908 0.00871628 0.0171695 -0.0428309 -0.0779481 0.22864 0.0620561 0.0525381 -0.0169555 -0.141833 0.156462 0.114855 0.00152706 0.0132067 0.112941 0.0634958 -0.0276626 0.133153 0.11774 0.150653
internal_weight=4656 3223 1682 1433 1541 1453 492 1380 1103 941 1145 878 1023 237 866 795 369 350 193 399 426 347 394 145 121 310 244 624 235 82 229 685 293 322 57 271 91 180 591 210 161 381 208 115 245 157 122 44 312 274 42 493 98 53 193 170 193 56 135 137 117 77
internal_count=4656 3223 1682 1433 1541 1453 492 1380 1103 941 1145 878 1023 237 866 795 369 350 193 399 426 347 394 145 121 310 244 624 235 82 229 685 293 322 57 271 91 180 591 210 161 381 208 115 245 157 122 44 312 274 42 493 98 53 193 170 193 56 135 137 117 77
is_linear=0
shrinkage=0.05


Tree=12
num_leaves=63
num_cat=0
split_feature=0 33 21 2 21 38 0 8 0 20 0 21 20 0 28 8 0 2 2 2 8 8 2 34 28 5 28 2 34 33 32 0 28 36 34 28 6 33 29 3 5 37 31 36 37 11 36 2 2 33 36 11 34 32 3 36 27 3 8 4 32 10
split_gain=8480 2107.19 1073.45 472.046 421.042 398.489 397.75 313.961 261.395 284.339 257.405 220.828 220.415 194.072 188.936 178.895 177.032 167.725 136.5 224.676 139.928 133.8 132.231 132.108 219.478 123.662 122.813 121.33 118.116 141.697 114.033 113.591 112.127 97.2486 110.805 109.446 126.305 104.213 100.856 96.3364 94.3062 91.296 130.502 90.0191 101.627 101.923 149.691 93.9724 89.3788 148.351 80.7944 124.249 79.3436 78.2927 77.0858 74.8483 75.2386 74.8421 74.7998 73.2471 73.1158 72.6257
threshold=1450.0000000000002 10.500000000000002 1.0000000180025095e-35 9.5000000000000018 1.0000000180025095e-35 0.057189542483660136 2250.0000000000005 12.500000000000002 2100.0000000000005 1.0000000180025095e-35 1700.0000000000002 1.0000000180025095e-35 1.0000000180025095e-35 1700.0000000000002 12.500000000000002 12.500000000000002 1100.0000000000002 5.5000000000000009 6.5000000000000009 9.5000000000000018 11.500000000000002 12.500000000000002 9.5000000000000018 127.50000000000001 37.500000000000007 0.5590277777777779 3.5000000000000004 3.5000000000000004 44.500000000000007 13.500000000000002 0.89444444444444449 1700.0000000000002 61.500000000000007 -0.96333333333333215 93.500000000000014 36.500000000000007 0.39444444444444454 14.500000000000002 52.832559523809529 1.0000000180025095e-35 0.55050505050505061 3.3750000000000022 7.2708333333333401 -0.75000000000000022 2.249999999999996 0.39444444444444454 -2.5224999999999991 5.5000000000000009 6.5000000000000009 6.5000000000000009 -2.1928571428571395 0.43303571428571436 62.500000000000007 0.35504201680672276 1.5000000000000002 -3.8749999999999978 3.5000000000000004 1.5000000000000002 10.500000000000002 0.19375000000000003 0.68990384615384626 3.5000000000000004
decision_type=2 2 2 2 2 2 2 2 2 2 2 2 2 2 2 2 2 2 2 2 2 2 2 2 2 2 2 2 2 2 2 2 2 2 2 2 2 2 2 2 2 2 2 2 2 2 2 2 2 2 2 2 2 2 2 2 2 2 2 2 2 2
left_child=2 3 7 5 8 11 13 22 9 14 21 12 15 17 18 54 -9 -7 31 20 -20 -6 30 26 -25 -4 -18 -15 -11 -30 40 53 -26 34 37 36 60 38 -16 -28 48 -8 -43 44 47 -46 55 -29 52 -50 -12 -52 -1 -3 59 -47 -57 -5 -19 -2 -36 -62
right_child=1 4 25 57 10 6 41 16 -10 28 50 -13 -14 27 33 -17 23 58 19 -21 -22 -23 -24 24 32 -27 39 43 29 -31 -32 -33 -34 -35 35 -37 -38 -39 -40 -41 -42 42 -44 -45 45 46 -48 -49 49 -51 51 -53 -54 -55 -56 56 -58 -59 -60 -61 61 -63
leaf_value=-0.13139422013043939 0.13142964160233214 -0.13897631694421625 -0.0048911449740803165 0.01231017479157025 0.11284569894725627 0.090994712472375894 0.22127034217119218 -0.048115787046429305 0.041576081740713082 -0.014295846436704909 0.1284125386604241 0.22064028517024159 0.25014065806904145 0.020464348143926173 -0.080571582723171165 0.068226913938823561 -0.10967550366938882 0.020986831561617909 0.14534369975328446 -0.046978050034047793 0.030755248988837691 -0.02517359072553936 -0.15141468910127878 -0.046524654897964667 -0.12627076935182271 0.097895668484270573 -0.12621687963142877 0.23301479940613112 0.18608796934668836 0.050863082449589127 -0.1693790419087948 -0.0098304751501124988 -0.24491214628020921 -0.10457081734642107 -0.0070137392719582907 -0.068263250111636739 -0.068650882064618848 -0.12112243682840618 0.03346911103210666 -0.17650243302725338 -0.00017898312902876311 0.18717507189789484 0.051298238933086396 -0.010978282839059831 0.11057873119851708 0.038394143367591116 0.018668392345760811 0.11096565371946149 0.062920053844788562 -0.077849812640762725 0.017678714383562857 0.14159235276747495 -0.027817419648170472 -0.021670997411012652 0.082456799523171156 0.20174812485596966 0.078186083881353785 -0.086304258068020528 -0.05667229022576728 0.21479442727809051 0.087791679125006822 -0.017045890477796397
leaf_weight=71 57 33 109 74 22 72 46 56 302 42 105 73 31 66 47 134 136 105 30 92 238 87 50 90 117 40 129 24 26 76 23 222 24 53 123 81 55 59 33 364 63 43 30 20 211 23 99 46 27 61 55 32 25 25 33 28 22 26 44 49 53 24
leaf_count=71 57 33 109 74 22 72 46 56 302 42 105 73 31 66 47 134 136 105 30 92 238 87 50 90 117 40 129 24 26 76 23 222 24 53 123 81 55 59 33 364 63 43 30 20 211 23 99 46 27 61 55 32 25 25 33 28 22 26 44 49 53 24
internal_value=-0.000378043 0.0435302 -0.104078 0.0912211 0.00976054 0.0995452 0.081101 -0.119361 -0.000364103 -0.010018 0.0640502 0.142549 0.123797 0.067792 -0.018191 0.10945 -0.134255 0.0283333 7.45637e-05 0.0204391 0.0435823 0.00268351 -0.0767255 -0.139865 -0.107527 0.0227026 -0.15174 0.0839708 0.056274 0.0853322 -0.0628941 -0.0261084 -0.146465 -0.0403311 -0.0331633 -0.0176308 -0.00154757 -0.0707094 -0.0335298 -0.163345 -0.0529785 0.1661 0.131335 0.0928321 0.0974154 0.0872908 0.0587225 0.152811 -0.0710566 -0.0346591 0.0988885 0.0632561 -0.104421 -0.0884137 0.149191 0.113043 0.147381 -0.0133296 -0.00194606 0.169966 0.0169058 0.055115
internal_weight=4656 3271 1385 1356 1915 1256 879 1236 1614 1312 301 377 304 760 1168 273 916 221 640 360 268 109 320 860 231 149 629 539 144 102 270 280 141 528 475 336 255 139 80 493 247 119 73 473 453 383 172 70 184 88 192 87 96 58 139 73 50 100 149 106 200 77
internal_count=4656 3271 1385 1356 1915 1256 879 1236 1614 1312 301 377 304 760 1168 273 916 221 640 360 268 109 320 860 231 149 629 539 144 102 270 280 141 528 475 336 255 139 80 493 247 119 73 473 453 383 172 70 184 88 192 87 96 58 139 73 50 100 149 106 200 77
is_linear=0
shrinkage=0.05


Tree=13
num_leaves=63
num_cat=0
split_feature=13 33 21 8 21 35 24 21 8 2 33 35 20 31 36 28 28 34 6 16 16 2 5 22 2 37 8 23 36 2 25 33 37 28 11 34 34 28 28 14 29 8 31 31 34 35 30 37 11 31 6 11 11 31 11 3 5 2 31 30 30 31
split_gain=7653.2 1909.9 968.786 653.255 377.837 330.4 310.921 236.68 232.462 223.762 206.609 180.68 221 174.358 167.212 151.206 136.139 136.548 130.51 121.377 117.049 114.293 111.605 110.492 124.853 106.404 104.818 103.161 101.587 140.478 99.6566 99.4765 95.13 91.0704 91.6947 90.4957 89.471 94.6209 89.259 87.4383 84.5705 82.229 79.0174 84.7348 77.4311 76.6575 74.498 91.9962 72.7642 72.4483 69.4693 96.078 84.4601 83.2295 78.2915 67.7119 81.0895 72.5918 64.8527 66.3664 66.9948 64.4257
threshold=1.0000000180025095e-35 8.5000000000000018 1.0000000180025095e-35 14.500000000000002 1.0000000180025095e-35 0.06125529100529143 1.0000000180025095e-35 1.0000000180025095e-35 13.500000000000002 9.5000000000000018 12.500000000000002 0.55428323412698421 1.0000000180025095e-35 4.5099999999999989 -1.7000000000000017 27.500000000000004 15.500000000000002 51.500000000000007 0.42261904761904767 1.0000000180025095e-35 1.0000000180025095e-35 9.5000000000000018 0.5590277777777779 1.0000000180025095e-35 3.5000000000000004 4.0000000000000062 11.500000000000002 1.0000000180025095e-35 -1.4999999999999991 3.5000000000000004 1.0000000180025095e-35 6.5000000000000009 3.7499999999999987 9.5000000000000018 0.19375000000000003 127.50000000000001 83.500000000000014 63.500000000000007 13.500000000000002 1.0000000180025095e-35 54.133666666666677 11.500000000000002 8.9000000000000039 13.208333333333334 70.500000000000014 0.16664062499999957 47.705000000000005 3.028174603174604 0.55050505050505061 6.5125000000000002 0.36038961038961043 0.32291666666666669 0.55050505050505061 4.7083333333333366 0.26969696969696971 1.5000000000000002 0.59411764705882364 5.5000000000000009 7.7124999999999995 46.916666666666679 44.815000000000005 10.245000000000003
decision_type=2 2 2 2 2 2 2 2 2 2 2 2 2 2 2 2 2 2 2 2 2 2 2 2 2 2 2 2 2 2 2 2 2 2 2 2 2 2 2 2 2 2 2 2 2 2 2 2 2 2 2 2 2 2 2 2 2 2 2 2 2 2
left_child=1 4 6 5 8 9 10 15 11 16 18 12 20 -5 -10 30 17 33 27 21 31 23 45 24 -15 61 -8 48 29 -18 50 55 39 34 -3 -28 -12 -38 49 -6 -27 -20 -30 -44 -31 -4 -40 -48 -2 -26 51 54 -53 -52 -7 56 57 -1 -33 60 -60 -19
right_child=2 3 22 13 32 7 26 -9 14 -11 36 -13 -14 19 -16 -17 28 25 41 -21 -22 -23 -24 -25 38 40 35 -29 42 44 -32 58 -34 -35 -36 -37 37 -39 46 -41 -42 -43 43 -45 -46 -47 47 -49 -50 -51 53 52 -54 -55 -56 -57 -58 -59 59 -61 -62 -63
leaf_value=0.084256532968896819 -0.13639365948522775 -0.019250309478957207 0.048313282496695011 0.040830051628351738 0.25684676873378265 0.0038023419082164767 0.048284666346652169 0.12703420923036687 -0.071089828972305577 -0.021852774923900142 -0.15755747802069653 0.0025790350903805936 0.24276482994901016 -0.049624672285946358 0.061741271038545757 -0.1097651731967926 -0.031712243103079109 0.11903564253496746 -0.013119997109893259 0.035974684958953576 0.19698584459044718 -0.081762108074713361 0.0930008838698268 -0.054952811356633907 -0.038084494912376005 0.11894484068882667 -0.10633089558458796 -0.038063076278194788 -0.09511325515451885 -0.01658282406628132 0.074605641055565622 0.040494527573712968 0.10339304440327593 -0.0085610317658971671 0.074970164527577987 -0.0051524832749213932 -0.11453260202027707 -0.21007338544087753 -0.0044683735215893163 0.1670628694158173 0.22718193932221487 -0.092349969976796564 0.05642663544520389 -0.068145816735923292 0.088686484240494898 -0.037845311764238491 -0.15893675491213799 -0.013738745513061682 -0.062785575082525621 0.033305068854386194 0.037620303877021956 -0.041176306848125212 0.057353155109389077 -0.071634445702592434 0.12893550680950283 0.069124517254531379 0.05694899235719017 0.16830331190200201 0.12462655111216009 0.15149690450446027 -0.0032402809088428819 0.051246521916664858
leaf_weight=33 209 28 42 143 39 25 28 34 28 83 322 38 32 140 154 35 38 63 66 92 33 79 40 163 42 59 51 40 21 20 39 89 37 44 332 39 348 28 130 89 26 65 43 20 138 67 20 24 40 231 23 87 29 72 25 50 28 116 20 37 21 79
leaf_count=33 209 28 42 143 39 25 28 34 28 83 322 38 32 140 154 35 38 63 66 92 33 79 40 163 42 59 51 40 21 20 39 89 37 44 332 39 348 28 130 89 26 65 43 20 138 67 20 24 40 231 23 87 29 72 25 50 28 116 20 37 21 79
internal_value=-0.000359141 0.0413537 -0.0988737 0.0188232 0.106142 0.0417423 -0.113393 0.00133859 0.0896509 0.0567413 -0.12154 0.107355 0.116029 -0.0105367 0.0413057 -0.0114186 0.0639019 0.0767775 -0.0938307 -0.0185122 0.106531 -0.024559 0.0215675 -0.0185336 -0.00842059 0.107807 -0.0362021 -0.112596 0.0348859 0.0546021 5.51864e-05 0.0989552 0.174007 0.0593426 0.0676419 -0.0624869 -0.138213 -0.121647 0.00448449 0.194419 0.152053 -0.0524326 -0.0111184 0.0168798 0.0753613 -0.00464659 -0.023502 -0.0797378 -0.124569 0.0223221 -0.0110845 0.00842981 -0.0165439 -0.0451833 0.0663689 0.120504 0.135018 0.149689 0.069664 0.102947 0.0591338 0.081322
internal_weight=4656 3271 1385 2427 844 1363 1236 369 679 994 1118 497 459 1064 182 335 911 631 420 921 427 829 149 750 587 227 118 289 280 196 300 394 165 404 360 90 698 376 447 128 85 131 84 63 158 109 174 44 249 273 261 166 116 95 50 227 177 149 167 78 41 142
internal_count=4656 3271 1385 2427 844 1363 1236 369 679 994 1118 497 459 1064 182 335 911 631 420 921 427 829 149 750 587 227 118 289 280 196 300 394 165 404 360 90 698 376 447 128 85 131 84 63 158 109 174 44 249 273 261 166 116 95 50 227 177 149 167 78 41 142
is_linear=0
shrinkage=0.05


Tree=14
num_leaves=63
num_cat=0
split_feature=0 33 21 33 21 21 33 2 2 0 2 2 0 0 24 2 28 2 0 38 28 36 34 12 30 30 30 34 7 5 28 0 6 34 32 36 0 15 2 6 28 37 0 12 37 34 32 28 4 2 37 34 33 34 0 0 7 5 30 37 11 29
split_gain=6915.45 1694.33 837.609 573.925 330.895 290.619 267.098 203.291 200.816 198.142 198.949 251.381 166.851 160.053 170.689 156.527 149.686 175.715 169.218 160.783 132.314 121.377 155.45 119.758 112.063 110.955 118.774 108.262 101.931 100.723 98.5103 112.546 99.5415 97.6954 97.9695 110.487 97.3138 96.1954 95.5913 92.5357 92.0078 90.1928 134.847 90.1818 112.172 87.5232 87.1197 86.4902 86.2496 90.3563 85.8548 83.6664 81.5151 80.644 78.913 77.5096 76.3616 71.1103 69.835 67.1114 65.8221 76.4798
threshold=1550.0000000000002 8.5000000000000018 1.0000000180025095e-35 13.500000000000002 1.0000000180025095e-35 1.0000000180025095e-35 12.500000000000002 9.5000000000000018 9.5000000000000018 1700.0000000000002 8.5000000000000018 5.5000000000000009 2100.0000000000005 1100.0000000000002 1.0000000180025095e-35 9.5000000000000018 15.500000000000002 6.5000000000000009 1700.0000000000002 0.76696832579185525 12.500000000000002 -1.4800000000000002 80.500000000000014 0.06458333333333334 40.616666666666674 51.416666666666679 40.225000000000009 93.500000000000014 1.0000000180025095e-35 0.5590277777777779 1.5000000000000002 2100.0000000000005 0.41421568627450983 68.500000000000014 0.24264705882352944 -2.8416666666666655 1300.0000000000002 1.0000000180025095e-35 6.5000000000000009 0.12916666666666668 4.5000000000000009 4.350000000000005 1700.0000000000002 0.060661764705882359 3.4000000000000004 127.50000000000001 0.22649572649572652 51.500000000000007 0.19375000000000003 5.5000000000000009 3.7499999999999987 53.500000000000007 9.5000000000000018 90.500000000000014 1900.0000000000002 1900.0000000000002 1.5000000000000002 0.58578431372549034 48.908333333333339 6.6999999999999975 0.34313725490196084 50.518376623376632
decision_type=2 2 2 2 2 2 2 2 2 2 2 2 2 2 2 2 2 2 2 2 2 2 2 2 2 2 2 2 2 2 2 2 2 2 2 2 2 2 2 2 2 2 2 2 2 2 2 2 2 2 2 2 2 2 2 2 2 2 2 2 2 2
left_child=2 4 6 5 8 7 15 16 9 10 11 -2 20 -8 28 24 17 19 39 -3 33 22 -18 41 -1 26 -21 -22 -15 -4 32 -32 38 34 35 -5 -26 -34 -11 -19 -41 55 -43 44 -13 -16 -27 -29 -23 -50 54 -28 -38 -24 -6 -7 -14 -30 -9 -36 -20 -62
right_child=1 3 29 12 50 23 13 58 -10 30 -12 43 56 14 45 -17 21 18 60 25 27 48 53 -25 36 46 51 47 57 -31 31 -33 37 -35 59 -37 52 -39 -40 40 -42 42 -44 -45 -46 -47 -48 -49 49 -51 -52 -53 -54 -55 -56 -57 -58 -59 -60 -61 61 -63
leaf_value=-0.03409184970986591 0.18105136570723163 -0.083081130154671223 -0.0044142586461037676 0.04803111313283856 0.15870972659338786 0.036677841243206291 -0.039462255922801517 -0.058669284193848197 -0.00026779948489465675 0.082983055806375661 0.1620651031022563 0.055874718975275753 0.043429655446864973 -0.1245267871612062 -0.11464907943325885 -0.13431206747899643 -0.063783363180775807 -0.074172212979756291 0.12948909671098557 0.12650013842309515 -0.083801126917419227 -0.078440650048044833 0.13444472913598191 0.025346974816684631 -0.11395570312585149 0.032907159167986651 -0.018921228132114332 -0.015911499451195989 -0.18166691351516714 0.088350840583443654 0.057834616678360956 0.14683886972420357 0.27315755279167842 0.045426937210988436 -0.015480216432500769 -0.02533714162344311 0.019743146482975253 0.12854755767013715 0.15236191873152097 -0.002794937492303905 0.10784831453553018 0.054733023590121714 0.19140744804388893 -0.066872368050473072 -0.072522703490474003 -0.00489485885661382 0.15795465600987277 -0.11431372947990895 0.095253181383013738 -0.038681074188036083 0.098223390329528509 0.045942951708860785 -0.085156640380054063 0.038437717906042432 0.24400443037350975 0.1267088051347269 -0.056994247862270898 -0.096360783779929432 0.02809954413749052 -0.079788354694329461 0.011946542095392943 0.099706263965724615
leaf_weight=189 23 31 109 113 89 51 54 78 61 95 34 75 192 486 34 92 31 20 106 24 92 54 29 51 129 26 116 321 155 40 117 51 23 103 135 94 31 23 104 42 34 26 59 35 22 39 30 24 20 34 37 87 46 89 39 45 21 29 33 58 34 92
leaf_count=189 23 31 109 113 89 51 54 78 61 95 34 75 192 486 34 92 31 20 106 24 92 54 29 51 129 26 116 321 155 40 117 51 23 103 135 94 31 23 104 42 34 26 59 35 22 39 30 24 20 34 37 87 46 89 39 45 21 29 33 58 34 92
internal_value=-0.000341184 0.0402907 -0.0917274 0.0189749 0.101947 0.0425579 -0.104749 0.030966 0.0861784 0.094938 0.0525342 0.0285081 -0.00642842 -0.122576 -0.128616 -0.075576 0.0388483 0.0517569 0.0773507 0.0250219 -0.0154825 0.00660187 0.0358562 0.0930227 -0.0618957 0.0368636 0.0213136 -0.0356083 -0.136527 0.0204891 0.114343 0.0848538 0.134564 0.00200248 -0.00917932 0.0147141 -0.0874051 0.200853 0.119241 0.0215209 0.0467034 0.112092 0.149601 0.00192857 0.0267537 -0.0560133 0.0998969 -0.0227569 -0.0337582 0.0109242 0.165307 0.00887771 -0.0429243 0.0620327 0.184698 0.0788799 0.0335287 -0.168222 -0.0328731 -0.034806 0.100453 0.0760251
internal_weight=4656 3223 1433 2395 828 1242 1284 1010 663 602 189 155 1153 797 743 487 899 642 328 314 940 257 149 232 395 283 227 437 670 149 413 168 245 503 400 207 206 46 199 96 76 181 85 132 97 73 56 345 108 54 165 203 77 118 128 96 213 184 111 193 232 126
internal_count=4656 3223 1433 2395 828 1242 1284 1010 663 602 189 155 1153 797 743 487 899 642 328 314 940 257 149 232 395 283 227 437 670 149 413 168 245 503 400 207 206 46 199 96 76 181 85 132 97 73 56 345 108 54 165 203 77 118 128 96 213 184 111 193 232 126
is_linear=0
shrinkage=0.05


Tree=15
num_leaves=63
num_cat=0
split_feature=13 33 21 21 24 33 21 8 33 8 8 35 7 37 38 28 34 34 29 8 28 35 29 7 9 37 31 2 11 9 5 28 28 30 16 2 34 9 4 9 31 6 8 9 34 11 31 30 28 36 8 8 5 34 38 2 8 14 37 36 31 34
split_gain=5895.57 1544.6 796.318 468.497 378.898 351.05 334.243 219.438 200.309 169.728 144.858 180.319 123.449 120.327 116.479 114.556 114.207 112.272 140.658 110.992 184.599 106.121 105.878 196.055 98.9029 121.11 112.531 98.3695 97.1485 96.5013 96.3515 92.7235 92.1727 94.3434 90.1809 89.6661 95.5215 86.2851 83.7998 83.6011 80.9794 80.3476 75.4936 72.8244 70.8696 64.4887 63.5796 99.6646 82.2341 76.7121 67.5441 63.4296 62.6502 70.1931 73.3287 62.3334 62.8169 118.235 61.0179 60.3455 60.2516 68.9265
threshold=1.0000000180025095e-35 11.500000000000002 1.0000000180025095e-35 1.0000000180025095e-35 1.0000000180025095e-35 6.5000000000000009 1.0000000180025095e-35 13.500000000000002 12.500000000000002 10.500000000000002 15.500000000000002 0.069740034271284293 1.0000000180025095e-35 3.2900000000000005 0.057189542483660136 28.500000000000004 11.500000000000002 90.500000000000014 53.002916666666671 13.500000000000002 12.500000000000002 0.21721354166666607 51.28215201465202 1.0000000180025095e-35 0.057189542483660136 4.825000000000002 9.0541666666666689 9.5000000000000018 0.28991596638655465 0.080128205128205135 0.5590277777777779 16.500000000000004 3.5000000000000004 48.953571428571436 1.0000000180025095e-35 9.5000000000000018 134.50000000000003 0.12132352941176472 1.0000000180025095e-35 0.17156862745098042 8.0999999999999996 0.19375000000000003 12.500000000000002 0.20714285714285716 132.50000000000003 0.38675213675213682 6.8099999999999996 50.583333333333336 3.5000000000000004 -2.0000000000000022 10.500000000000002 17.500000000000004 0.62019230769230782 41.500000000000007 0.93541666666666679 9.5000000000000018 8.5000000000000018 1.0000000180025095e-35 3.5905555555555551 -3.6166666666666658 13.6 52.500000000000007
decision_type=2 2 2 2 2 2 2 2 2 2 2 2 2 2 2 2 2 2 2 2 2 2 2 2 2 2 2 2 2 2 2 2 2 2 2 2 2 2 2 2 2 2 2 2 2 2 2 2 2 2 2 2 2 2 2 2 2 2 2 2 2 2
left_child=1 3 4 5 8 7 10 55 27 -4 11 -3 16 42 -9 -13 41 34 -19 -8 -21 22 28 29 26 31 -14 38 -5 -24 -11 58 51 39 46 36 52 -36 -2 -34 -31 -7 -6 -40 -35 -22 -18 48 -48 -50 60 59 53 -10 -55 56 57 -1 -26 -12 61 -51
right_child=2 6 9 21 13 12 19 14 35 30 32 15 24 -15 -16 -17 17 18 -20 20 45 -23 23 -25 25 -27 -28 -29 -30 40 -32 -33 33 44 37 -37 -38 -39 43 -41 -42 -43 -44 -45 -46 -47 47 -49 49 50 -52 -53 -54 54 -56 -57 -58 -59 -60 -61 -62 -63
leaf_value=0.23233320101311336 -0.01267395096848596 0.026222952601176092 0.14561474254975718 0.091682291063754001 0.11347907483577729 0.045305591821670536 0.10665005480146245 0.066796277849140842 -0.1768474988684785 -0.026769824024161389 0.060423994335261258 -0.012284847712402958 0.11014396777519814 -0.066482207848358968 -0.051124173283576969 -0.10750113202359629 0.032188226365484296 -0.064369989868719141 0.086814998090267187 0.069562004891816867 -0.073037634153918521 0.031381293060258032 0.17781328198584645 -0.037248698231719793 0.0086237639915652392 -0.080599993965405903 -0.017482658067057212 -0.13176824586626926 0.18904023545865831 0.14304376961663365 0.078467468602647042 -0.070415337254171789 -0.033762007882478746 -0.0088745654303708978 0.072172284788555571 -0.16178742880132838 -0.083288495891437636 0.19456528648734095 -0.089193231438511156 -0.098684087008587093 0.040483661325505155 -0.072674257127988737 -0.0060032956875287575 0.0019411965118100246 0.095505412667989731 0.033077903417870404 0.1395848855890077 0.1550683063124457 0.01484210536936703 0.0068808216601610184 0.13265567326711283 0.071185876167303805 -0.069343103879155252 -0.036751362105662176 -0.13161667849766939 0.061339436154812577 0.11348097538444357 0.10840664043998681 0.10773179316520692 -0.038361972695789663 0.0051017163880169398 0.11923365054955318
leaf_weight=38 53 466 24 34 20 27 72 129 82 87 22 216 39 59 25 37 175 40 25 121 41 28 55 21 41 51 31 81 104 38 29 23 433 87 36 142 151 24 253 56 39 31 39 24 20 22 29 31 92 20 36 37 39 22 275 35 142 39 25 52 40 43
leaf_count=38 53 466 24 34 20 27 72 129 82 87 22 216 39 59 25 37 175 40 25 121 41 28 55 21 41 51 31 81 104 38 29 23 433 87 36 142 151 24 253 56 39 31 39 24 20 22 29 31 92 20 36 37 39 22 275 35 142 39 25 52 40 43
internal_value=-0.00179949 0.0347935 -0.088456 0.0701931 -0.101218 0.0565574 0.00141436 0.0947459 -0.110181 0.024581 -0.00802947 0.00777306 0.038419 -0.0159915 0.0476533 -0.0262098 0.0492011 0.0557719 -0.00622192 0.0540194 0.0334249 0.124351 0.133297 0.104654 0.005097 -0.0191663 0.0536236 -0.0823948 0.165053 0.127229 -0.000460501 0.0160373 -0.0241002 -0.0318913 0.0634327 -0.126244 -0.117374 0.121129 -0.0702758 -0.0411968 0.0910977 -0.0177526 0.0344992 -0.0812971 0.0106357 -0.0359814 0.0560039 0.0703261 0.0602222 0.0502589 0.0737003 0.0177332 -0.129687 -0.135896 -0.12459 0.123298 0.1332 0.169565 0.0461647 -0.00899317 0.0530945 0.0835661
internal_weight=4648 3268 1380 1586 1240 1267 1682 408 1122 140 1426 719 859 118 154 253 649 591 65 256 184 319 291 153 210 140 70 411 138 132 116 89 707 596 526 711 569 60 330 489 77 58 59 277 107 63 466 291 260 231 139 111 418 379 297 254 219 77 66 74 103 63
internal_count=4648 3268 1380 1586 1240 1267 1682 408 1122 140 1426 719 859 118 154 253 649 591 65 256 184 319 291 153 210 140 70 411 138 132 116 89 707 596 526 711 569 60 330 489 77 58 59 277 107 63 466 291 260 231 139 111 418 379 297 254 219 77 66 74 103 63
is_linear=0
shrinkage=0.05


Tree=16
num_leaves=63
num_cat=0
split_feature=0 33 21 8 21 24 33 28 2 0 2 2 35 35 0 2 7 8 5 28 37 2 4 37 8 36 29 36 28 4 2 22 9 31 3 37 25 5 11 0 4 5 0 2 36 21 31 8 31 28 28 2 36 27 4 11 29 36 8 0 24 27
split_gain=5407.02 1360.46 694.622 564.853 366.734 321.671 225.76 223.953 206.325 202.674 213.755 206.04 198.465 191.549 185.86 180.521 153.218 153.18 135.971 125.284 108.596 105.853 100.455 98.1532 108.917 98.6967 96.1109 97.5122 94.4286 93.9612 93.8969 93.6467 94.2955 91.4053 91.019 90.8823 90.2668 86.9572 86.7911 84.0515 82.5408 82.4398 82.3191 84.8604 80.3805 79.3296 79.2467 139.009 116.661 75.6462 73.7209 88.7788 73.7686 71.5044 70.9989 70.3983 69.2808 68.5394 68.133 67.783 87.155 70.9964
threshold=1550.0000000000002 8.5000000000000018 1.0000000180025095e-35 14.500000000000002 1.0000000180025095e-35 1.0000000180025095e-35 10.500000000000002 4.5000000000000009 5.5000000000000009 1700.0000000000002 8.5000000000000018 9.5000000000000018 0.23775669642857117 0.06125529100529143 1100.0000000000002 3.5000000000000004 1.0000000180025095e-35 10.500000000000002 0.30384615384615393 28.500000000000004 3.2900000000000005 3.5000000000000004 0.060661764705882359 2.5833333333333361 10.500000000000002 -1.4414285714285713 53.685277777777792 -3.0999999999999992 61.500000000000007 0.2817460317460318 9.5000000000000018 1.0000000180025095e-35 0.12132352941176472 17.700000000000003 1.5000000000000002 3.4000000000000004 1.0000000180025095e-35 0.5590277777777779 0.43303571428571436 1900.0000000000002 0.11437908496732027 0.62019230769230782 2100.0000000000005 5.5000000000000009 -1.6527777777777779 1.0000000180025095e-35 1.0083333333333295 8.5000000000000018 4.7083333333333366 4.5000000000000009 15.500000000000002 6.5000000000000009 -1.6633333333333338 4.5000000000000009 0.30384615384615393 0.55050505050505061 54.00138888888889 -2.2000000000000015 12.500000000000002 1900.0000000000002 1.0000000180025095e-35 3.5000000000000004
decision_type=2 2 2 2 2 2 2 2 2 2 2 2 2 2 2 2 2 2 2 2 2 2 2 2 2 2 2 2 2 2 2 2 2 2 2 2 2 2 2 2 2 2 2 2 2 2 2 2 2 2 2 2 2 2 2 2 2 2 2 2 2 2
left_child=2 8 5 4 13 6 30 45 12 10 34 22 15 21 -8 -2 33 -4 39 36 58 -3 -11 24 -23 56 27 -9 41 40 55 32 -29 44 35 -10 -15 -19 -28 -17 -20 -16 43 49 54 -5 47 -24 -48 -25 51 53 -52 -45 -6 -1 -26 -53 -7 -50 61 -61
right_child=1 3 17 7 16 20 14 26 9 11 -12 -13 -14 19 28 18 -18 37 29 -21 -22 23 46 42 25 -27 38 31 -30 -31 -32 -33 -34 -35 -36 -37 -38 -39 -40 -41 -42 -43 -44 50 -46 -47 48 -49 59 -51 52 57 -54 -55 -56 -57 -58 -59 -60 60 -62 -63
leaf_value=-0.062708078721637084 0.070678070457341771 -0.0041701941296458248 0.13833400439471008 0.013451872903243761 0.15441702647277944 0.10780511982738972 -0.029087604107014067 -0.090663698174879515 0.051917812233847199 0.016279498344430557 0.14594248451035599 0.0097686799843945821 -0.023181719572416375 -0.0098535731800835705 -0.12426398515290256 0.012662472877474058 -0.004138502623471949 -0.025431333127566721 0.21614766441858732 -0.10941150012825217 -0.063158098401470214 0.13854385258460586 0.22160346577080287 0.021509979655966165 0.15289860516786577 -0.032715465930792005 0.034935333075668283 -0.0045647026898724772 -0.2155306162742468 0.27797279617060788 -0.11765136641358408 -0.074622125799457234 -0.054060995470578403 0.015154477305865536 -0.070532223693019633 -0.067505087951819101 0.072091557945196449 0.074544093590872038 -0.044090508698832756 0.1510176535776776 0.13371559362061169 -0.070612881126871793 0.07418349612822854 0.025502387154847386 0.063227464547570875 0.079002781944542105 -0.021838958375155926 0.11386775587903555 0.036298321641009788 0.15446929581787275 0.011963792427929797 0.027779384680240361 -0.085506703605254489 -0.078749312331964236 0.065781511659068731 0.015470860808184654 0.027416961504654454 0.089186930266710429 -0.0057031315393172785 0.16494711353665306 0.21269232841829458 0.042367821297159908
leaf_weight=226 75 125 24 226 117 20 58 67 66 26 29 62 21 243 682 21 36 87 52 28 59 55 41 20 22 26 109 348 26 23 71 87 133 24 37 21 39 29 51 23 73 80 114 38 49 58 20 111 23 23 55 151 30 29 28 33 22 65 39 21 24 27
leaf_count=226 75 125 24 226 117 20 58 67 66 26 29 62 21 243 682 21 36 87 52 28 59 55 41 20 22 26 109 348 26 23 71 87 133 24 37 21 39 29 51 23 73 80 114 38 49 58 20 111 23 23 55 151 30 29 28 33 22 65 39 21 24 27
internal_value=-0.00170952 0.0343125 -0.082445 0.0156478 0.0373413 -0.0938913 -0.101788 -0.011273 0.0910098 0.0718427 0.023736 0.0925761 0.124818 0.0246807 -0.11547 0.136459 0.0914234 0.0233519 0.162154 -0.00853668 -0.0151919 0.0379676 0.110098 0.046071 0.08589 0.0445191 -0.0248879 -0.0336145 -0.121829 0.185097 -0.0667113 -0.0268851 -0.0182508 0.107204 -0.00484454 0.0230916 0.00147926 -0.000437476 0.00974585 0.0849845 0.168007 -0.118631 0.0365903 0.026163 0.118592 0.026839 0.119234 0.142928 0.0879176 0.0926278 0.0183968 0.0306615 -0.0224376 -0.0196215 0.137301 -0.0527471 0.0901578 0.0462585 0.0327742 0.111024 0.134895 0.0959963
internal_weight=4648 3214 1434 2418 1339 1294 1176 1079 796 508 153 355 288 1085 846 267 254 140 192 310 118 775 293 650 125 70 795 635 788 148 330 568 481 218 124 87 282 116 160 44 125 762 525 411 194 284 267 152 115 43 368 283 85 67 145 259 44 216 59 95 72 48
internal_count=4648 3214 1434 2418 1339 1294 1176 1079 796 508 153 355 288 1085 846 267 254 140 192 310 118 775 293 650 125 70 795 635 788 148 330 568 481 218 124 87 282 116 160 44 125 762 525 411 194 284 267 152 115 43 368 283 85 67 145 259 44 216 59 95 72 48
is_linear=0
shrinkage=0.05


Tree=17
num_leaves=63
num_cat=0
split_feature=0 33 21 8 21 24 33 28 2 0 2 2 35 35 2 0 30 7 8 36 28 2 37 2 30 4 28 37 8 12 31 36 6 37 28 5 36 4 28 8 34 36 37 37 9 36 31 28 34 11 11 33 9 29 36 37 33 11 0 11 9 5
split_gain=4879.83 1227.82 626.896 509.78 330.977 290.308 205.041 202.118 186.209 182.914 192.914 185.951 179.115 172.873 162.92 146.793 138.939 138.279 138.245 130.887 113.069 98.1556 98.0075 95.5321 93.4231 90.6605 88.8731 120.601 87.9818 84.8404 82.4933 80.4983 80.3812 79.0635 78.7311 78.4789 72.5434 71.7794 71.6825 116.393 73.6418 102.63 71.662 110.397 73.1278 82.8213 79.5087 71.53 109.331 68.1415 94.5541 81.085 66.641 65.7007 67.9244 100.298 85.1277 72.1669 65.3366 84.1431 64.5358 77.5385
threshold=1550.0000000000002 8.5000000000000018 1.0000000180025095e-35 14.500000000000002 1.0000000180025095e-35 1.0000000180025095e-35 12.500000000000002 4.5000000000000009 5.5000000000000009 1700.0000000000002 8.5000000000000018 9.5000000000000018 0.23775669642857117 0.06125529100529143 3.5000000000000004 1100.0000000000002 48.953571428571436 1.0000000180025095e-35 10.500000000000002 -2.7999999999999994 28.500000000000004 9.5000000000000018 3.2900000000000005 3.5000000000000004 43.487500000000011 0.060661764705882359 35.500000000000007 2.249999999999996 10.500000000000002 0.060661764705882359 17.700000000000003 -1.3816666666666675 0.19375000000000003 3.4000000000000004 27.500000000000004 0.5590277777777779 -1.6527777777777779 1.0000000180025095e-35 1.5000000000000002 8.5000000000000018 64.500000000000014 -2.899999999999999 2.1800000000000015 2.415476190476189 0.17156862745098042 -1.9750000000000003 8.7500000000000053 61.500000000000007 127.50000000000001 0.21825396825396828 0.2817460317460318 6.5000000000000009 1.0000000180025095e-35 55.892023809523813 -2.3633333333333324 5.4511111111111132 12.500000000000002 0.44949494949494956 1700.0000000000002 0.32291666666666669 1.0000000180025095e-35 0.62019230769230782
decision_type=2 2 2 2 2 2 2 2 2 2 2 2 2 2 2 2 2 2 2 2 2 2 2 2 2 2 2 2 2 2 2 2 2 2 2 2 2 2 2 2 2 2 2 2 2 2 2 2 2 2 2 2 2 2 2 2 2 2 2 2 2 2
left_child=2 8 5 4 13 6 21 24 12 10 29 25 14 23 -2 -8 42 30 -4 -16 -15 37 52 -3 -5 -11 27 28 -25 33 36 34 -33 -10 53 -20 -6 -1 39 -27 41 -40 -9 -44 45 46 -45 48 60 -39 -51 -52 -7 54 55 56 -29 -56 -21 -60 -17 -62
right_child=1 3 18 7 17 22 15 16 9 11 -12 -13 -14 20 19 47 -18 -19 35 58 -22 -23 -24 26 -26 38 -28 31 -30 -31 -32 32 -34 -35 -36 -37 -38 49 40 -41 -42 -43 43 44 -46 -47 -48 -49 -50 50 51 -53 -54 -55 57 -57 -58 -59 59 -61 61 -63
leaf_value=-0.0074189074337482454 0.067144167522589379 -0.0039616842277348041 0.13141730424637596 0.081499035441774448 0.13043614331761311 0.10004901689561932 -0.031788356567267327 0.049670603394508364 0.046671518252865564 0.015465524746105075 0.13864536059313809 0.0092802462618677851 -0.022022632500600249 0.0014053003687464387 0.032981847021728759 -0.098992244426763687 0.021373557230682239 -0.0039315779796904992 -0.024159765543266275 0.13307772646596036 -0.10394092465617828 -0.11928956469084009 -0.060000193573660765 0.16330895522195432 0.010812121558520529 0.2122072276120123 -0.048674326062202455 -0.048494733103751381 0.054912906617690362 -0.07189104756449953 0.014396756527518543 0.045071782154793093 -0.087243276678782428 -0.064129835012413205 0.12232640039235834 0.070816888416121757 0.060066092143557515 -0.012219482360650666 0.16090655155818573 0.11034038286203536 0.16352694525072975 0.038275212029877465 -0.15223757322877646 -0.11222276799846441 -0.077088806502245089 -0.0081268129134068976 -0.034936349880364204 -0.20194215714931488 -0.082413668287449712 -0.15108312526717782 -0.025237245246461489 -0.088928011733600321 -0.0098400580721932501 0.079604636401284568 0.033651623257113746 0.050942757981044522 0.046127186233506486 0.10312162170974681 0.26159174956846981 0.16254655740152185 -0.14581243281574621 -0.048809956632215871
leaf_weight=58 75 125 24 59 145 22 52 25 69 26 29 62 21 282 20 136 141 36 87 75 28 81 59 36 225 38 25 79 39 34 24 22 24 21 31 29 49 46 22 107 24 76 20 40 81 290 198 25 179 38 79 136 37 86 133 89 34 52 32 65 324 22
leaf_count=58 75 125 24 59 145 22 52 25 69 26 29 62 21 282 20 136 141 36 87 75 28 81 59 36 225 38 25 79 39 34 24 22 24 21 31 29 49 46 22 107 24 76 20 40 81 290 198 25 179 38 79 136 37 86 133 89 34 52 32 65 324 22
internal_value=-0.00162404 0.0325968 -0.0783227 0.0148654 0.0354743 -0.0891967 -0.0966986 -0.0107094 0.0864593 0.0682506 0.0225492 0.0879473 0.118577 0.0234466 0.129636 -0.112783 -0.0236435 0.0868522 0.0221843 0.154047 -0.00810984 -0.0695981 -0.0144323 0.0360692 0.0254971 0.104594 0.0437675 0.0474652 0.106943 -0.00460232 0.101844 0.0393545 -0.0239622 0.0208179 0.0451334 -0.000415602 0.112662 -0.0583235 0.113273 0.137037 0.0850287 0.0658047 -0.033349 -0.0366487 -0.0328527 -0.0260664 -0.0479257 -0.118922 -0.115782 -0.068198 -0.0783759 -0.0655254 0.0311355 0.0400743 0.0312898 0.0112433 -0.0200244 0.0531783 0.168124 0.195221 -0.128174 -0.139645
internal_weight=4648 3214 1434 2418 1339 1294 1176 1079 796 508 153 355 288 1085 267 738 795 254 140 192 310 438 118 775 284 293 650 625 75 124 218 550 46 90 504 116 194 357 267 145 122 98 654 629 609 528 238 686 661 299 253 215 59 473 387 202 113 185 172 97 482 346
internal_count=4648 3214 1434 2418 1339 1294 1176 1079 796 508 153 355 288 1085 267 738 795 254 140 192 310 438 118 775 284 293 650 625 75 124 218 550 46 90 504 116 194 357 267 145 122 98 654 629 609 528 238 686 661 299 253 215 59 473 387 202 113 185 172 97 482 346
is_linear=0
shrinkage=0.05


Tree=18
num_leaves=63
num_cat=0
split_feature=13 33 21 38 21 21 2 2 7 32 20 8 21 8 35 8 11 7 27 4 34 16 34 20 22 6 8 33 12 35 20 2 7 2 3 28 12 35 3 8 33 29 27 16 25 2 29 2 32 5 34 25 8 32 35 34 27 34 28 33 4 34
split_gain=4355.36 1135.98 587.6 352.846 257.996 252.886 213.018 220.265 136.968 129.094 127.889 124.766 123.405 121.155 119.047 115.082 111.873 99.4826 97.1648 95.06 92.9423 88.3868 112.335 86.4436 83.3351 80.9128 79.2025 78.4687 77.1165 77.0691 71.2309 72.5106 174.457 73.471 73.0186 67.564 67.0488 103.848 66.3724 65.6505 80.485 65.4341 65.4801 80.5285 62.3591 62.1178 61.7688 58.7742 58.3606 62.3668 57.4324 57.3464 54.1884 54.1515 53.3396 52.6094 119.746 51.6645 119.183 104.262 71.2069 51.517
threshold=1.0000000180025095e-35 11.500000000000002 1.0000000180025095e-35 0.057189542483660136 1.0000000180025095e-35 1.0000000180025095e-35 9.5000000000000018 6.5000000000000009 1.0000000180025095e-35 0.17156862745098042 1.0000000180025095e-35 10.500000000000002 1.0000000180025095e-35 15.500000000000002 0.069740034271284293 10.500000000000002 0.5590277777777779 1.5000000000000002 1.5000000000000002 1.0000000180025095e-35 10.500000000000002 1.0000000180025095e-35 40.500000000000007 1.0000000180025095e-35 1.0000000180025095e-35 0.42261904761904767 10.500000000000002 16.500000000000004 0.07417582417582419 0.024999999999999547 1.0000000180025095e-35 6.5000000000000009 1.0000000180025095e-35 9.5000000000000018 1.5000000000000002 22.500000000000004 0.060661764705882359 -0.41785912698412703 1.0000000180025095e-35 13.500000000000002 6.5000000000000009 49.803125000000016 2.5000000000000004 1.0000000180025095e-35 1.0000000180025095e-35 6.5000000000000009 54.572916666666679 6.5000000000000009 0.77350427350427364 0.65686274509803932 54.500000000000007 1.0000000180025095e-35 8.5000000000000018 0.12132352941176472 -0.1861505681818183 39.500000000000007 6.5000000000000009 127.50000000000001 39.500000000000007 11.500000000000002 0.32291666666666669 90.500000000000014
decision_type=2 2 2 2 2 2 2 2 2 2 2 2 2 2 2 2 2 2 2 2 2 2 2 2 2 2 2 2 2 2 2 2 2 2 2 2 2 2 2 2 2 2 2 2 2 2 2 2 2 2 2 2 2 2 2 2 2 2 2 2 2 2
left_child=1 3 6 10 9 8 7 17 21 50 12 -4 26 14 25 46 38 19 -6 -2 -7 23 -23 39 44 -11 -1 36 41 -13 31 32 61 34 -33 -36 55 -38 -9 40 52 -22 -43 -44 -16 -42 51 -17 49 -47 -3 -10 -5 -8 -49 -20 -57 59 -59 60 -40 -15
right_child=2 4 11 5 18 20 53 16 15 13 -12 29 -14 30 24 47 -18 -19 27 -21 28 22 -24 -25 -26 -27 -28 -29 -30 -31 -32 33 -34 -35 35 -37 37 -39 57 -41 45 42 43 -45 -46 48 -48 54 -50 -51 -52 -53 -54 -55 -56 56 -58 58 -60 -61 -62 -63
leaf_value=0.11622789875901007 -0.031398486311857897 0.020545036806641315 0.12484643922653049 0.14477799038948685 0.15331530682742597 0.0052068814440442823 -0.087116394915951884 -0.023722142143683001 0.030221221463262352 0.028717972117564862 0.20087113924945396 0.062897153779254852 0.14901728884269222 -0.058134930103755839 -0.024550697362199631 -0.096190450904947336 0.041138625051826243 -0.17449223007026471 0.017521434370428326 -0.097892064055926056 0.035026969248428942 0.183145731151104 0.056356279192299678 0.10500349507845463 -0.10439625071982545 -0.028106940194190324 0.059451634096346365 -0.017074161086231471 0.040072097400060069 -0.026637837424783446 0.016886143752514092 0.01802549185231328 -0.14570091783323072 -0.06374964728196518 -0.010639062772194546 -0.11755627508867871 0.066709214798174807 -0.07087939965228239 -0.06871591749247806 -0.015492636337876321 0.0067118646052735697 0.18235340372082734 0.084085754258277634 0.18087245270706201 0.066471364542043637 0.057962386303838209 -0.027504717134353186 0.053298938460648065 -0.022226356714963914 -0.031269123999490625 0.10180390883982182 0.12228010758048012 0.03931510927421706 -0.14500129279625767 -0.049606300117995814 0.14125068468662602 0.03013125679730861 0.044366170902704373 -0.086194979628040042 -0.11558959214614893 0.038737641878071286 -0.0073720714726139992
leaf_weight=91 60 167 24 29 20 27 53 110 87 336 30 34 78 114 181 33 32 38 32 516 21 25 58 47 30 77 189 50 39 82 73 136 44 66 45 22 32 24 58 59 147 42 83 29 21 290 36 20 29 21 25 21 21 170 34 54 44 29 44 109 21 89
leaf_count=91 60 167 24 29 20 27 53 110 87 336 30 34 78 114 181 33 32 38 32 516 21 25 58 47 30 77 189 50 39 82 73 136 44 66 45 22 32 24 58 59 147 42 83 29 21 290 36 20 29 21 25 21 21 170 34 54 44 29 44 109 21 89
internal_value=-0.00154284 0.0299091 -0.0760247 0.0602673 0.00128358 0.0468459 -0.0869876 -0.0772834 0.0353178 -0.00701346 0.101708 0.0210751 0.0933979 -0.0129476 0.00202378 0.00178372 -0.0485614 -0.096135 0.0475007 -0.0909656 0.0926233 0.0459877 0.0945459 0.0397197 -0.0266365 0.0181235 0.0779039 0.0385334 0.103653 -0.000394823 -0.0293424 -0.0358824 -0.0554427 -0.017922 -0.00302231 -0.0457462 0.0534817 0.00774267 -0.0562984 0.0345715 0.0400721 0.117822 0.129112 0.109147 -0.015088 0.0338697 0.029215 -0.0436198 0.0456114 0.0519371 0.0311256 0.0481216 0.100484 -0.131244 -0.0114932 0.0731846 0.0913603 -0.0700278 -0.0343282 -0.0838899 -0.0401523 -0.0358793
internal_weight=4648 3268 1380 1586 1682 1198 1240 1017 957 1426 388 140 358 1234 645 231 403 614 256 576 241 726 83 643 232 413 280 236 214 116 589 516 247 269 203 67 186 56 371 596 537 175 154 112 202 487 144 87 340 311 192 108 50 223 54 130 98 261 73 188 79 203
internal_count=4648 3268 1380 1586 1682 1198 1240 1017 957 1426 388 140 358 1234 645 231 403 614 256 576 241 726 83 643 232 413 280 236 214 116 589 516 247 269 203 67 186 56 371 596 537 175 154 112 202 487 144 87 340 311 192 108 50 223 54 130 98 261 73 188 79 203
is_linear=0
shrinkage=0.05


Tree=19
num_leaves=63
num_cat=0
split_feature=0 33 21 8 21 24 33 28 2 0 2 2 35 35 2 0 7 30 35 36 28 20 2 34 37 0 36 37 30 9 4 2 33 36 12 25 37 31 9 34 37 37 11 35 28 36 37 37 8 28 34 0 35 4 9 36 31 36 0 11 36 0
split_gain=3982.25 1010.06 511.356 419.372 267.449 248.33 171.782 169.963 151.571 161.31 172.557 167.943 152.902 143.683 135.757 133.699 124.274 121.472 115.62 114.038 99.0649 96.1128 107.306 98.4693 119.749 105.117 85.2475 85.1378 82.6911 82.0419 81.3696 81.1813 77.0683 76.3201 75.6875 75.45 75.0042 71.6255 70.4153 69.6878 69.476 66.6876 66.224 89.411 82.5282 64.8162 64.6685 98.0555 64.0527 63.3575 94.7979 63.2825 62.8429 62.7843 62.5077 74.9813 72.4986 60.7107 60.1792 75.1685 59.578 72.4695
threshold=1550.0000000000002 8.5000000000000018 1.0000000180025095e-35 14.500000000000002 1.0000000180025095e-35 1.0000000180025095e-35 12.500000000000002 4.5000000000000009 5.5000000000000009 1700.0000000000002 8.5000000000000018 9.5000000000000018 0.23775669642857117 0.06125529100529143 3.5000000000000004 1100.0000000000002 1.0000000180025095e-35 48.953571428571436 0.4671205357142858 -2.7999999999999994 28.500000000000004 1.0000000180025095e-35 6.5000000000000009 94.500000000000014 2.3600000000000017 1900.0000000000002 -1.4333333333333333 3.2900000000000005 43.487500000000011 0.10555555555555557 0.060661764705882359 9.5000000000000018 10.500000000000002 -1.7799999999999991 0.060661764705882359 1.0000000180025095e-35 5.8500000000000023 17.700000000000003 0.087121212121212141 80.500000000000014 3.4000000000000004 5.400000000000003 0.39444444444444454 -1.2187471655328792 2.5000000000000004 -1.6527777777777779 2.1800000000000015 2.415476190476189 7.5000000000000009 61.500000000000007 127.50000000000001 2100.0000000000005 -0.57810515873015833 0.2817460317460318 0.17156862745098042 -1.9750000000000003 8.7500000000000053 -0.28660714285714312 1700.0000000000002 0.32291666666666669 -2.8416666666666655 1450.0000000000002
decision_type=2 2 2 2 2 2 2 2 2 2 2 2 2 2 2 2 2 2 2 2 2 2 2 2 2 2 2 2 2 2 2 2 2 2 2 2 2 2 2 2 2 2 2 2 2 2 2 2 2 2 2 2 2 2 2 2 2 2 2 2 2 2
left_child=2 8 5 4 13 6 31 28 12 10 34 30 14 21 -2 -8 37 46 32 -16 35 22 41 24 -24 29 38 -7 -5 36 -11 48 -4 -23 40 -15 -26 45 -25 -27 -10 52 43 -32 -44 53 -9 -48 -1 50 -17 -19 -3 -6 55 56 -49 -52 -21 -60 -50 -62
right_child=1 3 18 7 16 27 15 17 9 11 -12 -13 -14 20 19 49 -18 51 -20 58 -22 33 23 26 25 39 -28 -29 -30 -31 42 -33 -34 -35 -36 -37 -38 -39 -40 -41 -42 -43 44 -45 -46 -47 47 54 60 -51 57 -53 -54 -55 -56 -57 -58 -59 59 -61 61 -63
leaf_value=0.024726975917816165 0.06045113066832225 -0.049254965102693567 0.11532049673742482 0.076058338973986908 0.13824437128005063 0.031045475122282062 -0.024936064492123058 0.048098422706127165 0.041521810124749731 0.011752311792224647 0.12875538951364057 0.0056092664238906673 -0.022626597930987678 -0.0089776653498449509 0.026774967332603414 -0.11667683602936751 -0.0078208367443746984 -0.0014166231822184843 -0.031688139087627416 0.11928434634612253 -0.097223481775394513 0.048795397306481997 0.13133625105362048 0.060715407912026759 0.0099514165235792887 0.054273462533400464 -0.087584878354454831 -0.053896089201256381 0.0095553448203330241 -0.048131534097982306 0.037711042977869515 -0.10789732387243414 0.015903373739936135 0.15639872757288129 -0.070278979235273958 0.065940783220605967 0.11440305651529976 0.010971418830255668 -0.048840982297604738 0.13804204301287731 -0.062344469910576232 0.050392468326026577 0.10670378730796717 0.14059295073863776 0.014705870869128328 0.052819531030800886 -0.14283760585822167 -0.10624531818088144 -0.13777304130437024 -0.1862264316380024 -0.050456137497288493 0.071828564318517849 0.008706614329355572 0.062086438077191511 -0.071221350863098776 -0.0069797551715425378 -0.032444572751410307 -0.10997959246308031 0.24165601385757329 0.14804174969975767 -0.058970679439732748 0.039433709383010863
leaf_weight=25 75 71 35 59 109 59 52 25 69 26 29 62 21 243 20 482 36 99 61 75 28 45 44 44 68 144 23 59 225 42 25 81 44 26 34 39 23 24 22 30 21 56 68 136 38 49 20 40 22 25 108 42 137 36 81 290 198 71 32 65 290 20
leaf_count=25 75 71 35 59 109 59 52 25 69 26 29 62 21 243 20 482 36 99 61 75 28 45 44 44 68 144 23 59 225 42 25 81 44 26 34 39 23 24 22 30 21 56 68 136 38 49 20 40 22 25 108 42 137 36 81 290 198 71 32 65 290 20
internal_value=-0.0014657 0.0294482 -0.0707524 0.0133658 0.0320581 -0.0805733 -0.0875117 -0.00983062 0.0783013 0.0618733 0.0189555 0.0803702 0.107278 0.0212462 0.117496 -0.102234 0.0782428 -0.0216914 0.0200214 0.139779 -0.00752303 0.0327539 0.027162 0.0422827 0.0541934 0.0431371 -0.00469074 -0.0114253 0.0233711 0.0096725 0.09619 -0.0627063 0.0599489 0.0881994 -0.0067235 0.0013834 0.0363513 0.0924551 0.0241966 0.0687163 0.0172863 0.00196092 0.104412 0.124617 0.0737234 0.102536 -0.0307663 -0.0339009 -0.0524528 -0.108093 -0.105138 0.0204011 -0.0110783 0.119336 -0.0303233 -0.0240492 -0.0448481 -0.074066 0.152919 0.178925 -0.0582645 -0.052622
internal_weight=4648 3214 1434 2418 1339 1294 1176 1079 796 508 153 355 288 1085 267 738 254 795 140 192 310 775 704 440 351 307 89 118 284 133 293 438 79 71 124 282 91 218 66 174 90 264 267 161 106 194 654 629 357 686 661 141 208 145 609 528 238 179 172 97 332 310
internal_count=4648 3214 1434 2418 1339 1294 1176 1079 796 508 153 355 288 1085 267 738 254 795 140 192 310 775 704 440 351 307 89 118 284 133 293 438 79 71 124 282 91 218 66 174 90 264 267 161 106 194 654 629 357 686 661 141 208 145 609 528 238 179 172 97 332 310
is_linear=0
shrinkage=0.05


Tree=20
num_leaves=63
num_cat=0
split_feature=13 33 21 38 2 2 22 33 8 24 21 8 2 2 7 33 8 28 34 11 5 7 27 29 34 34 8 30 34 28 30 35 3 4 9 11 29 2 2 12 6 2 34 35 5 28 3 14 35 5 34 29 29 34 34 34 6 8 14 30 11 35
split_gain=3506.75 838.284 442.201 238.051 203.4 204.176 194.493 177.943 172.052 170.48 147.956 144.666 116.18 133.818 105.409 92.9572 92.56 126.551 113.572 122.366 91.6684 91.6239 116.19 90.9364 90.4962 85.9203 85.5426 84.8653 119.744 83.7451 82.9139 82.8935 81.7614 72.0011 71.4629 68.4048 64.5256 64.3152 77.4175 99.3983 63.433 68.8593 63.2312 86.9012 62.165 84.4465 61.0071 121.189 60.8923 70.3891 74.8887 101.795 71.2108 65.9984 64.623 58.9036 57.6177 57.3591 56.8167 55.5862 84.6503 60.7283
threshold=1.0000000180025095e-35 11.500000000000002 1.0000000180025095e-35 0.057189542483660136 3.5000000000000004 9.5000000000000018 1.0000000180025095e-35 10.500000000000002 8.5000000000000018 1.0000000180025095e-35 1.0000000180025095e-35 13.500000000000002 9.5000000000000018 3.5000000000000004 1.0000000180025095e-35 16.500000000000004 13.500000000000002 15.500000000000002 71.500000000000014 0.32291666666666669 0.56696428571428581 1.0000000180025095e-35 4.5000000000000009 48.834259259259269 96.500000000000014 46.500000000000007 12.500000000000002 55.525000000000006 11.500000000000002 30.500000000000004 48.953571428571436 -0.079826388888888739 1.5000000000000002 0.11437908496732027 0.21825396825396828 0.56696428571428581 42.468750000000007 3.5000000000000004 4.5000000000000009 0.080128205128205135 0.36038961038961043 8.5000000000000018 112.50000000000001 -0.6244017094017088 0.2817460317460318 7.5000000000000009 1.0000000180025095e-35 1.0000000180025095e-35 0.88091666666666668 0.65686274509803932 54.500000000000007 53.502777777777787 53.551851851851858 24.500000000000004 69.500000000000014 10.500000000000002 0.16025641025641027 13.500000000000002 1.0000000180025095e-35 43.487500000000011 0.2817460317460318 0.28666914682539696
decision_type=2 2 2 2 2 2 2 2 2 2 2 2 2 2 2 2 2 2 2 2 2 2 2 2 2 2 2 2 2 2 2 2 2 2 2 2 2 2 2 2 2 2 2 2 2 2 2 2 2 2 2 2 2 2 2 2 2 2 2 2 2 2
left_child=1 3 9 11 23 6 15 -4 27 12 16 37 13 20 46 34 17 48 -19 24 35 58 -23 -3 -20 -25 -11 28 -5 -27 32 -21 -7 -13 42 -2 -15 56 -39 40 41 -40 59 -44 45 -30 47 -12 49 50 52 54 53 -10 -52 -18 -1 -22 -8 60 -6 -61
right_child=2 4 7 8 5 30 21 -9 10 26 14 33 -14 36 -16 -17 55 18 19 31 57 22 -24 25 -26 29 -28 -29 44 -31 -32 -33 -34 -35 -36 -37 -38 38 39 -41 -42 -43 43 -45 -46 -47 -48 -49 -50 -51 51 -53 -54 -55 -56 -57 -58 -59 -60 61 -62 -63
leaf_value=-0.00023595421087174189 -0.11594277486442228 -0.095402656257786655 0.093466941145609841 -0.0026251653992035925 0.16160283280909063 -0.030692752639186527 0.027354781415901686 -0.022281726777951406 0.080919641188599845 0.046366556609670324 0.18961341711966431 0.10338591543995604 -0.11324216751958681 -0.015776929297508339 -0.014077970385551454 -0.00056277805582640014 -0.075546276707734394 -0.12039415318341483 0.1269456120138919 0.021807779173056287 0.01492539500960937 0.016512202036877473 -0.12331348373435247 -0.084627575029365049 -0.008020381111165752 0.0069050087065315223 -0.046265284634298749 0.17418094277381899 0.093011713538922972 -0.064214455617486316 0.025958699944454273 -0.091456345255885807 -0.11613353727651494 0.031099839090241183 -0.033063779918081834 -0.029504828065633776 -0.064795348684002038 0.21728856611464706 0.18385742859247683 0.037769107780221745 0.079405445746473374 0.08927817910357759 0.10777011215686799 -0.0019090339887973874 0.10257908629809882 -0.023285185193849936 0.062299153987495672 0.055107291449200027 -0.033527662676687428 -0.029034925090769926 0.10883923937730931 0.15530038575508764 0.0042622550856322048 0.024647172960932509 0.021151725809005175 0.0071400057857057874 0.11431555135742477 -0.08311733607734953 -0.024695271003243126 0.049003701243686998 0.058839351129210973 -0.0056593042624703913
leaf_weight=21 271 47 49 47 25 84 95 103 110 36 34 49 226 78 31 188 35 21 27 30 26 24 39 44 23 189 81 21 37 53 37 35 42 116 33 25 482 21 67 33 37 27 21 129 154 27 105 33 26 30 34 35 108 99 55 56 23 35 117 366 101 59
leaf_count=21 271 47 49 47 25 84 95 103 110 36 34 49 226 78 31 188 35 21 27 30 26 24 39 44 23 189 81 21 37 53 37 35 42 116 33 25 482 21 67 33 37 27 21 129 154 27 105 33 26 30 34 35 108 99 55 56 23 35 117 366 101 59
internal_value=0.000412378 0.0286274 -0.0655292 0.0544934 0.00407533 0.012651 0.0198001 0.015032 0.0435257 -0.0752477 0.0330662 0.0882594 -0.081132 -0.0732182 0.0707901 0.0308073 0.0224889 0.0292673 -0.0134702 0.00605499 -0.0971405 -0.0171039 -0.0700466 -0.0309485 0.0648613 -0.0203564 -0.0177632 0.0774277 0.0697605 -0.00867074 -0.0398486 -0.0391806 -0.059173 0.0525666 0.0388421 -0.108642 -0.0579678 0.113977 0.126899 0.115325 0.134862 0.156691 0.0422271 0.013446 0.0853666 0.043949 0.0860861 0.123364 0.0409621 0.0450741 0.0501155 0.0830596 0.0372289 0.0542643 0.0546503 -0.0246624 0.0596432 -0.0413286 -0.00137096 0.0500623 0.0792289 0.0414152
internal_weight=4712 3300 1412 1607 1693 1360 1197 152 1213 1260 927 394 1143 917 203 922 724 633 136 115 357 275 63 333 50 286 117 286 265 242 163 65 126 165 734 296 560 229 185 164 131 94 701 150 218 64 172 67 497 471 441 124 317 209 89 91 44 61 212 551 126 425
internal_count=4712 3300 1412 1607 1693 1360 1197 152 1213 1260 927 394 1143 917 203 922 724 633 136 115 357 275 63 333 50 286 117 286 265 242 163 65 126 165 734 296 560 229 185 164 131 94 701 150 218 64 172 67 497 471 441 124 317 209 89 91 44 61 212 551 126 425
is_linear=0
shrinkage=0.05


Tree=21
num_leaves=63
num_cat=0
split_feature=0 33 21 33 22 2 2 0 33 2 37 35 2 8 2 0 2 9 28 11 4 4 34 29 30 27 0 9 20 27 21 37 8 30 3 7 8 22 9 30 35 5 27 29 15 4 29 8 29 29 29 4 30 37 8 12 2 5 33 33 5 35
split_gain=3166 740.926 381.638 204.464 167.922 165.056 184.269 280.981 160.594 159.11 173.919 148.979 160.557 133.854 129.981 150.328 116.532 110.617 110.407 98.3415 133.524 129.863 96.9082 107.89 126.668 134.541 97.0322 95.2813 87.6929 84.5825 83.1214 81.7445 77.0524 74.8298 73.7897 73.3372 77.9703 72.8628 70.1641 69.0498 68.6417 116.001 69.1925 68.1044 72.4839 66.5463 64.0356 60.7851 60.1263 60.1139 71.4144 95.4586 69.4332 59.895 59.546 58.3616 67.4966 56.3153 56.3045 54.3868 54.1344 51.4632
threshold=1550.0000000000002 11.500000000000002 1.0000000180025095e-35 1.0000000180025095e-35 1.0000000180025095e-35 3.5000000000000004 9.5000000000000018 1700.0000000000002 10.500000000000002 9.5000000000000018 1.4378571428571429 1.0873647186147182 9.5000000000000018 13.500000000000002 6.5000000000000009 1100.0000000000002 4.5000000000000009 0.21825396825396828 15.500000000000002 0.39444444444444454 0.29705882352941182 0.36931818181818188 50.500000000000007 56.967777777777783 53.616666666666674 3.5000000000000004 2250.0000000000005 0.06458333333333334 1.0000000180025095e-35 12.500000000000002 1.0000000180025095e-35 5.512500000000002 15.500000000000002 48.953571428571436 1.5000000000000002 1.0000000180025095e-35 12.500000000000002 1.0000000180025095e-35 0.07417582417582419 40.143750000000004 -0.16044017094017052 0.48529411764705888 5.5000000000000009 48.834259259259269 1.0000000180025095e-35 0.11437908496732027 58.525000000000006 13.500000000000002 53.402777777777793 50.166190476190486 53.502777777777787 0.24264705882352944 45.610000000000007 5.6000000000000032 9.5000000000000018 0.080128205128205135 4.5000000000000009 0.54195804195804198 17.500000000000004 8.5000000000000018 0.6132478632478634 0.03285947712418346
decision_type=2 2 2 2 2 2 2 2 2 2 2 2 2 2 2 2 2 2 2 2 2 2 2 2 2 2 2 2 2 2 2 2 2 2 2 2 2 2 2 2 2 2 2 2 2 2 2 2 2 2 2 2 2 2 2 2 2 2 2 2 2 2
left_child=2 3 9 13 11 43 7 16 -4 10 47 12 18 28 15 -12 -7 29 22 20 -20 -22 23 24 25 26 49 58 55 30 32 46 39 34 -8 36 -17 -18 -37 -9 42 61 -24 -3 -45 -15 -25 -1 -6 52 51 53 -5 57 -21 56 -2 -51 -16 -26 -38 -42
right_child=1 5 8 4 48 6 33 17 -10 -11 14 -13 -14 45 27 35 37 -19 19 54 21 -23 40 31 59 -27 -28 -29 -30 -31 -32 -33 -34 -35 -36 38 60 -39 -40 -41 41 -43 -44 44 -46 -47 -48 -49 -50 50 -52 -53 -54 -55 -56 -57 -58 -59 -60 -61 -62 -63
leaf_value=0.013418445505363787 0.043817487564580197 -0.095424555220148144 0.088793593576672131 0.056616655720694346 -0.032851622323249723 0.070666567276458481 -0.02915811479878834 0.14363424839451908 -0.021167640730702472 -0.10758005908187646 -0.011287001972751958 -0.062538669823572562 -0.013422980150755714 0.098675672189953434 -0.0035754814099772537 -0.040890940059563785 -0.0092331006507596573 -0.038549164107636265 0.11130799383533246 0.033673271809059845 -0.10333358559757472 0.063482741692236486 0.14558568418298554 0.12337356952243839 0.019831115676259455 0.010524589555608409 0.14686617630680926 -0.071471090651043179 0.20642413642434848 -0.060013821274042138 0.076621164582789905 0.19016827328697494 0.016943036286940293 0.024660764634609224 -0.11032685860991479 -0.093788300689360879 -0.10262521328868424 -0.058702273929657628 -0.16856901103799993 0.047113558106745286 0.068724636788721441 -0.0020914018654730171 0.068969813299000912 0.0013095788563947258 -0.051342147608866566 0.028403205668710303 0.0070775702223181726 -0.050033795979106802 0.03229030463362819 0.0010158987572559943 0.035607567378022571 0.19953751139666723 -0.029808099465123541 0.15144659479459127 -0.063055399279450863 0.04661409389227629 0.12811917666886144 0.11261491969227791 -0.071231895759701722 -0.092663091638435932 -0.039469183771274036 0.17454530246555808
leaf_weight=92 29 34 49 117 91 37 84 20 103 226 63 29 85 48 133 88 283 46 49 26 20 28 82 29 22 124 38 176 21 20 155 23 283 37 42 73 261 101 55 252 27 40 46 159 111 113 20 64 58 26 47 23 29 21 41 42 131 20 40 21 39 20
leaf_count=92 29 34 49 117 91 37 84 20 103 226 63 29 85 48 133 88 283 46 49 26 20 28 82 29 22 124 38 176 21 20 155 23 283 37 42 73 261 101 55 252 27 40 46 159 111 113 20 64 58 26 47 23 29 21 41 42 131 20 40 21 39 20
internal_value=0.000391759 0.0278805 -0.0607152 0.052334 0.0421869 0.00457328 0.0120185 0.0188101 0.0142804 -0.069417 -0.0614605 0.0492169 0.0523818 0.0840964 -0.0696719 -0.0842 -0.0140789 0.0366533 0.0583386 0.0210681 0.0532468 -0.00602406 0.0662255 0.0552702 0.0468403 0.0547588 0.0718462 -0.0455694 0.109179 0.041392 0.0442485 0.112406 0.0352075 -0.0378562 -0.0562144 -0.0931022 -0.0822755 -0.0222445 -0.125921 0.0542107 0.0947602 0.0604921 0.118052 -0.0287342 -0.0203361 0.049354 0.0759058 -0.0126132 -0.00749436 0.0617729 0.0855621 0.111649 0.0394501 0.081479 -0.0255189 0.0990699 0.112839 0.0495372 -0.0192186 -0.0351079 -0.0944149 0.113755
internal_weight=4712 3250 1462 1586 1202 1664 1360 1197 152 1310 1084 1053 1024 384 928 579 421 776 939 164 97 48 775 560 488 445 321 349 223 730 710 72 555 163 126 516 388 384 128 272 215 87 128 304 270 161 49 156 149 283 137 90 146 67 67 202 160 46 173 43 300 47
internal_count=4712 3250 1462 1586 1202 1664 1360 1197 152 1310 1084 1053 1024 384 928 579 421 776 939 164 97 48 775 560 488 445 321 349 223 730 710 72 555 163 126 516 388 384 128 272 215 87 128 304 270 161 49 156 149 283 137 90 146 67 67 202 160 46 173 43 300 47
is_linear=0
shrinkage=0.05


Tree=22
num_leaves=63
num_cat=0
split_feature=0 33 21 38 36 8 22 37 35 24 33 0 28 0 29 8 11 29 37 30 30 2 7 5 36 5 5 34 19 2 31 33 20 22 33 8 34 32 31 5 34 2 37 9 34 28 32 34 29 35 21 11 11 7 10 34 29 32 37 38 35 34
split_gain=2865.78 682.126 361.156 194.548 175.485 167.196 146.386 158.683 161.916 145.488 144.936 130.852 130.097 125.57 117.911 117.811 113.259 109.807 105.808 100.613 137.271 104.23 100.438 100.962 97.1358 96.5829 92.7699 91.5947 86.4791 101.997 80.7316 83.9272 80.2594 75.9112 82.6935 75.7481 75.6612 73.4644 93.7438 80.462 70.6065 69.8739 68.6051 67.6514 65.6141 71.8713 64.0183 92.2507 72.9354 94.3884 61.0709 59.9561 59.7528 57.8635 55.1768 55.1724 54.264 55.269 53.9083 53.7597 52.5621 76.4934
threshold=1450.0000000000002 11.500000000000002 1.0000000180025095e-35 0.057189542483660136 -1.3612500000000001 15.500000000000002 1.0000000180025095e-35 0.81666666666667009 -0.13641666666666694 1.0000000180025095e-35 10.500000000000002 1100.0000000000002 21.500000000000004 2100.0000000000005 56.839880952380959 13.500000000000002 0.19375000000000003 53.978067765567772 2.3000000000000012 46.208333333333343 40.143750000000004 4.5000000000000009 1.0000000180025095e-35 0.58578431372549034 -1.328571428571429 0.31009615384615391 0.39444444444444454 104.50000000000001 1.0000000180025095e-35 9.5000000000000018 7.0000000000000044 12.500000000000002 1.0000000180025095e-35 1.0000000180025095e-35 13.500000000000002 12.500000000000002 25.500000000000004 0.57738095238095244 6.3454365079365127 0.36931818181818188 41.500000000000007 3.5000000000000004 3.7650000000000006 0.13809523809523813 127.50000000000001 37.500000000000007 0.31009615384615391 28.500000000000004 51.487019230769242 0.06125529100529143 1.0000000180025095e-35 0.55050505050505061 0.41421568627450983 1.0000000180025095e-35 1.5000000000000002 20.500000000000004 53.402777777777793 0.36931818181818188 4.825000000000002 0.97222222222222232 -1.3870707070707073 41.500000000000007
decision_type=2 2 2 2 2 2 2 2 2 2 2 2 2 2 2 2 2 2 2 2 2 2 2 2 2 2 2 2 2 2 2 2 2 2 2 2 2 2 2 2 2 2 2 2 2 2 2 2 2 2 2 2 2 2 2 2 2 2 2 2 2 2
left_child=2 3 9 15 5 19 7 -5 13 11 -4 -1 -6 14 17 32 -10 41 -19 20 -3 -21 30 -24 25 40 59 43 29 33 31 51 -2 34 -7 -11 -20 38 -26 -39 -18 -9 -28 -22 -32 -46 47 -27 -48 -50 -17 55 -23 -35 -40 -13 -8 -58 -16 -15 -43 -62
right_child=1 4 10 6 12 28 56 8 16 35 -12 22 -14 26 58 50 24 18 36 21 27 52 23 -25 37 46 42 -29 -30 -31 44 -33 -34 53 -36 -37 -38 39 54 -41 -42 60 -44 -45 45 -47 48 -49 49 -51 -52 -53 -54 -55 -56 -57 57 -59 -60 -61 61 -63
leaf_value=-0.0056616605745989888 0.093539087202113416 0.084712715987116105 0.084353913920598905 -0.084108724590876829 -0.0031326001277193431 0.092623407969420604 -0.031209040148654485 -0.0087081569500944821 0.10454974433309155 0.045429071328706216 -0.020109257887307448 -0.054222509978468759 -0.069222427728607899 0.0067623709347875167 0.08063601760193706 0.032029372041348279 0.098668042642454948 0.11426179961301386 -0.045113783099633813 0.0028411380658173459 -0.011341929941664677 0.07405603662488007 -0.11654619725936698 -0.031460793707065469 0.022899134188543918 -0.031603661369321481 0.10575812497279712 0.036198958347905694 -0.059627881795441845 -0.06400557599733013 -0.09078340581651255 -0.098334901461437835 0.19610293003774826 -0.0086590799968689677 0.010233873721164993 -0.041738531200422181 0.033368026553320572 -0.067835504266743868 0.06781765434890985 0.056926516423534072 -0.021830449011176825 0.1190847902103912 0.21119327666582885 -0.084019922775526848 0.0049268137754463568 -0.074407068354652287 -0.11201866840322812 0.088307559395046989 0.063581923097372053 -0.086499757590619009 0.10723561364061691 0.042157487594522536 0.026936500111237324 -0.086156445477278007 0.18256600599058651 0.015159525664390197 -0.016477853736529751 0.081197550773088434 0.17542373128235342 0.098413632606389009 0.031897251513600351 0.088149756347983443
leaf_weight=67 208 45 49 23 180 33 91 33 38 36 103 158 127 24 40 131 31 20 68 113 111 210 233 41 43 53 36 71 68 57 388 62 21 108 395 81 56 24 20 28 20 43 27 45 41 94 36 23 20 22 34 24 99 31 22 35 30 28 24 48 125 117
leaf_count=67 208 45 49 23 180 33 91 33 38 36 103 158 127 24 40 131 31 20 68 113 111 210 233 41 43 53 36 71 68 57 388 62 21 108 395 81 56 24 20 28 20 43 27 45 41 94 36 23 20 22 34 24 99 31 22 35 30 28 24 48 125 117
internal_value=0.000372171 0.0258786 -0.0592391 0.0492113 0.00373105 0.0113072 0.0392963 0.0457963 0.0486664 -0.0680219 0.0135664 -0.0734578 -0.0304727 0.0636178 0.0525773 0.0797364 0.0226589 0.0437664 0.00754242 0.0286482 0.0049351 0.0439325 -0.0776793 -0.103814 0.01356 -0.00822365 0.106635 -0.0108798 -0.00608395 -0.000249032 -0.0687504 -0.0470307 0.102945 0.00616036 0.0165863 -0.0149177 -0.00967039 0.0461559 0.0747937 -0.000655955 0.0514137 0.0601697 0.150945 -0.0323067 -0.080337 -0.0503131 -0.0279737 0.00468526 -0.0597952 -0.0150323 0.0475264 -0.0323723 0.0589595 -0.0259427 0.127924 -0.0416403 -0.00711964 0.0306758 0.116181 0.0678632 0.068145 0.0590937
internal_weight=4712 3300 1412 1607 1693 1386 1213 1064 1041 1260 152 1143 307 661 526 394 380 462 144 694 272 422 1076 274 342 205 135 227 692 624 802 279 229 567 428 117 124 137 85 52 51 318 63 156 523 135 154 76 78 42 165 217 309 139 42 193 149 58 64 72 285 242
internal_count=4712 3300 1412 1607 1693 1386 1213 1064 1041 1260 152 1143 307 661 526 394 380 462 144 694 272 422 1076 274 342 205 135 227 692 624 802 279 229 567 428 117 124 137 85 52 51 318 63 156 523 135 154 76 78 42 165 217 309 139 42 193 149 58 64 72 285 242
is_linear=0
shrinkage=0.05


Tree=23
num_leaves=63
num_cat=0
split_feature=0 33 21 33 2 2 0 7 33 2 2 0 30 8 2 9 8 37 2 35 22 11 9 37 8 5 27 9 37 27 0 28 21 7 20 5 35 30 8 30 3 11 4 22 30 0 6 0 35 0 8 2 30 2 12 2 6 2 32 21 37 4
split_gain=2586.36 615.619 325.944 169.119 151.892 157.181 246.551 145.675 130.805 124.156 177.685 141.391 114.803 111.424 105.379 98.9343 93.8912 95.3685 90.0126 96.8541 99.5921 89.2535 140.942 83.9288 92.378 79.6616 74.3012 73.6272 73.3813 73.0827 72.6359 77.95 72.6231 72.5235 72.4341 67.7346 77.9193 66.8893 64.331 64.25 63.9199 63.2883 61.1729 60.9499 59.2882 54.3395 63.9931 52.6002 52.1497 61.0358 109.877 67.153 56.6259 51.6409 51.0714 61.3516 57.2483 62.1455 50.9619 47.9372 46.5158 46.2759
threshold=1450.0000000000002 11.500000000000002 1.0000000180025095e-35 1.0000000180025095e-35 3.5000000000000004 9.5000000000000018 1700.0000000000002 1.0000000180025095e-35 10.500000000000002 9.5000000000000018 6.5000000000000009 1100.0000000000002 57.45000000000001 13.500000000000002 4.5000000000000009 0.21825396825396828 9.5000000000000018 4.5705952380952368 9.5000000000000018 1.0873647186147182 1.0000000180025095e-35 0.19375000000000003 0.13809523809523813 2.2033333333333349 16.500000000000004 0.56696428571428581 12.500000000000002 0.06458333333333334 2.3999999999999999 7.5000000000000009 2100.0000000000005 15.500000000000002 1.0000000180025095e-35 1.0000000180025095e-35 1.0000000180025095e-35 0.60555555555555574 -0.09797619047619055 46.715000000000011 15.500000000000002 48.953571428571436 1.5000000000000002 0.56696428571428581 0.11437908496732027 1.0000000180025095e-35 40.143750000000004 2250.0000000000005 0.095454545454545472 2550.0000000000005 0.68498293373293462 1700.0000000000002 7.5000000000000009 6.5000000000000009 49.105555555555561 7.5000000000000009 0.080128205128205135 4.5000000000000009 0.36038961038961043 8.5000000000000018 0.5590277777777779 1.0000000180025095e-35 3.4999999999999978 0.24264705882352944
decision_type=2 2 2 2 2 2 2 2 2 2 2 2 2 2 2 2 2 2 2 2 2 2 2 2 2 2 2 2 2 2 2 2 2 2 2 2 2 2 2 2 2 2 2 2 2 2 2 2 2 2 2 2 2 2 2 2 2 2 2 2 2 2
left_child=2 3 9 13 41 6 14 12 -4 10 11 -1 18 34 -6 26 17 37 19 20 21 22 -5 24 -12 33 32 53 -22 35 31 -18 38 -13 54 45 -37 -9 44 40 58 47 -15 -16 -8 48 -47 -3 49 51 -51 -23 -53 -25 55 -2 57 -57 -7 -44 -35 -46
right_child=1 4 8 7 5 39 15 16 -10 -11 23 25 -14 42 43 -17 30 -19 -20 -21 28 29 -24 27 -26 -27 -28 -29 -30 -31 -32 -33 -34 60 -36 36 -38 -39 -40 -41 -42 -43 59 -45 61 46 -48 -49 -50 50 -52 52 -54 -55 -56 56 -58 -59 -60 -61 -62 -63
leaf_value=-0.005378578172357225 0.042517220467062938 -0.042248283163553779 0.080136219176406773 0.17271843068301679 0.06700772411517196 -0.050135928304535483 0.13287573996931315 0.065042502193578655 -0.019103795826181914 -0.098192671677757026 0.040487557271605031 -0.079895064131861135 0.15027875338609403 0.091122002767709404 -0.0094450230598318082 -0.03717845999028372 -0.017499960625023993 0.10609331915306081 -0.016557153950220553 -0.055789565836841415 -0.078396639618135644 0.063080263784471555 0.034254441969096661 -0.057867807256323955 -0.070321942715404137 -0.041804446106776597 -0.056619466356933115 -0.067922151060013466 0.025858078036608913 -0.0082152961830918979 0.055408072485416029 -0.12052220864729449 0.071360208143990841 -0.089501414422799519 0.18629778325557711 0.05679930820285032 -0.076828935425728564 -0.036249289531499529 0.015961328094871222 0.022821244068846509 -0.10248257125328696 0.04666016624067669 0.0091094055301264715 -0.054689769271650528 0.029357639582700691 0.033363714544767782 0.12443533118611444 0.014279198806200709 0.12898229645057158 0.13132710043961804 0.049596553444797464 0.020277248266696312 -0.073785474560766798 0.0022109592803800952 0.039606435029279623 0.16358164512177012 0.064352259764800204 0.073731356997180864 0.038441907411271875 0.094277823641896255 -0.15506313565757968 0.076043427193929494
leaf_weight=67 35 257 49 40 37 62 20 28 103 226 68 349 26 48 283 46 111 37 58 22 21 53 34 56 26 100 20 159 86 48 27 22 155 48 21 24 20 39 283 37 42 27 95 101 176 28 62 49 22 48 287 48 24 99 42 67 37 27 22 20 62 76
leaf_count=67 35 257 49 40 37 62 20 28 103 226 68 349 26 48 283 46 111 37 58 22 21 53 34 56 26 100 20 159 86 48 27 22 155 48 21 24 20 39 283 37 42 27 95 101 176 28 62 49 22 48 287 48 24 99 42 67 37 27 22 20 62 76
internal_value=0.000353563 0.0245846 -0.0562771 0.0467507 0.0035445 0.0109552 0.0172278 0.0375375 0.0128881 -0.0646208 -0.0572831 -0.0740162 0.0466594 0.0753071 -0.0135803 0.0339421 0.00467786 0.0416627 0.0437469 0.047781 0.0504776 0.0570136 0.1091 -0.0316092 0.00983812 -0.0822429 0.0384236 -0.044017 0.00539687 0.0512089 -0.0193623 -0.0345412 0.0411009 -0.0910531 0.0977973 0.0558393 -0.0039408 0.00608161 0.0326501 -0.0351079 -0.0521188 -0.0267216 0.0437105 -0.0213453 0.0500138 0.0604378 0.0961019 -0.0331965 0.0537785 0.0501818 0.0613072 0.0203657 -0.011077 -0.0194949 0.0888621 0.101324 0.117036 0.137774 -0.026937 0.0239213 -0.126454 0.0434375
internal_weight=4712 3300 1412 1607 1693 1360 1197 1215 152 1260 1034 626 951 392 421 776 264 104 925 867 845 738 74 408 94 559 730 314 107 664 160 133 710 459 229 616 44 67 555 163 126 333 163 384 272 572 90 306 482 460 335 125 72 155 208 166 131 94 84 115 110 252
internal_count=4712 3300 1412 1607 1693 1360 1197 1215 152 1260 1034 626 951 392 421 776 264 104 925 867 845 738 74 408 94 559 730 314 107 664 160 133 710 459 229 616 44 67 555 163 126 333 163 384 272 572 90 306 482 460 335 125 72 155 208 166 131 94 84 115 110 252
is_linear=0
shrinkage=0.05


Tree=24
num_leaves=63
num_cat=0
split_feature=13 33 21 38 16 2 2 22 7 24 33 30 35 38 32 31 30 33 7 5 11 5 12 16 29 12 29 5 25 30 29 37 35 33 5 20 21 25 12 33 2 2 35 37 32 29 29 31 6 6 24 37 29 5 35 29 11 29 14 11 29 5
split_gain=2334.19 555.596 294.164 158.654 138.128 139.566 156.94 132.619 129.842 119.689 119.451 104.119 95.1191 93.0202 102.942 95.1855 90.7253 90.2537 87.9909 96.5739 83.6613 105.346 104.239 94.4196 90.1283 74.8145 71.8383 67.1815 65.0797 64.0876 64.0287 63.7551 63.3634 62.9876 62.4892 62.0595 67.4809 92.271 78.0911 61.6585 64.3065 76.1732 59.579 58.4361 55.4898 115.542 106.125 79.6805 64.9726 60.5021 59.737 111.92 55.3756 52.5274 52.2938 51.277 65.3165 65.2001 49.2587 47.1797 51.9556 46.5927
threshold=1.0000000180025095e-35 11.500000000000002 1.0000000180025095e-35 0.057189542483660136 1.0000000180025095e-35 3.5000000000000004 9.5000000000000018 1.0000000180025095e-35 1.0000000180025095e-35 1.0000000180025095e-35 9.5000000000000018 57.45000000000001 0.048974613349613193 0.91287878787878796 0.39444444444444454 3.9899999999999953 49.716666666666676 12.500000000000002 1.0000000180025095e-35 0.58578431372549034 0.19375000000000003 0.60555555555555574 0.060661764705882359 1.0000000180025095e-35 51.095208333333339 1.0000000180025095e-35 55.473908730158733 0.57738095238095244 1.0000000180025095e-35 46.673333333333339 48.834259259259269 3.7299999999999995 -0.58905303030303002 9.5000000000000018 0.59411764705882364 1.0000000180025095e-35 1.0000000180025095e-35 1.0000000180025095e-35 1.0000000180025095e-35 7.5000000000000009 3.5000000000000004 9.5000000000000018 -0.52263976423902891 4.3214285714285712 0.59411764705882364 53.002916666666671 53.978067765567772 12.400000000000004 0.17914438502673799 0.44949494949494956 1.0000000180025095e-35 4.6000000000000059 53.802000000000007 0.42261904761904767 0.11191722629222621 51.61180555555557 0.20714285714285716 50.587013888888897 1.0000000180025095e-35 0.51470588235294124 45.639444444444457 0.2752525252525253
decision_type=2 2 2 2 2 2 2 2 2 2 2 2 2 2 2 2 2 2 2 2 2 2 2 2 2 2 2 2 2 2 2 2 2 2 2 2 2 2 2 2 2 2 2 2 2 2 2 2 2 2 2 2 2 2 2 2 2 2 2 2 2 2
left_child=1 3 9 35 5 30 7 17 11 18 -4 20 55 -10 15 -15 29 26 39 -20 22 23 -5 44 -23 42 32 -12 34 31 -3 -16 -7 -11 -6 36 37 38 -1 -2 -41 43 -8 -42 47 58 -47 49 -49 50 -22 -52 -32 -25 -34 57 -57 -9 -46 60 -45 -19
right_child=2 4 10 8 28 6 25 12 13 33 27 -13 -14 14 16 -17 -18 61 19 -21 21 24 -24 53 -26 -27 -28 -29 -30 -31 52 -33 54 -35 -36 -37 -38 -39 -40 40 41 -43 -44 59 45 46 -48 48 -50 -51 51 -53 -54 -55 -56 56 -58 -59 -60 -61 -62 -63
leaf_value=0.060670911772385906 -0.029462471589738248 -0.090570775020335406 0.087692113106067365 0.132534649701051 0.019653665931932879 -0.018273563631649677 0.057204839132027702 -0.0033454660598824662 -0.041387728596918097 0.055410236664689506 -0.031674513156696033 0.14276481500038735 -0.082827744671764472 0.010965763264008471 0.068746854300084329 0.122917018028406 0.083562174168500036 -0.036179867418970738 -0.10205185404122477 -0.020883600478775282 0.021040442669037901 -0.10842786651443354 0.029665097023319938 0.057815145658185851 0.019367272620768969 -0.098849850511828138 0.14796259358525277 0.069338594973087309 0.11801837712526322 -0.077787174953100016 -0.013933029907142245 -0.045534354476974563 0.10007098260490846 -0.032833367839946857 0.10658911198455219 0.13761204770117094 0.10749576909153105 0.12615528243283433 -0.0026586507905775043 -0.086735644892932062 -0.027702513523450892 -0.091092316969944576 -0.039279458200326189 -0.0089142292205776491 -0.071977684057007232 0.12591332159936428 0.0083615963095022994 0.15349173534799507 0.053108637630939481 0.094896134209672092 0.15400454568862917 0.0011739642845223781 -0.083721511720707922 0.1312142336072448 0.013090244984185255 -0.10487453974783421 -0.0075560580000281338 0.10499445615070208 0.00092845137302692126 0.0024884222447872162 -0.095424801550339916 0.018155236615042578
leaf_weight=178 153 42 39 53 149 29 20 41 78 26 93 26 48 37 23 39 22 42 248 43 327 22 46 65 37 43 20 20 25 39 205 26 48 91 24 33 77 39 67 222 228 108 80 21 36 32 48 27 40 38 25 23 33 39 27 20 125 21 65 20 100 651
leaf_count=178 153 42 39 53 149 29 20 41 78 26 93 26 48 37 23 39 22 42 248 43 327 22 46 65 37 43 20 20 25 39 205 26 48 91 24 33 77 39 67 222 228 108 80 21 36 32 48 27 40 38 25 23 33 39 27 20 125 21 65 20 100 651
internal_value=0.000335885 0.0233554 -0.0534633 0.0444132 0.00336727 -0.00183023 0.00550358 0.0120668 0.0354594 -0.0613898 0.0122436 0.0440875 -0.0194118 0.00444396 0.0236637 0.0684144 -0.00725498 0.0218919 -0.0663202 -0.0900579 0.0413079 0.0360901 0.0847367 0.041055 -0.0282852 -0.0436979 0.0611787 -0.0137961 0.0426111 -0.0299593 -0.0336538 0.00810785 0.0444895 -0.0132237 0.0317141 0.071979 0.0659793 0.0547231 0.0433522 -0.0582126 -0.0645055 -0.0541594 -0.0199826 -0.0433498 0.0340874 0.0104958 0.0553823 0.0429834 0.0935615 0.0347782 0.0286862 0.0807732 -0.0236096 0.0853398 0.0687579 -0.00470666 -0.0209793 0.0333503 -0.0250579 -0.0686518 -0.0804106 0.0148622
internal_weight=4712 3300 1412 1607 1693 1495 1215 1072 1213 1260 152 949 255 264 186 76 110 817 1143 291 923 824 99 765 59 143 124 113 198 88 280 49 104 117 173 394 361 284 245 852 699 477 100 369 661 181 80 480 67 413 375 48 238 104 75 207 145 62 101 141 121 693
internal_count=4712 3300 1412 1607 1693 1495 1215 1072 1213 1260 152 949 255 264 186 76 110 817 1143 291 923 824 99 765 59 143 124 113 198 88 280 49 104 117 173 394 361 284 245 852 699 477 100 369 661 181 80 480 67 413 375 48 238 104 75 207 145 62 101 141 121 693
is_linear=0
shrinkage=0.05


Tree=25
num_leaves=63
num_cat=0
split_feature=0 33 21 0 20 2 21 0 2 2 20 0 21 2 35 0 2 2 2 33 32 3 30 8 28 31 11 3 32 0 32 28 5 5 4 6 11 32 4 11 19 6 31 28 8 32 4 0 2 33 4 24 8 4 3 37 5 35 30 6 6 4
split_gain=2376.38 711.304 279.506 187.919 275.73 159.018 146.052 126.958 126.253 122.676 122.208 114.262 112.998 106.916 103.172 97.7971 121.178 97.2056 151.899 92.3144 92.8005 91.6076 86.9785 84.7228 76.6322 75.1168 71.254 69.5035 68.1287 66.4946 64.3963 62.8871 62.451 58.6267 57.9183 94.1994 56.4108 55.5442 53.4478 55.8895 53.3012 49.5859 49.3654 75.7455 74.8234 57.6447 72.6392 48.6671 147.416 78.2116 81.5513 54.5915 46.4993 46.3794 46.133 75.7603 43.6222 43.1512 52.7045 43.1483 79.608 61.4453
threshold=1450.0000000000002 8.5000000000000018 1.0000000180025095e-35 2100.0000000000005 1.0000000180025095e-35 9.5000000000000018 1.0000000180025095e-35 2350.0000000000005 9.5000000000000018 6.5000000000000009 1.0000000180025095e-35 1100.0000000000002 1.0000000180025095e-35 4.5000000000000009 0.84797743055555574 1700.0000000000002 8.5000000000000018 9.5000000000000018 6.5000000000000009 13.500000000000002 0.24264705882352944 1.5000000000000002 44.058333333333337 11.500000000000002 18.500000000000004 16.227083333333336 0.29705882352941182 1.0000000180025095e-35 0.16025641025641027 1700.0000000000002 0.63068181818181823 10.500000000000002 0.44097222222222227 0.5590277777777779 0.23303167420814483 0.17914438502673799 0.36038961038961043 0.48529411764705888 1.0000000180025095e-35 0.23303167420814483 1.0000000180025095e-35 0.43303571428571436 6.2000000000000002 8.5000000000000018 15.500000000000002 0.57738095238095244 0.2817460317460318 1700.0000000000002 8.5000000000000018 6.5000000000000009 0.10555555555555557 1.0000000180025095e-35 8.5000000000000018 0.080128205128205135 1.5000000000000002 3.4000000000000004 0.44949494949494956 -0.079826388888888739 46.112500000000004 0.069047619047619066 0.17914438502673799 0.11437908496732027
decision_type=2 2 2 2 2 2 2 2 2 2 2 2 2 2 2 2 2 2 2 2 2 2 2 2 2 2 2 2 2 2 2 2 2 2 2 2 2 2 2 2 2 2 2 2 2 2 2 2 2 2 2 2 2 2 2 2 2 2 2 2 2 2
left_child=2 5 8 4 6 7 15 10 9 11 12 -1 47 26 25 16 -3 18 40 20 -6 57 -18 24 -11 33 -5 -24 -15 30 -8 -22 -7 -4 35 -31 -12 -21 -13 -40 -17 -10 44 -44 -20 -45 -47 48 54 50 -49 -51 -52 -30 55 -2 -37 58 -19 -14 -61 -62
right_child=1 3 14 13 19 32 29 -9 41 23 36 38 59 28 -16 17 22 21 42 37 31 -23 27 -25 -26 -27 -28 -29 53 34 -32 -33 -34 -35 -36 56 -38 -39 39 -41 -42 -43 43 45 -46 46 -48 49 -50 51 52 -53 -54 -55 -56 -57 -58 -59 -60 60 61 -63
leaf_value=-0.0063227376428001865 0.044426110044955031 -0.043880565510640693 0.028704031295518379 -0.07355569336297256 0.028076989190386877 -0.054688184124392442 -0.012957671351198638 0.1432444638123905 -0.11093041287629005 0.032346800119174943 0.2059634140133858 -0.029538675596561745 0.045192497322956722 0.10895815573470749 -0.074646335614046877 -0.0012428428927741652 0.078073954209685326 -0.03870612599753908 0.030057088444954246 0.00163835100228748 0.20288960557916891 -0.089894031601793628 0.054842034047064572 -0.04628279524186428 -0.064415562552000802 -0.044653604693710804 0.019586162498922317 -0.051610266563037167 0.094679573961557489 -0.061953590745511267 0.084008296355605139 0.093769936720209737 0.050229926909441537 0.11842709356546402 0.095287262429685701 0.08438125430047512 0.095172717753383859 0.081935186458356457 -0.036186417948169215 -0.086893064237242065 -0.038892016729005267 -0.06037831698217945 0.075824119770359771 -0.019933341112919153 -0.066853488712305467 0.079676093136553064 -0.01811846620884949 0.018764266253195026 0.11250176381988404 0.014044577460568232 0.13286059939048508 0.087292519567365001 0.076015416199627983 0.036335129484354231 -0.045378598485242679 -0.057474891903499761 0.0244027716289093 -0.039028059806976767 0.048665389282008018 0.19563367175667182 0.13523066407513051 0.052009146542664857
leaf_weight=67 76 331 67 28 28 37 119 55 158 76 20 57 30 46 28 354 38 28 69 62 23 51 23 291 28 25 77 46 39 23 20 31 23 25 46 50 27 33 62 440 128 70 107 55 28 55 29 44 39 111 55 33 104 269 37 24 77 74 45 23 42 47
leaf_count=67 76 331 67 28 28 37 119 55 158 76 20 57 30 46 28 354 38 28 69 62 23 51 23 291 28 25 77 46 39 23 20 31 23 25 46 50 27 33 62 440 128 70 107 55 28 55 29 44 39 111 55 33 104 269 37 24 77 74 45 23 42 47
internal_value=0.000493513 0.0238631 -0.0541417 0.0102415 0.00353782 0.0639207 -0.00233007 0.0700529 -0.0617701 -0.054258 0.064399 -0.0680253 0.058892 0.0390573 0.0115683 -0.00915768 -0.0289278 -0.000693067 0.00685757 0.0630787 0.101945 -0.032154 0.0173281 -0.0324394 0.00629539 0.0322009 -0.00525167 -0.0161262 0.0521998 0.0274464 0.000994266 0.140247 -0.0144696 0.0530853 0.0462059 0.0311543 0.142318 0.0295309 -0.0754208 -0.0806305 -0.011241 -0.09541 0.0322905 0.0442016 0.0020829 0.0198591 0.0459137 0.0481524 0.0267361 0.0590149 0.0790077 0.0308306 0.0956788 0.0437229 0.00232101 0.0199699 0.0480163 -0.0121218 0.015153 0.098447 0.112712 0.0912822
internal_weight=4653 3259 1394 2432 1973 827 1796 767 1249 1021 712 626 665 459 145 1461 438 1023 825 177 82 198 107 395 104 117 105 69 354 335 139 54 60 92 196 150 47 95 559 502 482 228 343 246 97 139 84 523 176 347 203 144 159 308 137 100 127 147 73 142 112 89
internal_count=4653 3259 1394 2432 1973 827 1796 767 1249 1021 712 626 665 459 145 1461 438 1023 825 177 82 198 107 395 104 117 105 69 354 335 139 54 60 92 196 150 47 95 559 502 482 228 343 246 97 139 84 523 176 347 203 144 159 308 137 100 127 147 73 142 112 89
is_linear=0
shrinkage=0.05


Tree=26
num_leaves=63
num_cat=0
split_feature=0 33 21 0 20 2 21 0 2 2 20 0 21 12 36 33 0 2 2 2 7 33 12 29 34 2 31 7 6 34 11 8 33 27 28 34 11 0 31 2 30 9 36 34 34 28 11 29 6 11 36 30 30 11 34 31 6 31 28 8 6 2
split_gain=2144.68 641.952 252.254 169.596 248.846 143.513 131.812 114.58 113.943 110.715 110.293 103.122 101.981 98.987 98.1119 89.6333 88.2619 109.363 87.7281 137.088 126.982 83.3137 82.6758 81.4224 83.7626 80.434 81.5129 79.6378 78.8595 77.5244 76.9333 76.4624 75.3007 73.8983 69.1605 64.055 61.9101 60.0114 58.6814 61.3904 59.7696 54.3769 54.1373 77.8025 54.0733 90.5383 50.9108 50.6095 49.7776 60.9021 47.7089 50.4801 47.513 45.9904 45.7797 44.7564 44.7513 44.5523 68.3603 67.5282 44.255 70.4079
threshold=1450.0000000000002 8.5000000000000018 1.0000000180025095e-35 2100.0000000000005 1.0000000180025095e-35 9.5000000000000018 1.0000000180025095e-35 2350.0000000000005 9.5000000000000018 6.5000000000000009 1.0000000180025095e-35 1100.0000000000002 1.0000000180025095e-35 1.0000000180025095e-35 -1.7000000000000017 14.500000000000002 1700.0000000000002 8.5000000000000018 9.5000000000000018 6.5000000000000009 1.0000000180025095e-35 13.500000000000002 1.0000000180025095e-35 46.557348484848482 28.500000000000004 7.5000000000000009 8.0000000000000053 1.0000000180025095e-35 0.10555555555555557 103.50000000000001 0.31009615384615391 11.500000000000002 15.500000000000002 3.5000000000000004 18.500000000000004 77.500000000000014 0.43303571428571436 1700.0000000000002 10.245000000000003 5.5000000000000009 48.51250000000001 1.0000000180025095e-35 -2.5224999999999991 44.500000000000007 116.50000000000001 36.500000000000007 0.36038961038961043 54.463333333333345 0.17156862745098042 0.44097222222222227 -3.7899999999999987 49.425000000000011 51.112500000000004 0.18465909090909094 38.500000000000007 3.2250000000000019 0.43303571428571436 6.2000000000000002 8.5000000000000018 15.500000000000002 0.20714285714285716 5.5000000000000009
decision_type=2 2 2 2 2 2 2 2 2 2 2 2 2 2 2 2 2 2 2 2 2 2 2 2 2 2 2 2 2 2 2 2 2 2 2 2 2 2 2 2 2 2 2 2 2 2 2 2 2 2 2 2 2 2 2 2 2 2 2 2 2 2
left_child=2 5 8 4 6 7 16 10 9 11 12 -1 60 15 23 -4 17 -3 19 20 38 33 47 -5 -25 26 -16 53 -19 -23 -30 34 -22 -6 -11 -35 -32 -8 40 -40 -18 -29 50 -44 -33 -46 -12 -20 -45 -50 -39 -52 -26 -13 -43 -55 -10 59 -59 -21 61 -2
right_child=1 3 13 14 21 -7 37 -9 56 31 46 27 -14 -15 25 -17 18 28 22 57 32 29 -24 24 52 -27 -28 41 30 -31 36 44 -34 35 -36 -37 -38 42 39 -41 -42 54 43 48 45 -47 -48 -49 49 -51 51 -53 -54 55 -56 -57 -58 58 -60 -61 -62 -63
leaf_value=-0.0060066005729361265 0.0012510654250425953 -0.041686536840464236 0.072564709298312671 0.1508449808135629 0.03751552346511744 -0.013746096199999253 0.00094455366069785991 0.13608224042437295 -0.10538389246521779 0.030729460645785658 0.19566524386405948 0.0015299260616302491 0.093524603519431315 -0.057117686745447996 0.052485406461970086 -0.021843339662385608 -0.050011591395198167 -0.073064442817121752 -0.023492811482754491 0.028554234368915576 -0.036986024399380112 -0.010464703132483093 -0.085399329691540959 -0.034068417170181359 0.044290757068235598 0.058373102408021377 -0.047310819240335963 -0.065920554722348854 0.094353016700063436 0.081018142038956298 -0.052041862306318111 -0.059802417664310686 -0.14006656327030875 0.20413208112120629 -0.061194783156471588 0.088612401535113655 0.057396040918926396 0.028406151096251882 0.00050625353323994202 0.057474477241436644 0.010063042346088368 -0.19101566745278736 -0.060553043368070027 -0.021210129397070926 0.0465045800040427 -0.050928058061981578 0.090414082120966036 0.060346865405639022 0.032252483928893155 0.13467183255013968 0.16013572154485661 0.058445874843388229 0.096312392379955536 -0.029115969994091901 -0.10700549199990927 -0.073271756824290338 -0.057359401503178691 0.072032913447261968 0.018866152874138706 -0.063510814776444546 0.031393623065273719 0.072003111762374089
leaf_weight=67 42 331 65 20 32 60 139 55 158 76 20 27 142 39 28 41 79 20 126 69 91 55 51 29 203 47 76 48 35 40 28 189 22 20 28 30 24 33 128 75 87 24 23 23 38 64 27 21 47 21 23 26 56 69 50 341 70 107 139 28 265 216
leaf_count=67 42 331 65 20 32 60 139 55 158 76 20 27 142 39 28 41 79 20 126 69 91 55 51 29 203 47 76 48 35 40 28 189 22 20 28 30 24 33 128 75 87 24 23 23 38 64 27 21 47 21 23 26 56 69 50 341 70 107 139 28 265 216
internal_value=0.000468837 0.0226699 -0.0514346 0.00972946 0.00336093 0.0607246 -0.00221357 0.0665502 -0.0586816 -0.0515451 0.0611791 -0.064624 0.0559474 0.0109899 0.0371044 0.0360484 -0.0086998 -0.0274814 -0.000658413 0.00651469 -0.0106789 0.0599247 -0.0305463 0.0532904 0.0465157 0.00408944 -0.0204426 -0.0716497 0.0164617 0.0280544 0.0370424 -0.0308175 -0.0570548 0.0968477 0.00598063 0.13482 -0.00153206 0.0260741 0.00352291 0.0215536 -0.0185267 -0.107368 0.0438956 0.021609 -0.0439687 -0.0146296 0.135202 -0.0115157 0.0423752 0.063882 0.0748795 0.106178 0.0555387 -0.0616782 -0.134252 -0.0658407 -0.0906395 0.030676 0.0419915 0.00197876 0.0457448 0.0604853
internal_weight=4653 3259 1394 2432 1973 827 1796 767 1249 1021 712 626 665 145 459 106 1461 438 1023 825 482 177 198 308 288 151 104 559 107 95 87 395 113 82 104 50 52 335 369 203 166 122 196 114 291 102 47 147 91 68 82 49 259 437 74 410 228 343 246 97 523 258
internal_count=4653 3259 1394 2432 1973 827 1796 767 1249 1021 712 626 665 145 459 106 1461 438 1023 825 482 177 198 308 288 151 104 559 107 95 87 395 113 82 104 50 52 335 369 203 166 122 196 114 291 102 47 147 91 68 82 49 259 437 74 410 228 343 246 97 523 258
is_linear=0
shrinkage=0.05


Tree=27
num_leaves=63
num_cat=0
split_feature=0 38 0 21 20 8 8 21 2 2 20 2 7 0 35 21 8 7 28 37 28 8 8 30 30 28 30 31 2 36 34 34 24 30 30 35 28 37 34 35 35 35 28 31 11 30 8 4 4 24 34 31 6 37 4 9 11 9 35 32 6 37
split_gain=1935.58 417.334 294.048 227.66 215.861 187.205 171.44 113.14 102.834 99.9207 99.8475 97.0577 124.809 93.0675 91.2639 86.3866 81.8893 71.8731 69.3203 70.5571 100.149 69.1018 68.9407 91.7387 67.7596 66.1406 65.7931 65.4572 65.0422 63.5895 73.6289 63.5132 68.3254 60.5247 59.9143 59.169 58.5542 56.091 55.7411 54.2351 91.1233 69.3701 67.2203 53.4725 172.327 80.7816 52.7893 55.3322 60.4994 51.7399 91.3643 68.6861 54.0982 112.051 54.9794 52.8018 51.4262 50.1807 53.8437 49.3135 63.1997 49.0838
threshold=1450.0000000000002 0.057189542483660136 2100.0000000000005 1.0000000180025095e-35 1.0000000180025095e-35 15.500000000000002 8.5000000000000018 1.0000000180025095e-35 9.5000000000000018 6.5000000000000009 1.0000000180025095e-35 4.5000000000000009 1.5000000000000002 1100.0000000000002 0.84797743055555574 1.0000000180025095e-35 8.5000000000000018 1.0000000180025095e-35 34.500000000000007 4.441250000000001 19.500000000000004 10.500000000000002 14.500000000000002 43.608333333333341 43.695000000000007 11.500000000000002 48.908333333333339 16.227083333333336 7.5000000000000009 -1.3050000000000013 42.500000000000007 89.500000000000014 1.0000000180025095e-35 37.550000000000004 46.88750000000001 -1.0896904761904762 43.500000000000007 2.7250000000000001 110.50000000000001 0.06125529100529143 0.12038070436507954 0.015651260504201497 25.500000000000004 12.655000000000003 0.28991596638655465 43.405000000000008 10.500000000000002 0.10555555555555557 0.2817460317460318 1.0000000180025095e-35 21.500000000000004 14.6 0.41421568627450983 4.0200000000000022 0.080128205128205135 0.087121212121212141 0.29705882352941182 0.10555555555555557 0.040421626984127081 0.44097222222222227 0.10555555555555557 5.8788888888888895
decision_type=2 2 2 2 2 2 2 2 2 2 2 2 2 2 2 2 2 2 2 2 2 2 2 2 2 2 2 2 2 2 2 2 2 2 2 2 2 2 2 2 2 2 2 2 2 2 2 2 2 2 2 2 2 2 2 2 2 2 2 2 2 2
left_child=3 10 4 8 5 7 -4 16 9 13 15 24 31 -1 27 46 37 -15 19 43 33 25 23 -6 -8 28 -25 57 -11 30 59 32 35 -21 -33 -13 -20 -3 61 41 -41 49 -42 -7 -45 -46 47 -2 -49 52 -51 -52 55 -54 -55 -18 -26 58 -5 60 -9 -24
right_child=1 2 6 14 22 18 11 29 -10 21 -12 12 -14 17 -16 -17 39 -19 36 20 -22 -23 38 26 56 -27 -28 -29 -30 -31 -32 34 -34 -35 -36 -37 -38 -39 -40 40 42 -43 -44 44 45 -47 -48 48 -50 50 51 -53 53 54 -56 -57 -58 -59 -60 -61 -62 -63
leaf_value=-0.0057062706256757918 0.0045823499001562597 -0.013585268386772702 0.11899284275873781 0.13114124507022401 0.1618254500087993 -0.010964008337059232 -0.086074918863319222 0.10034629684583894 -0.0861075544200854 -0.025544654476371682 0.15291593472162884 0.0035098876013900295 -0.037285618319813356 -0.058594267321818452 -0.070646236374575108 0.10795243986416608 0.024258502810153851 -0.10199914237743886 -0.11525159850716592 0.062364979904322396 -0.10873327992856503 -0.039484269895593949 -0.030813678990428646 0.013020819081709937 -0.053420937487057278 -0.064481722638010983 0.11151074444254239 -0.041897264540195468 0.084789705769542395 -0.025955695682205262 0.075689701886585692 -0.026647656474794664 0.15952438626970566 -0.025374374146867509 0.052091950101133148 0.076636793595678807 -0.016946025538657393 0.052577229165644557 0.083200652531037741 -0.10339285558355707 0.001675264268111782 0.0880156082316087 -0.06559605712748387 0.1427076063912224 -0.065708788940983434 0.048437120164594345 0.033390345691728433 0.14536572524035971 0.057033940355869985 -0.056200950592756274 0.09490192604233634 -0.010193978080695327 -0.090942009292701464 0.072797476403091269 -0.02514687441289425 -0.010506277631439673 0.036927748093056302 -0.014618289729823236 0.038404877069923619 -0.039323303404335791 0.01342733043183883 0.062807674076230766
leaf_weight=67 20 42 73 24 29 162 21 29 228 22 33 33 38 437 28 80 215 122 33 21 35 319 42 39 21 20 30 25 34 32 128 35 21 307 78 171 28 135 30 28 238 26 44 27 31 31 185 36 42 20 53 22 47 23 38 222 63 23 45 26 75 21
leaf_count=67 20 42 73 24 29 162 21 29 228 22 33 33 38 437 28 80 215 122 33 21 35 319 42 39 21 20 30 25 34 32 128 35 21 307 78 171 28 135 30 28 238 26 44 27 31 31 185 36 42 20 53 22 47 23 38 222 63 23 45 26 75 21
internal_value=0.000445396 0.0215364 0.0148821 -0.0488629 0.00703312 0.00244221 0.0475955 0.012609 -0.0557475 -0.0489678 0.0696461 0.0367597 0.0486287 -0.0613928 0.0104404 0.0620762 0.00558753 -0.0680672 -0.0192922 -0.0142417 -0.0283359 -0.0292766 0.0579418 0.0872048 -0.00574252 0.0135689 0.0558425 0.0298458 0.0414441 0.0405255 0.0487712 0.0582877 0.0736477 -0.0197569 0.0277036 0.0648074 -0.0701277 0.0368777 0.0271054 -8.70097e-05 -0.0173629 0.00795434 -0.00882097 0.00614149 0.0372773 -0.00863583 0.0491076 0.0787779 0.0978025 0.00470185 0.0387528 0.0640738 -0.00123363 -0.0329214 0.011783 0.00659768 0.0143406 0.0493412 0.070661 0.0222668 0.0376643 0.000393439
internal_weight=4653 3259 2863 1394 2309 2118 554 1443 1249 1021 396 481 376 626 145 363 1153 559 675 614 363 395 191 98 105 76 69 117 56 290 258 338 225 328 113 204 61 177 93 976 310 666 282 251 89 62 283 98 78 640 95 75 545 108 61 437 84 92 69 130 104 63
internal_count=4653 3259 2863 1394 2309 2118 554 1443 1249 1021 396 481 376 626 145 363 1153 559 675 614 363 395 191 98 105 76 69 117 56 290 258 338 225 328 113 204 61 177 93 976 310 666 282 251 89 62 283 98 78 640 95 75 545 108 61 437 84 92 69 130 104 63
is_linear=0
shrinkage=0.05


Tree=28
num_leaves=63
num_cat=0
split_feature=35 8 33 29 26 20 21 28 30 34 28 30 28 30 26 14 37 21 6 4 34 9 6 26 6 8 31 30 30 4 35 35 35 11 35 36 32 31 8 4 31 31 29 27 34 36 30 8 9 9 11 4 5 24 15 5 3 6 9 14 14 32
split_gain=1476.44 295.312 202.242 155.943 146.289 110.46 139.979 97.6258 97.2211 107.733 145.398 122.227 88.3072 87.2162 85.5091 78.6829 89.1869 76.675 71.78 70.3435 68.312 144.071 68.2555 66.885 65.806 65.6543 77.6362 65.1436 64.0696 62.1843 60.2236 58.5464 106.296 98.9695 102.474 64.6803 69.6006 58.2981 57.1103 56.5259 78.6698 58.4121 57.4361 81.5803 62.7572 56.1046 85.1327 76.4636 75.2737 55.7534 60.3254 77.6446 73.916 56.3815 54.6348 73.0347 54.2153 53.3964 76.4816 67.6314 52.96 52.6123
threshold=0.34148256373256397 15.500000000000002 8.5000000000000018 49.604518518518525 1.0000000180025095e-35 1.0000000180025095e-35 1.0000000180025095e-35 61.500000000000007 37.850000000000009 37.500000000000007 4.5000000000000009 51.625000000000007 32.500000000000007 48.740000000000016 1.0000000180025095e-35 1.0000000180025095e-35 3.7853571428571411 1.0000000180025095e-35 0.54195804195804198 0.17914438502673799 23.500000000000004 0.16025641025641027 0.2817460317460318 1.0000000180025095e-35 0.069047619047619066 10.500000000000002 5.8277777777777695 43.108333333333341 42.406250000000007 1.0000000180025095e-35 -0.20570707070707075 0.06125529100529143 0.024999999999999547 0.30384615384615393 0.20256200396825377 -1.3199999999999994 0.57738095238095244 13.71666666666667 10.500000000000002 0.12916666666666668 13.491666666666669 20.020000000000003 52.451666666666675 7.5000000000000009 91.500000000000014 -4.3500000000000005 46.75500000000001 10.500000000000002 0.10555555555555557 0.12132352941176472 0.39444444444444454 0.2817460317460318 0.19375000000000003 1.0000000180025095e-35 1.0000000180025095e-35 0.39444444444444454 1.5000000000000002 0.17914438502673799 0.069047619047619066 1.0000000180025095e-35 1.0000000180025095e-35 0.63068181818181823
decision_type=2 2 2 2 2 2 2 2 2 2 2 2 2 2 2 2 2 2 2 2 2 2 2 2 2 2 2 2 2 2 2 2 2 2 2 2 2 2 2 2 2 2 2 2 2 2 2 2 2 2 2 2 2 2 2 2 2 2 2 2 2 2
left_child=1 2 4 7 5 6 38 15 -4 13 -11 14 -5 45 31 18 -17 29 23 -14 21 30 -7 -2 -8 -22 -27 -18 -25 -3 -15 32 35 -33 60 39 -37 -19 49 40 61 42 43 44 -41 -10 47 48 -47 53 51 -51 -52 -1 -44 -56 -45 -26 59 -59 -35 -12
right_child=3 17 8 12 -6 22 24 -9 9 10 11 -13 19 20 -16 16 27 37 -20 -21 25 -23 -24 28 57 26 -28 -29 -30 -31 -32 33 -34 34 -36 36 -38 -39 -40 41 -42 -43 54 56 -46 46 -48 -49 -50 50 52 -53 -54 -55 55 -57 -58 58 -60 -61 -62 -63
leaf_value=0.022187337578004285 -0.049582863925159065 0.054512003958225252 0.083839787556366493 -0.0026642981160873102 -0.021607591865154416 0.074624526839364658 0.039204194084615319 -0.12804360991637959 0.052254705727100371 0.10409957702670779 0.065338159209738178 0.089116786585235211 -0.016484873030673374 0.03207514683933968 -0.039279528678609781 -0.10175326118866604 0.029668419799172736 0.044875891767896532 -0.010621973620727658 -0.14442161442268461 0.093435254043271382 -0.12187136657859968 0.20224994480609895 -0.10565315335746045 0.18408580112230521 0.063698292280045851 -0.039671072125202045 -0.044510899872883508 -0.038772028967594879 -0.013732830630602436 -0.063474040196742867 0.048951249481476056 0.13779705565067984 -0.043688627172793662 0.021531108303650008 -0.083680459043804431 0.014639179119667799 -0.018706113238837207 0.016408712891807335 0.049683132048134938 0.0048899717628955843 -0.045405126339004891 0.069584432587027553 0.0030224964767694477 -0.045030391864154654 0.091656318622139799 -0.098613890934558149 -0.042092241344325175 -0.037367207650095227 0.17007234732692059 0.10585873018611561 0.071054568023880924 -0.0087612864776299548 0.096568127647042284 0.062015680216768003 -0.024384309070221349 -0.11072169440290468 0.20435599173818317 0.03617766381752107 0.085655242550585958 -0.14872831693473496 0.15897956375032662
leaf_weight=169 694 35 55 321 65 22 37 38 20 56 60 61 22 94 65 24 83 123 95 21 43 23 20 115 23 39 34 46 52 721 20 47 21 28 37 27 54 51 171 73 43 31 100 20 23 26 42 102 20 26 22 83 39 30 47 51 22 21 31 28 21 20
leaf_count=169 694 35 55 321 65 22 37 38 20 56 60 61 22 94 65 24 83 123 95 21 43 23 20 115 23 39 34 46 52 721 20 47 21 28 37 27 54 51 171 73 43 31 100 20 23 26 42 102 20 26 22 83 39 30 47 51 22 21 31 28 21 20
internal_value=0.000423126 0.0199549 0.0298942 -0.0401915 0.050238 0.0567061 0.0518457 -0.0492403 0.0186587 0.0160419 0.0260597 0.0209242 -0.0116779 -0.00358251 0.0156587 -0.0465401 -0.013249 -0.00368573 -0.051868 -0.0789656 0.0161884 -0.00771867 0.135399 -0.056419 0.096399 0.0444236 0.0155537 0.00321688 -0.0848279 -0.0105733 0.0153121 0.0205842 0.0273189 -0.00939261 -0.0412782 0.0232558 -0.018134 0.0262398 0.0402948 0.0300978 0.0594321 0.0202664 0.0263254 0.00156335 0.0269914 -0.0274018 -0.0357867 -0.0179574 0.0355591 0.051364 0.0723918 0.0946735 0.0325771 0.0334005 0.0435837 0.0170524 -0.0565578 0.116945 0.0976416 0.136527 -0.0887056 0.0887485
internal_weight=4653 3142 2212 1511 787 722 680 1147 1425 1370 907 851 364 463 790 1109 153 930 956 43 253 137 42 861 140 116 73 129 167 756 114 725 592 133 86 571 81 174 540 490 123 367 336 138 96 210 190 148 46 369 170 109 61 199 198 98 42 103 80 49 49 80
internal_count=4653 3142 2212 1511 787 722 680 1147 1425 1370 907 851 364 463 790 1109 153 930 956 43 253 137 42 861 140 116 73 129 167 756 114 725 592 133 86 571 81 174 540 490 123 367 336 138 96 210 190 148 46 369 170 109 61 199 198 98 42 103 80 49 49 80
is_linear=0
shrinkage=0.05


Tree=29
num_leaves=63
num_cat=0
split_feature=13 38 16 8 21 25 35 38 20 24 9 28 20 35 12 8 21 20 28 37 36 37 30 11 11 24 5 37 27 10 31 36 8 36 31 11 36 28 8 36 27 35 31 5 5 36 8 36 31 37 11 30 37 2 37 35 35 36 38 30 31 37
split_gain=1614.37 361.919 237.749 195.628 194.257 162.757 94.8707 120.336 90.3148 85.4015 84.2173 83.0022 82.6301 82.1889 80.303 71.8125 70.4994 69.2412 68.4082 67.2311 64.9611 76.9911 69.4278 94.4377 83.1085 74.4019 64.13 62.6887 68.2328 61.37 60.6041 60.5331 91.2569 64.6486 61.4956 59.7349 59.0034 57.9902 56.1411 55.8383 58.8107 54.4564 54.7344 55.935 53.5599 53.3483 51.9466 110.008 81.4244 71.5912 59.2154 57.2725 57.7206 73.8371 60.9346 56.7769 94.7083 74.2879 55.3657 53.2623 50.3179 50.0933
threshold=1.0000000180025095e-35 0.057189542483660136 1.0000000180025095e-35 13.500000000000002 1.0000000180025095e-35 1.0000000180025095e-35 0.06125529100529143 0.90454545454545465 1.0000000180025095e-35 1.0000000180025095e-35 1.0000000180025095e-35 3.5000000000000004 1.0000000180025095e-35 0.015651260504201497 1.0000000180025095e-35 8.5000000000000018 1.0000000180025095e-35 1.0000000180025095e-35 61.500000000000007 3.8725000000000001 -1.3816666666666675 2.8799999999999977 51.025000000000006 0.42261904761904767 0.44097222222222227 1.0000000180025095e-35 0.39444444444444454 4.2301785714285716 4.5000000000000009 1.5000000000000002 16.227083333333336 -2.0000000000000022 7.5000000000000009 -5.1499999999999977 10.300000000000002 0.55050505050505061 -0.94722222222222141 5.5000000000000009 11.500000000000002 -1.6527777777777779 7.5000000000000009 0.55428323412698421 7.3027777777777816 0.39444444444444454 0.43303571428571436 -1.2878571428571417 15.500000000000002 -1.0816666666666663 19.625000000000004 2.6200000000000006 0.58578431372549034 51.112500000000004 3.3569444444444438 8.5000000000000018 4.3214285714285712 -0.32406440781440754 -0.41785912698412703 -2.7249999999999992 0.87083333333333346 44.608333333333341 6.3454365079365127 2.1000000000000036
decision_type=2 2 2 2 2 2 2 2 2 2 2 2 2 2 2 2 2 2 2 2 2 2 2 2 2 2 2 2 2 2 2 2 2 2 2 2 2 2 2 2 2 2 2 2 2 2 2 2 2 2 2 2 2 2 2 2 2 2 2 2 2 2
left_child=1 12 3 6 9 15 8 -8 13 18 -11 -7 16 20 30 -4 -1 36 27 -9 21 22 24 -24 25 -3 -22 -2 -29 -18 38 32 -23 -34 60 39 46 -10 -6 -21 -41 42 43 -17 -38 -19 51 48 49 -48 55 52 53 -5 -54 56 59 -57 -59 -51 -33 -28
right_child=4 2 5 17 14 11 7 19 37 10 -12 -13 -14 -15 -16 41 29 45 -20 35 26 31 23 -25 -26 -27 61 28 -30 -31 -32 34 33 -35 -36 -37 44 -39 -40 40 -42 -43 -44 -45 -46 -47 47 -49 -50 50 -52 -53 54 -55 -56 57 -58 58 -60 -61 -62 -63
leaf_value=0.045863628627028148 -0.044838119986327363 -0.013887244950541678 0.10317446497372457 -0.0082102581426717249 0.11781294591238965 0.20829534828662874 0.067126623698725157 -0.060224702366842679 0.031335772297555402 0.051106931700518256 -0.040259685720006627 0.083214324930061909 0.14021651631954946 0.11658910755068064 -0.051193237763184768 0.0044431905346837917 0.15870231929501255 0.015209297006310641 -0.12718099512858316 -0.040973306954445614 0.024641621858760152 0.072880404437175736 0.1703417055308819 0.035478828996419909 0.10408986091021111 0.095819634180516006 0.008561973174801096 -0.030700831799711809 -0.082514529196782607 0.06688757342859529 -0.045676705352962019 0.04828768359896328 0.087847755068824418 -0.0022845372636482201 0.076777963316704667 0.072417609828213853 0.0026266321729592704 0.12149352032159055 0.026543508135964945 0.041519308294500075 -0.055293289678437378 -0.043934181301544112 0.018936205770170755 0.099827454976883598 -0.086087021571786507 0.10451825285796078 -0.081337634876978648 0.092639726141224732 0.045608069006677555 -0.073160111834960337 0.062072310300374578 0.053548538854535102 0.058186660295254315 -0.11340450956062838 -0.0020683203941011955 -0.09340048732410651 0.070891181657013178 0.030092619462428912 -0.035493952670090256 -0.0058393911127754255 -0.055550663247704503 -0.092310190794523808
leaf_weight=283 750 68 36 69 23 21 52 65 31 38 75 36 33 24 39 22 28 102 32 83 53 52 27 25 33 20 20 83 271 52 20 28 21 378 79 24 27 42 63 62 21 24 162 51 46 20 49 23 46 35 22 59 57 22 159 48 36 38 210 183 20 32
leaf_count=283 750 68 36 69 23 21 52 65 31 38 75 36 33 24 39 22 28 102 32 83 53 52 27 25 33 20 20 83 271 52 20 28 21 378 79 24 27 42 63 62 21 24 162 51 46 20 49 23 46 35 22 59 57 22 159 48 36 38 210 183 20 32
internal_value=0.00040197 0.0196637 0.0134668 0.00807214 -0.0446295 0.05195 0.0219783 -0.00219461 0.0297653 -0.0509891 -0.00953463 0.129297 0.0644656 0.0253321 0.0101508 0.037005 0.0575791 -0.00593403 -0.0551127 -0.0163307 0.0227734 0.0279238 0.0571863 0.105504 0.0364217 0.0110461 -0.0140636 -0.0530237 -0.0703661 0.0990227 0.0327208 0.0191653 0.0105788 0.00245927 0.0496575 -0.00131434 -0.00980087 0.0832074 0.0509528 -0.0119744 0.0170246 0.0278077 0.0351345 0.0710815 -0.0532751 0.0298501 -0.00679555 -0.0148722 -0.0185795 -0.0233342 -0.0183653 0.00843097 -0.000239838 -0.0336418 0.0138323 -0.0215828 -0.00424067 -0.0364643 -0.0254444 -0.0166478 0.00502171 -0.0535132
internal_weight=4653 3259 2863 2511 1394 352 1260 307 953 1249 113 57 396 880 145 295 363 1251 1136 255 856 751 173 52 121 88 105 1104 354 80 106 578 451 399 127 190 1129 73 86 166 83 259 235 73 73 122 1056 690 667 621 572 366 307 91 216 550 254 296 248 218 48 52
internal_count=4653 3259 2863 2511 1394 352 1260 307 953 1249 113 57 396 880 145 295 363 1251 1136 255 856 751 173 52 121 88 105 1104 354 80 106 578 451 399 127 190 1129 73 86 166 83 259 235 73 73 122 1056 690 667 621 572 366 307 91 216 550 254 296 248 218 48 52
is_linear=0
shrinkage=0.05


Tree=30
num_leaves=63
num_cat=0
split_feature=13 33 21 2 28 35 2 8 35 16 34 30 37 32 33 29 32 35 36 12 27 5 30 12 21 16 38 11 5 34 11 11 28 34 35 11 37 11 35 4 36 34 32 30 5 28 34 30 37 35 32 37 37 28 34 34 34 5 29 24 36 30
split_gain=1374.87 332.908 192.67 161.154 163.944 144.422 120.889 118.969 103.089 102.031 132.236 112.923 103.062 89.5704 88.8145 84.8748 81.6378 72.6046 72.5436 89.4039 83.6424 67.6771 64.5499 63.5776 78.7101 62.8928 62.7142 66.8622 59.7054 58.9431 58.319 58.1074 56.0638 60.4638 61.8775 55.883 55.1656 54.618 89.7541 107.32 78.6072 91.1655 94.4463 80.4294 65.8542 72.0131 129.253 111.691 99.2742 90.2787 65.3681 64.5713 65.6903 58.2117 56.6438 70.9391 54.5422 53.6409 73.0654 64.404 53.2685 52.2542
threshold=1.0000000180025095e-35 8.5000000000000018 1.0000000180025095e-35 3.5000000000000004 33.500000000000007 0.91706878306878259 9.5000000000000018 13.500000000000002 0.51660714285714315 1.0000000180025095e-35 87.500000000000014 46.88750000000001 1.7035714285714298 0.67708333333333337 15.500000000000002 54.133666666666677 0.76696832579185525 -0.54212301587301559 -5.6000000000000005 0.19375000000000003 1.0000000180025095e-35 0.42261904761904767 45.50500000000001 0.16025641025641027 1.0000000180025095e-35 1.0000000180025095e-35 0.97222222222222232 0.11437908496732027 0.21825396825396828 61.500000000000007 0.20714285714285716 0.55050505050505061 13.500000000000002 35.500000000000007 -0.73518766534391566 0.20714285714285716 4.0200000000000022 0.26969696969696971 0.54298460798460801 0.12132352941176472 -1.7666666666666642 61.500000000000007 0.74166666666666681 45.011111111111113 0.51470588235294124 9.5000000000000018 105.50000000000001 46.673333333333339 2.9249999999999994 -0.1451215277777774 0.41421568627450983 3.9915476190476196 5.720833333333335 7.5000000000000009 19.500000000000004 14.500000000000002 37.500000000000007 0.55050505050505061 45.816972222222226 1.0000000180025095e-35 -1.3199999999999994 43.695000000000007
decision_type=2 2 2 2 2 2 2 2 2 2 2 2 2 2 2 2 2 2 2 2 2 2 2 2 2 2 2 2 2 2 2 2 2 2 2 2 2 2 2 2 2 2 2 2 2 2 2 2 2 2 2 2 2 2 2 2 2 2 2 2 2 2
left_child=1 5 14 56 6 7 9 23 -4 12 15 -12 -5 -6 31 36 22 -9 -14 20 -20 -13 -15 24 25 28 32 -28 -1 61 -19 57 33 -22 -35 -29 -11 53 40 -40 41 50 43 -43 45 -42 47 49 -48 -47 54 -45 -53 -37 55 -39 -3 59 -59 -2 -18 -30
right_child=2 3 8 4 13 -7 -8 17 -10 10 11 21 18 16 -16 -17 60 30 19 -21 26 -23 -24 -25 -26 -27 27 35 29 -31 -32 -33 -34 34 -36 37 -38 38 39 -41 44 42 -44 51 -46 46 48 -49 -50 -51 -52 52 -54 -55 -56 -57 -58 58 -60 -61 -62 -63
leaf_value=0.095367504979826906 -0.057978359891731793 -0.063775223124003605 0.044955039680159348 0.12479935613545506 -0.10559969888482656 -0.067500679713806938 -0.018390761807304919 -0.061679363537293225 -0.041932422812520104 0.18138467291226756 -0.086652331410542793 -0.027338977046310903 0.10386927464733953 -0.022874240046367053 -0.065852394534774761 0.030801272906951217 -0.017426073503698788 -0.053613522984087475 0.10889926524832845 -0.063439715902010599 -0.01683970520385978 0.088574339383665268 0.10263775445166089 -0.019761134094248217 0.10019633255575014 0.11524074088389938 0.091658895410011723 -0.019412829836501794 0.050281545558088538 0.10265552565893706 0.036514170817099512 0.0022224281761276574 -0.058593760937070243 0.10452625400253707 0.013749901550469427 0.11530832177028061 0.090617250928536383 0.041633472110455233 0.0035984541475772864 0.16196600568035377 0.066301283007487652 -0.021770837957539212 0.15162730893741053 0.021272093625586543 -0.085350267920229178 0.066565733445300299 -0.045458535760241961 -0.12642638556220953 0.091334761642954426 -0.071055453585890632 -0.025354674320188494 0.12497556558686329 0.01860625534540131 0.033775307389873048 0.0388609641237605 -0.07551317952831077 -0.013260421822567217 -0.051869185174390389 0.0072634828189071625 0.0054730843667956915 -0.10775879728607834 0.0086310347630165693
leaf_weight=57 439 63 90 22 36 28 211 26 55 26 23 20 23 20 477 38 51 20 24 36 177 34 21 24 115 38 33 85 185 34 175 79 39 21 177 30 47 24 20 23 32 41 21 61 27 22 21 34 36 26 101 47 21 81 155 28 352 103 106 44 24 127
leaf_count=57 439 63 90 22 36 28 211 26 55 26 23 20 23 20 477 38 51 20 24 36 177 34 21 24 115 38 33 85 185 34 175 79 39 21 177 30 47 24 20 23 32 41 21 61 27 22 21 34 36 26 101 47 21 81 155 28 352 103 106 44 24 127
internal_value=-0.000934027 0.0167265 -0.0425561 0.00747236 0.0132529 0.0441206 0.0172768 0.0480224 0.0119977 0.0217672 0.0564745 0.00612655 0.0173821 -0.0367015 -0.0488945 0.0914005 -0.0153192 0.0168056 0.0157701 0.0143659 0.0163566 0.0456435 0.0414124 0.0599171 0.0633565 0.0537497 0.0147507 0.0217102 0.0479515 0.0401402 0.0272703 -0.038403 -0.00153865 0.00439508 0.0233777 0.0192441 0.122945 0.0231052 0.0181993 0.0883067 0.0138742 0.0244513 0.0515903 0.0392328 -0.0127823 -0.00132415 -0.0168926 -0.0570914 0.0409372 -0.00797908 0.00762163 0.0586216 0.0921262 0.0558113 0.0237115 -0.0214455 -0.0209289 -0.0430409 -0.0218785 -0.0521981 -0.0463325 0.0333277
internal_weight=4676 3283 1393 2454 2039 829 1887 801 145 1676 188 77 1488 152 1248 111 116 221 1466 1443 1407 54 41 580 556 441 1383 969 403 346 195 771 414 375 198 936 73 851 740 43 697 499 191 170 198 171 139 82 57 48 308 129 68 111 207 52 415 692 209 483 75 312
internal_count=4676 3283 1393 2454 2039 829 1887 801 145 1676 188 77 1488 152 1248 111 116 221 1466 1443 1407 54 41 580 556 441 1383 969 403 346 195 771 414 375 198 936 73 851 740 43 697 499 191 170 198 171 139 82 57 48 308 129 68 111 207 52 415 692 209 483 75 312
is_linear=0
shrinkage=0.05


Tree=31
num_leaves=63
num_cat=0
split_feature=0 33 21 12 7 0 2 28 22 32 2 2 35 2 35 33 9 7 0 11 2 2 0 24 28 28 37 31 29 34 5 10 37 9 21 5 28 34 35 37 6 35 9 27 35 30 6 9 4 4 34 0 12 6 4 11 2 2 29 37 34 28
split_gain=1255.35 302.684 167.985 136.605 133.296 116.477 144.146 114.364 105.308 132.089 105.28 109.705 104.039 98.6349 93.0376 89.3701 88.8611 109.021 83.7044 82.1339 80.3429 75.5704 86.8768 100.22 87.2193 103.402 85.0738 108.767 83.3385 73.7138 72.3797 80.4044 71.2249 69.0174 78.3394 69.2733 68.7337 92.8226 68.9863 68.6313 67.7044 67.5818 66.3036 71.9041 65.2673 64.6648 64.4574 61.8852 61.0678 61.0018 59.5236 70.5543 57.801 73.8335 56.1238 55.9888 71.0436 55.868 55.2904 54.569 54.3731 59.459
threshold=1550.0000000000002 9.5000000000000018 1.0000000180025095e-35 0.18465909090909094 1.0000000180025095e-35 1700.0000000000002 9.5000000000000018 36.500000000000007 1.0000000180025095e-35 0.17156862745098042 8.5000000000000018 5.5000000000000009 0.69677083333333301 3.5000000000000004 0.51660714285714315 15.500000000000002 0.06458333333333334 1.0000000180025095e-35 2350.0000000000005 0.48529411764705888 3.5000000000000004 9.5000000000000018 1700.0000000000002 1.0000000180025095e-35 7.5000000000000009 28.500000000000004 2.8943650793650781 7.1050000000000049 54.00138888888889 72.500000000000014 0.62019230769230782 3.5000000000000004 3.0499999999999989 0.11437908496732027 1.0000000180025095e-35 0.41421568627450983 1.5000000000000002 36.500000000000007 -0.76211038961038902 3.799999999999998 0.48529411764705888 -0.85359024859943933 0.10555555555555557 3.5000000000000004 1.2586768353174602 46.112500000000004 0.095454545454545472 0.095454545454545472 0.07417582417582419 0.12916666666666668 94.500000000000014 2450.0000000000005 0.087121212121212141 0.16025641025641027 0.17914438502673799 0.40588235294117653 4.5000000000000009 4.5000000000000009 54.312366071428578 3.2741666666666673 78.500000000000014 4.5000000000000009
decision_type=2 2 2 2 2 2 2 2 2 2 2 2 2 2 2 2 2 2 2 2 2 2 2 2 2 2 2 2 2 2 2 2 2 2 2 2 2 2 2 2 2 2 2 2 2 2 2 2 2 2 2 2 2 2 2 2 2 2 2 2 2 2
left_child=2 3 15 5 7 10 12 18 13 -10 11 -2 29 39 -4 16 44 -18 20 52 -3 22 23 24 -22 28 27 -24 -26 33 31 -13 -28 34 42 -36 -34 -38 -39 -6 -37 -29 43 -7 -1 49 -8 -40 -21 -23 55 -52 60 -54 -50 56 -20 -9 -43 -12 61 -15
right_child=1 4 14 -5 8 6 46 57 9 -11 59 30 -14 19 -16 -17 17 -19 50 48 21 45 26 -25 25 -27 32 41 -30 -31 -32 -33 36 -35 35 40 37 38 47 -41 -42 58 -44 -45 -46 -47 -48 -49 54 -51 51 -53 53 -55 -56 -57 -58 -59 -60 -61 -62 -63
leaf_value=-0.0065186423634150323 0.042813779634529175 -0.016856039214578029 0.042707289409720239 -0.07038473037204572 0.014944724156521261 0.054059410948966803 0.060659411336694447 0.022445048263360717 0.044177491441369059 -0.10303248520103808 0.14770166404545307 0.0059165735764858812 -0.052826877273619177 0.013412194591805791 -0.039835801429369239 -0.062559774859400327 -0.036290632738249513 -0.093356031455014921 0.01922491453588009 0.12002227171931579 0.040893446424375951 -0.0083562514345560755 -0.10735818410122938 -0.062538309371134693 -0.011950073251196373 0.074665191342994083 0.12596775563838689 0.097692910865880556 -0.12048140485421754 0.12127164740115404 -0.11424194049090147 -0.10355188913643361 0.09378655603195124 0.079682626300347795 0.031041470297745295 0.1692889891564846 -0.0066238627269864089 0.095515708984048278 0.050856929419514467 -0.08584831947820229 0.054599373211914853 0.020405380058757687 -0.024069590299493737 -0.023742600892271315 -0.06057090418197323 0.020984009573192793 -0.042576458364621636 0.0033916103574535197 -0.023176273343891936 -0.11272663895672719 -0.061755684018135075 0.04253221276808869 -0.00065216527630885439 -0.13072976498398931 0.085698613096028567 0.020583727654247059 0.12151177594887799 -0.058561651799827821 -0.076913851834833624 0.030901578664779661 0.032168303025157559 -0.056635328272490626
leaf_weight=293 97 211 90 28 24 196 21 29 20 64 20 104 20 66 55 477 350 110 24 23 149 28 22 52 153 31 23 20 20 50 20 20 47 227 35 31 125 54 195 57 22 54 45 35 69 43 54 106 29 28 23 55 24 20 20 42 58 80 20 20 92 56
leaf_count=293 97 211 90 28 24 196 21 29 20 64 20 104 20 66 55 477 350 110 24 23 149 28 22 52 153 31 23 20 20 50 20 20 47 227 35 31 125 54 195 57 22 54 45 35 69 43 54 106 29 28 23 55 24 20 20 42 58 80 20 20 92 56
internal_value=-0.000887326 0.0164293 -0.0396458 0.0385651 0.00585227 0.0415647 0.0520202 0.0125289 -0.0169696 -0.0679825 0.0141795 0.00171114 0.0594737 -0.00654366 0.0113978 -0.0453435 -0.0353531 -0.0499367 0.0159399 0.00559162 0.0115427 0.0166641 0.0205276 0.00226608 0.0118123 -0.00942828 0.0316326 -0.00727938 -0.024497 0.0629776 -0.0259761 -0.0117396 0.0398395 0.0580458 0.0445525 0.0856318 0.0360805 0.0304302 0.0434774 -0.0559837 0.121682 0.0161433 0.0314548 0.0422712 -0.0168214 -0.0251314 -0.0136704 0.0341416 0.0528107 -0.0605414 0.0460024 0.0117807 -0.0075858 -0.0597783 0.0212625 0.067529 0.0915742 -0.0370094 -0.00589712 0.0893016 0.00314538 -0.0187408
internal_weight=4676 3232 1444 1045 2187 1017 736 1692 495 84 281 241 661 411 145 1299 822 460 1583 330 1381 1170 1071 405 353 204 666 116 173 641 144 124 550 591 364 88 527 480 355 81 53 94 276 231 362 99 75 301 72 56 202 78 258 44 49 124 82 109 74 40 214 122
internal_count=4676 3232 1444 1045 2187 1017 736 1692 495 84 281 241 661 411 145 1299 822 460 1583 330 1381 1170 1071 405 353 204 666 116 173 641 144 124 550 591 364 88 527 480 355 81 53 94 276 231 362 99 75 301 72 56 202 78 258 44 49 124 82 109 74 40 214 122
is_linear=0
shrinkage=0.05


Tree=32
num_leaves=63
num_cat=0
split_feature=0 8 27 29 21 7 2 28 3 7 31 4 37 31 34 29 37 30 8 8 34 37 8 37 2 29 31 30 31 31 30 8 4 3 2 22 32 11 32 30 29 29 29 37 37 2 34 27 31 37 27 29 28 7 11 2 0 37 11 34 31 8
split_gain=1132.95 275.619 161.495 163.299 151.606 109.307 96.0808 82.3744 81.7202 89.7511 76.1616 79.1949 71.2493 101.157 66.5726 95.915 68.4596 65.6375 61.9797 59.5735 58.6669 88.1635 56.3125 55.7532 55.5785 113.728 55.5487 55.4517 61.6634 58.2572 55.2956 62.4494 55.2382 54.5185 54.4635 67.4195 94.2048 53.9306 51.9216 51.5063 64.7109 84.0949 68.5742 48.5771 48.3955 48.114 48.0576 55.0598 50.3904 129.17 85.1367 52.1035 60.248 51.9593 46.2418 55.1581 55.5934 45.9154 45.3193 44.9474 52.8878 44.7494
threshold=1550.0000000000002 12.500000000000002 3.5000000000000004 58.244270833333346 1.0000000180025095e-35 1.0000000180025095e-35 9.5000000000000018 6.5000000000000009 1.0000000180025095e-35 1.0000000180025095e-35 20.200000000000003 0.19375000000000003 3.2900000000000005 12.985357142857142 48.500000000000007 52.789416666666675 7.1999999999999948 43.870833333333344 11.500000000000002 15.500000000000002 9.5000000000000018 3.7499999999999987 14.500000000000002 5.7944444444444461 8.5000000000000018 54.133666666666677 14.383333333333335 50.008333333333347 12.116666666666665 9.4000000000000039 44.683333333333344 15.500000000000002 0.095454545454545472 1.5000000000000002 3.5000000000000004 1.0000000180025095e-35 0.17156862745098042 0.48529411764705888 0.12132352941176472 55.425000000000004 50.697083333333346 51.652314814814822 42.975396825396835 3.3569444444444438 4.599999999999997 9.5000000000000018 89.500000000000014 6.5000000000000009 12.800000000000002 4.5000000000000036 6.5000000000000009 52.011354166666678 8.5000000000000018 1.0000000180025095e-35 0.21825396825396828 5.5000000000000009 1100.0000000000002 4.5389285714285714 0.18465909090909094 94.500000000000014 8.9000000000000039 9.5000000000000018
decision_type=2 2 2 2 2 2 2 2 2 2 2 2 2 2 2 2 2 2 2 2 2 2 2 2 2 2 2 2 2 2 2 2 2 2 2 2 2 2 2 2 2 2 2 2 2 2 2 2 2 2 2 2 2 2 2 2 2 2 2 2 2 2
left_child=4 2 3 12 8 6 7 24 19 38 14 -12 18 20 16 46 27 -11 61 23 -14 -22 43 57 26 -26 58 28 29 -4 -6 -32 -17 -8 -24 37 -37 -36 -10 40 42 -42 -23 -7 -44 54 48 -48 51 50 -50 52 -16 -54 -40 56 -56 -1 -3 60 -34 -2
right_child=1 5 10 -5 30 22 33 -9 9 17 11 -13 13 -15 15 32 -18 -19 -20 -21 21 39 34 -25 25 -27 -28 -29 -30 -31 31 -33 59 -35 35 36 -38 -39 45 -41 41 -43 44 -45 -46 -47 47 -49 49 -51 -52 -53 53 -55 55 -57 -58 -59 -60 -61 -62 -63
leaf_value=-0.0091648374027028922 0.068250347924082591 -0.042609771239854724 -0.013943308844630208 0.14501263911259318 -0.01089235373326222 0.051042145291908786 -0.016540095466189089 0.0018379542310295368 -0.0094490943271666773 -0.065609058591550876 0.037988974971019412 -0.08065344124662284 -0.038224694468081001 0.1175183003672698 -0.012786612696945669 -0.0040665842207341365 0.083016979321837436 -0.13351919603016643 0.11893123335276659 -0.047657155638222981 -0.060383848931926942 0.076816843005438007 -0.092355241692241505 0.059961591875897002 0.10535341829061509 -0.027051746748063876 -0.035576867451891307 0.026985880394500717 0.0058635424249447315 -0.11070472253220423 0.10292133019704904 -0.01275931813812349 0.13432755147417386 -0.10088459733128548 -0.022137799810208317 -0.0012758933559611993 -0.12721000924198464 0.049533641742891633 -0.00049289712976468235 -0.036000989377498627 0.16092944315501623 0.049572548420507123 0.052434593406505886 -0.014079718846413826 -0.040139928219529497 -0.085830921075617281 -0.07254373883207639 0.0095482373166305493 0.0028248418122529986 0.077907879894663551 -0.13439147336408497 -0.023098455617825191 0.11377392668090761 0.022967997549668606 -0.0046943261584436353 -0.028984288560729848 -0.074716364592082099 -0.079858688480005824 0.029374717429656597 0.02495422865717839 0.062376234396140574 0.028124864026904107
leaf_weight=197 169 23 28 42 97 42 82 731 100 170 22 39 40 28 20 29 20 45 39 171 26 31 34 26 55 23 40 54 52 35 28 20 39 25 146 27 33 32 57 22 21 88 20 90 48 75 30 64 26 29 20 21 50 23 33 198 201 26 443 39 74 118
leaf_count=197 169 23 28 42 97 42 82 731 100 170 22 39 40 28 20 29 20 45 39 171 26 31 34 26 55 23 40 54 52 35 28 20 39 25 146 27 33 32 57 22 21 88 20 90 48 75 30 64 26 29 20 21 50 23 33 198 201 26 443 39 74 118
internal_value=-0.00084296 0.0156078 0.0322476 0.0494604 -0.0376635 0.00279539 0.00931596 0.0130233 -0.0430764 -0.0517452 0.0155651 -0.0378644 0.0432863 0.0266812 0.0205562 0.0307452 -0.00445818 -0.0798228 0.0597895 -0.0249337 0.0180885 0.0268875 -0.0201557 -0.0093285 0.0270242 0.0663109 0.0209682 -0.0148103 -0.0344363 -0.0676996 0.0108279 0.0547211 0.0591707 -0.0362468 -0.0331599 -0.0247035 -0.0705397 -0.00925305 -0.0426538 0.0367529 0.0444481 0.0710266 0.0151848 0.00664087 -0.0129121 -0.0485411 0.0125649 -0.0166513 0.0270958 -0.00473407 -0.0568344 0.0480365 0.0640992 0.0851638 -0.0428219 -0.0484069 -0.0648415 -0.0174072 0.0258218 0.0712357 0.087209 0.0517528
internal_weight=4676 3232 1406 692 1444 1826 1422 1315 1299 879 714 61 650 324 653 464 189 215 326 420 296 256 404 249 584 78 506 169 115 63 145 48 181 107 272 238 60 178 664 230 208 109 99 132 68 564 283 94 189 75 46 114 93 73 489 432 234 223 466 152 113 287
internal_count=4676 3232 1406 692 1444 1826 1422 1315 1299 879 714 61 650 324 653 464 189 215 326 420 296 256 404 249 584 78 506 169 115 63 145 48 181 107 272 238 60 178 664 230 208 109 99 132 68 564 283 94 189 75 46 114 93 73 489 432 234 223 466 152 113 287
is_linear=0
shrinkage=0.05


Tree=33
num_leaves=63
num_cat=0
split_feature=13 21 25 21 35 36 38 29 31 31 15 30 35 29 11 29 37 34 28 2 28 28 34 4 15 5 35 36 36 9 6 5 10 11 31 29 32 9 29 10 34 36 9 6 4 2 2 29 9 11 6 11 29 6 5 29 35 9 30 29 32 5
split_gain=1014.46 191.481 165.701 142.037 107.409 108.663 104.429 90.6546 86.7519 83.6816 81.8078 105.884 81.2656 78.3156 77.9604 73.7961 99.8625 85.0461 70.5642 69.7158 69.5287 68.9828 87.1436 67.3691 67.0291 77.5093 67.9331 65.297 120.105 64.8831 111.562 92.5569 75.9703 63.9892 61.5195 64.2684 63.9659 60.3893 59.9856 59.837 85.548 70.8003 64.0666 58.3703 64.8742 57.4166 75.3413 55.5847 55.3207 54.7975 53.354 53.1781 53.102 52.9539 52.8524 51.6334 68.7889 70.9525 59.1761 51.0829 50.7558 50.5852
threshold=1.0000000180025095e-35 1.0000000180025095e-35 1.0000000180025095e-35 1.0000000180025095e-35 0.06125529100529143 -2.199999999999998 0.79285714285714304 50.083125000000003 15.71666666666667 10.84722222222222 1.0000000180025095e-35 52.925000000000011 0.51660714285714315 53.502777777777787 0.35504201680672276 53.740749999999998 4.4258333333333351 87.500000000000014 32.500000000000007 6.5000000000000009 62.500000000000007 10.500000000000002 66.500000000000014 0.36931818181818188 1.0000000180025095e-35 0.2817460317460318 0.14041258169934676 -1.1142857142857132 -1.3816666666666675 0.19375000000000003 0.14835164835164838 0.39444444444444454 1.5000000000000002 0.21825396825396828 15.100000000000007 51.351136363636371 0.56696428571428581 0.06458333333333334 54.175595238095241 2.5000000000000004 35.500000000000007 -2.8416666666666655 0.060661764705882359 0.069047619047619066 0.35504201680672276 9.5000000000000018 7.5000000000000009 53.002916666666671 0.095454545454545472 0.20714285714285716 0.39444444444444454 0.59411764705882364 54.788402777777783 0.53137254901960795 0.32291666666666669 48.868171296296303 0.18761111111111148 0.087121212121212141 35.250000000000007 54.788402777777783 0.21825396825396828 0.5590277777777779
decision_type=2 2 2 2 2 2 2 2 2 2 2 2 2 2 2 2 2 2 2 2 2 2 2 2 2 2 2 2 2 2 2 2 2 2 2 2 2 2 2 2 2 2 2 2 2 2 2 2 2 2 2 2 2 2 2 2 2 2 2 2 2 2
left_child=1 2 4 20 5 6 -1 -4 24 13 11 -8 61 47 -13 21 17 19 43 -17 45 -7 -23 39 26 -26 29 28 53 30 38 -32 -33 -34 35 -11 -36 -37 -3 40 42 -42 -12 44 -6 46 49 60 -10 -2 -28 55 -19 -24 -15 58 -57 59 -45 -58 -9 -5
right_child=3 8 7 12 18 15 10 9 48 34 23 14 -14 54 -16 16 -18 52 -20 -21 -22 22 27 -25 25 -27 50 -29 -30 -31 31 32 33 -35 36 37 -38 -39 -40 -41 41 -43 -44 51 -46 -47 -48 -49 -50 -51 -52 -53 -54 -55 -56 56 57 -59 -60 -61 -62 -63
leaf_value=-0.061824176651943064 -0.00087523062314305989 0.13152137912552933 0.072433792155726942 0.017585472362254984 -0.089884489826684788 0.028032010442200189 -0.028287114171240788 0.11100606533000246 0.024679130396213046 -0.097768533259630211 0.027452083612265796 -0.005672480642795563 -0.037596217295662926 0.082837802767753599 0.12500662860416231 0.01896074338618553 0.13492290714134775 0.03571420317066127 -0.068642277618483558 0.12025831900537015 -0.11594080372803635 -0.080502957483986393 0.024197904613573809 0.080543385391555186 -3.3448139826456706e-06 0.10851827304026014 0.025525550779543427 0.07048383673386914 -0.067192210185541099 -0.023161739856004716 -0.035471158886426372 0.084068310072415331 -0.056531186206709771 0.040397843188709683 0.10526234692051298 -0.074917238862031985 -0.019680526247248056 0.026741417303370936 0.042406623517828333 -0.017939997045323255 0.12442722615193239 0.024917749984142108 -0.073322371424486249 0.038772940750305469 0.0068851583476724296 -0.063360851897682924 -0.011335119437537643 0.14983799523589286 -0.064271666751853349 -0.047341426038512949 -0.072316607396880339 0.056600513777562561 -0.06082081496881854 -0.056247456566147186 -0.010824535020672885 -0.035954005467439341 0.0081206474382820165 0.055371967196697375 -0.043506254315593823 -0.076305889636278157 0.014816893287934363 0.10352674680559532
leaf_weight=72 70 58 129 67 43 447 261 24 44 25 46 25 55 20 21 33 30 29 53 35 31 32 185 41 21 76 38 35 56 30 38 89 21 90 21 21 20 48 28 102 33 39 24 26 29 218 251 22 29 678 22 35 28 23 61 84 172 80 137 20 32 23
leaf_count=72 70 58 129 67 43 447 261 24 44 25 46 25 55 20 21 33 30 29 53 35 31 32 185 41 21 76 38 35 56 30 38 89 21 90 21 21 20 48 28 102 33 39 24 26 29 218 251 22 29 678 22 35 28 23 61 84 172 80 137 20 32 23
internal_value=-0.000800812 0.0143693 0.00875236 -0.0365536 0.00341146 0.010494 -0.00496627 0.0374897 0.0403286 0.0221571 0.00194888 -0.0159596 0.0102866 0.046737 0.0539854 0.0214967 0.053001 0.0333398 -0.0132465 0.0710992 -0.0419958 0.0152202 -0.00208158 0.0212398 0.0476124 0.0850239 0.0388469 0.00631134 -0.00219637 0.0471853 0.0536989 0.0360623 0.0496537 0.0220599 -0.00679251 -0.0290839 0.0443146 -0.00419817 0.102507 0.0112749 0.0322602 0.0705263 -0.00709916 -0.00855647 -0.0509078 -0.0401122 -0.0350389 0.0824964 -0.0106575 -0.042993 -0.0103499 -0.00305232 -0.0117065 0.0153025 0.012302 -0.00707516 0.00359622 0.0158103 -0.030382 -0.000673784 0.0560408 0.0395482
internal_weight=4676 3283 2699 1393 2276 1597 664 423 584 294 592 307 145 159 46 933 155 125 679 68 1248 778 331 285 511 97 414 299 264 354 324 238 200 111 135 94 41 69 86 244 142 72 70 626 72 1217 999 78 73 748 60 554 57 208 81 519 356 272 163 192 56 90
internal_count=4676 3283 2699 1393 2276 1597 664 423 584 294 592 307 145 159 46 933 155 125 679 68 1248 778 331 285 511 97 414 299 264 354 324 238 200 111 135 94 41 69 86 244 142 72 70 626 72 1217 999 78 73 748 60 554 57 208 81 519 356 272 163 192 56 90
is_linear=0
shrinkage=0.05


Tree=34
num_leaves=63
num_cat=0
split_feature=35 21 8 35 33 26 7 19 6 32 30 32 9 33 7 25 30 9 32 20 6 31 31 16 37 11 3 11 9 31 37 35 11 32 30 25 35 8 14 6 37 4 24 37 35 8 14 37 37 6 9 37 6 35 11 31 9 30 35 6 30 33
split_gain=732.022 230.893 176.509 133.508 103.325 101.801 97.6428 107.835 101.127 93.6215 85.6149 83.2798 77.4196 75.9503 88.8887 71.8909 73.5753 64.722 63.2791 62.5869 66.96 60.9773 90.7639 80.0469 60.6828 59.9941 58.9399 57.4874 68.9002 61.4883 56.8018 55.6302 52.1873 51.3385 56.7518 51.1328 47.8254 49.1236 57.0346 53.4847 83.5916 50.7292 57.0382 51.7422 50.4884 72.5786 49.6153 47.9263 47.6626 75.2859 55.3267 47.2279 66.3444 52.1119 45.8635 44.3283 58.0747 98.5824 43.7461 43.3054 41.7914 67.6074
threshold=0.26130952380952466 1.0000000180025095e-35 9.5000000000000018 0.84797743055555574 8.5000000000000018 1.0000000180025095e-35 1.5000000000000002 1.0000000180025095e-35 0.069047619047619066 0.095454545454545472 48.20833333333335 0.79285714285714304 0.12132352941176472 16.500000000000004 1.0000000180025095e-35 1.0000000180025095e-35 43.487500000000011 0.2817460317460318 0.65686274509803932 1.0000000180025095e-35 0.17156862745098042 12.000000000000005 12.250000000000005 1.0000000180025095e-35 2.6870833333333333 0.36931818181818188 1.5000000000000002 0.51470588235294124 0.12132352941176472 19.225000000000005 5.720833333333335 0.31722619047619077 0.41421568627450983 0.37980769230769235 48.740000000000016 1.0000000180025095e-35 0.18761111111111148 14.500000000000002 1.0000000180025095e-35 0.36038961038961043 3.1725000000000008 0.21825396825396828 1.0000000180025095e-35 4.6000000000000059 -0.046867559523809929 17.500000000000004 1.0000000180025095e-35 2.249999999999996 4.5389285714285714 0.31009615384615391 0.14835164835164838 2.9749999999999983 0.24264705882352944 -0.41785912698412703 0.51470588235294124 11.100000000000007 0.06458333333333334 42.508333333333347 -0.74769870448179276 -0.24264705882352938 42.710000000000015 1.0000000180025095e-35
decision_type=2 2 2 2 2 2 2 2 2 2 2 2 2 2 2 2 2 2 2 2 2 2 2 2 2 2 2 2 2 2 2 2 2 2 2 2 2 2 2 2 2 2 2 2 2 2 2 2 2 2 2 2 2 2 2 2 2 2 2 2 2 2
left_child=1 2 11 13 60 6 7 21 -8 -6 26 12 25 14 30 16 19 59 -17 20 -5 23 -23 36 -9 51 -7 28 29 -11 31 -2 -10 34 -18 -25 37 38 39 47 -41 42 43 44 -39 46 -46 -4 50 -50 54 52 -1 -53 -33 -16 -57 -58 -27 -14 61 -3
right_child=3 4 5 15 9 10 8 24 32 27 -12 -13 17 -15 55 18 33 -19 -20 -21 -22 22 -24 35 -26 58 -28 -29 -30 -31 -32 48 -34 -35 -36 -37 -38 41 -40 40 -42 -43 -44 -45 45 -47 -48 -49 49 -51 -52 53 -54 -55 -56 56 57 -59 -60 -61 -62 -63
leaf_value=-0.029155015448729199 -0.063570937367254179 0.072918483380620416 0.052786497016747792 -0.094691828453615942 0.11298213181396327 -0.032308523686823708 0.048350529317502625 0.011078429582618898 -0.086756983819897437 0.051556721825814139 0.022397092436612757 -0.050365233821449452 0.13693919679522515 -0.048074476580099709 -0.060193836879222952 0.050417947690737874 -0.071179527263607711 -0.010016922488808632 -0.048642728673959419 -0.019698812360963172 -0.051516602940277247 -0.09980308432941852 0.0021326302032893757 0.040835305784518522 -0.050105924025560036 -0.0010619134642183782 -0.10127994549416362 -0.028157896417028767 -0.0092031741985815693 -0.029872161264602955 0.030537269179507887 0.032873103417958953 -0.011229101336960283 0.0075496085820362926 0.019374440183552603 0.13150546634974689 0.069370203407911155 -0.027675728762130203 0.04160936812171713 -0.081635785908312414 0.02464761160616134 -0.027059717639731092 -0.059095586033967834 0.050269769391736698 -0.041238452970762465 0.10660730519077995 0.040914734401740135 0.0018354503662946324 0.020604354353915708 -0.074498982630346142 -0.049165319344930111 0.0013711261666483352 0.087229360431432729 -0.094978340342640882 -0.037483469990116584 0.042747383308596912 -0.11691498747095466 0.022358155478205948 0.060549190709168477 0.065256007942857588 0.10548669647711975 -0.028225293532013897
leaf_weight=24 38 95 75 119 30 118 27 62 66 214 54 27 25 130 94 38 62 25 28 106 366 23 432 48 117 40 42 51 87 26 148 163 35 94 24 23 39 76 230 37 37 122 26 86 34 22 40 120 38 46 31 36 25 23 27 32 24 27 103 134 65 20
leaf_count=24 38 95 75 119 30 118 27 62 66 214 54 27 25 130 94 38 62 25 28 106 366 23 432 48 117 40 42 51 87 26 148 163 35 94 24 23 39 76 230 37 37 122 26 86 34 22 40 120 38 46 31 36 25 23 27 32 24 27 103 134 65 20
internal_value=-0.000760771 0.0137452 0.00699977 -0.0277409 0.0418853 0.000538909 0.0044624 0.00772784 -0.0376056 0.0279637 -0.0320408 0.034843 0.0401318 -0.0131082 -0.00630333 -0.0416918 -0.0459792 0.0647683 0.00839221 -0.0545033 -0.0621101 0.0121896 -0.00302016 0.0190078 -0.0289136 0.0220716 -0.0504135 0.0212162 0.0289168 0.0427353 0.0046476 -0.00652346 -0.060584 -0.0179916 -0.0459087 0.0702073 0.015157 0.0128207 0.0233283 0.00769769 -0.0284941 -9.38013e-05 0.0114901 0.0186034 0.00277028 0.0268734 0.00316868 0.021432 0.000584097 -0.031476 0.0127699 -0.00605674 0.0302248 -0.0361888 0.0228751 -0.0366813 -0.0100527 -0.0431821 0.0433153 0.0765269 0.073441 0.0553283
internal_weight=4676 3041 2453 1635 588 1991 1777 1649 128 408 214 462 435 798 668 837 771 184 66 591 485 1470 455 1015 179 251 160 378 327 240 491 343 101 180 86 71 944 905 499 269 74 406 284 258 172 96 74 195 305 84 221 108 49 59 190 177 83 51 143 159 180 115
internal_count=4676 3041 2453 1635 588 1991 1777 1649 128 408 214 462 435 798 668 837 771 184 66 591 485 1470 455 1015 179 251 160 378 327 240 491 343 101 180 86 71 944 905 499 269 74 406 284 258 172 96 74 195 305 84 221 108 49 59 190 177 83 51 143 159 180 115
is_linear=0
shrinkage=0.05


Tree=35
num_leaves=63
num_cat=0
split_feature=0 8 27 8 9 2 2 7 0 8 30 11 29 6 6 29 29 6 21 37 15 7 34 8 0 32 5 2 8 33 2 0 8 38 34 37 0 11 37 34 6 11 34 32 21 34 3 11 38 29 33 34 32 0 34 37 30 32 34 6 21 30
split_gain=979.643 292.019 228.96 103.938 110.603 91.9828 83.8506 78.8178 77.5882 80.977 84.2843 88.7859 76.2616 75.3339 80.9945 82.0087 91.2633 72.8936 72.4798 71.6844 71.0802 68.0181 68.0166 99.2941 104.339 83.1054 65.7281 57.8641 61.0199 55.8862 55.5299 59.8104 66.0468 53.7326 73.1714 73.8813 63.4177 68.1215 52.9202 62.965 48.7593 70.7265 46.7303 80.9892 58.1187 47.1553 62.6254 46.6171 57.748 46.1158 55.594 60.6558 50.8312 50.5077 45.6474 71.9986 59.5534 72.4151 49.8599 44.7967 44.4108 43.9975
threshold=1550.0000000000002 15.500000000000002 3.5000000000000004 11.500000000000002 0.095454545454545472 9.5000000000000018 9.5000000000000018 1.0000000180025095e-35 2250.0000000000005 6.5000000000000009 46.583333333333336 0.53589743589743599 53.466840277777791 0.36931818181818188 0.35504201680672276 58.525000000000006 55.892023809523813 -1.0000000180025095e-35 1.0000000180025095e-35 5.4511111111111132 1.0000000180025095e-35 1.0000000180025095e-35 48.500000000000007 8.5000000000000018 1900.0000000000002 0.59411764705882364 0.42261904761904767 3.5000000000000004 7.5000000000000009 11.500000000000002 5.5000000000000009 1700.0000000000002 11.500000000000002 0.82843137254901966 36.500000000000007 6.8499999999999979 1700.0000000000002 0.2752525252525253 5.1394444444444431 37.500000000000007 0.17914438502673799 0.37980769230769235 19.500000000000004 0.12132352941176472 1.0000000180025095e-35 59.500000000000007 1.0000000180025095e-35 0.36931818181818188 0.93095238095238109 49.604518518518525 14.500000000000002 50.500000000000007 0.60555555555555574 1100.0000000000002 61.500000000000007 2.4752777777777806 47.112500000000004 0.46410256410256417 45.500000000000007 0.21825396825396828 1.0000000180025095e-35 40.516666666666673
decision_type=2 2 2 2 2 2 2 2 2 2 2 2 2 2 2 2 2 2 2 2 2 2 2 2 2 2 2 2 2 2 2 2 2 2 2 2 2 2 2 2 2 2 2 2 2 2 2 2 2 2 2 2 2 2 2 2 2 2 2 2 2 2
left_child=3 2 5 4 18 8 13 33 9 -2 27 17 -8 14 15 16 22 -12 -1 59 -18 49 25 24 -24 40 -10 -11 -29 -9 47 32 -32 -3 35 -35 37 -36 39 61 -4 -42 43 -19 45 46 -44 48 -30 53 51 -51 -52 -5 58 -56 -57 -58 -15 -7 -38 -23
right_child=1 7 6 21 -6 19 12 29 26 10 11 -13 -14 54 -16 -17 20 42 -20 -21 -22 38 23 -25 -26 -27 -28 28 30 -31 31 -33 -34 34 36 -37 60 -39 -40 -41 41 -43 44 -45 -46 -47 -48 -49 -50 50 52 -53 -54 -55 55 56 57 -59 -60 -61 -62 -63
leaf_value=0.0073713822947705501 0.11138151238361996 0.025198932998889201 0.031501965481965315 0.011841447383878713 -0.041065897561446602 -0.067466197400353853 -0.054215521067380902 -0.098099181867603746 0.046451074268896969 0.0093477574735879899 0.10273753566434607 -0.043914821512169314 0.04740675756086906 -0.0081049498844336966 0.095646829037247486 -0.048907307444549186 0.14484951544839603 -0.056221232767261209 0.10858546759933235 0.079979528710246092 0.036356401112344526 -0.082664003857859866 0.008592308275401592 0.02060726587988029 0.15811916454029937 -0.081685674563050273 0.12510588910302212 0.13938674901922543 0.029830545423409117 -0.022558962302163053 0.057743319167810329 0.060829549803808863 -0.035999644849272004 -0.01505750846117735 0.034451681354216168 -0.1133801615443723 0.0052023514139375865 -0.045548867421258278 -0.022078391437929487 -0.059244016728370021 0.029115165712741704 -0.086424320908608271 0.083737459963914462 0.030093926021393824 0.095026554167270669 -0.046199000924825671 -0.0016897515124744838 0.11972891169671829 0.12980474222451449 -0.032025370746850967 0.015402695365870992 0.080387356405456856 -0.065920198627788085 -0.041757224573908999 -0.056581818266469686 -0.0062240407932116545 0.10929240396556755 0.0045451696171905052 -0.091473905922010032 0.011973412397007149 0.053583908972463436 -0.17916088175205958
leaf_weight=153 42 185 84 47 137 35 80 28 49 60 32 45 24 47 37 41 26 42 20 20 36 27 20 512 28 32 58 24 52 195 34 143 42 56 35 29 310 111 62 153 26 27 41 77 38 20 45 52 20 20 33 30 46 678 37 86 33 33 29 36 56 21
leaf_count=153 42 185 84 47 137 35 80 28 49 60 32 45 24 47 37 41 26 42 20 20 36 27 20 512 28 32 58 24 52 195 34 143 42 56 35 29 310 111 62 153 26 27 41 77 38 20 45 52 20 20 33 30 46 678 37 86 33 33 29 36 56 21
internal_value=0.00141457 0.0165778 0.0266056 -0.0331197 -0.00750483 0.0443103 0.0122045 -0.00582279 0.0490733 0.0437811 0.0400793 0.0215047 -0.0307642 0.0161452 0.0232618 0.0200428 0.0236167 0.031484 0.0190724 -0.00363388 0.0818535 -0.0402285 0.0186637 0.0270538 0.0958163 -0.00913751 0.0890864 0.0548694 0.0623117 -0.0320438 0.0569187 0.0417804 0.005938 0.00165457 -0.00564143 -0.0486029 0.00149084 -0.0263707 -0.062462 -0.0749186 0.00780805 -0.0297446 0.0228143 -0.000370248 0.0419738 0.0229549 0.0390372 0.0836547 0.0576012 -0.0333815 -0.00583664 0.0354223 -0.0319499 -0.0382826 -0.00719181 0.00596743 0.0211932 0.0569188 -0.0399168 -0.027187 0.012605 -0.124881
internal_weight=4677 3250 2245 1427 310 1007 1238 1005 916 809 767 340 104 1134 869 832 791 295 173 91 62 1117 729 560 48 169 107 427 367 223 343 219 76 782 597 85 512 146 263 201 137 53 263 119 144 106 86 124 72 854 129 50 79 725 265 189 152 66 76 71 366 48
internal_count=4677 3250 2245 1427 310 1007 1238 1005 916 809 767 340 104 1134 869 832 791 295 173 91 62 1117 729 560 48 169 107 427 367 223 343 219 76 782 597 85 512 146 263 201 137 53 263 119 144 106 86 124 72 854 129 50 79 725 265 189 152 66 76 71 366 48
is_linear=0
shrinkage=0.05


Tree=36
num_leaves=63
num_cat=0
split_feature=13 8 33 35 7 35 28 8 35 2 2 2 14 2 28 24 10 31 6 2 30 38 34 36 28 2 34 15 33 31 11 8 2 28 11 28 35 7 33 34 33 35 12 31 36 25 11 9 11 36 11 31 9 30 6 30 30 3 34 32 11 9
split_gain=829.26 249.12 175.184 113.025 99.0974 85.623 89.9615 82.7754 87.1963 78.4072 77.6239 66.9038 83.2313 89.831 91.3145 76.646 72.4199 63.8562 69.5423 63.4625 62.986 60.4806 73.0799 79.106 72.9146 60.0965 59.6481 59.4416 92.8486 59.1508 59.0721 55.4947 55.0712 53.5736 52.7954 50.8387 53.5782 54.3505 47.4177 46.1861 61.6098 45.0486 43.7519 53.8296 46.4941 97.5569 51.4777 55.7222 47.8545 43.1764 47.0358 57.7837 43.1512 43.9542 44.5628 42.8522 42.7822 42.7099 41.7053 61.2399 59.4986 52.7724
threshold=1.0000000180025095e-35 13.500000000000002 7.5000000000000009 0.52529196729196737 1.5000000000000002 0.06125529100529143 7.5000000000000009 9.5000000000000018 -0.0067129629629639016 9.5000000000000018 3.5000000000000004 3.5000000000000004 1.0000000180025095e-35 4.5000000000000009 36.500000000000007 1.0000000180025095e-35 4.5000000000000009 4.616666666666668 0.37980769230769235 8.5000000000000018 44.955000000000005 0.97222222222222232 11.500000000000002 -4.9750000000000005 3.5000000000000004 4.5000000000000009 19.500000000000004 1.0000000180025095e-35 15.500000000000002 13.1 0.39444444444444454 9.5000000000000018 6.5000000000000009 69.500000000000014 0.19375000000000003 33.500000000000007 0.0091110675039243055 1.5000000000000002 9.5000000000000018 127.50000000000001 15.500000000000002 -0.51484374999999916 0.087121212121212141 11.900000000000004 -1.4166666666666681 1.0000000180025095e-35 0.57738095238095244 0.12132352941176472 0.48529411764705888 -2.0749999999999997 0.43303571428571436 8.4000000000000039 0.18465909090909094 42.508333333333347 0.24264705882352944 45.487500000000011 49.210000000000008 1.0000000180025095e-35 79.500000000000014 0.74166666666666681 0.41421568627450983 0.10555555555555557
decision_type=2 2 2 2 2 2 2 2 2 2 2 2 2 2 2 2 2 2 2 2 2 2 2 2 2 2 2 2 2 2 2 2 2 2 2 2 2 2 2 2 2 2 2 2 2 2 2 2 2 2 2 2 2 2 2 2 2 2 2 2 2 2
left_child=1 2 42 7 9 10 17 26 -9 11 55 49 15 -14 16 27 19 -7 31 32 -18 24 -23 -24 38 41 -2 28 -13 56 -6 -19 -15 39 -10 36 37 -27 -12 40 -5 -25 43 44 45 48 47 -46 -1 50 51 -3 53 54 -29 -4 -26 -34 60 -60 61 -8
right_child=3 4 5 33 30 6 58 8 34 -11 21 12 13 14 -16 -17 20 18 -20 -21 -22 22 23 25 29 35 -28 52 -30 -31 -32 -33 57 -35 -36 -37 -38 -39 -40 -41 -42 -43 -44 -45 46 -47 -48 -49 -50 -51 -52 -53 -54 -55 -56 -57 -58 -59 59 -61 -62 -63
leaf_value=0.028708763158804662 0.010666205069193474 -0.082420828921551059 0.037641756230130281 -0.034381154502186158 -0.072296751499451486 -0.011365129155191509 -0.13526187301255191 -0.074907781554746533 0.058327402661626164 -0.034253530872252878 0.087896427182756642 0.12779410800430924 0.050572027764227014 0.010383234672101489 -0.088557407500282417 0.094613558399890163 -0.12204829755106145 0.15698911845684052 -0.015950119495391848 0.047734713385050948 -0.014149548053913014 -0.057978049376979472 0.12131386388292803 0.040796908138033293 -0.12126998404661815 0.035806204557951367 0.10940913632512093 0.11350428431548856 0.014148624668397556 0.032474796686853678 0.0014350402190096 0.049465177177141113 0.0085987290470964373 -0.11645136452279986 -0.016237687097773665 -0.035695090736434974 0.11102384086698294 -0.021917602826248519 -0.013679878395050766 -0.018357003385255349 -0.065334360400212912 0.1338731719037661 0.018707204506020338 0.1347631610929966 0.065845284536480905 0.12034889835119247 0.00878368485076674 0.13040817714361258 -0.055283620140769263 -0.0026778887772961014 -0.11095133296081 0.025863963691933479 -0.043197545421620215 0.0086460957959663062 0.026673045032140283 -0.033670672933970185 -0.023547904286533597 -0.052864312674654163 0.011894404282281688 -0.084735835045576094 0.0043101267567996326 -0.033519539833068844
leaf_weight=74 65 22 29 457 71 55 26 62 26 122 27 32 83 279 31 42 21 20 21 77 38 20 28 26 21 557 20 22 41 21 44 30 45 23 273 27 22 44 20 206 248 26 68 24 150 25 29 43 22 197 21 28 30 209 45 77 24 76 91 20 29 25
leaf_count=74 65 22 29 457 71 55 26 62 26 122 27 32 83 279 31 42 21 20 21 77 38 20 28 26 21 557 20 22 41 21 44 30 45 23 273 27 22 44 20 206 248 26 68 24 150 25 29 43 22 197 21 28 30 209 45 77 24 76 91 20 29 25
internal_value=0.00134384 0.0149649 0.0281173 -0.0311987 0.000602518 0.0188393 -0.00371743 -0.0104914 -0.0209437 0.00412012 0.0262186 0.00761645 0.0132073 0.00198962 -0.00512209 0.0305268 -0.000296542 0.029077 0.0604054 0.00616719 -0.0525542 0.0311783 0.0363161 0.0388995 -0.0029225 0.0356123 0.0338998 0.0234248 0.0639658 -0.0368159 -0.0440863 0.0924748 -0.00183456 -0.0410868 -0.00975377 0.0314745 0.0343856 0.0315802 0.0446725 -0.039184 -0.0452697 0.087335 0.0555458 0.0623714 0.0573061 0.0323713 0.0708967 0.0802298 0.00946051 -0.0147261 -0.0481556 -0.0217813 0.0137532 0.0199435 0.0551848 -0.0141607 -0.0691515 -0.0300062 -0.0253515 -0.00551645 -0.0528725 -0.0853882
internal_weight=4677 3297 1721 1380 1576 1286 317 446 361 1461 969 1339 1071 650 567 421 536 126 71 477 59 863 750 730 113 702 85 379 73 66 115 50 400 934 299 650 623 601 47 911 705 52 435 367 343 121 222 193 96 268 71 50 306 276 67 106 45 121 191 111 80 51
internal_count=4677 3297 1721 1380 1576 1286 317 446 361 1461 969 1339 1071 650 567 421 536 126 71 477 59 863 750 730 113 702 85 379 73 66 115 50 400 934 299 650 623 601 47 911 705 52 435 367 343 121 222 193 96 268 71 50 306 276 67 106 45 121 191 111 80 51
is_linear=0
shrinkage=0.05


Tree=37
num_leaves=63
num_cat=0
split_feature=0 21 35 24 28 22 20 0 31 0 0 29 29 38 33 35 37 30 10 36 5 5 10 11 4 28 0 25 27 7 33 26 37 11 36 36 35 33 35 4 28 6 35 30 11 12 37 22 4 36 6 31 33 6 30 10 6 31 30 29 35 37
split_gain=810.32 220.68 206.843 193.987 166.19 162.606 114.535 215.589 107.698 86.5579 94.0852 85.819 113.365 84.1093 82.2454 75.8364 71.0317 83.7985 67.8131 66.8161 93.6431 65.6586 71.0167 78.3979 65.5377 63.687 66.8265 76.8641 78.6592 60.1476 55.8809 54.418 57.0212 61.0961 60.0397 53.8338 52.5227 51.8867 51.2197 51.2021 51.0443 49.6976 52.2093 79.3696 53.4973 60.2678 50.5501 49.2896 49.7199 77.6092 48.3505 47.9739 47.0044 45.8595 45.6848 45.4211 44.5367 44.1834 43.8893 65.9409 43.562 50.5945
threshold=1700.0000000000002 1.0000000180025095e-35 0.52529196729196737 1.0000000180025095e-35 3.5000000000000004 1.0000000180025095e-35 1.0000000180025095e-35 1550.0000000000002 12.200000000000001 2350.0000000000005 2550.0000000000005 51.310277777777785 52.451666666666675 0.88562091503267981 1.5000000000000002 -1.551388888888888 4.6333333333333329 46.88750000000001 3.5000000000000004 -1.8763888888888893 0.36038961038961043 0.21825396825396828 2.5000000000000004 0.40588235294117653 0.18465909090909094 69.500000000000014 1100.0000000000002 1.0000000180025095e-35 5.5000000000000009 1.0000000180025095e-35 17.500000000000004 1.0000000180025095e-35 3.1499999999999995 0.14835164835164838 -1.7316666666666662 -2.1000000000000001 -0.1451215277777774 5.5000000000000009 0.41449900793650812 0.37980769230769235 36.500000000000007 0.53589743589743599 -1.0368888888888892 50.720000000000006 0.23303167420814483 0.11437908496732027 6.75 1.0000000180025095e-35 0.06458333333333334 -1.5666666666666662 0.44097222222222227 14.100000000000007 9.5000000000000018 0.5590277777777779 47.010000000000012 1.5000000000000002 0.38675213675213682 8.0000000000000053 43.870833333333344 55.319675925925935 -0.37939682539682501 4.441250000000001
decision_type=2 2 2 2 2 2 2 2 2 2 2 2 2 2 2 2 2 2 2 2 2 2 2 2 2 2 2 2 2 2 2 2 2 2 2 2 2 2 2 2 2 2 2 2 2 2 2 2 2 2 2 2 2 2 2 2 2 2 2 2 2 2
left_child=2 3 5 4 9 6 15 -8 18 21 -11 13 35 14 -3 -1 58 -18 50 -14 -21 -2 23 37 55 26 51 -28 -29 40 31 32 34 -34 -17 -13 -10 -23 -36 57 47 42 -31 44 -44 46 60 48 49 -6 54 -4 -25 -50 -7 -9 -32 -24 -5 -60 -46 -62
right_child=1 11 25 16 29 8 7 24 36 10 -12 12 19 -15 -16 30 17 -19 -20 20 -22 22 39 52 -26 -27 27 28 -30 41 56 -33 33 -35 38 -37 -38 -39 -40 -41 -42 -43 43 -45 45 -47 -48 -49 53 -51 -52 -53 -54 -55 -56 -57 -58 -59 59 -61 61 -63
leaf_value=-0.091781470489998671 0.083971729874610906 0.087791727483272561 0.074452722987726982 0.11715647381815045 -0.0013272222910415043 0.068197672977112239 -0.035458199905101649 0.12633370555937293 -0.053395996897509602 0.17156609439037063 0.023606233830962862 0.024543564642469089 0.035271105453322987 0.12181266314265403 -0.03142180471964505 0.091011687992485601 -0.033190825304425346 0.066717509035194342 -0.090074562911803907 0.0064646780584007501 0.1369484925811941 0.094330353853893614 -0.024775810245520679 0.02741398950844693 0.17938236543400721 -0.11709881568482768 -0.042465977322252602 0.061561609019298816 -0.029511582533913578 -0.080173024764683631 -0.083449485297832235 -0.054253240079596282 0.075096418885957639 -0.012470811556240193 0.0083462439723992077 -0.085076154830555126 -0.14072528131720094 0.03643743638491747 0.087265347418459982 0.065137305029708409 -0.041219765802712312 -0.096525101442821337 0.042105454688563068 0.084911663271486762 0.038912719046874419 -0.093812069350055288 -0.080062594479666307 0.034598671479214881 0.0047434397933758879 -0.10757510791718961 -0.051602454899278075 -0.022243893294241923 -0.035644545008174398 0.078259736875241459 -0.022010959625244145 0.02104884229955219 -0.00018962806668774838 0.054743671510368588 0.037342098015158073 0.11972773524678566 -0.053464101277828469 0.010724556061904878
leaf_weight=24 44 39 23 44 55 32 43 20 33 22 21 21 152 77 23 27 41 43 26 20 44 62 138 90 22 24 873 37 66 28 36 41 21 387 314 24 36 103 22 23 56 20 34 21 42 28 26 145 593 25 28 29 44 22 25 21 29 20 92 33 59 64
leaf_count=24 44 39 23 44 55 32 43 20 33 22 21 21 152 77 23 27 41 43 26 20 44 62 138 90 22 24 873 37 66 28 36 41 21 387 314 24 36 103 22 23 56 20 34 21 42 28 26 145 593 25 28 29 44 22 25 21 29 20 92 33 59 64
internal_value=0.00127665 0.0212212 -0.0204406 0.0145568 0.00874924 -0.00613366 0.00169045 0.0508529 -0.0499052 0.03111 0.0993066 0.0551764 0.0382752 0.0869119 0.0435674 -0.00409337 0.0555312 0.0179527 -0.0194122 0.0533159 0.0961723 0.0255137 0.020155 0.0351185 0.109764 -0.0365835 -0.0347037 -0.0376463 0.00320403 -0.00166006 -0.00169369 0.00187723 0.00486212 -0.00796367 0.0192779 -0.0339203 -0.0989591 0.0581911 0.0135136 -0.0045637 0.00500078 -0.0201946 -0.0151396 -0.00849384 -0.0162469 -0.0253061 -0.0152634 0.00808215 0.00254993 -0.0345297 0.00220215 0.0205258 0.0067082 0.00737329 0.0286325 0.0724073 -0.0463028 -0.0147101 0.0742093 0.0590919 -0.00505258 -0.0200651
internal_weight=4677 2438 2239 2038 1785 1187 1007 106 180 567 43 400 261 139 62 901 253 84 111 216 64 524 480 299 63 1052 1028 976 103 1218 877 812 771 408 363 45 69 165 336 181 896 322 302 274 253 219 191 840 695 80 85 52 134 615 57 41 65 158 169 125 165 123
internal_count=4677 2438 2239 2038 1785 1187 1007 106 180 567 43 400 261 139 62 901 253 84 111 216 64 524 480 299 63 1052 1028 976 103 1218 877 812 771 408 363 45 69 165 336 181 896 322 302 274 253 219 191 840 695 80 85 52 134 615 57 41 65 158 169 125 165 123
is_linear=0
shrinkage=0.05


Tree=38
num_leaves=63
num_cat=0
split_feature=0 2 2 35 22 8 33 31 29 8 36 2 2 8 28 11 35 0 10 28 0 25 27 38 31 6 31 11 31 31 12 31 6 6 11 5 2 15 5 6 32 32 35 31 2 36 11 31 12 31 28 6 31 33 31 28 36 8 11 36 31 6
split_gain=731.314 193.696 228.556 186.676 146.752 139.505 106.827 97.1971 91.9608 80.1836 71.6286 75.4596 88.4501 71.4235 72.6337 69.8152 68.9989 62.9722 61.2013 57.4776 60.3109 69.3699 70.9899 56.8125 73.694 71.5151 69.9466 64.4307 62.1809 55.764 55.7382 54.5517 53.4513 55.1401 50.9818 52.0446 53.5609 98.9446 109.651 54.6876 61.6209 55.8339 47.4017 46.9593 46.7856 68.5455 59.5612 52.1983 45.7382 64.412 43.7629 43.6363 43.2964 43.0336 50.4361 43.0758 41.8439 46.5986 41.0428 40.4419 39.5721 38.9942
threshold=1700.0000000000002 9.5000000000000018 3.5000000000000004 0.52529196729196737 1.0000000180025095e-35 7.5000000000000009 5.5000000000000009 12.200000000000001 55.231547619047625 13.500000000000002 -2.2949999999999977 3.5000000000000004 4.5000000000000009 15.500000000000002 3.5000000000000004 0.54195804195804198 -1.0138095238095219 2100.0000000000005 3.5000000000000004 69.500000000000014 1100.0000000000002 1.0000000180025095e-35 5.5000000000000009 0.97222222222222232 17.108333333333338 0.17914438502673799 13.149999999999997 0.12132352941176472 19.625000000000004 16.400000000000006 0.080128205128205135 12.400000000000004 0.14835164835164838 0.36931818181818188 0.62019230769230782 0.62019230769230782 8.5000000000000018 1.0000000180025095e-35 0.32291666666666669 0.44949494949494956 0.65686274509803932 0.82843137254901966 -0.1451215277777774 9.3499999999999996 2.5000000000000004 -1.6763888888888878 0.43303571428571436 12.800000000000002 0.06458333333333334 13.491666666666669 35.500000000000007 0.44097222222222227 14.100000000000007 17.500000000000004 11.400000000000004 19.500000000000004 -4.7749999999999977 14.500000000000002 0.36038961038961043 -2.9000000000000035 11.590000000000002 0.51470588235294124
decision_type=2 2 2 2 2 2 2 2 2 2 2 2 2 2 2 2 2 2 2 2 2 2 2 2 2 2 2 2 2 2 2 2 2 2 2 2 2 2 2 2 2 2 2 2 2 2 2 2 2 2 2 2 2 2 2 2 2 2 2 2 2 2
left_child=3 2 44 4 9 6 -4 18 15 10 30 -12 -13 14 56 48 -8 -18 51 20 52 59 -23 26 27 -26 -16 -25 -27 34 32 -14 -1 -34 35 36 39 43 -39 40 -29 -42 -9 -38 -2 46 47 -46 -3 -50 -15 -6 -5 54 55 61 -7 -58 -35 -22 -24 -11
right_child=1 8 5 19 7 13 16 42 -10 53 11 12 31 50 23 -17 17 -19 -20 -21 21 22 60 24 25 28 -28 29 -30 -31 -32 -33 33 58 -36 -37 37 38 -40 -41 41 -43 -44 -45 45 -47 -48 -49 49 -51 -52 -53 -54 -55 -56 -57 57 -59 -60 -61 -62 -63
leaf_value=0.061595364314104832 0.0086130912494228554 -0.023961102778787963 0.17952405020594597 0.07073008860258953 0.027200857602190556 0.12095304578542709 0.12346237995501222 -0.050726196237585765 0.075269434996880602 -0.022449415157925475 -0.022321703744431338 0.13814365608351573 0.043930169428228451 0.016835358508081374 -0.034591374099919837 0.047659064064334546 -0.020190134247144064 0.089775697174279592 -0.085570835092893024 -0.11124387468832236 -0.099461792901690521 0.058483529171428163 -0.066752206220884222 0.11767932242155076 -0.063047855981701137 -0.028549699032945294 0.060143150627199153 0.028860267556569119 0.09312596285627002 0.11171907494249551 -0.079626752378848892 -0.010366558643678823 -0.055899409933582604 -0.026877012967386028 -0.04415586950878303 -0.025246505896476187 0.11477824345231057 0.030879619154571131 -0.12698343863541431 0.10833261201486868 0.097302590486490065 0.0028679216653108596 -0.13368901629000904 0.0064277986343950037 -0.050139729434793646 0.00759561180214708 -0.10188910493979585 0.042524920049167816 -0.11965263052420183 -0.0059372173249721532 -0.053963362101627436 -0.049022333297346322 -0.021131699519424604 -0.046570240384475756 0.015607958697172963 -0.074746039245397813 0.044568581396962931 0.10676864095907096 0.068648474695889847 -0.038383701867727049 0.010680198669433594 0.026709351107916415
leaf_weight=28 249 182 25 23 57 22 29 33 24 193 60 21 202 428 70 28 30 23 26 24 28 37 33 25 37 21 27 248 21 23 26 60 46 22 21 33 20 22 22 34 72 20 36 20 55 96 37 21 33 20 23 28 29 77 167 31 344 33 23 845 33 51
leaf_count=28 249 182 25 23 57 22 29 33 24 193 60 21 202 428 70 28 30 23 26 24 28 37 33 25 37 21 27 248 21 23 26 60 46 22 21 33 20 22 22 34 72 20 36 20 55 96 37 21 33 20 23 28 29 77 167 31 344 33 23 845 33 51
internal_value=0.00121282 0.0201602 0.0253081 -0.0194186 -0.00582697 0.0337853 0.0890434 -0.0474099 -0.0184226 0.00160593 0.0161562 0.0286111 0.0394096 0.0300573 0.0367458 -0.0269724 0.0614579 0.0275309 -0.0184416 -0.0347543 -0.0329686 -0.035764 0.00304383 0.0274328 0.0328452 -0.0123629 -0.00822197 0.0392228 0.0322881 0.0355566 -0.0133061 0.0314958 0.00118418 -0.0174039 0.0321352 0.0353982 0.0397678 0.00368853 -0.0480519 0.0478711 0.041825 0.0767733 -0.0940111 0.060603 -0.00602777 -0.0234707 -0.0498634 -0.024535 -0.0358647 -0.0767412 0.0132248 0.00209204 0.0194995 -0.0120753 -0.00606597 -0.019228 0.0539246 0.0500131 0.0219471 -0.0403427 -0.028036 -0.0121744
internal_weight=4677 2438 2151 2239 1187 1693 107 180 287 1007 488 343 283 1586 1135 263 82 53 111 1052 1028 976 103 736 639 79 97 560 42 535 145 262 119 91 512 491 458 84 44 374 340 92 69 40 458 209 113 76 235 53 451 85 52 519 442 275 399 377 45 873 66 244
internal_count=4677 2438 2151 2239 1187 1693 107 180 287 1007 488 343 283 1586 1135 263 82 53 111 1052 1028 976 103 736 639 79 97 560 42 535 145 262 119 91 512 491 458 84 44 374 340 92 69 40 458 209 113 76 235 53 451 85 52 519 442 275 399 377 45 873 66 244
is_linear=0
shrinkage=0.05


Tree=39
num_leaves=63
num_cat=0
split_feature=13 7 33 22 28 31 6 36 36 21 24 28 36 3 32 34 30 36 11 38 6 6 3 25 2 36 36 33 5 34 30 30 5 29 20 15 5 3 28 5 29 32 3 38 30 34 34 7 11 11 2 2 5 36 30 29 31 30 6 5 6 6
split_gain=618.248 169.751 157.217 98.2552 96.6516 110.569 83.6695 81.6775 76.4206 73.1286 74.7146 69.7069 69.4172 83.8813 68.9332 63.3817 96.2635 77.7082 73.2239 62.205 60.1708 70.3437 57.6172 56.9956 55.4788 68.5089 70.0149 53.4637 52.0744 51.6257 51.1437 77.3238 61.1203 58.3334 67.8846 54.1692 50.9549 50.2435 49.6446 49.6262 56.0245 49.9812 57.0286 47.3435 50.0481 46.1067 46.0241 46.0155 50.5534 44.4524 44.3206 50.9087 52.3699 43.6078 42.988 42.3689 56.2745 46.8523 43.951 42.138 43.9654 40.7743
threshold=1.0000000180025095e-35 1.0000000180025095e-35 14.500000000000002 1.0000000180025095e-35 6.5000000000000009 11.27125 0.17914438502673799 -1.5499999999999998 -1.47 1.0000000180025095e-35 1.0000000180025095e-35 28.500000000000004 -1.8000000000000027 1.5000000000000002 0.58578431372549034 51.500000000000007 45.670833333333341 -1.6199999999999999 0.30384615384615393 0.93541666666666679 0.41421568627450983 -0.074175824175824162 1.5000000000000002 1.0000000180025095e-35 7.5000000000000009 -2.0000000000000022 -2.3464285714285698 8.5000000000000018 0.62019230769230782 114.50000000000001 37.225000000000009 40.516666666666673 0.55050505050505061 53.502777777777787 1.0000000180025095e-35 1.0000000180025095e-35 0.54195804195804198 1.0000000180025095e-35 22.500000000000004 0.24264705882352944 54.00138888888889 0.44097222222222227 1.5000000000000002 0.93095238095238109 45.787500000000009 32.500000000000007 28.500000000000004 1.0000000180025095e-35 0.58578431372549034 0.25833333333333336 9.5000000000000018 3.5000000000000004 0.41421568627450983 -2.0333333333333345 45.910000000000011 49.604518518518525 4.2000000000000002 47.32500000000001 0.2752525252525253 0.68990384615384626 0.57738095238095244 0.46862745098039221
decision_type=2 2 2 2 2 2 2 2 2 2 2 2 2 2 2 2 2 2 2 2 2 2 2 2 2 2 2 2 2 2 2 2 2 2 2 2 2 2 2 2 2 2 2 2 2 2 2 2 2 2 2 2 2 2 2 2 2 2 2 2 2 2
left_child=1 2 4 7 5 39 -7 12 15 10 28 50 19 -14 -5 -6 17 24 38 23 21 -10 36 46 25 26 -17 -21 47 -20 -4 -32 33 34 49 37 -11 -34 -18 40 53 42 59 -8 -45 -35 -3 48 -2 -33 51 -9 -53 -1 -37 -29 -57 58 -58 60 61 -41
right_child=9 3 30 14 8 6 43 11 20 22 -12 -13 13 -15 -16 16 18 -19 29 27 -22 -23 -24 -25 -26 -27 -28 55 -30 -31 31 32 35 45 -36 54 -38 -39 -40 41 -42 -43 -44 44 -46 -47 -48 -49 -50 -51 -52 52 -54 -55 -56 56 57 -59 -60 -61 -62 -63
leaf_value=-0.004024911299347878 -0.036341717287983293 -0.099231628207741562 0.061484598632781745 -0.029520052165025845 -0.0033900229024390383 0.13618392414328725 0.0055741834070752658 0.0032437918123369124 -0.067350548629959428 -0.0025144956322453384 0.0064965374612559875 -0.050265339642230955 -0.018054934713989498 -0.12742061715711048 -0.12129872800925603 0.032401158288121228 0.10776015761204892 0.082688113370829305 0.043488007658392405 0.070146571404554631 -0.056201191573351066 0.01541388396885288 -0.04737023670030268 0.020493941429641942 -0.066110390353088203 0.072390090903410545 -0.098315999386832123 0.055450617882112668 -0.0072102261471166593 -0.034472970366477972 -0.063369627490493602 -0.089084192046097355 0.088845781849654915 -0.037491443902254111 0.05371221535045792 -0.059751013680719417 0.066639796990987862 0.01921439376024027 0.028258588799723872 0.041060819847138635 0.13050282592109094 -0.046062820550540222 0.0028840737356721651 0.13166143506765368 0.029461519314866999 0.032506512085706374 -0.018013317476619373 -0.057965685387084992 0.017838912880372093 -0.022525246621445751 -0.016375863916861515 0.024791376411914826 0.092855504860098553 0.073460404007979069 0.022055284616847835 -0.079852220353980874 0.011565740040407099 0.029267918564379214 -0.077081993080813579 -0.021279388606067626 0.099676341151020365 0.0035471361459178084
leaf_weight=30 672 37 31 96 150 44 34 51 30 70 120 28 50 27 26 21 72 23 141 33 53 178 38 31 39 26 20 30 146 25 51 28 44 30 27 26 43 63 27 490 24 23 169 25 23 109 33 245 46 241 36 50 65 46 42 24 29 75 27 31 28 85
leaf_count=30 672 37 31 96 150 44 34 51 30 70 120 28 50 27 26 21 72 23 141 33 53 178 38 31 39 26 20 30 146 25 51 28 44 30 27 26 43 63 27 490 24 23 169 25 23 109 33 245 46 241 36 50 65 46 42 24 29 75 27 31 28 85
internal_value=0.00115218 0.0129133 0.0190591 -0.00803029 0.0266393 0.0366177 0.0805616 -3.02921e-05 0.0135993 -0.0269466 -0.0309811 0.023668 -0.0137945 -0.0564039 -0.0490794 0.0242702 0.0348007 -0.000621953 0.0520441 -0.00350943 -0.00864179 0.00347671 0.00589025 -0.0359475 -0.0186987 0.0088992 -0.0313633 0.0115192 -0.0350364 0.0317469 -0.0012826 -0.00422629 0.000718478 -0.0093201 -0.0218673 0.0256715 0.0238009 0.0478479 0.0860779 0.0306383 0.063905 0.0266108 0.0286924 0.0507155 0.0826906 0.017399 -0.060943 -0.0392551 -0.0328705 -0.0294533 0.0339162 0.044823 0.0632624 0.0428741 -0.00922359 0.00106136 -0.00946559 0.00342967 -0.0311751 0.0355719 0.0384946 0.0355153
internal_weight=4677 3297 2549 748 1857 1052 126 626 805 1380 1229 230 396 77 122 544 394 129 265 319 261 208 151 101 106 67 41 218 1109 166 692 661 610 435 296 175 113 107 99 926 100 826 803 82 48 139 70 963 718 269 202 166 115 76 68 185 155 131 56 634 603 575
internal_count=4677 3297 2549 748 1857 1052 126 626 805 1380 1229 230 396 77 122 544 394 129 265 319 261 208 151 101 106 67 41 218 1109 166 692 661 610 435 296 175 113 107 99 926 100 826 803 82 48 139 70 963 718 269 202 166 115 76 68 185 155 131 56 634 603 575
is_linear=0
shrinkage=0.05


Tree=40
num_leaves=63
num_cat=0
split_feature=13 38 16 19 24 6 22 2 34 32 27 5 3 8 8 6 31 9 33 5 37 34 37 34 36 34 6 31 33 31 8 32 32 36 36 4 36 20 34 31 37 28 5 28 2 33 32 34 10 37 37 2 38 6 36 34 36 36 32 32 8 9
split_gain=429.415 227.402 134.876 97.1488 95.516 81.5608 80.8641 105.668 80.745 80.569 78.5827 70.5942 66.4634 63.5233 56.5499 52.4671 60.6591 50.2033 52.3711 58.6676 54.4634 78.7675 67.8489 83.8789 93.8659 86.9189 65.7188 64.9579 54.593 52.0728 51.8343 49.7035 48.7772 48.0645 57.5487 47.488 47.1755 46.8068 45.487 53.031 64.6802 44.2687 43.742 43.7128 46.4498 43.7678 41.6644 63.5592 45.7303 44.0896 55.4572 48.1892 45.6863 41.0637 45.6449 54.009 40.9049 40.4923 50.4394 58.2384 63.2083 45.7118
threshold=1.0000000180025095e-35 0.057189542483660136 1.0000000180025095e-35 1.0000000180025095e-35 1.0000000180025095e-35 0.39444444444444454 1.0000000180025095e-35 9.5000000000000018 156.50000000000003 0.13809523809523813 11.500000000000002 0.36931818181818188 1.5000000000000002 13.500000000000002 11.500000000000002 0.41421568627450983 12.870833333333332 0.31009615384615391 13.500000000000002 0.34313725490196084 5.9866666666666664 12.500000000000002 3.0994444444444422 27.500000000000004 -1.4166666666666681 88.500000000000014 0.32291666666666669 13.966666666666674 9.5000000000000018 15.400000000000004 7.5000000000000009 0.55050505050505061 0.25833333333333336 -2.9000000000000035 -1.5199999999999998 0.07417582417582419 -1.0707142857142857 1.0000000180025095e-35 140.50000000000003 4.5099999999999989 5.2658333333333358 35.500000000000007 0.45804195804195807 58.500000000000007 3.5000000000000004 16.500000000000004 0.69615384615384623 20.500000000000004 3.5000000000000004 3.8374999999999999 4.9000000000000004 7.5000000000000009 0.97222222222222232 0.34313725490196084 -1.8599999999999988 37.500000000000007 -0.15277777777777815 -3.0499999999999985 0.46410256410256417 0.5590277777777779 12.500000000000002 0.13809523809523813
decision_type=2 2 2 2 2 2 2 2 2 2 2 2 2 2 2 2 2 2 2 2 2 2 2 2 2 2 2 2 2 2 2 2 2 2 2 2 2 2 2 2 2 2 2 2 2 2 2 2 2 2 2 2 2 2 2 2 2 2 2 2 2 2
left_child=1 13 3 6 5 43 7 8 17 -4 15 -6 36 37 -7 -8 35 18 20 -20 22 -22 23 26 25 27 -3 28 -25 38 -24 -13 -5 -31 -35 -17 53 -1 39 40 -21 -33 -27 44 -2 -46 47 48 -32 -49 52 -52 -51 54 55 -9 -47 -11 -59 60 -60 -61
right_child=4 2 9 32 11 14 10 12 -10 57 -12 31 -14 -15 -16 16 -18 -19 19 29 21 -23 30 24 -26 42 -28 -29 -30 33 46 41 -34 34 -36 -37 -38 -39 -40 -41 -42 -43 -44 -45 45 56 -48 49 -50 50 51 -53 -54 -55 -56 -57 -58 58 59 61 -62 -63
leaf_value=0.056800117045640947 -0.050180299191212301 -0.033497353204999303 0.1039101359091307 0.0085255435963229442 0.087085697464644909 0.028248972845771776 0.0003369268460979534 0.049035044774533285 -0.086414633393287657 -0.027349821225770062 -0.10705359879330817 -0.056839787707264937 -0.066643985252707247 0.023340858874179745 -0.016979138537017942 0.046898308701135899 -0.09353036590230962 -0.06042324145409194 0.038696180719237493 0.065478106542694856 -0.034754349234012459 0.058728279287034106 0.0611350930954625 0.16990826090531691 0.007077320368501218 -0.031608558683232833 0.061436909609116047 0.022539616413414482 0.085804115565017214 -0.041493718624114995 -0.034520411248215373 0.060199693590402607 -0.056139544613364317 0.070818729800803046 -0.016640380590602202 -0.047378581871881209 -0.065724963245780352 0.13345633840019053 0.053958377593125287 -0.022348149189827773 -0.035334449290083003 -0.021312742776447728 0.06927777642295474 -0.084145307097406627 -0.016481854226509138 -0.037551888558928943 -0.031752090085297828 -0.0063525441515628464 0.044569376009431755 0.0029358187172975805 0.026476494635938222 -0.056376167114537502 0.06812913608122266 -0.024768589086124851 0.086660958081483844 -0.048682568154226134 -0.11528716564178468 0.051207348542759212 -0.084416873559907638 0.01494525318266824 0.024809189642278049 0.099959956819102885
leaf_weight=210 242 61 38 41 30 88 296 31 20 31 22 28 62 163 322 22 36 22 104 41 26 169 41 35 73 22 26 20 43 20 108 36 101 62 27 34 28 22 26 337 26 31 21 42 439 110 75 106 22 36 54 26 106 64 24 26 20 166 27 64 26 21
leaf_count=210 242 61 38 41 30 88 296 31 20 31 22 28 62 163 322 22 36 22 104 41 26 169 41 35 73 22 26 20 43 20 108 36 101 62 27 34 28 22 26 337 26 31 21 42 439 110 75 106 22 36 54 26 106 64 24 26 20 166 27 64 26 21
internal_value=0.0018715 0.0116604 0.0068361 0.00271622 -0.0214723 -0.0255986 0.00509382 0.00925971 0.0134758 0.0349131 -0.015126 0.0202204 -0.0222264 0.0472623 -0.00727164 -0.00991359 -0.0428935 0.0146273 0.0155912 0.00431337 0.0223684 0.0462639 0.0170431 0.03627 0.0530993 0.0769263 -0.00512619 0.10293 0.123543 -0.00232079 0.00696065 -0.000894949 -0.0374686 0.0285468 0.0442862 -0.0103412 -0.00630801 0.0640692 -0.0101454 -0.0142708 0.0263568 0.022485 0.0176615 -0.0344076 -0.0318318 -0.0240281 0.00279338 0.00845039 -0.021136 0.0201767 0.0328438 -0.00045062 0.0516013 0.00516561 0.0288173 0.0044621 -0.0495112 0.0270866 0.0326377 0.0103003 -0.0308343 0.0359489
internal_weight=4698 3310 2915 2542 1388 1263 2400 1990 1755 373 410 125 235 395 410 388 92 1735 1713 643 1070 195 875 301 214 141 87 98 78 539 574 95 142 109 89 56 173 232 430 404 67 67 43 853 811 569 533 458 130 328 222 80 142 145 81 57 130 335 304 138 53 85
internal_count=4698 3310 2915 2542 1388 1263 2400 1990 1755 373 410 125 235 395 410 388 92 1735 1713 643 1070 195 875 301 214 141 87 98 78 539 574 95 142 109 89 56 173 232 430 404 67 67 43 853 811 569 533 458 130 328 222 80 142 145 81 57 130 335 304 138 53 85
is_linear=0
shrinkage=0.05


Tree=41
num_leaves=63
num_cat=0
split_feature=0 33 27 25 2 2 34 18 4 31 5 34 12 28 29 29 12 0 28 6 30 8 21 2 2 8 6 34 28 6 6 3 10 34 2 27 10 5 0 2 30 4 28 8 6 6 29 38 9 9 4 38 29 6 34 2 2 9 4 6 31 34
split_gain=455.832 176.72 121.891 126.634 105.214 119.381 90.0615 76.3544 75.0188 74.6249 72.4516 106.406 68.4271 67.9535 65.6495 59.9197 69.0971 63.175 104.245 66.9932 59.5575 78.2594 57.2025 56.8827 66.1632 61.3495 61.2465 52.1458 64.7461 52.0918 99.7258 51.6757 50.2725 49.0326 72.3876 54.2347 49.8976 48.5047 47.8092 47.3807 45.313 43.4445 46.4457 43.2492 43.2492 42.4348 53.4851 59.2358 40.8056 75.1232 43.6924 79.2069 71.2866 49.1962 48.0363 42.6135 40.5396 42.1702 90.4174 54.9024 49.0195 47.2291
threshold=1700.0000000000002 1.0000000180025095e-35 5.5000000000000009 1.0000000180025095e-35 9.5000000000000018 3.5000000000000004 37.500000000000007 1.0000000180025095e-35 0.32291666666666669 8.9000000000000039 0.32291666666666669 15.500000000000002 0.12132352941176472 69.500000000000014 51.703636363636384 57.183333333333344 0.060661764705882359 2350.0000000000005 16.500000000000004 0.13809523809523813 43.31666666666667 11.500000000000002 1.0000000180025095e-35 3.5000000000000004 5.5000000000000009 15.500000000000002 0.31009615384615391 90.500000000000014 27.500000000000004 0.45804195804195807 0.31009615384615391 1.0000000180025095e-35 3.5000000000000004 36.500000000000007 4.5000000000000009 9.5000000000000018 2.5000000000000004 0.65686274509803932 1300.0000000000002 5.5000000000000009 46.380357142857157 0.10555555555555557 7.5000000000000009 9.5000000000000018 0.13809523809523813 0.07417582417582419 53.142187500000013 0.97222222222222232 0.19375000000000003 0.22649572649572652 0.21825396825396828 0.89444444444444449 48.808044217687076 0.17914438502673799 54.500000000000007 8.5000000000000018 9.5000000000000018 0.12132352941176472 0.19375000000000003 0.34313725490196084 15.340000000000005 136.50000000000003
decision_type=2 2 2 2 2 2 2 2 2 2 2 2 2 2 2 2 2 2 2 2 2 2 2 2 2 2 2 2 2 2 2 2 2 2 2 2 2 2 2 2 2 2 2 2 2 2 2 2 2 2 2 2 2 2 2 2 2 2 2 2 2 2
left_child=2 23 3 7 5 14 9 8 20 -4 -5 -12 37 56 -3 17 41 33 45 -20 21 31 44 -2 26 32 -25 -16 -29 30 -24 -1 43 34 -7 48 -37 -6 -22 -40 -10 -17 -43 -26 -23 -19 47 -47 50 -50 51 -35 -52 -53 -54 -56 57 58 59 -8 -61 -60
right_child=1 4 6 10 12 15 13 -9 40 -11 11 -13 -14 -15 27 16 -18 18 19 -21 38 22 29 24 25 -27 -28 28 -30 -31 -32 -33 -34 35 -36 36 -38 -39 39 -41 -42 42 -44 -45 -46 46 -48 -49 49 -51 52 53 54 -55 55 -57 -58 -59 61 60 -62 -63
leaf_value=0.071852868915361884 0.0084547430942101143 -0.027846019576611414 -0.0011405059943596523 0.12809056426313789 -0.0025500885898040401 -0.064752618488120403 -0.037388164078825357 -0.065181726773946805 0.01804261536774587 -0.093770377441674851 -0.036861051198763727 0.068226550531292715 -0.10150236947969958 -0.099064595831765079 -0.0083959246451807464 0.013789293623488883 -0.0049431993147811375 0.013212956619613312 0.050596599297767331 -0.062746730976505211 -0.061128871762526363 -0.077046334255358284 0.078551218552248822 0.066228275303728878 0.091430391822206358 -0.01216526562197795 0.16848218937714896 0.076117448677431865 -0.015804097183669607 0.09795278608798981 -0.075540434178851909 0.0031304251986975767 0.13705681448891049 0.084151439073131148 0.0077418244847322348 -0.073240932249105897 0.011325680021688624 -0.080337257005951623 0.0059339742324706441 -0.03520620403234178 0.10442023128271104 0.11575640363554503 0.033051711289832995 0.020964758824237498 -0.012153587885300764 0.12166896380484105 0.11095471635305634 0.021424614409417182 -0.065159759088419381 0.038817689548197552 -0.037165604978799824 -0.040150207955692269 0.01890155487590366 0.020776412630165789 0.09440175377537105 0.018551138290406569 -0.046222252937344221 -0.031009925414333186 0.013878933624012255 0.0080357613878117677 -0.034037388672586537 0.090767858860393374
leaf_weight=59 49 202 30 22 225 38 217 55 49 79 39 63 22 27 123 23 37 34 22 32 70 29 21 32 38 31 27 53 30 21 21 51 21 46 367 26 53 22 138 142 22 58 24 51 224 20 60 56 32 38 20 37 45 317 95 23 120 302 119 225 100 24
leaf_count=59 49 202 30 22 225 38 217 55 49 79 39 63 22 27 123 23 37 34 22 32 70 29 21 32 38 31 27 53 30 21 21 51 21 46 367 26 53 22 138 142 22 58 24 51 224 20 60 56 32 38 20 37 45 317 95 23 120 302 119 225 100 24
internal_value=0.00177793 0.0168308 -0.0143364 -0.00158083 0.0122728 0.016394 -0.0248652 -0.00809381 -0.0043868 -0.0682759 0.0457958 0.028046 -0.0170046 -0.0206925 -0.00759189 0.0229052 0.0538124 0.0196805 0.0439505 -0.0165698 -0.00888783 0.00366774 -0.00897631 0.0567359 0.0685648 0.0499619 0.113022 0.0122689 0.0428928 0.0336545 0.00150539 0.0399906 0.0674705 0.0148991 0.000939877 0.0226224 -0.0165064 -0.0094785 -0.0241698 -0.01493 0.0448075 0.0745168 0.0915502 0.0510512 -0.0195919 0.0631746 0.075665 0.0478047 0.0273562 -0.00871486 0.0316872 0.0224288 0.051924 0.0144084 0.0628553 0.0796173 -0.018781 -0.0154447 -0.00858234 -0.0179131 -0.00490982 0.0267834
internal_weight=4698 2429 2269 1026 2180 1911 1243 902 847 109 124 102 269 1134 408 1503 142 1361 224 54 776 426 316 249 200 141 59 206 83 63 42 110 110 1137 405 732 79 247 350 280 71 105 82 89 253 170 136 76 653 70 583 400 183 354 163 118 1107 987 685 542 325 143
internal_count=4698 2429 2269 1026 2180 1911 1243 902 847 109 124 102 269 1134 408 1503 142 1361 224 54 776 426 316 249 200 141 59 206 83 63 42 110 110 1137 405 732 79 247 350 280 71 105 82 89 253 170 136 76 653 70 583 400 183 354 163 118 1107 987 685 542 325 143
is_linear=0
shrinkage=0.05


Tree=42
num_leaves=63
num_cat=0
split_feature=0 33 7 27 2 7 19 25 33 12 29 32 33 34 30 34 28 12 0 37 37 33 36 36 4 37 36 28 29 4 4 34 29 29 34 4 29 11 36 4 36 2 2 32 29 0 0 2 11 32 32 4 11 30 11 18 32 24 33 9 29 30
split_gain=411.389 159.49 113.998 114.539 94.9559 108.8 120.733 76.6289 71.7102 71.2258 67.116 94.3002 70.5482 78.2312 64.5595 64.2857 65.7348 61.7555 58.903 57.8347 70.6631 112.221 97.2666 56.8189 59.8738 88.2649 65.4593 55.621 55.3044 56.8778 54.168 76.4855 80.2181 60.62 57.9497 60.6051 66.2873 76.7722 70.397 53.7573 52.8307 51.3367 61.5772 50.8673 49.3809 48.2219 47.6377 46.3326 46.2372 45.6173 62.1049 59.2869 46.9486 45.5714 42.5298 42.3577 41.9998 41.4407 39.9678 40.2257 39.681 58.5432
threshold=1700.0000000000002 1.0000000180025095e-35 1.0000000180025095e-35 5.5000000000000009 9.5000000000000018 1.5000000000000002 1.0000000180025095e-35 1.0000000180025095e-35 15.500000000000002 0.057189542483660136 53.174166666666672 0.20714285714285716 7.5000000000000009 42.500000000000007 44.405000000000008 72.500000000000014 39.500000000000007 0.12132352941176472 2350.0000000000005 5.4511111111111132 2.249999999999996 12.500000000000002 -2.2000000000000015 -2.7999999999999994 0.18465909090909094 2.3600000000000017 -0.39999999999999797 17.500000000000004 56.967777777777783 0.21825396825396828 0.21825396825396828 35.500000000000007 51.52160714285715 51.796085858585862 111.50000000000001 0.07417582417582419 49.653369047619051 0.32291666666666669 -1.6199999999999999 0.31009615384615391 -2.899999999999999 3.5000000000000004 9.5000000000000018 0.73030303030303034 49.803125000000016 1900.0000000000002 2550.0000000000005 6.5000000000000009 0.54195804195804198 0.82085561497326209 0.89444444444444449 0.21825396825396828 0.18465909090909094 38.425000000000004 0.36038961038961043 1.0000000180025095e-35 0.25833333333333336 1.0000000180025095e-35 12.500000000000002 0.095454545454545472 52.298660714285717 46.583333333333336
decision_type=2 2 2 2 2 2 2 2 2 2 2 2 2 2 2 2 2 2 2 2 2 2 2 2 2 2 2 2 2 2 2 2 2 2 2 2 2 2 2 2 2 2 2 2 2 2 2 2 2 2 2 2 2 2 2 2 2 2 2 2 2 2
left_child=2 41 3 7 5 6 10 8 39 23 11 18 -12 28 -11 -5 49 48 57 20 21 -15 -22 -4 26 -26 53 -27 29 -14 31 -13 34 -34 35 -33 38 -38 -37 55 -7 -2 54 -18 -41 -35 56 -42 -6 52 51 -51 -17 -25 -43 -1 -8 -3 59 -30 -32 -62
right_child=1 4 9 15 17 40 46 -9 -10 14 12 30 13 19 -16 16 43 -19 -20 -21 22 -23 -24 24 25 27 -28 -29 58 -31 60 32 33 45 -36 36 37 -39 -40 44 47 42 -44 -45 -46 -47 -48 -49 -50 50 -52 -53 -54 -55 -56 -57 -58 -59 -60 -61 61 -63
leaf_value=0.0042201781309619954 0.0080320063902407281 0.037373143484260088 -0.074408063186759452 -0.038704877603343152 -0.01673982630836773 0.032101956164014754 0.008969735263324367 0.04740864074199784 -0.045315160774081563 -0.045926901486359147 0.085511319368841154 -0.067577626114792164 0.018798753248734607 0.14271439801951472 -0.1271045349086776 0.065484963818674996 -0.095944044848197504 -0.096427252753214399 0.097088794548733121 0.094416808031499391 0.070919434406522028 -0.0013974963264031845 0.005333406517568689 0.062311376556754117 0.10615294934673743 -0.048283406915633306 -0.06116188031278158 0.047744580015540126 0.11799656843118694 -0.039738569478806739 0.0095984683249537885 -0.042313001321580931 -0.10654929075390102 0.028550714274625417 0.09701932438689731 -0.065471886967619269 0.1236992764153651 0.021675139684575025 0.052282436784695498 0.018940989112274514 -0.076497083640208963 0.10212551730521227 -0.01182748322253642 -0.024172294001583803 0.11179602578991937 -0.033607060229045714 0.03239491009975181 -0.010371763436929681 0.051496132729308947 0.12122805081307889 -0.024085665254474239 0.0067224514298141001 -0.011485551084059159 -0.018977283418178559 0.052879325552008208 -0.053274893818204022 -0.051209728988451941 -0.038274114049563657 -0.0070236718497024139 0.028013418883913094 0.11321793049215699 0.02189717360392765
leaf_weight=554 49 191 48 300 219 29 41 98 77 95 63 46 90 35 33 21 29 22 39 50 82 22 182 20 22 38 95 25 23 77 190 39 20 46 23 30 28 54 22 45 54 80 23 166 21 97 34 52 28 26 27 20 350 125 97 34 99 20 26 27 26 54
leaf_count=554 49 191 48 300 219 29 41 98 77 95 63 46 90 35 33 21 29 22 39 50 82 22 182 20 22 38 95 25 23 77 190 39 20 46 23 30 28 54 22 45 54 80 23 166 21 97 34 52 28 26 27 20 350 125 97 34 99 20 26 27 26 54
internal_value=0.00168903 0.0159893 -0.0136196 -0.00765365 0.0116592 0.0155743 0.0188636 0.0058908 0.000324796 -0.034673 0.02316 0.0144046 0.0351227 0.0299525 -0.0668555 -0.0196114 -0.0106474 -0.0161544 0.040637 0.0443967 0.0366054 0.0870923 0.0257048 -0.0236292 -0.0161295 0.0199319 -0.0289013 -0.0101771 0.00789994 -0.00819151 0.00468896 -0.00687599 0.000901933 -0.0250156 0.0224558 0.0125427 0.0285082 0.0565126 -0.0156527 0.00569831 -0.0276979 0.0538991 0.0651365 -0.034846 0.0484858 -0.0136123 -0.020693 -0.0440582 -0.00900458 -1.95794e-05 0.0361105 0.071443 -0.00712873 -0.00776505 0.0751375 0.000895633 -0.0335857 0.0302028 0.0432588 0.0694057 0.0220364 0.0515764
internal_weight=4698 2429 2269 1768 2180 1911 1776 829 731 501 1602 925 677 614 128 939 639 269 250 371 321 57 264 373 325 85 240 63 243 167 675 405 359 163 196 173 134 82 52 654 135 249 200 195 66 143 174 106 247 444 73 46 371 145 177 588 140 211 76 50 270 80
internal_count=4698 2429 2269 1768 2180 1911 1776 829 731 501 1602 925 677 614 128 939 639 269 250 371 321 57 264 373 325 85 240 63 243 167 675 405 359 163 196 173 134 82 52 654 135 249 200 195 66 143 174 106 247 444 73 46 371 145 177 588 140 211 76 50 270 80
is_linear=0
shrinkage=0.05


Tree=43
num_leaves=63
num_cat=0
split_feature=0 33 2 2 33 3 4 11 36 29 2 28 35 5 2 11 29 3 0 28 6 23 33 2 37 33 33 37 36 6 38 29 4 28 5 35 35 36 28 23 36 6 6 29 33 4 36 4 5 6 2 3 29 6 36 6 24 36 31 31 5 5
split_gain=371.278 143.94 85.6977 98.9824 85.2638 63.7139 104.366 68.4835 65.7342 57.7585 57.0113 54.3264 56.0862 51.9313 51.9834 51.6348 49.8447 56.9911 53.6527 90.2967 59.5868 48.9857 48.5339 47.8953 46.9758 45.1016 48.5535 44.0138 42.2813 70.0224 63.8507 48.2694 41.821 43.572 41.4883 40.7898 39.8973 38.9421 54.0617 46.2916 48.118 37.7475 76.7547 57.9332 52.9224 96.9938 41.1511 40.5417 37.1208 36.4627 59.6112 44.6499 36.2113 36.0749 61.8875 35.1811 103.659 38.2773 52.6987 78.8765 52.0428 99.3919
threshold=1700.0000000000002 1.0000000180025095e-35 9.5000000000000018 3.5000000000000004 1.0000000180025095e-35 1.5000000000000002 0.28991596638655465 0.31009615384615391 -1.9499999999999986 51.703636363636384 9.5000000000000018 63.500000000000007 -0.57810515873015833 0.48529411764705888 5.5000000000000009 0.54195804195804198 57.183333333333344 1.5000000000000002 2350.0000000000005 16.500000000000004 0.13809523809523813 1.0000000180025095e-35 8.5000000000000018 4.5000000000000009 5.1999999999999993 11.500000000000002 13.500000000000002 3.6683333333333343 -1.8387499999999988 0.07417582417582419 0.97222222222222232 54.00138888888889 0.10555555555555557 7.5000000000000009 0.63068181818181823 -0.55455627705627664 0.33002380952380972 -2.4062500000000022 12.500000000000002 1.0000000180025095e-35 -1.049999999999998 0.12916666666666668 0.18465909090909094 52.251190476190487 10.500000000000002 1.0000000180025095e-35 -1.5000000000000029 0.19375000000000003 0.72474747474747481 0.21825396825396828 8.5000000000000018 1.5000000000000002 50.04635185185186 0.095454545454545472 -1.2099999999999997 0.17156862745098042 1.0000000180025095e-35 -2.899999999999999 8.5000000000000053 9.6000000000000068 0.38675213675213682 0.44097222222222227
decision_type=2 2 2 2 2 2 2 2 2 2 2 2 2 2 2 2 2 2 2 2 2 2 2 2 2 2 2 2 2 2 2 2 2 2 2 2 2 2 2 2 2 2 2 2 2 2 2 2 2 2 2 2 2 2 2 2 2 2 2 2 2 2
left_child=4 13 3 9 34 6 7 8 25 -3 21 12 24 23 -15 27 18 32 48 28 -21 -10 -8 -2 -7 -6 -27 35 29 -20 -31 -32 -18 -34 -1 -4 -24 38 -14 40 52 43 -43 -9 45 -44 -47 -46 53 50 51 -25 -39 54 -5 56 -55 -57 -59 -60 -61 -62
right_child=1 2 15 16 5 11 22 41 10 -11 -12 -13 37 14 -16 -17 17 -19 19 20 -22 -23 36 49 -26 26 -28 -29 -30 30 31 -33 33 -35 -36 -37 -38 39 -40 -41 -42 42 44 -45 47 46 -48 -49 -50 -51 -52 -53 -54 55 -56 57 -58 58 59 60 61 -63
leaf_value=0.017750146706327262 -0.0089821961108181216 -0.026043048905240979 -0.10780061401892455 0.033965316506749048 -0.073766739359673331 -0.1334601559422233 0.10989894412812734 -0.063178874659573753 0.04527583093046636 0.01158387156280246 -0.037298237767947072 -0.10741671647834168 0.03326104749304553 0.12761713092190188 0.048008195845329248 0.048921327412660635 0.0094142266265724028 -0.0016686148475855589 -0.039121062173084781 0.047168398775498978 -0.05972615246428177 -0.024832880720496178 -0.016380928235594183 0.12659555716583362 -0.027582257576286795 0.044601820011933649 -0.03910423649429548 -0.0078920044970733141 0.095090243803723815 0.1323987554596818 0.0068467765689847323 0.09283780530095101 0.10909430307153359 0.026254589686339553 -0.040012667988027849 -0.029678744992071932 0.066148888623272936 -0.07685591496688883 -0.058368350091305643 0.014767557537804047 -0.020698444866330216 0.048151507292505967 0.061166616375619647 0.013667668896232499 -0.029633266405533938 -0.057769531805230229 0.0038359075733531041 0.042751092631369836 0.076251847880042134 0.0056621802621521057 0.00055209162334601087 0.042005764406460984 -0.028711631559375408 -0.035388336120486523 -0.051499333524185675 0.032700737375998871 0.088105684481561197 -0.014287265304605976 0.090962449108448001 0.061339848434052817 -0.073811499225465871 0.014296277598569657
leaf_weight=278 45 202 24 268 34 22 21 105 147 206 34 22 60 37 46 28 23 40 22 22 32 30 32 39 20 30 41 162 53 23 47 25 57 22 35 55 27 90 22 54 247 43 52 32 590 46 66 20 23 32 24 26 69 113 23 160 20 215 33 41 38 203
leaf_count=278 45 202 24 268 34 22 21 105 147 206 34 22 60 37 46 28 23 40 22 22 32 30 32 39 20 30 41 162 53 23 47 25 57 22 35 55 27 90 22 54 247 43 52 32 590 46 66 20 23 32 24 26 69 113 23 160 20 215 33 41 38 203
internal_value=0.00160458 0.0151898 0.0110762 0.0147956 -0.0129386 -0.0168159 -0.0107698 -0.014259 0.00591498 -0.00704514 0.022002 -0.0302848 -0.0273791 0.0512041 0.0834965 -0.0153467 0.0207245 0.0489138 0.0177833 0.0401496 -0.0161765 0.033393 0.0446214 0.0350579 -0.0830421 -0.0264123 -0.00373548 -0.0228135 0.0580414 0.0412586 0.0598728 0.0367048 0.06875 0.086025 0.011291 -0.053412 0.021387 -0.0230658 0.00867755 -0.0287244 -0.034509 -0.0209414 -0.0168686 -0.0452293 -0.0204808 0.00473436 -0.0214663 -0.02726 0.013377 0.0514365 0.0678947 0.0927596 -0.0559631 0.0120788 0.0272104 0.00672854 -0.0168178 0.0112672 0.00479668 0.0178222 0.00926327 0.000403765
internal_weight=4698 2429 2180 1911 2269 1956 1350 1270 316 408 211 606 584 249 83 269 1503 142 1361 224 54 177 80 166 42 105 71 241 170 117 95 72 102 79 313 79 59 542 82 460 406 954 817 137 774 164 112 610 1137 121 89 65 159 1114 291 823 133 690 530 315 282 241
internal_count=4698 2429 2180 1911 2269 1956 1350 1270 316 408 211 606 584 249 83 269 1503 142 1361 224 54 177 80 166 42 105 71 241 170 117 95 72 102 79 313 79 59 542 82 460 406 954 817 137 774 164 112 610 1137 121 89 65 159 1114 291 823 133 690 530 315 282 241
is_linear=0
shrinkage=0.05


Tree=44
num_leaves=63
num_cat=0
split_feature=0 34 7 27 21 32 25 12 29 29 35 30 34 28 7 29 8 34 8 4 37 25 31 31 4 5 6 35 37 32 6 21 6 4 32 9 4 11 29 31 11 37 5 5 26 37 35 31 4 11 11 9 37 4 31 11 30 6 8 37 6 0
split_gain=335.079 129.906 101.104 96.0912 79.2584 72.5127 67.7437 61.0761 60.126 110.443 60.3421 57.4455 57.0761 57.4007 55.6994 69.6752 76.4656 82.1679 59.3421 96.0029 67.4466 59.244 58.0618 74.0937 62.8373 69.9364 58.2134 63.9596 55.2494 52.7906 50.0503 48.6679 67.2195 89.4219 48.2985 53.8585 75.1043 47.7595 62.489 47.3486 52.3611 47.2563 56.9916 46.868 43.7735 43.2752 56.3198 43.2536 42.2793 73.9802 63.0269 54.5888 41.3997 45.7887 52.5925 60.8926 41.1884 45.2948 41.1552 39.5565 39.1975 38.6584
threshold=1700.0000000000002 1.0000000180025095e-35 1.0000000180025095e-35 5.5000000000000009 1.0000000180025095e-35 0.76696832579185525 1.0000000180025095e-35 0.057189542483660136 51.310277777777785 52.451666666666675 -0.42438383838383881 44.405000000000008 72.500000000000014 39.500000000000007 1.5000000000000002 53.289318181818189 7.5000000000000009 61.500000000000007 13.500000000000002 0.13809523809523813 2.5688888888888877 1.0000000180025095e-35 12.462500000000004 7.7124999999999995 0.2752525252525253 0.36931818181818188 0.39444444444444454 -0.13641666666666694 3.6316666666666664 0.54195804195804198 0.16025641025641027 1.0000000180025095e-35 0.44097222222222227 0.29705882352941182 0.67708333333333337 0.069047619047619066 0.17914438502673799 0.26969696969696971 53.502777777777787 13.009999999999996 0.53137254901960795 5.2658333333333358 0.46410256410256417 0.48529411764705888 1.0000000180025095e-35 5.512500000000002 -0.25982186624649833 1.8166666666666702 0.095454545454545472 0.44949494949494956 0.37980769230769235 0.12132352941176472 2.9749999999999983 0.32291666666666669 11.600000000000007 0.34313725490196084 38.425000000000004 0.30384615384615393 14.500000000000002 5.3449999999999989 0.46862745098039221 2350.0000000000005
decision_type=2 2 2 2 2 2 2 2 2 2 2 2 2 2 2 2 2 2 2 2 2 2 2 2 2 2 2 2 2 2 2 2 2 2 2 2 2 2 2 2 2 2 2 2 2 2 2 2 2 2 2 2 2 2 2 2 2 2 2 2 2 2
left_child=2 43 3 6 5 14 31 37 -6 10 -10 -9 -5 44 15 21 -17 29 20 -20 -19 22 23 26 39 -26 27 -3 -22 61 -15 52 33 -33 35 -25 -37 60 56 -24 -41 58 -43 48 -14 46 -28 -8 -2 50 51 -50 -1 54 55 -54 57 -39 -23 -58 -4 -18
right_child=1 4 7 12 8 -7 47 11 9 -11 -12 -13 13 30 -16 16 17 18 19 -21 28 41 24 34 25 -27 45 -29 -30 -31 -32 32 -34 -35 -36 36 -38 38 -40 40 -42 42 -44 -45 -46 -47 -48 -49 49 -51 -52 -53 53 -55 -56 -57 59 -59 -60 -61 -62 -63
leaf_value=0.0075760341970319001 -0.034872521255165344 0.014767728299937314 0.05805991493886517 -0.03561675856231402 0.065735142175876296 -0.030906543850356745 0.0056028464400186776 -0.042178288516833598 0.0041684414570530258 0.034880051305074065 -0.11047317941080442 -0.11875279972499067 0.0051272286095394234 -0.068033176125027239 -0.019995136769944865 0.093726075464525285 0.0048343459182196178 0.14619614967833394 -0.046280402513711079 0.05149136152420495 -0.0063832605450317784 0.037220638290304565 0.072413846916053445 -0.010363153620149758 0.010419199770937365 0.13112576785497368 -0.03153932419690219 -0.039648186272631086 0.078387611986775158 -0.058396401238297257 -0.014086448207572246 -0.016613093099182415 0.072020535414819328 0.099500777721405032 0.031570267467008487 -0.10408881524139468 -0.027338980138301851 0.053318928787484766 -0.1109775541180914 -0.011283494735660846 0.06260119486334069 0.02500991762980171 0.14041653290390968 0.079321690343589671 -0.055580416950397199 0.085545162043788217 0.057746179048952309 0.072941569748677701 -0.0024847417914619051 0.095966344235671908 -0.041876100317264603 0.085417930595576771 -0.069891110749449578 0.042476542211241197 0.012076396756695912 -0.01408945380096239 -0.047494521726555425 -0.024861819398674101 -0.039522122323513036 0.0013713487440587156 -0.022811472621457329 0.075703216348552996
leaf_weight=270 20 135 31 300 97 122 41 95 24 210 22 33 412 64 151 39 230 23 38 74 29 58 25 122 24 24 33 90 57 31 131 97 51 20 31 51 85 32 22 167 28 23 20 83 32 33 38 57 33 45 30 38 88 27 68 110 159 44 25 56 29 21
leaf_count=270 20 135 31 300 97 122 41 95 24 210 22 33 412 64 151 39 230 23 38 74 29 58 25 122 24 24 33 90 57 31 131 97 51 20 31 51 85 32 22 167 28 23 20 83 32 33 38 57 33 45 30 38 88 27 68 110 159 44 25 56 29 21
internal_value=0.00152435 0.0144303 -0.0122917 -0.00667326 0.0105224 0.00633176 0.00573258 -0.0321188 0.0322118 0.0195095 -0.0506602 -0.0619202 -0.0176258 -0.00917935 0.00899632 0.0118134 0.0262802 0.0210508 0.0438787 0.0183188 0.0701421 0.00406532 -0.00049684 -0.00892575 0.01894 0.0707725 0.00730047 -0.00699864 0.0498021 0.00316092 -0.031792 0.000499215 0.0241166 0.00323543 -0.0273978 -0.0344831 -0.0561202 -0.021892 -0.0297254 0.00763107 -0.000674411 0.0361453 0.0786874 0.0486439 0.000751903 0.038236 0.0162473 0.0447692 0.033305 0.0426444 0.0188871 0.0445618 -0.00654825 -0.0195638 -0.0258611 -0.0388902 -0.0235826 0.00805639 0.0141053 -0.0347667 0.0189721 0.0107636
internal_weight=4698 2429 2269 1768 2180 1827 829 501 353 256 46 128 939 639 1705 1554 542 503 221 112 109 1012 886 618 268 48 329 225 86 282 195 731 168 117 289 258 136 373 313 220 195 126 43 249 444 104 71 98 166 146 101 71 563 293 266 198 291 76 83 215 60 251
internal_count=4698 2429 2269 1768 2180 1827 829 501 353 256 46 128 939 639 1705 1554 542 503 221 112 109 1012 886 618 268 48 329 225 86 282 195 731 168 117 289 258 136 373 313 220 195 126 43 249 444 104 71 98 166 146 101 71 563 293 266 198 291 76 83 215 60 251
is_linear=0
shrinkage=0.05


Tree=45
num_leaves=63
num_cat=0
split_feature=0 27 8 34 36 31 38 30 32 27 2 31 5 2 35 36 35 2 36 0 35 30 0 29 29 36 11 11 29 9 31 19 30 36 36 5 5 4 36 29 8 36 35 38 6 9 6 9 11 30 33 32 29 33 34 29 36 5 11 21 31 36
split_gain=364.269 119.775 96.7461 74.6684 79.6615 134.078 77.4057 77.7461 72.0122 76.479 71.1138 70.9025 67.3502 68.0447 67.3258 60.8075 75.3174 60.3938 64.5897 58.7556 54.2664 52.8845 51.8644 77.2643 67.8907 66.8625 60.3712 74.4267 59.2309 63.1524 48.8203 47.9874 52.6385 69.6611 47.622 47.241 85.3439 46.4804 45.5166 45.2662 43.4661 54.935 42.764 42.1058 46.2985 42.0569 62.8057 41.9987 41.4285 53.102 43.4725 40.7672 40.6155 87.1142 61.8437 55.5256 83.7167 71.6476 55.3274 53.765 45.7919 41.8123
threshold=1550.0000000000002 3.5000000000000004 13.500000000000002 33.500000000000007 -4.2874999999999979 8.0999999999999996 0.87867647058823539 51.625000000000007 0.35504201680672276 9.5000000000000018 9.5000000000000018 15.100000000000007 0.58578431372549034 4.5000000000000009 -0.61331395891690021 -1.4414285714285713 0.11191722629222621 9.5000000000000018 -2.399999999999999 1100.0000000000002 -1.0138095238095219 46.008333333333347 2100.0000000000005 51.127083333333339 54.50138888888889 -2.199999999999998 0.2817460317460318 0.55050505050505061 53.355000000000011 0.080128205128205135 10.555000000000005 1.0000000180025095e-35 46.673333333333339 -1.7499999999999993 -2.1118055555555562 0.36038961038961043 0.45804195804195807 0.30384615384615393 -2.449999999999998 52.832559523809529 11.500000000000002 -0.39999999999999797 0.35177350427350446 0.90454545454545465 0.37980769230769235 0.12916666666666668 0.29705882352941182 0.069047619047619066 0.17156862745098042 46.315000000000005 15.500000000000002 0.45804195804195807 53.502777777777787 6.5000000000000009 14.500000000000002 49.803125000000016 -2.4062500000000022 0.30384615384615393 0.32291666666666669 1.0000000180025095e-35 6.900000000000003 -3.5000000000000013
decision_type=2 2 2 2 2 2 2 2 2 2 2 2 2 2 2 2 2 2 2 2 2 2 2 2 2 2 2 2 2 2 2 2 2 2 2 2 2 2 2 2 2 2 2 2 2 2 2 2 2 2 2 2 2 2 2 2 2 2 2 2 2 2
left_child=10 2 11 4 -3 -6 34 8 21 22 12 15 13 19 20 16 52 48 -19 -1 -7 30 25 -24 28 -10 42 31 37 -30 -8 32 -28 -34 -5 -35 -37 -25 -9 -15 41 -14 45 -18 -45 46 -27 -21 -4 50 -50 -40 55 -54 58 56 57 -2 -55 -57 -56 -59
right_child=1 3 17 6 5 14 7 38 9 -11 -12 -13 40 39 -16 -17 43 18 -20 47 -22 -23 23 24 -26 26 27 -29 29 -31 -32 -33 33 35 -36 36 -38 -39 51 -41 -42 -43 -44 44 -46 -47 -48 -49 49 -51 -52 -53 53 54 60 59 -58 61 -60 -61 -62 -63
leaf_value=0.010787845428212215 -0.024221921898424627 0.043726004566997295 -0.061320991721004248 0.0029980493802577259 0.026472735849722307 -0.070468637411083487 -0.11870477786287666 0.095853781158273865 -0.020819949350901288 -0.018693728703871967 -0.047969481405488693 0.11289244431715746 -0.0014060026822754971 -0.012619161633372103 -0.11014062688075776 0.046815556939405201 0.023723641767476999 0.011870322320610286 -0.11228060437874361 -0.027647467346759432 0.032776049878448253 -0.00055737176545612196 -0.037282743214496546 0.018184695434511493 -0.008523514540866018 0.12655933995565941 0.017203787161752707 0.062956318101949169 0.044561944305896765 0.15389555564948493 -0.034929781436291801 -0.069320943027182863 0.020198973331411005 0.010904346617947643 0.10077577138488943 -0.1337330225855112 -0.020920238952691617 0.10071243285518988 0.062107229384128007 0.062288561960061398 -0.0036509050827497128 0.10240016716718675 -0.010522469716440691 -0.013978255282227809 -0.11516664441674949 0.010181699027406409 0.040486882346223545 -0.059852655495088253 0.020264645379292481 -0.0055493775330353202 0.085180504376004496 -0.034549348670989279 0.10254634805023671 -0.10767318225381049 -0.0054577636692140783 0.04710684028010996 -0.048898361868091995 0.027996224034577612 -0.0064844138920307163 0.13104621898382904 0.062149959573378932 0.12415731152913606
leaf_weight=59 24 32 20 20 49 35 22 33 197 286 211 26 26 509 58 295 24 20 22 218 20 92 35 76 48 31 193 45 25 28 83 27 59 24 33 30 38 22 24 21 157 25 38 26 20 47 67 189 233 228 29 20 22 22 70 93 35 20 35 24 39 26
leaf_count=59 24 32 20 20 49 35 22 33 197 286 211 26 26 509 58 295 24 20 22 218 20 92 35 76 48 31 193 45 25 28 83 27 59 24 33 30 38 22 24 21 157 25 38 26 20 47 67 189 233 228 29 20 22 22 70 93 35 20 35 24 39 26
internal_value=-7.91724e-05 0.00928672 0.0205759 0.000971927 -0.0283641 -0.0426042 0.00443583 0.00245441 -3.98224e-05 0.00418063 -0.0211938 0.0316751 -0.0165014 -0.0219055 -0.0725579 0.0289504 0.0179707 0.00447002 -0.0531611 -0.035843 -0.0329251 -0.0282333 0.0105321 0.0312257 0.0432749 0.00444887 0.0127593 0.00223121 0.0597406 0.102323 -0.0524826 -0.00513437 -9.64683e-05 -0.0222087 0.0638785 -0.049405 -0.0706906 0.0367113 0.0514644 -0.00965112 0.00937623 0.0494794 0.0366921 -0.0299629 -0.0579732 0.0490655 0.0677139 -0.0426027 0.00921612 0.0120952 0.02745 0.0181724 0.0261545 0.00905351 -0.00333711 0.0406364 0.0142404 0.0458098 -0.0455397 0.0643252 0.0187322 0.0823481
internal_weight=4605 3190 1353 1837 194 162 1643 1590 1513 1316 1415 801 1204 996 113 775 480 552 42 466 55 197 1030 234 199 796 599 416 151 53 105 371 344 151 53 92 68 98 77 530 208 51 183 70 46 145 98 407 510 490 262 44 410 188 166 222 105 70 57 117 109 46
internal_count=4605 3190 1353 1837 194 162 1643 1590 1513 1316 1415 801 1204 996 113 775 480 552 42 466 55 197 1030 234 199 796 599 416 151 53 105 371 344 151 53 92 68 98 77 530 208 51 183 70 46 145 98 407 510 490 262 44 410 188 166 222 105 70 57 117 109 46
is_linear=0
shrinkage=0.05


Tree=46
num_leaves=63
num_cat=0
split_feature=0 30 7 0 20 20 34 37 34 11 30 2 6 28 34 30 0 28 36 37 35 11 0 28 35 2 9 32 37 2 35 35 34 11 4 35 36 30 37 21 33 4 2 31 36 35 28 30 2 2 7 4 28 34 36 11 35 30 34 11 38 36
split_gain=329.991 108.855 92.6241 101.052 108.652 85.186 76.3328 93.5713 80.2329 73.8292 72.5834 68.1067 62.0623 56.605 68.85 55.3833 53.3126 103.108 83.7089 64.4248 77.5885 53.3056 53.2992 105.249 100.749 64.7252 63.3787 60.5368 55.4024 54.8611 74.4128 51.4296 49.119 48.6713 57.9601 48.172 67.4801 67.284 48.1471 58.4057 52.9584 47.9198 47.7952 45.581 55.1816 71.1007 57.631 58.0533 44.8993 69.1713 49.1851 47.9341 42.2388 67.0433 41.9695 64.0057 55.7592 41.8236 72.882 41.5067 39.8126 38.3703
threshold=1450.0000000000002 35.45000000000001 1.5000000000000002 2100.0000000000005 1.0000000180025095e-35 1.0000000180025095e-35 44.500000000000007 3.0499999999999989 19.500000000000004 0.16025641025641027 38.925000000000004 6.5000000000000009 0.39444444444444454 8.5000000000000018 106.50000000000001 44.058333333333337 2450.0000000000005 24.500000000000004 -2.6000000000000019 4.4258333333333351 -0.71834401709401774 0.36931818181818188 1700.0000000000002 4.5000000000000009 -1.551388888888888 9.5000000000000018 0.12916666666666668 0.19375000000000003 7.9000000000000048 8.5000000000000018 1.0000000180025095e-35 -0.029621031746031739 56.500000000000007 0.25833333333333336 0.13809523809523813 -0.44281746031746005 -1.5599999999999985 49.091666666666676 6.4499999999999984 1.0000000180025095e-35 12.500000000000002 0.17156862745098042 9.5000000000000018 9.8708333333333389 -1.5833333333333324 -0.37939682539682501 11.500000000000002 49.51250000000001 3.5000000000000004 9.5000000000000018 1.5000000000000002 0.16025641025641027 6.5000000000000009 32.500000000000007 -3.0499999999999985 0.44949494949494956 -1.7169642857142862 44.267857142857146 77.500000000000014 0.31009615384615391 0.82085561497326209 -2.1118055555555562
decision_type=2 2 2 2 2 2 2 2 2 2 2 2 2 2 2 2 2 2 2 2 2 2 2 2 2 2 2 2 2 2 2 2 2 2 2 2 2 2 2 2 2 2 2 2 2 2 2 2 2 2 2 2 2 2 2 2 2 2 2 2 2 2
left_child=12 9 3 4 10 15 8 -8 -6 -2 -3 -4 48 -9 -15 21 17 18 19 -17 -21 -5 24 27 -12 43 33 54 29 60 41 32 -20 -27 -35 37 -37 -13 39 57 -41 -31 -11 44 46 -46 -25 -48 -1 50 -50 -52 -45 -54 55 56 -24 -14 -59 -47 -26 -18
right_child=1 2 11 5 6 -7 7 13 -10 42 22 35 38 14 -16 16 61 -19 31 20 -22 -23 23 25 28 26 -28 -29 -30 30 -32 -33 -34 34 -36 36 -38 -39 -40 40 -42 -43 -44 52 45 59 47 -49 49 -51 51 -53 53 -55 -56 -57 -58 58 -60 -61 -62 -63
leaf_value=-0.046950330512009114 -0.054602723658084877 -0.056805696936422269 -0.062259936736691529 -0.066814164910465476 0.063457052886486051 -0.045003780883711736 0.16213602734263988 0.10284789908411247 -0.053140616541107501 0.037708611001760844 -0.12247619861736894 0.099935479157350293 -0.016925594650543437 -0.023447615262120965 0.07988737687054609 -0.050685385470701894 -0.023534988993129068 -0.044114240103711684 0.02607397107017595 0.10327995408792048 -0.022029372588509608 0.031315381368321758 -0.058591070168075111 -0.019466902118419175 0.041610402968944984 0.041483160853385929 -0.099045850432688196 0.055137144955704466 -0.06811185925681558 -0.060277711212635046 0.077952541089193389 0.13227019071102489 0.094546982810012448 -0.00029381735043393245 -0.10060589336014043 -0.062539264433085925 0.030444033088861035 -0.026778446594253182 -0.068721542560628485 0.095300545323906208 -0.0097375110856124346 0.035790004098304996 -0.021309154903566517 0.057225852313896888 -0.1263266073096366 0.03944900989532471 -0.0017881058058456371 0.092147428086348654 -0.0092772759144832077 -0.053577552604667081 -0.12140493463724851 -0.019277015500874434 -0.078208614504811438 0.01143810341931285 -0.008736073097679764 0.097054647604624442 0.035303005193418356 -0.0040461003658224326 0.10395111792853901 -0.04553913348445706 -0.016491039946861567 0.033581466033493962
leaf_weight=234 25 57 84 25 25 37 20 28 36 471 20 22 284 40 27 22 43 24 43 30 21 31 21 115 32 26 31 137 36 25 44 43 67 36 24 50 32 20 28 28 21 27 37 46 21 20 38 29 509 136 20 27 22 401 112 30 64 61 21 51 375 93
leaf_count=234 25 57 84 25 25 37 20 28 36 471 20 22 284 40 27 22 43 24 43 30 21 31 21 115 32 26 31 137 36 25 44 43 67 36 24 50 32 20 28 28 21 27 37 46 21 20 38 29 509 136 20 27 22 401 112 30 64 61 21 51 375 93
internal_value=-7.52138e-05 0.00863049 0.00455827 0.0072307 0.00232581 0.0278742 0.0398573 0.0638393 -0.00535469 0.0292819 -0.00126416 -0.027498 -0.0206535 0.0431452 0.0181948 0.0339749 0.0407163 0.0544216 0.0648856 0.0208316 0.051682 -0.0124925 0.000511424 0.00635354 -0.0122806 -0.00318516 -0.0377519 0.02889 -0.00819172 -0.0039032 0.0300969 0.0859049 0.0677803 -0.0156576 -0.0404186 -0.00394954 -0.0262531 0.0395955 -0.00526181 -0.000980193 0.0502842 -0.0103964 0.0334101 0.00225806 -0.0139443 -0.0455041 0.00200898 0.0388706 -0.0280169 -0.0216145 -0.0137962 -0.0627357 0.0117238 0.00677563 0.0130492 0.0342663 0.0121056 -0.00784346 0.0236117 -0.0215988 -0.0119229 0.0155226
internal_weight=4605 3236 2703 2495 2016 479 176 115 61 533 1840 208 1369 95 67 442 386 250 226 73 51 56 1783 1224 559 860 117 364 539 503 96 153 110 86 60 124 82 42 443 415 49 52 508 743 274 92 182 67 926 692 556 47 469 423 227 115 85 366 82 71 407 136
internal_count=4605 3236 2703 2495 2016 479 176 115 61 533 1840 208 1369 95 67 442 386 250 226 73 51 56 1783 1224 559 860 117 364 539 503 96 153 110 86 60 124 82 42 443 415 49 52 508 743 274 92 182 67 926 692 556 47 469 423 227 115 85 366 82 71 407 136
is_linear=0
shrinkage=0.05


Tree=47
num_leaves=63
num_cat=0
split_feature=0 7 28 36 0 35 24 8 11 36 36 5 34 4 10 35 11 35 36 36 36 2 2 0 5 8 20 35 12 37 36 37 34 28 12 8 34 35 15 31 2 11 28 12 31 5 4 2 35 2 27 31 4 15 34 12 11 8 37 34 11 2
split_gain=297.817 96.7126 103.802 81.9043 102.251 103.405 102.932 81.6711 79.6297 73.0892 93.6755 85.4443 68.9375 84.4475 77.3483 69.8229 94.4833 60.0128 58.9448 57.6307 69.3048 57.1073 62.0311 67.7289 59.3883 54.0132 78.0389 53.2139 51.6553 68.6754 83.1589 51.4683 58.8078 46.8745 46.7282 46.0601 42.36 41.9451 41.6052 78.2418 57.33 46.3422 41.4388 41.1955 39.2375 47.4406 51.3271 52.9 48.4324 39.1834 39.1515 43.8549 38.663 59.3441 70.1672 41.9869 65.2452 50.7166 37.3971 36.7575 36.5553 36.4306
threshold=1450.0000000000002 1.5000000000000002 7.5000000000000009 -1.6763888888888878 1700.0000000000002 -1.551388888888888 1.0000000180025095e-35 6.5000000000000009 0.14835164835164838 -1.5599999999999985 -3.399999999999999 0.42261904761904767 51.500000000000007 0.17914438502673799 3.5000000000000004 -0.21844155844155833 0.21825396825396828 -0.37939682539682501 -1.5599999999999985 -1.7400000000000009 -2.0633333333333339 9.5000000000000018 4.5000000000000009 1100.0000000000002 0.43303571428571436 15.500000000000002 1.0000000180025095e-35 -0.74769870448179276 0.060661764705882359 7.9000000000000048 -2.3999999999999977 4.4016666666666691 64.500000000000014 1.5000000000000002 0.060661764705882359 10.500000000000002 9.5000000000000018 -0.87750000000000006 1.0000000180025095e-35 12.870833333333332 5.5000000000000009 0.31009615384615391 9.5000000000000018 0.060661764705882359 6.7083333333333366 0.36038961038961043 0.12916666666666668 5.5000000000000009 0.23775669642857117 5.5000000000000009 3.5000000000000004 7.900000000000003 0.21825396825396828 1.0000000180025095e-35 92.500000000000014 0.07417582417582419 0.36038961038961043 10.500000000000002 2.5085714285714289 100.50000000000001 0.34313725490196084 8.5000000000000018
decision_type=2 2 2 2 2 2 2 2 2 2 2 2 2 2 2 2 2 2 2 2 2 2 2 2 2 2 2 2 2 2 2 2 2 2 2 2 2 2 2 2 2 2 2 2 2 2 2 2 2 2 2 2 2 2 2 2 2 2 2 2 2 2
left_child=21 2 3 4 5 -2 28 -6 -5 10 -3 -11 19 37 52 17 -17 27 -10 20 -4 22 23 -1 -25 26 -20 -16 29 30 49 32 -9 36 -29 -26 -33 -14 39 41 -40 -35 -21 60 45 -24 47 -47 -49 -7 51 -43 53 -15 -55 58 57 -57 -54 -36 -27 -39
right_child=1 9 12 8 7 6 -8 31 18 11 -12 -13 13 14 15 16 -18 -19 25 42 -22 -23 44 24 35 43 -28 34 -30 -31 -32 33 -34 38 59 -37 -38 61 40 -41 -42 50 -44 -45 -46 46 -48 48 -50 -51 -52 -53 55 54 -56 56 -58 -59 -60 -61 -62 -63
leaf_value=0.018894090074481389 -0.11460276269167663 0.043405118970959278 -0.023385915775307933 -0.050157842854106877 0.11670131236314774 0.080091796533176399 -0.094300266551175002 -0.0088264346191988738 0.10476321719827192 0.07504627690251385 -0.058679839375136947 -0.033932733374672973 0.050799086749404004 0.04030699798491149 0.057221225660407188 0.039058071492320823 -0.044938099239687855 0.075575307663530114 0.037517637090388474 -0.029786884856338687 0.075985717726871377 -0.043544439388818655 0.065525089103627851 -0.059039168167545134 0.028421048887539657 0.051757513193620576 0.12408339155039616 0.026453143358230593 0.060777329756981802 -0.083380633483951305 -0.051500426281831768 -0.0032151297750798143 0.07670955325222828 -0.027145177130706799 -0.0074020050093531603 -0.029602042682492571 0.075808399160568779 -0.0057603433676597432 -0.04405619710311294 0.10374399676699848 0.018746138250309085 0.033379465303030507 -0.12192112907119419 -0.0473973750240273 -0.012458569341473196 0.091104919285230013 -0.035649267082864589 -0.047608347016352193 0.043321667623240502 0.0090096974547239066 -0.010282542509958149 0.11924079481512309 0.13190700345757334 -0.081326088461059112 0.023530302372259591 -0.064840877250484805 0.085388976749446663 0.04134731042114171 0.056488085174216676 -0.10326328618451952 -0.002663586971983831 -0.039519639237669817
leaf_weight=66 25 27 143 27 21 33 29 232 31 35 134 37 28 113 33 46 123 42 371 26 20 211 37 166 40 54 28 31 36 24 38 22 22 39 20 236 74 433 50 34 133 58 23 27 476 23 55 27 32 47 32 20 22 27 39 23 27 22 65 20 72 98
leaf_count=66 25 27 143 27 21 33 29 232 31 35 134 37 28 113 33 46 123 42 371 26 20 211 37 166 40 54 28 31 36 24 38 22 22 39 20 236 74 433 50 34 133 58 23 27 476 23 55 27 32 47 32 20 22 27 39 23 27 22 65 20 72 98
internal_value=-7.14531e-05 0.00819896 0.0106067 0.0194346 0.0103995 -0.0185494 -0.00694874 0.0195123 0.0337872 -0.0228328 -0.04156 0.0190432 0.000817869 0.00541895 0.0176302 -0.00019527 -0.0220752 0.0251315 0.0376748 -0.0254864 -0.0111931 -0.0196208 -0.0152617 -0.0283518 -0.0354067 0.0339072 0.0435924 0.00476002 0.00728268 -0.00627934 0.00940228 0.0166617 -0.00141781 0.0266016 -0.0196234 -0.0211929 0.0576988 -0.00884576 0.0184449 0.0353028 0.00158703 0.0196854 -0.0730336 0.00864966 -0.0050312 0.0152874 0.0017195 0.0267839 0.00170963 0.0383311 0.0362889 0.0553952 0.0342428 0.0183049 -0.0193655 0.0521854 0.0239417 -0.0129267 0.0755595 -0.0553326 0.0206597 -0.0119909
internal_weight=4605 3236 3003 1579 969 232 207 737 610 233 161 72 1424 1212 653 315 169 146 583 212 163 1369 1158 508 442 552 399 104 178 142 118 716 254 462 71 276 96 559 366 183 183 149 49 153 650 174 137 82 59 80 110 78 338 179 66 159 72 45 87 40 126 531
internal_count=4605 3236 3003 1579 969 232 207 737 610 233 161 72 1424 1212 653 315 169 146 583 212 163 1369 1158 508 442 552 399 104 178 142 118 716 254 462 71 276 96 559 366 183 183 149 49 153 650 174 137 82 59 80 110 78 338 179 66 159 72 45 87 40 126 531
is_linear=0
shrinkage=0.05


Tree=48
num_leaves=63
num_cat=0
split_feature=0 2 19 35 2 7 28 33 11 24 29 0 30 15 7 28 35 29 35 35 2 36 35 35 34 28 4 2 6 8 8 8 34 5 9 6 9 0 11 28 30 29 29 29 36 36 20 4 9 30 29 33 11 5 8 34 28 11 33 35 5 34
split_gain=269.32 117.571 108.547 94.3939 83.9288 94.1208 78.6512 74.8916 61.2143 55.169 101.092 81.3657 126.951 66.1935 70.5549 58.151 54.0093 53.6561 66.1804 51.4708 50.1725 122.718 78.8009 49.1811 46.3424 52.8489 67.2354 46.173 44.832 50.6796 43.1993 42.728 41.8318 41.2166 62.0658 51.0728 79.3549 53.7364 45.5612 41.0324 49.4778 40.7859 65.8989 49.3512 39.9173 89.8728 51.8195 56.3468 76.9139 60.2012 56.9849 47.0093 39.1636 53.1311 56.6393 52.2206 71.8698 56.4112 47.7696 40.5877 37.5578 37.483
threshold=1700.0000000000002 9.5000000000000018 1.0000000180025095e-35 -1.551388888888888 9.5000000000000018 1.5000000000000002 2.5000000000000004 12.500000000000002 0.56696428571428581 1.0000000180025095e-35 49.653369047619051 2100.0000000000005 45.391666666666673 1.0000000180025095e-35 1.0000000180025095e-35 21.500000000000004 1.1022427721088437 55.231547619047625 -0.98928571428571532 -0.2850952953296701 8.5000000000000018 -1.7666666666666642 -0.60037240537240588 -1.9387445887445878 72.500000000000014 37.500000000000007 0.24264705882352944 6.5000000000000009 0.36931818181818188 9.5000000000000018 15.500000000000002 16.500000000000004 51.500000000000007 0.48529411764705888 0.07417582417582419 0.48529411764705888 0.080128205128205135 1900.0000000000002 0.53589743589743599 15.500000000000002 43.010000000000005 51.095208333333339 48.558409090909102 49.266393849206359 -0.46000000000000008 -0.20000000000000193 1.0000000180025095e-35 0.29705882352941182 0.13809523809523813 47.32500000000001 50.729563492063498 8.5000000000000018 0.53137254901960795 0.26969696969696971 11.500000000000002 46.500000000000007 8.5000000000000018 0.24264705882352944 12.500000000000002 -0.42438383838383881 0.44097222222222227 127.50000000000001
decision_type=2 2 2 2 2 2 2 2 2 2 2 2 2 2 2 2 2 2 2 2 2 2 2 2 2 2 2 2 2 2 2 2 2 2 2 2 2 2 2 2 2 2 2 2 2 2 2 2 2 2 2 2 2 2 2 2 2 2 2 2 2 2
left_child=3 2 6 -1 5 7 23 16 -4 13 -11 12 -12 14 28 -16 44 18 -3 -13 52 22 -22 -2 39 61 41 -7 31 -30 33 32 -8 34 38 36 -35 -37 -25 -9 -41 42 -27 -44 46 -46 47 48 51 50 -49 -5 53 -15 55 -55 -57 -58 -56 -59 -29 -26
right_child=1 17 8 4 -6 27 9 24 -10 10 11 19 -14 20 15 -17 -18 -19 -20 -21 21 -23 -24 30 25 26 -28 60 29 -31 -32 -33 -34 35 -36 37 -38 -39 -40 40 -42 -43 43 -45 45 -47 -48 49 -50 -51 -52 -53 -54 54 58 56 57 59 -60 -61 -62 -63
leaf_value=-0.10218634354914058 0.093538737722805576 -0.10933974886482412 -0.029224434504960137 -0.038605001088427876 -0.041367217053557746 -0.075578788554372445 0.019058422824101792 -0.021001222636273489 0.063086536452174199 -0.061179026212035262 0.14028453744947911 0.15555269572883845 -4.621489220354931e-05 -0.059337031448052996 0.0065176851740016521 -0.073635003420299494 -0.028875703317113224 0.047665068179506949 -0.018460045106725633 0.057653722847843994 0.04766835286527088 -0.13293640830864509 -0.054157665607176331 -0.040199326618534065 -0.0035877789950595714 -0.02439132450325858 -0.072164459381851231 0.03756335740465494 -0.0576561693623662 0.020542709708352352 0.0033451939702454007 -0.018658521132809774 0.058804887641842163 0.13777687443420292 0.047527139126913441 0.078951046798777375 0.03213936612592079 -0.01589646163311045 0.033263195439791067 -0.027018156403210015 -0.12316112576619438 -0.074523585904389622 0.10416183475066315 0.0014816940277814867 0.11278723595851961 0.015762896940137716 0.066137046925723558 0.046777930038256782 -0.082383467857208514 0.10607954480108761 -0.05397568471405817 0.0072285634834530228 0.039376677913537279 -0.014235868167486929 -0.054993308127007416 0.13421833878618644 0.091224111713792966 0.046305187419056898 0.00050151247516093476 -0.051086635952410489 -0.045755722236782807 0.032338363664224747
leaf_weight=29 35 22 176 76 211 73 98 378 20 22 20 25 83 36 103 29 100 27 224 29 38 24 38 46 265 84 56 21 25 121 102 28 204 40 142 28 32 32 39 32 23 20 22 25 26 291 28 36 36 21 23 212 69 42 46 21 23 20 247 23 38 100
leaf_count=29 35 22 176 76 211 73 98 378 20 22 20 25 83 36 103 29 100 27 224 29 38 24 38 46 265 84 56 21 25 121 102 28 204 40 142 28 32 32 39 32 23 20 22 25 26 291 28 36 36 21 23 212 69 42 46 21 23 20 247 23 38 100
internal_value=-6.78804e-05 0.0116286 0.0156306 -0.0125683 -0.0113853 -0.00819996 0.0192669 -0.00529557 -0.0198049 0.0132576 0.0391994 0.0532652 0.0272025 0.00949763 0.0212527 -0.0110916 0.00563798 -0.0192438 -0.0265875 0.102977 -0.00190125 -0.0343707 -0.00324466 0.0363982 -0.014532 -0.00519034 -0.0253717 -0.0489935 0.0302222 0.00715249 0.0320599 0.0404287 0.045907 0.0402185 0.0272993 0.0624354 0.0908269 0.0283657 -0.00649299 -0.0268724 -0.0672234 -0.00801815 0.00213535 0.0495447 0.0102459 0.0237207 0.000358201 -0.00420073 -0.0134794 0.0333779 0.0075011 -0.0048664 0.00425993 -0.00103058 0.00394343 0.03155 0.0536535 0.0280192 -0.00821098 -0.00578811 -0.0160998 0.006255
internal_weight=4605 2379 2106 2226 2197 1986 1910 1854 196 1414 179 157 103 1235 608 132 849 273 246 54 627 100 76 496 1005 572 207 132 476 146 461 330 302 359 227 132 72 60 85 433 55 151 131 47 749 317 432 404 324 80 59 288 527 458 422 129 87 66 293 43 59 365
internal_count=4605 2379 2106 2226 2197 1986 1910 1854 196 1414 179 157 103 1235 608 132 849 273 246 54 627 100 76 496 1005 572 207 132 476 146 461 330 302 359 227 132 72 60 85 433 55 151 131 47 749 317 432 404 324 80 59 288 527 458 422 129 87 66 293 43 59 365
is_linear=0
shrinkage=0.05


Tree=49
num_leaves=63
num_cat=0
split_feature=35 2 8 32 29 25 36 36 6 9 34 35 2 4 32 34 34 8 34 35 34 22 36 36 29 28 9 4 9 29 5 34 35 30 34 6 8 28 34 9 36 6 2 34 27 2 4 2 36 32 8 10 4 4 28 6 27 6 33 32 32 35
split_gain=203.091 105.834 81.1648 71.3385 69.9277 64.362 68.8754 64.0912 64.0802 86.4088 79.152 58.7547 57.9649 61.753 56.6234 52.321 52.0005 50.329 80.1314 46.2598 63.315 56.7228 46.1962 54.9649 92.3995 92.2573 59.2337 52.0969 48.5208 74.2909 52.7628 54.9592 45.6349 82.9947 70.661 45.0563 43.3472 42.7374 50.4222 42.5996 48.6633 52.6937 46.7436 42.2915 41.7477 40.2822 40.2744 39.6915 60.8481 52.227 41.754 39.6002 113.313 39.4818 39.2736 40.0835 64.107 53.2936 76.7525 59.3931 58.6438 43.64
threshold=0.26130952380952466 9.5000000000000018 15.500000000000002 0.44949494949494956 55.231547619047625 1.0000000180025095e-35 -0.28660714285714312 -0.51055555555555565 0.12916666666666668 0.30384615384615393 26.500000000000004 -0.65650488400488449 3.5000000000000004 0.06458333333333334 0.55050505050505061 61.500000000000007 10.500000000000002 7.5000000000000009 5.5000000000000009 0.11191722629222621 106.50000000000001 1.0000000180025095e-35 -5.2499999999999991 -2.2949999999999977 53.978067765567772 4.5000000000000009 0.07417582417582419 0.12916666666666668 0.16025641025641027 53.685277777777792 0.56696428571428581 39.500000000000007 -0.6244017094017088 49.860714285714302 49.500000000000007 0.37980769230769235 8.5000000000000018 5.5000000000000009 38.500000000000007 0.19375000000000003 -1.8599999999999988 0.16025641025641027 6.5000000000000009 94.500000000000014 5.5000000000000009 5.5000000000000009 0.24264705882352944 8.5000000000000018 -1.4800000000000002 0.57738095238095244 13.500000000000002 3.5000000000000004 0.39444444444444454 0.19375000000000003 54.500000000000007 0.37980769230769235 4.5000000000000009 0.069047619047619066 14.500000000000002 0.73030303030303034 0.46410256410256417 0.4671205357142858
decision_type=2 2 2 2 2 2 2 2 2 2 2 2 2 2 2 2 2 2 2 2 2 2 2 2 2 2 2 2 2 2 2 2 2 2 2 2 2 2 2 2 2 2 2 2 2 2 2 2 2 2 2 2 2 2 2 2 2 2 2 2 2 2
left_child=1 2 3 12 11 6 7 16 9 19 -10 -3 13 -1 -7 -15 -2 18 -14 20 21 32 -19 28 25 51 27 -27 30 -30 31 36 33 -5 -34 -8 -24 -18 44 40 41 -12 -43 -36 -39 -32 47 48 49 -42 -50 -25 -53 -28 55 57 -57 -40 60 61 -59 -60
right_child=5 4 -4 8 -6 14 35 -9 10 -11 39 -13 17 15 -16 -17 37 22 -20 -21 -22 -23 23 24 -26 26 53 -29 29 -31 45 -33 34 -35 43 -37 -38 38 54 -41 46 42 -44 -45 -46 -47 -48 -49 50 -51 -52 52 -54 -55 -56 56 -58 58 59 -61 -62 -63
leaf_value=0.060604708834879978 -0.080936739494403206 -0.094231564687056985 -0.0028560424631641 0.12244148317862441 0.055532690465450285 0.039988128745850803 -0.049706640894353844 0.021268756166100505 -0.089214711177295875 -0.075456070722568602 -0.084292914763093002 -0.021924659986666123 0.15331509336829185 -0.024675831037004377 -0.018438949384917951 0.055064122192561626 0.0080459285890525697 0.092253138296306145 0.037505637942734413 0.1030099942535162 0.08163868954870851 -0.067091733105480666 0.08274529427289963 0.031163147983026912 0.087475041140403068 -0.02897598129929975 -0.1010169151765497 0.073181149371577284 0.016926600923761727 -0.098108432054519662 0.031306684230055129 0.077967539683070991 -0.073355649303024018 0.0077903727951802717 0.03916229959577322 -0.011286021272066684 0.0087646445339413914 -0.01685601156204939 -0.03924800265715065 -0.059931242987513546 -0.0092247415172017136 -0.025968840373855717 0.030179172842518281 -0.039222549585710198 -0.089458820071410053 -0.053850433466638009 0.069910972061916252 -0.048107678575727807 -0.030503555342909841 0.082410464625960841 0.050906644510992229 0.14399391425580815 -0.00648823617534204 -0.015133206883911045 -0.083796574324369433 -0.1066944470376863 -0.020390725455273734 0.083429671483250659 0.022601092187687757 0.042144287667340706 0.012916394557271685 -0.04311455202288926
leaf_weight=34 30 33 812 27 25 96 235 130 28 21 25 189 20 144 73 24 177 25 59 20 40 20 22 279 70 24 23 26 32 25 21 43 24 38 79 113 198 36 83 30 23 106 57 22 44 41 32 26 63 48 21 29 22 32 20 24 208 41 32 36 105 120
leaf_count=34 30 33 812 27 25 96 235 130 28 21 25 189 20 144 73 24 177 25 59 20 40 20 22 279 70 24 23 26 32 25 21 43 24 38 79 113 198 36 83 30 23 106 57 22 44 41 32 26 63 48 21 29 22 32 20 24 208 41 32 36 105 120
internal_value=-6.44863e-05 0.00760845 0.0104195 0.0159675 -0.0237453 -0.0144339 -0.0178733 -0.0116703 0.00388416 0.0222394 -0.00775285 -0.032673 0.0235638 -0.000847627 0.0147504 -0.0132844 -0.0161495 0.0285397 0.0668245 0.029838 0.0239842 0.0130024 0.0252234 0.0233342 0.0341594 0.0255799 -0.0152416 0.0241457 0.00902333 -0.0335274 0.0164861 0.0262677 0.0214334 0.0554147 0.00376312 -0.037231 0.0161627 -0.0140505 -0.0192723 -0.00246066 0.00183889 -0.0167011 -0.00633426 0.0220884 -0.0567876 -0.0250069 0.0182028 0.00906105 0.0186506 0.0527258 -0.010151 0.0385685 0.07908 -0.0510482 -0.0147861 -0.0126595 -0.0293187 -0.00339104 0.00551952 -0.0156027 0.0327181 -0.0292797
internal_weight=4605 3002 2755 1943 247 1603 1434 1086 750 291 459 222 1193 202 169 168 956 991 79 270 250 210 912 887 505 435 105 50 382 57 325 263 190 65 125 348 220 926 749 431 401 188 163 101 80 62 213 181 155 71 84 330 51 55 669 649 232 417 334 188 146 152
internal_count=4605 3002 2755 1943 247 1603 1434 1086 750 291 459 222 1193 202 169 168 956 991 79 270 250 210 912 887 505 435 105 50 382 57 325 263 190 65 125 348 220 926 749 431 401 188 163 101 80 62 213 181 155 71 84 330 51 55 669 649 232 417 334 188 146 152
is_linear=0
shrinkage=0.05


Tree=50
num_leaves=63
num_cat=0
split_feature=0 21 8 22 30 6 36 0 31 27 28 24 32 31 32 28 36 7 36 21 9 8 11 30 31 0 28 34 9 11 7 15 30 29 9 4 6 36 8 36 36 36 32 6 10 10 30 2 29 29 31 30 15 2 36 9 32 6 28 37 31 11
split_gain=229.774 121.684 86.8542 83.6584 72.6719 62.0419 60.0873 95.5055 67.6384 63.407 63.0628 88.0316 91.2268 56.1229 53.5677 52.1837 51.0724 50.9937 78.5529 50.6067 70.7136 71.5122 53.386 47.2126 45.2359 45.2316 48.4382 77.3174 67.2605 43.9216 43.9669 64.9781 42.6015 52.471 67.5536 48.8331 45.8128 58.6528 41.6496 41.9935 40.9927 43.5969 71.4376 39.4713 39.3289 66.4591 41.6162 38.6962 46.9886 38.6932 37.963 37.742 43.1195 66.0893 37.3647 37.1868 35.9494 35.2992 96.6708 93.1298 52.3926 45.4089
threshold=1700.0000000000002 1.0000000180025095e-35 15.500000000000002 1.0000000180025095e-35 43.108333333333341 0.080128205128205135 -3.2000000000000015 1450.0000000000002 3.4000000000000026 4.5000000000000009 13.500000000000002 1.0000000180025095e-35 0.26969696969696971 14.383333333333335 0.71825396825396837 4.5000000000000009 -4.0999999999999988 1.0000000180025095e-35 -1.0600000000000003 1.0000000180025095e-35 0.14835164835164838 10.500000000000002 0.46410256410256417 41.620000000000005 17.416666666666671 1100.0000000000002 57.500000000000007 127.50000000000001 0.060661764705882359 0.60555555555555574 1.0000000180025095e-35 1.0000000180025095e-35 48.908333333333339 56.967777777777783 0.11437908496732027 0.06458333333333334 0.36931818181818188 -2.3999999999999977 11.500000000000002 -2.2000000000000015 -1.9000000000000017 -2.3267857142857147 0.31009615384615391 0.29705882352941182 3.5000000000000004 2.5000000000000004 42.508333333333347 4.5000000000000009 52.586607142857154 50.939583333333339 3.6650000000000102 49.990000000000002 1.0000000180025095e-35 7.5000000000000009 -0.044999999999998853 1.0000000180025095e-35 0.67708333333333337 0.36038961038961043 14.500000000000002 6.8499999999999979 2.0250000000000026 0.24264705882352944
decision_type=2 2 2 2 2 2 2 2 2 2 2 2 2 2 2 2 2 2 2 2 2 2 2 2 2 2 2 2 2 2 2 2 2 2 2 2 2 2 2 2 2 2 2 2 2 2 2 2 2 2 2 2 2 2 2 2 2 2 2 2 2 2
left_child=3 2 4 6 5 -2 8 19 -1 15 11 -9 -13 -11 47 -10 -6 23 -19 25 21 -21 50 -7 32 -8 27 38 54 30 31 -4 35 34 -34 -3 37 -37 39 -27 41 42 -33 -39 45 -5 -47 -12 49 -49 -23 52 53 -32 -29 -38 -46 -18 59 60 -59 -60
right_child=1 24 29 44 16 17 7 10 9 13 14 12 -14 -15 -16 -17 57 18 -20 20 -22 22 -24 -25 -26 26 -28 28 -30 -31 51 40 33 -35 -36 36 55 43 -40 -41 -42 -43 -44 -45 56 46 -48 48 -50 -51 -52 -53 -54 -55 -56 -57 -58 58 61 -61 -62 -63
leaf_value=-0.10225161056626926 0.061452834602511885 0.12774538397789001 0.016169126559575291 -0.044382708654990673 0.050697694303827326 0.018364162042737008 0.02426658656087614 0.032123483273364881 -0.019008329116872381 -0.097560530336839812 0.027908764455629433 -0.094228332402805495 0.043632389307022096 -0.00058003171848563053 0.023577356748822807 0.082235783254727732 0.0077054104598259969 -0.065215065232478095 0.043978357501327996 0.1157196749933064 -0.072115419432520866 0.088576608896255501 -0.058692063058593452 0.079199280876379757 -0.029630983583629134 -0.071901249343698667 -0.072291446947270924 0.00028899796149768939 0.044164409011948944 0.054979785331912959 -0.13618779424577951 0.0037229328213023052 0.028958493096696347 0.074295369908213615 -0.050448744593037144 0.12146503287367523 0.05844013970345259 0.026853770355841047 -0.030821956016433612 0.00062657317659698514 -0.046546361973192896 0.037260344337361556 -0.096169904693961139 0.10579878598451616 -0.096991996235317665 0.062601681848588803 -0.022155322215209407 -0.032823971616612241 0.010763249983047618 -0.10384205992278808 0.0097465170613889179 0.018087100485960642 -0.018853848254204626 -0.029378248224966232 -0.073928947323425254 -0.030183231869134408 -0.024832755486880031 0.065773863145490982 -0.0053559605209600363 -0.095050427743366792 0.00076598206490982243 -0.094398302398622042
leaf_weight=33 112 21 184 148 57 175 62 329 35 35 23 30 20 26 69 20 713 40 28 20 20 21 21 39 25 22 42 74 86 24 28 63 97 37 37 32 20 76 607 215 106 42 25 20 45 28 30 44 29 34 56 24 54 30 22 29 28 41 21 21 127 45
leaf_count=33 112 21 184 148 57 175 62 329 35 35 23 30 20 26 69 20 713 40 28 20 20 21 21 39 25 22 42 74 86 24 28 63 97 37 37 32 20 76 607 215 106 42 25 20 45 28 30 44 29 34 56 24 54 30 22 29 28 41 21 21 127 45
internal_value=-0.000753536 0.0100614 0.00505583 -0.0121345 0.011719 0.0299696 -0.00854805 -0.00608277 -0.0390911 -0.0211231 0.010762 0.0227294 -0.039084 -0.0562246 -0.0120302 0.0178077 0.00470368 0.0174656 -0.0202531 -0.0137612 0.0148222 0.0295574 0.0119733 0.0294509 0.0354579 -0.0172519 -0.0196622 -0.0175078 0.0120499 -0.011246 -0.0141047 -0.00610372 0.0398677 0.0215865 0.00703261 0.055656 0.047103 0.0628417 -0.0238816 -0.00610597 -0.023469 -0.00465206 -0.0246557 0.0433006 -0.0377792 -0.0266041 0.0187619 -0.0309296 -0.0435771 -0.0637806 0.0312456 -0.0388134 -0.0510064 -0.0809415 -0.0167193 0.00598957 -0.0693145 0.00199536 -0.0139704 0.00422195 0.016631 -0.0660666
internal_weight=4667 2393 1999 2274 1419 394 1995 1846 149 116 578 379 50 61 199 55 1025 282 68 1268 138 118 98 214 394 1130 1068 1026 182 580 556 420 369 171 134 198 177 128 844 237 236 130 88 96 279 206 58 130 107 78 77 136 112 58 96 49 73 968 255 189 168 66
internal_count=4667 2393 1999 2274 1419 394 1995 1846 149 116 578 379 50 61 199 55 1025 282 68 1268 138 118 98 214 394 1130 1068 1026 182 580 556 420 369 171 134 198 177 128 844 237 236 130 88 96 279 206 58 130 107 78 77 136 112 58 96 49 73 968 255 189 168 66
is_linear=0
shrinkage=0.05


Tree=51
num_leaves=63
num_cat=0
split_feature=21 8 3 31 35 29 29 34 32 34 36 34 6 6 33 36 29 31 32 31 8 34 28 32 24 4 29 32 14 35 4 37 29 4 31 29 31 24 30 9 9 34 35 38 31 12 28 5 11 31 29 32 4 2 34 30 2 14 12 15 36 34
split_gain=166.156 85.1522 73.9958 87.4033 56.9309 48.4655 77.0546 68.8099 47.4413 44.4029 92.8541 71.9575 49.0778 62.4143 60.471 53.1017 46.9898 44.3322 89.4387 43.5351 41.1422 39.3739 86.0965 51.0536 72.8 78.4923 43.7353 42.1966 42.3466 50.818 39.9529 42.3963 50.8586 48.0846 51.5489 37.5312 36.1887 38.9962 37.0782 35.9694 35.9137 35.4169 62.2878 45.2293 38.7287 33.1252 32.5532 31.8674 31.446 30.6381 50.1356 29.7042 29.1197 35.745 62.2473 57.8752 42.9116 43.1499 38.851 48.6784 34.242 36.7353
threshold=1.0000000180025095e-35 15.500000000000002 1.5000000000000002 16.600000000000001 0.39040246212121238 51.761342592592605 52.717333333333343 50.500000000000007 0.59411764705882364 14.500000000000002 -2.6000000000000019 24.500000000000004 0.41421568627450983 0.44949494949494956 9.5000000000000018 -1.6000000000000008 53.978067765567772 15.200000000000001 0.39444444444444454 14.636666666666665 14.500000000000002 107.50000000000001 37.500000000000007 0.17156862745098042 1.0000000180025095e-35 0.24264705882352944 46.750925925925934 0.16025641025641027 1.0000000180025095e-35 -0.046867559523809929 0.31009615384615391 4.825000000000002 50.120648148148156 0.16025641025641027 11.708333333333337 50.462500000000006 18.425000000000004 1.0000000180025095e-35 40.010000000000012 0.26969696969696971 0.080128205128205135 34.500000000000007 -0.42438383838383881 0.87083333333333346 12.462500000000004 0.14835164835164838 17.500000000000004 0.56696428571428581 0.55050505050505061 16.112500000000001 50.729563492063498 0.51470588235294124 0.19375000000000003 9.5000000000000018 14.500000000000002 43.210000000000015 3.5000000000000004 1.0000000180025095e-35 0.069047619047619066 1.0000000180025095e-35 -4.4499999999999984 19.500000000000004
decision_type=2 2 2 2 2 2 2 2 2 2 2 2 2 2 2 2 2 2 2 2 2 2 2 2 2 2 2 2 2 2 2 2 2 2 2 2 2 2 2 2 2 2 2 2 2 2 2 2 2 2 2 2 2 2 2 2 2 2 2 2 2 2
left_child=1 4 3 9 17 8 -7 -8 20 10 -2 40 14 -14 -13 -16 35 19 -19 39 -4 23 30 24 25 27 -27 28 -3 -30 31 33 -33 51 -35 -15 47 38 -38 45 -11 42 -25 -43 -44 52 49 -20 -6 -45 -51 -23 -1 55 -55 56 57 -54 59 -58 -57 -62
right_child=2 21 5 -5 48 6 7 -9 -10 11 -12 12 13 16 15 -17 -18 18 36 -21 -22 22 -24 41 -26 26 -28 -29 29 -31 -32 32 -34 34 -36 -37 37 -39 -40 -41 -42 43 44 46 -46 -47 -48 -49 -50 50 -52 -53 53 54 -56 60 58 -59 -60 -61 61 -63
leaf_value=-0.0035495732820412262 -0.083796662005728911 -0.01286800613105297 0.076762260709490104 -0.026009974862471776 -0.01554956645020244 -0.11915370590984822 -0.064622386299694579 0.036100221005005713 -0.046430803158066497 0.13153803309595044 0.031023834743739938 0.10966613511813597 -0.056862261108364225 0.0018490447849035263 0.05775769452555795 -0.0041473031610104382 -0.033518864810466766 0.10208548535451745 0.049180933845927942 -0.051857862166232539 0.0029557729003632945 0.052866231029232352 -0.026852196900305065 -0.10022578255684918 -0.09307581842655227 -0.10127411961555483 -0.0046126158400015401 0.063685725382183103 -0.02626562140022333 0.05701376024873988 -0.049276907082336646 0.028652312817090814 -0.077895214515072975 0.018197167874910894 0.09595560446143786 0.088168503859025596 0.027043203717988469 0.051268295730863306 -0.049198795568484527 0.043100776689659274 0.053781528103475779 0.025927755278017786 0.0012795717094321642 -0.026804606691378598 -0.075197985291481029 -0.048042984843777961 -0.050944003236488768 -0.013640566873881552 0.018638042948747935 -0.014358910701390525 0.075850187875330446 -0.0056778122316478779 -0.049493637929360075 -0.076176997175019592 0.015490613606474971 0.067239729838634271 0.042198431478054438 0.048647440082970117 0.015375334866668866 0.11789951305570348 -0.024982024670331456 0.0099926265307652817
leaf_weight=735 21 125 35 61 585 20 30 39 22 33 109 36 27 20 108 51 20 33 80 36 41 30 199 43 21 25 22 37 26 62 21 24 21 39 47 34 23 21 52 56 27 45 49 347 25 32 107 27 76 67 20 78 24 31 46 21 54 21 46 35 98 321
leaf_count=735 21 125 35 61 585 20 30 39 22 33 109 36 27 20 108 51 20 33 80 36 41 30 199 43 21 25 22 37 26 62 21 24 21 39 47 34 23 21 52 56 27 45 49 347 25 32 107 27 76 67 20 78 24 31 46 21 54 21 46 35 98 321
internal_value=-0.000715859 -0.00479149 0.0211226 0.0304049 0.000923138 -0.00602914 -0.0327397 -0.00769222 0.0182285 0.0374858 0.0124759 0.0466186 0.0364978 0.00820843 0.0511503 0.0379014 0.0319504 0.00554937 0.0257428 0.00248661 0.0369456 -0.0142631 -0.00209984 -0.0197312 -0.00310725 0.00325417 -0.0560283 0.0143993 0.00583778 0.0324085 0.0168452 0.0226551 -0.0210699 0.0327975 0.0606931 0.0561983 0.0133324 -0.00895531 -0.0258179 0.00377372 0.0965476 -0.027251 -0.0523672 -0.0222364 -0.0245574 0.00226941 -0.0262426 0.0333288 -0.0116188 -0.0201526 0.00637881 0.0105844 0.00339371 0.0107155 -0.0214145 0.0147059 0.0385901 -0.00369447 0.0526849 0.0719685 0.00493507 0.0018124
internal_weight=4667 3933 734 547 2453 187 89 69 98 486 130 356 296 101 195 159 74 1792 236 1556 76 1480 459 1021 318 297 47 250 213 88 260 239 45 194 86 54 203 96 75 1520 60 703 117 586 74 1464 541 107 661 434 87 108 1432 697 77 620 180 45 135 89 440 419
internal_count=4667 3933 734 547 2453 187 89 69 98 486 130 356 296 101 195 159 74 1792 236 1556 76 1480 459 1021 318 297 47 250 213 88 260 239 45 194 86 54 203 96 75 1520 60 703 117 586 74 1464 541 107 661 434 87 108 1432 697 77 620 180 45 135 89 440 419
is_linear=0
shrinkage=0.05


Tree=52
num_leaves=63
num_cat=0
split_feature=0 21 22 8 30 6 5 0 7 5 21 9 8 28 6 34 8 9 0 32 34 28 4 7 3 35 32 11 29 38 0 29 11 7 0 31 32 30 12 11 11 29 32 33 5 6 6 4 30 8 11 34 10 10 30 28 6 30 4 0 29 0
split_gain=197.534 99.8551 74.4508 72.2196 61.5082 52.5602 54.0064 48.0828 45.5709 48.1461 45.2237 52.8743 64.1586 44.3546 77.906 64.34 75.1103 52.4279 43.8929 44.7194 48.2252 63.4628 53.1522 43.0006 45.7625 89.3558 50.9556 41.2536 42.8584 40.6673 39.9423 49.8921 38.6469 39.7559 46.8786 38.1339 38.0798 38.0166 58.0141 43.7493 45.3484 45.0854 42.6955 38.0263 37.6165 58.9553 59.9561 41.5474 36.2509 36.0241 37.0105 37.5032 34.6304 59.1186 37.2746 34.2175 34.1322 33.903 33.2349 32.397 32.0896 37.6601
threshold=1700.0000000000002 1.0000000180025095e-35 1.0000000180025095e-35 15.500000000000002 43.108333333333341 0.080128205128205135 0.62019230769230782 1450.0000000000002 1.0000000180025095e-35 0.54195804195804198 1.0000000180025095e-35 0.16025641025641027 10.500000000000002 10.500000000000002 0.36038961038961043 62.500000000000007 9.5000000000000018 0.19375000000000003 1100.0000000000002 0.93933823529411775 127.50000000000001 39.500000000000007 0.12132352941176472 1.5000000000000002 1.0000000180025095e-35 -0.82142704517704501 0.44949494949494956 0.46410256410256417 45.816972222222226 0.71008403361344552 1300.0000000000002 47.905555555555573 0.60555555555555574 1.0000000180025095e-35 1900.0000000000002 17.416666666666671 0.68990384615384626 48.908333333333339 0.057189542483660136 0.42261904761904767 0.53137254901960795 52.951388888888893 0.48529411764705888 7.5000000000000009 0.29705882352941182 0.40588235294117653 0.32291666666666669 0.21825396825396828 48.908333333333339 6.5000000000000009 0.59411764705882364 9.5000000000000018 3.5000000000000004 2.5000000000000004 42.508333333333347 21.500000000000004 0.16025641025641027 49.990000000000002 0.17914438502673799 1900.0000000000002 48.020439814814829 1900.0000000000002
decision_type=2 2 2 2 2 2 2 2 2 2 2 2 2 2 2 2 2 2 2 2 2 2 2 2 2 2 2 2 2 2 2 2 2 2 2 2 2 2 2 2 2 2 2 2 2 2 2 2 2 2 2 2 2 2 2 2 2 2 2 2 2 2
left_child=2 3 7 4 5 60 8 10 9 -7 18 12 -12 49 15 -15 -17 36 -1 20 -20 22 -22 24 25 -9 58 28 -14 -10 31 -23 33 34 -5 37 55 39 44 41 -41 42 43 -3 -39 46 47 -46 -16 -6 51 -51 53 -4 -55 -18 -38 59 -27 -35 61 -2
right_child=1 35 52 32 13 6 -8 23 29 -11 11 -13 27 14 48 16 17 -19 19 -21 21 30 -24 -25 -26 26 -28 -29 -30 -31 -32 -33 -34 57 -36 -37 56 38 -40 40 -42 -43 -44 -45 45 -47 -48 -49 -50 50 -52 -53 -54 54 -56 -57 -58 -59 -60 -61 -62 -63
leaf_value=0.024229974996659062 0.081820722570021945 0.0038711178923646612 -0.041706464297415036 0.017055393362993769 0.079434783384203914 0.033323607595024896 0.076275448172324997 -0.058494169547640043 0.030954694747924807 -0.031106982111103007 0.1065844809974078 -0.063107314407825466 0.083169266265695513 -0.050835795589583989 -0.068580766967855963 0.079829728793508067 0.01489010524518531 -0.043829853912549364 -0.022557700447477527 -0.085114798694849017 0.00014662736819850075 -0.034146449589170513 0.079360940679907802 -0.052671290459957991 -0.004171164281022737 0.042574229698001814 0.00042327055032702457 -0.052008730071512133 0.0035911770857637751 -0.055033993530510507 -0.066906550875864931 0.04244135558806561 0.052069872749658921 -0.077730503361672171 -0.017705629518300767 -0.027407848395407199 0.0083237550864439635 -0.015124265951735359 -0.040422422856544009 0.12481474776149673 0.041199117186929916 0.10408323254436254 -0.043635647408664227 0.067848563271885126 5.0302349030971531e-05 -0.0015818529857847938 0.14577068672293711 0.094262987273660573 -0.0028713910810409058 -0.034251633366673355 -0.031829066121059922 0.018656873161732191 -0.065016419894687122 0.059338937380484173 -0.020875134753684202 -0.039215713553130631 0.07245569108281194 0.01769980409493049 0.11107108067898525 -0.02363632852812448 0.095543641845385233 0.0098132205155232674
leaf_weight=62 30 45 148 152 20 149 33 29 20 36 20 20 23 47 65 36 87 49 879 25 45 50 40 33 411 113 69 22 64 44 32 37 24 50 268 25 42 31 33 34 31 20 20 48 25 39 21 22 31 36 46 481 73 28 30 44 41 24 21 62 36 46
leaf_count=62 30 45 148 152 20 149 33 29 20 36 20 20 23 47 65 36 87 49 879 25 45 50 40 33 411 113 69 22 64 44 32 37 24 50 268 25 42 31 33 34 31 20 20 48 25 39 21 22 31 36 46 481 73 28 30 44 41 24 21 62 36 46
internal_value=-0.000680066 0.00934752 -0.0112324 0.00481306 0.010889 0.0276793 0.0161704 -0.0078491 0.00820468 0.0207858 -0.0134062 0.0125374 0.0242653 0.00443497 -0.00751043 0.00354669 0.0120951 0.00282344 -0.0167101 -0.019001 -0.0174748 0.00442664 0.037424 0.00299372 0.00585056 0.0236045 0.0353329 0.00916088 0.0246291 -0.0281625 -0.0191429 -0.00157462 -0.0100521 -0.0127336 -0.00512545 0.0323536 0.0135057 0.0364024 0.019133 0.051317 0.0849365 0.0348863 0.0226391 0.0368917 0.0333745 0.0474256 0.0755328 0.0441499 -0.0473621 0.0134913 0.0111488 0.0149727 -0.0354248 -0.0249384 0.0178489 -0.00328284 0.0400034 -0.0362293 0.0533088 -0.0477855 0.0566572 0.0382372
internal_weight=4667 2393 2274 1999 1419 394 282 1995 249 185 1319 149 129 1025 442 346 299 263 1170 1108 1083 204 85 676 643 232 203 109 87 64 119 87 580 556 420 394 214 369 171 198 65 133 113 93 138 107 68 47 96 583 563 517 279 206 58 131 83 136 134 112 112 76
internal_count=4667 2393 2274 1999 1419 394 282 1995 249 185 1319 149 129 1025 442 346 299 263 1170 1108 1083 204 85 676 643 232 203 109 87 64 119 87 580 556 420 394 214 369 171 198 65 133 113 93 138 107 68 47 96 583 563 517 279 206 58 131 83 136 134 112 112 76
is_linear=0
shrinkage=0.05


Tree=53
num_leaves=63
num_cat=0
split_feature=0 21 22 8 30 6 36 0 31 27 28 27 36 31 31 2 29 31 32 28 36 5 5 11 9 21 3 8 32 29 6 3 31 34 0 34 28 4 8 36 31 6 11 5 6 6 6 36 2 29 9 28 4 5 6 4 36 29 34 29 4 31
split_gain=178.275 90.1192 67.1919 65.1782 55.6279 52.967 52.4298 73.1225 60.2498 54.8295 52.3261 50.4515 54.3818 83.1258 63.0248 63.6744 54.4108 49.6308 48.659 45.7087 43.3399 38.4044 53.4577 48.7694 38.1097 37.5708 59.1129 48.3252 38.4796 36.0136 64.386 61.8837 58.0382 54.6022 35.9786 39.1315 52.0979 47.6475 40.8119 40.4604 38.9426 35.3031 34.893 34.6351 34.6003 46.736 41.1867 34.2517 34.0891 41.6006 36.7273 33.5015 33.4395 32.9389 63.921 60.1849 53.386 47.6287 32.1254 31.8604 32.2102 31.5825
threshold=1700.0000000000002 1.0000000180025095e-35 1.0000000180025095e-35 15.500000000000002 42.925000000000011 0.080128205128205135 -3.2000000000000015 1450.0000000000002 3.4000000000000026 4.5000000000000009 13.500000000000002 6.5000000000000009 -1.633333333333334 2.0250000000000026 9.8000000000000025 6.5000000000000009 52.477291666666673 14.383333333333335 0.71825396825396837 4.5000000000000009 -4.0999999999999988 0.6132478632478634 0.54195804195804198 0.37980769230769235 0.10555555555555557 1.0000000180025095e-35 1.5000000000000002 11.500000000000002 0.93541666666666679 51.310277777777785 0.39444444444444454 1.5000000000000002 8.5000000000000053 7.5000000000000009 1100.0000000000002 127.50000000000001 39.500000000000007 0.12132352941176472 11.500000000000002 -2.2000000000000015 15.844999999999997 0.11437908496732027 0.58578431372549034 0.48529411764705888 0.35504201680672276 0.44097222222222227 0.25833333333333336 -2.2000000000000015 4.5000000000000009 52.586607142857154 0.087121212121212141 38.500000000000007 0.24264705882352944 0.36038961038961043 0.41421568627450983 0.12916666666666668 -2.1000000000000001 53.213333333333345 52.500000000000007 48.020439814814829 0.32291666666666669 1.8166666666666702
decision_type=2 2 2 2 2 2 2 2 2 2 2 2 2 2 2 2 2 2 2 2 2 2 2 2 2 2 2 2 2 2 2 2 2 2 2 2 2 2 2 2 2 2 2 2 2 2 2 2 2 2 2 2 2 2 2 2 2 2 2 2 2 2
left_child=2 3 6 4 5 59 8 25 -1 19 11 12 14 41 15 -9 43 -11 48 -10 -6 22 23 -7 -25 28 27 -27 34 30 33 53 -33 -3 -8 38 37 -37 39 -36 -38 -14 -5 -15 46 -46 -43 -34 -12 50 -50 58 -16 56 55 -55 -31 -57 -40 60 -2 -22
right_child=1 29 -4 42 20 21 7 10 9 17 18 -13 13 16 52 -17 -18 -19 -20 -21 61 -23 -24 24 -26 26 -28 -29 -30 31 -32 32 47 -35 35 36 40 -39 51 -41 -42 44 -44 -45 45 -47 -48 -49 49 -51 -52 -53 -54 54 -56 57 -58 -59 -60 -61 -62 -63
leaf_value=-0.095598245937038556 0.084608761966228491 0.027518869926397866 -0.03365355951604717 -0.012152303964726057 0.046695960992783836 0.050650637601948767 0.025227292440831661 0.076252160894293944 -0.017283301683408872 -0.090541658449385845 0.026036107928856564 0.079556808022387113 -0.039768158804093096 0.16042580572888254 -0.076165405316523438 -0.013961686896827986 0.012741908188909294 0.00065731543761033285 0.022760850127678423 0.077471588905900723 0.025103182811290026 0.060284709883853795 -0.043841466154082721 0.012130870921490244 -0.060622269524769345 0.093968270750095451 -0.043382014163902832 0.012954968647866312 -0.062432139421381608 0.038643051071890762 0.0026257945320811936 -0.086416419854630611 0.059749158173799513 0.10551997479704911 -0.0666852208701047 0.0001392967916197247 -0.0026934251126446082 0.076177359058668737 -0.036023399541387335 0.0045690086826359879 -0.076984681866385726 0.012352493753837001 0.048233762308955194 0.068487775183859331 -0.059524499592573749 0.032760208352085422 0.098608911573886876 -0.030659427519210358 -0.034394308000802995 0.010070589313219334 -0.10591760844524419 -0.090424473360180863 0.0012937264686281032 0.13300630924259793 0.0046673914312191731 -0.017421716861426833 -0.063760752584785224 0.080937671510037043 -0.012560536359800815 0.097224174417329556 0.015099561907351018 -0.0016266174735495938
leaf_weight=33 25 37 279 555 57 73 58 31 35 35 23 33 28 20 38 53 20 26 69 20 127 40 42 99 22 24 35 79 41 35 46 23 20 57 22 45 89 38 300 211 22 31 25 21 23 34 25 22 50 29 28 20 22 29 53 20 20 32 284 33 50 851
leaf_count=33 25 37 279 555 57 73 58 31 35 35 23 33 28 20 38 53 20 26 69 20 127 40 42 99 22 24 35 79 41 35 46 23 20 57 22 45 89 38 300 211 22 31 25 21 23 34 25 22 50 29 28 20 22 29 53 20 20 32 284 33 50 851
internal_value=-0.000646063 0.00888014 -0.0106708 0.00457241 0.0103446 0.0265974 -0.00745665 -0.0051538 -0.0359872 -0.0190289 0.00958545 0.0204866 0.0148527 0.0315892 -0.00862483 0.0193315 0.0803541 -0.05167 -0.011176 0.017173 0.00431451 0.0149812 0.00730263 0.0183751 -0.00109697 -0.0118725 0.0127559 0.0318319 -0.0148802 0.0307359 0.0510973 0.0195131 -0.0225708 0.0748174 -0.0130899 -0.0152455 0.00498778 0.0349519 -0.0199351 -0.00215886 -0.0174178 0.0104924 -0.00954946 0.113336 0.0229463 -0.00447748 0.0508598 0.0123923 -0.0291887 -0.0410595 -0.0600693 -0.0267926 -0.0477637 0.0339863 0.0473591 0.0752933 0.0014053 0.0431071 -0.0246134 0.0562833 0.0382693 0.00184443
internal_weight=4667 2393 2274 1999 1419 384 1995 1846 149 116 578 379 346 202 144 84 61 61 199 55 1035 276 236 194 121 1268 138 103 1130 394 140 254 65 94 1089 1031 194 83 837 233 111 141 580 41 113 57 56 42 130 107 78 604 60 189 134 81 55 52 584 108 75 978
internal_count=4667 2393 2274 1999 1419 384 1995 1846 149 116 578 379 346 202 144 84 61 61 199 55 1035 276 236 194 121 1268 138 103 1130 394 140 254 65 94 1089 1031 194 83 837 233 111 141 580 41 113 57 56 42 130 107 78 604 60 189 134 81 55 52 584 108 75 978
is_linear=0
shrinkage=0.05


Tree=54
num_leaves=63
num_cat=0
split_feature=0 21 8 30 7 30 9 4 34 7 2 0 30 11 4 6 5 7 36 36 11 12 31 7 2 15 5 6 29 31 30 6 36 24 8 30 12 4 6 36 5 15 3 5 6 6 4 32 11 2 29 31 4 36 32 5 29 31 9 32 4 32
split_gain=160.893 81.3326 58.8233 50.2358 46.1628 102.807 81.0402 72.3735 66.627 64.4983 82.7381 44.6676 66.8243 61.5852 43.279 42.6789 45.6371 41.0896 77.7155 39.3393 38.5398 38.2731 34.8109 32.6382 35.2608 32.8187 44.7591 43.1502 46.7033 36.4959 52.062 32.7147 40.5282 32.5384 32.4156 32.2711 46.6695 41.7121 37.4962 49.3349 40.7379 34.5981 33.3141 32.2384 49.3227 51.221 37.2696 31.2213 42.0432 31.1904 73.0674 55.5327 80.593 56.2233 69.2203 58.7942 80.2558 55.9096 47.7212 34.7291 38.4565 34.4731
threshold=1700.0000000000002 1.0000000180025095e-35 15.500000000000002 43.108333333333341 1.0000000180025095e-35 50.583333333333336 0.069047619047619066 0.22649572649572652 33.500000000000007 1.5000000000000002 6.5000000000000009 1300.0000000000002 43.210000000000015 0.39444444444444454 0.06458333333333334 0.080128205128205135 0.63961038961038974 1.0000000180025095e-35 -1.0600000000000003 -4.0999999999999988 0.51470588235294124 0.060661764705882359 17.416666666666671 1.0000000180025095e-35 3.5000000000000004 1.0000000180025095e-35 0.32291666666666669 0.34313725490196084 53.174166666666672 9.1226190476190556 43.706250000000011 0.48529411764705888 -1.9633333333333332 1.0000000180025095e-35 14.500000000000002 48.908333333333339 0.057189542483660136 0.06458333333333334 0.36931818181818188 -2.399999999999999 0.42261904761904767 1.0000000180025095e-35 1.0000000180025095e-35 0.29705882352941182 0.40588235294117653 0.32291666666666669 0.21825396825396828 0.93095238095238109 0.39444444444444454 5.5000000000000009 49.862440476190478 1.8166666666666702 0.080128205128205135 -2.199999999999998 0.35504201680672276 0.21825396825396828 55.892023809523813 6.8099999999999996 0.10555555555555557 0.59411764705882364 0.17914438502673799 0.12132352941176472
decision_type=2 2 2 2 2 2 2 2 2 2 2 2 2 2 2 2 2 2 2 2 2 2 2 2 2 2 2 2 2 2 2 2 2 2 2 2 2 2 2 2 2 2 2 2 2 2 2 2 2 2 2 2 2 2 2 2 2 2 2 2 2 2
left_child=4 2 3 15 47 6 9 8 -8 11 -11 20 13 -13 -12 -2 17 33 -19 -5 -6 -9 35 25 -25 -4 -27 29 31 -28 -31 32 -29 -17 -23 37 43 -3 39 -39 41 -41 -40 -37 45 46 -45 -1 -49 50 -21 61 -53 55 57 -54 -57 -55 59 60 -52 -51
right_child=1 22 23 19 5 -7 7 21 -10 10 14 12 -14 -15 -16 16 -18 18 -20 49 -22 34 -24 24 -26 26 27 28 -30 30 -32 -33 -34 -35 -36 36 -38 38 42 40 -42 -43 -44 44 -46 -47 -48 48 -50 51 58 52 53 54 -56 56 -58 -59 -60 -61 -62 -63
leaf_value=-0.005292101749101579 0.051113539907549112 0.11343509803215664 0.013263330236564914 0.044361163159472902 0.017243721473534576 -0.1167606704469238 -0.1173147885951885 0.036258373697919233 -0.038019887195981067 -0.091582097382181218 -0.037693534957038033 0.029460857702153072 -0.0050727926877284935 0.15055233598465012 0.052687656628684354 0.027149542576506647 0.076445351623826555 -0.072162926956815157 0.040022235306409693 -0.087398556273045214 -0.055455980956769339 0.0017711639197336303 -0.02789914056658745 -0.091378722116351133 -0.01979462698980318 0.040793069265782834 -0.080983479125868715 0.097407753958499863 -0.057241152456173533 -0.079486132014542826 0.010870237858299251 -0.022849706360804186 0.0055198865809610916 -0.037494776349260732 -0.067392014537472275 -0.014968216232955456 -0.036259455399263195 0.10805220998403045 0.051353476718068128 -0.017712066483755524 0.076857135485152939 0.061890965629191635 -0.032528339146540082 -0.0021280570561066268 -0.001887580907593171 0.13356648584206898 0.087102773243730724 0.0077164845452422194 -0.085872995161584448 0.017417884513862055 0.010640539123151611 -0.054368466749016589 -0.085741720513518291 0.026229836419224741 0.010359257409853398 -0.021499113126902294 0.053945565794376621 0.12747256165742876 -0.033975502160436676 -0.022837227928147727 0.077396769329373338 0.077106598442102353
leaf_weight=1735 112 21 191 57 61 28 43 31 69 36 27 21 33 21 26 169 27 38 26 29 26 36 25 20 123 32 42 21 26 25 44 28 28 22 32 31 33 31 20 39 37 21 29 25 39 21 22 21 28 59 94 58 24 30 253 141 47 25 87 52 28 41
leaf_count=1735 112 21 191 57 61 28 43 31 69 36 27 21 33 21 26 169 27 38 26 29 26 36 25 20 123 32 42 21 26 25 44 28 28 22 32 31 33 31 20 39 37 21 29 25 39 21 22 21 28 59 94 58 24 30 253 141 47 25 87 52 28 41
internal_value=-0.00061376 0.00843614 0.00434379 0.00982733 -0.0101372 -0.0237304 -0.0180922 -0.0409321 -0.0684635 0.00110791 -0.0330877 0.0198944 0.0481717 0.0900066 0.00664441 0.0250013 0.0146305 0.00808539 -0.0265877 0.0039946 -0.00448263 -0.00978559 0.0291991 -0.00907198 -0.0298064 -0.00228704 -0.0143607 -0.022608 0.000699591 -0.0442358 -0.0218676 0.020264 0.0449004 0.0197036 -0.0307762 0.0330675 0.0171565 0.0468089 0.0389041 0.0531428 0.0355944 0.010149 0.00170914 0.0299299 0.0429378 0.0686464 0.0396396 -0.0064037 -0.0457632 0.00161764 -0.0121057 0.00748749 0.00153546 0.0077709 0.021411 -0.0120459 -0.00263794 0.0722493 -0.00373979 0.0113781 0.0259616 0.0418903
internal_weight=4667 2393 1999 1419 2274 490 462 211 112 251 89 162 75 42 53 394 282 255 64 1025 87 99 394 580 143 437 246 214 103 111 69 77 49 191 68 369 171 198 177 128 97 60 49 138 107 68 47 1784 49 968 290 678 578 520 308 212 188 55 261 174 122 100
internal_count=4667 2393 1999 1419 2274 490 462 211 112 251 89 162 75 42 53 394 282 255 64 1025 87 99 394 580 143 437 246 214 103 111 69 77 49 191 68 369 171 198 177 128 97 60 49 138 107 68 47 1784 49 968 290 678 578 520 308 212 188 55 261 174 122 100
is_linear=0
shrinkage=0.05


Tree=55
num_leaves=63
num_cat=0
split_feature=0 7 28 0 28 2 20 35 0 35 6 5 9 9 31 19 2 12 0 8 34 8 35 30 4 32 30 30 28 35 34 37 29 4 2 5 4 10 5 4 35 37 2 4 38 28 34 31 35 10 27 8 4 4 9 34 5 36 36 5 6 9
split_gain=135.72 106.302 84.7576 56.8621 83.9314 63.5104 55.7691 68.9687 59.318 51.5039 51.8411 52.3954 47.1913 45.3702 60.479 43.8124 45.6119 72.4754 43.6981 40.034 54.1597 40.0331 39.3904 52.7079 38.9311 37.9522 37.0304 74.8875 47.2943 46.9094 36.1782 37.5134 35.6583 47.4836 45.1018 34.6623 38.5292 41.7437 50.3523 37.7884 78.9665 52.0026 41.5261 42.3732 41.4378 81.0355 42.4381 40.0234 38.0869 35.6642 35.1452 34.0844 38.2278 57.2247 40.3944 34.9735 33.4666 33.3533 36.6192 32.7944 55.2555 32.9182
threshold=1450.0000000000002 1.5000000000000002 34.500000000000007 2350.0000000000005 3.5000000000000004 5.5000000000000009 1.0000000180025095e-35 0.34148256373256397 1700.0000000000002 0.52529196729196737 0.63068181818181823 0.65686274509803932 0.28991596638655465 0.16025641025641027 16.012500000000006 1.0000000180025095e-35 9.5000000000000018 0.06458333333333334 1100.0000000000002 10.500000000000002 36.500000000000007 10.500000000000002 -0.0067129629629639016 44.267857142857146 0.069047619047619066 0.38675213675213682 46.88750000000001 49.912500000000009 18.500000000000004 -0.16696759259259367 127.50000000000001 3.5316666666666645 57.183333333333344 0.12916666666666668 7.5000000000000009 0.26969696969696971 0.37980769230769235 4.5000000000000009 0.46410256410256417 0.18465909090909094 -0.25982186624649833 4.775000000000003 8.5000000000000018 0.29705882352941182 0.94281045751633996 10.500000000000002 81.500000000000014 12.35 -0.52263976423902891 3.5000000000000004 7.5000000000000009 14.500000000000002 0.35504201680672276 0.2817460317460318 0.095454545454545472 104.50000000000001 0.37980769230769235 -3.1000000000000019 -1.1250000000000011 0.48529411764705888 0.17914438502673799 0.12132352941176472
decision_type=2 2 2 2 2 2 2 2 2 2 2 2 2 2 2 2 2 2 2 2 2 2 2 2 2 2 2 2 2 2 2 2 2 2 2 2 2 2 2 2 2 2 2 2 2 2 2 2 2 2 2 2 2 2 2 2 2 2 2 2 2 2
left_child=9 2 3 6 5 -5 12 8 -8 10 11 22 15 14 -4 16 32 21 -11 -10 -21 -18 23 -1 -3 -25 28 -28 -6 -29 -20 56 35 -34 -35 50 37 39 -39 -37 41 44 43 59 -41 -46 -47 -48 49 -43 -2 52 53 54 -24 -53 -32 -26 -59 60 61 -42
right_child=1 24 13 4 26 -7 7 -9 19 18 -12 -13 -14 -15 -16 -17 17 -19 30 20 -22 -23 51 25 57 -27 27 29 -30 -31 31 -33 33 34 -36 36 -38 38 -40 40 42 48 -44 -45 45 46 47 -49 -50 -51 -52 55 -54 -55 -56 -57 -58 58 -60 -61 -62 -63
leaf_value=-0.094832048986269082 -0.016698195092925212 -0.073159917267529587 0.008037047793290444 0.030733356997370721 0.012907604436059634 0.127375823368921 0.087642705599191018 -0.03046902960264369 0.071661055944859983 0.020506489078604407 0.075344794954765926 -0.075132772388557589 -0.047481806044067654 -0.06636910372972489 -0.077742423976843181 -0.020414189880295676 0.047709704354179629 -0.082717852520220209 -0.028643922713915772 -0.05254912683023856 0.031339963792345014 -0.013861469848250802 0.034630852791472017 -0.043477156758308412 0.034860339130346592 0.042207933279375241 0.062511193154051028 -0.03371808904223144 -0.069757526818042009 0.052562414352660597 -0.059644160860855333 0.025674554859014122 -0.0072755873107757333 0.026828297867350994 0.1056204975116998 0.0049428104373827669 0.048744619296720394 -0.00036869548046245025 -0.090605270972644744 -0.028251392059983352 0.014115278885282322 0.020988479085683236 0.080439267264679079 -0.010661204449832441 0.075116322966742102 -0.056521305331960328 -0.016890373378992081 0.068769584834575653 -0.088382399321666791 -0.051278171219652703 0.043987730014379382 -0.023537324924360625 -0.0430449053645134 0.10525541671297767 -0.024809704869030377 0.035852574324235324 -0.0049536454456173031 -0.036584506984157814 0.021772546682393912 0.062173323944995279 -0.018903498973776689 0.08713290424961033
leaf_weight=23 205 38 98 34 62 34 54 38 35 62 22 24 42 50 26 147 33 33 667 26 74 132 107 28 26 24 85 50 24 23 38 68 39 42 32 907 65 52 22 39 29 38 50 50 58 25 30 25 21 31 27 110 20 22 39 32 106 145 33 95 47 33
leaf_count=23 205 38 98 34 62 34 54 38 35 62 22 24 42 50 26 147 33 33 667 26 74 132 107 28 26 24 85 50 24 23 38 68 39 42 32 907 65 52 22 39 29 38 50 50 58 25 30 25 21 31 27 110 20 22 39 32 106 145 33 95 47 33
internal_value=-0.000309547 0.00520776 0.00772907 0.00977096 0.0299304 0.0790546 0.00732929 0.0309952 0.043353 -0.0134052 0.000487167 -0.00335169 0.0050423 -0.0261617 -0.00994897 0.00599852 0.00779605 -0.0150757 -0.0200635 0.0256372 0.0095288 -0.00154724 0.000902008 -0.0318068 -0.0266941 -0.00393019 0.0162401 0.0306106 -0.0101617 -0.00653382 -0.0229251 -0.00493252 0.0101042 0.0373708 0.0609006 0.00843784 0.0110309 0.00945143 -0.0271958 0.0112863 0.0213625 0.0015219 0.0387883 0.0305893 0.0172567 0.0301177 -0.0025063 0.022046 -0.0294232 -0.0114791 -0.00963561 0.00833582 0.0223013 0.0300806 0.0187529 -0.0101537 -0.0193859 -0.0180387 -0.0257655 0.0406997 0.0219841 0.0529795
internal_weight=4696 3304 3062 2888 312 68 2576 227 189 1392 451 429 2349 174 124 2307 2160 198 941 135 100 165 405 75 242 52 244 158 86 73 879 212 1962 113 74 1849 1617 1552 74 1478 571 267 304 254 177 138 80 55 90 69 232 330 188 168 146 142 144 204 178 204 109 62
internal_count=4696 3304 3062 2888 312 68 2576 227 189 1392 451 429 2349 174 124 2307 2160 198 941 135 100 165 405 75 242 52 244 158 86 73 879 212 1962 113 74 1849 1617 1552 74 1478 571 267 304 254 177 138 80 55 90 69 232 330 188 168 146 142 144 204 178 204 109 62
is_linear=0
shrinkage=0.05


Tree=56
num_leaves=63
num_cat=0
split_feature=0 7 28 24 0 28 2 20 35 5 0 34 31 9 0 35 9 31 29 9 2 12 19 36 6 29 32 28 4 34 35 31 5 9 36 4 4 36 4 4 10 5 33 8 6 32 32 6 8 36 29 6 4 24 5 35 4 33 34 29 34 34
split_gain=122.487 95.9376 76.4938 52.3365 51.318 75.7481 57.3181 50.3316 62.2442 55.8547 81.5086 51.0183 45.719 42.5902 42.4078 47.87 40.9466 54.5823 40.0757 37.8508 35.6733 51.0523 41.4118 36.7474 44.1443 35.462 56.1581 70.1717 35.1353 34.9297 34.3639 48.6057 33.1889 35.3693 37.4091 47.3455 53.0897 53.271 43.3264 34.7083 39.5467 51.0097 39.8688 32.7162 51.6644 43.2261 34.1924 32.6722 32.6293 48.3758 31.6521 79.9307 63.895 47.8872 100.094 46.3394 47.4328 44.4866 53.9895 42.6298 39.2911 38.355
threshold=1450.0000000000002 1.5000000000000002 34.500000000000007 1.0000000180025095e-35 2350.0000000000005 3.5000000000000004 5.5000000000000009 1.0000000180025095e-35 0.34148256373256397 0.36931818181818188 1900.0000000000002 61.500000000000007 8.2000000000000011 0.28991596638655465 1100.0000000000002 0.52529196729196737 0.16025641025641027 16.012500000000006 56.967777777777783 1.0000000180025095e-35 9.5000000000000018 0.06458333333333334 1.0000000180025095e-35 -1.150000000000001 0.34313725490196084 51.127083333333339 0.30384615384615393 15.500000000000002 0.069047619047619066 117.50000000000001 -0.21844155844155833 6.900000000000003 0.26969696969696971 0.22649572649572652 -3.5000000000000013 0.31009615384615391 0.18465909090909094 -1.3333333333333324 0.22649572649572652 0.37980769230769235 4.5000000000000009 0.46410256410256417 14.500000000000002 10.500000000000002 0.29705882352941182 0.82085561497326209 0.24264705882352944 0.23303167420814483 14.500000000000002 -1.6894444444444443 53.632916666666681 0.29705882352941182 0.18465909090909094 1.0000000180025095e-35 0.37980769230769235 -0.27720238095238031 0.21825396825396828 16.500000000000004 70.500000000000014 52.155500000000011 45.500000000000007 122.50000000000001
decision_type=2 2 2 2 2 2 2 2 2 2 2 2 2 2 2 2 2 2 2 2 2 2 2 2 2 2 2 2 2 2 2 2 2 2 2 2 2 2 2 2 2 2 2 2 2 2 2 2 2 2 2 2 2 2 2 2 2 2 2 2 2 2
left_child=3 2 4 14 7 6 -6 13 9 12 48 -12 -9 18 -1 43 17 -4 20 -5 22 23 32 24 -22 -7 -27 -28 -3 -29 31 -20 33 34 -2 36 37 -36 -38 40 50 42 -42 44 46 -45 -16 -21 49 -11 52 -52 57 55 -55 56 -54 61 -59 -58 -56 -34
right_child=1 28 16 19 5 25 -8 8 -10 10 11 -13 -14 -15 15 -17 -18 -19 30 47 21 -23 -24 -25 -26 26 27 29 -30 -31 -32 -33 39 -35 35 -37 38 -39 -40 -41 41 -43 -44 45 -46 -47 -48 -49 -50 -51 51 -53 53 54 60 -57 59 58 -60 -61 -62 -63
leaf_value=0.02261692741098266 -0.076802366396979155 -0.069501921612965437 0.0076351957542973824 0.059700008638595287 0.029196688615004809 -0.023596766044167765 0.12100703282939161 -0.056727945529248404 -0.02894557792399275 0.063019188866019246 -0.055925472346134486 0.045278810450073446 0.044092629443515434 -0.045107717067003256 -0.049601300409995025 -0.02498371714511817 -0.063050649203360079 -0.07385530282671636 0.01120416798532523 0.034137733150512363 0.037875874286457417 -0.074395755352452395 -0.020240507416892799 -0.046930492229950736 -0.024271483276531381 -0.027334547120078309 0.068678819355663168 -0.025895826535468753 -0.017136745679183118 0.047201808842902003 -0.018338911295203226 0.076218771045668099 0.011416401977109589 0.045185821789961597 0.023100612361146057 -0.037921989454189314 0.097859243854232461 -0.088475369736552234 0.010006105320321189 0.046307388850702694 0.050774829292839219 -0.092680996975728458 -0.037841993278513356 -0.018317191138635194 0.050801351042464374 0.057954100370407102 0.031372603638605639 -0.027191896326079663 0.052025169879198079 0.16138155657798053 -0.031100523436866104 0.021956238606556631 0.054884801076518164 -0.10341220922768116 -0.013666823744773866 0.049128856613319755 -0.037608923519460054 -0.076272951619965695 0.016876844529594696 0.031048701623221861 0.07688634074900462 -0.051700178945437075
leaf_weight=68 23 38 98 38 34 47 34 23 38 25 20 33 22 42 32 803 50 26 58 39 62 32 140 39 53 41 86 44 204 26 28 57 647 26 23 80 23 20 36 65 22 21 30 261 60 20 22 49 41 25 140 144 45 20 25 245 52 35 28 40 23 25
leaf_count=68 23 38 98 38 34 47 34 23 38 25 20 33 22 42 32 803 50 26 58 39 62 32 140 39 53 41 86 44 204 26 28 57 647 26 23 80 23 20 36 65 22 21 30 261 60 20 22 49 41 25 140 144 45 20 25 245 52 35 28 40 23 25
internal_value=-0.00029407 0.00494737 0.00734262 -0.012735 0.00928241 0.0284339 0.0751019 0.00696283 0.0294454 0.0411854 0.0563802 0.00708852 -0.00743789 0.00479018 -0.0157936 -0.0179738 -0.0248536 -0.00945152 0.00569859 0.0179966 0.00400455 -0.0169303 0.00597314 -0.00498944 0.00923405 0.0154281 0.0247385 0.0384244 -0.0253594 0.00125472 0.0313344 0.0434288 0.00796983 -0.00975149 -0.0167191 -0.00912621 0.0134587 -0.0287952 0.0442539 0.0105172 0.00900853 -0.0269112 -0.000350261 -0.00372321 0.0188687 -0.0128886 -0.0166119 -1.17196e-05 0.0850885 0.1122 0.0107935 -0.0041985 0.0143865 0.0292248 -0.00943425 0.0361065 0.0128182 0.00530191 -0.034873 -0.00775778 0.0297232 0.00906831
internal_weight=4696 3304 3062 1392 2888 312 68 2576 227 189 144 53 45 2349 1266 1198 174 124 2307 126 2164 186 1978 154 115 244 197 156 242 70 143 115 1838 231 205 182 102 43 59 1607 1542 73 52 395 114 281 54 88 91 50 1469 284 1185 450 68 382 137 735 63 92 48 672
internal_count=4696 3304 3062 1392 2888 312 68 2576 227 189 144 53 45 2349 1266 1198 174 124 2307 126 2164 186 1978 154 115 244 197 156 242 70 143 115 1838 231 205 182 102 43 59 1607 1542 73 52 395 114 281 54 88 91 50 1469 284 1185 450 68 382 137 735 63 92 48 672
is_linear=0
shrinkage=0.05


Tree=57
num_leaves=63
num_cat=0
split_feature=0 12 11 11 35 36 34 37 8 36 18 11 11 34 0 4 36 21 25 34 9 2 9 35 35 35 20 8 11 37 8 33 3 11 34 12 34 36 8 32 36 37 27 34 35 34 2 34 36 36 34 0 21 35 10 32 36 37 37 8 11 37
split_gain=110.545 55.718 73.7626 57.6747 59.6962 57.9623 52.425 52.1758 45.8989 55.5484 46.4056 44.2012 43.11 70.4855 54.2646 62.3024 54.3139 45.4585 52.6597 68.5888 50.0324 43.4143 41.8687 67.3886 66.8925 60.7139 47.0414 51.113 53.642 41.5451 84.5086 45.1378 60.3048 41.3543 42.9999 47.1719 43.8113 41.4831 41.2589 39.9196 39.136 38.7245 37.8602 37.6649 36.6687 37.7579 36.474 36.4286 35.5834 42.0957 35.4709 43.5331 43.834 38.3138 36.8412 35.2225 35.1227 34.8022 79.4464 34.5157 32.3338 32.2614
threshold=1450.0000000000002 0.11437908496732027 0.31009615384615391 0.28991596638655465 -1.796428571428571 -1.0099999999999987 22.500000000000004 6.5887500000000037 10.500000000000002 -0.39999999999999797 1.0000000180025095e-35 0.48529411764705888 0.36931818181818188 64.500000000000014 1700.0000000000002 0.21825396825396828 -1.6527777777777779 1.0000000180025095e-35 1.0000000180025095e-35 31.500000000000004 0.060661764705882359 4.5000000000000009 0.087121212121212141 -1.4999479166666658 -1.1921568627450971 -0.98928571428571532 1.0000000180025095e-35 12.500000000000002 0.60555555555555574 2.4752777777777806 12.500000000000002 9.5000000000000018 1.5000000000000002 0.087121212121212141 92.500000000000014 0.10555555555555557 51.500000000000007 -1.8599999999999988 10.500000000000002 0.41421568627450983 -1.6000000000000008 3.6841666666666675 11.500000000000002 22.500000000000004 -1.2187471655328792 57.500000000000007 9.5000000000000018 21.500000000000004 -1.5000000000000029 -2.3464285714285698 129.50000000000003 1100.0000000000002 1.0000000180025095e-35 0.81514550264550267 3.5000000000000004 0.25833333333333336 -0.28660714285714312 2.7499999999999996 3.1499999999999995 15.500000000000002 0.32291666666666669 2.7850000000000015
decision_type=2 2 2 2 2 2 2 2 2 2 2 2 2 2 2 2 2 2 2 2 2 2 2 2 2 2 2 2 2 2 2 2 2 2 2 2 2 2 2 2 2 2 2 2 2 2 2 2 2 2 2 2 2 2 2 2 2 2 2 2 2 2
left_child=8 2 3 4 -2 6 -5 46 9 11 60 43 13 14 39 21 -17 18 22 38 -21 -16 23 -14 -25 -26 27 -27 -29 30 -19 47 44 -6 35 36 -35 -36 -20 -4 -30 -23 -24 -1 -33 55 -3 -31 49 -28 51 -10 -53 54 -54 -46 -52 -38 -59 -43 -11 -39
right_child=1 7 12 5 33 -7 -8 -9 50 10 -12 -13 17 -15 15 16 -18 29 19 20 -22 41 42 24 25 26 48 28 40 31 -32 32 -34 34 37 -37 57 61 -40 -41 -42 59 -44 -45 45 -47 -48 -49 -50 -51 56 52 53 -55 -56 -57 -58 58 -60 -61 -62 -63
leaf_value=-0.07367289201230616 -0.068616839227351276 -0.017495871320352307 -0.011400567409523492 -0.040490885043428064 0.078165363177657141 0.11363401719583915 0.045363174316248506 0.036861810505035376 0.029796417348268558 0.10079502826929093 -0.026940137504235559 0.028638334672998741 -0.067267495083797257 -0.035592893802342894 -0.010024665717623737 0.00695144368454497 -0.091426794715225704 0.11484343166829963 0.089361424674279988 -0.040031302894683596 0.029651576300200662 0.0090468460640737002 -0.022676918007326439 0.079974997192621244 -0.080019306852704003 0.024069131580472459 0.068253845121944323 -0.014600637833989988 0.095959620191715667 -0.070149136468768122 -0.0011071784794330598 0.10086173556152395 -0.037764409621214051 0.0064366169362316669 -0.046351180669779966 0.087907838324705764 -0.0067191365389869771 -0.027077882745199733 0.020124822635299119 -0.090477893725037575 -0.0029544706142041834 0.10500579047470521 0.048402581773698328 -0.0007729147725245532 0.034682174236097908 0.058587220335310254 -0.083228343328380069 0.011573413666337729 0.090261092147341487 -0.03310373735924562 0.01562377298553172 -0.027142325079921648 0.0030623771770692926 -0.054143159268867404 0.078827186461005894 -0.05098012463505646 -0.021567615787326189 0.13914462867658586 0.032464970741166062 0.035526461887991793 0.032215885960242961 0.025841548927128317
leaf_weight=37 22 256 79 21 25 26 116 42 41 25 23 37 32 188 38 47 20 33 48 47 57 35 296 30 21 176 20 352 20 25 30 22 29 379 52 24 39 45 39 20 20 39 20 34 28 54 23 30 27 21 154 768 68 21 21 21 108 20 137 33 55 80
leaf_count=37 22 256 79 21 25 26 116 42 41 25 23 37 32 188 38 47 20 33 48 47 57 35 296 30 21 176 20 352 20 25 30 22 29 379 52 24 39 45 39 20 20 39 20 34 28 54 23 30 27 21 154 768 68 21 21 21 108 20 137 33 55 80
internal_value=-0.000279367 0.0047 0.00682997 0.0180195 0.0126378 0.045192 0.0322031 -0.0150935 -0.0120982 0.00938184 0.0356517 -0.0156718 0.00130524 -0.0114232 0.0031874 0.0174598 -0.0224152 0.00554523 0.00144262 0.0255648 -0.00183972 0.0358848 -0.00300893 0.00365797 0.00696163 0.00362768 0.00638961 0.00168459 -0.00836562 0.0240372 0.0596289 0.0133086 0.0271949 0.0148695 0.0128304 0.0192284 0.0163618 -0.00882171 0.0583243 -0.0273758 0.0465026 0.0521891 -0.0181782 -0.038763 0.0422655 0.0297498 -0.0229147 -0.0255732 0.0456904 0.016339 -0.0159359 -0.0205626 -0.0229142 0.00660551 0.0209395 -0.00203024 0.000292972 0.0355538 0.0460547 0.0731611 0.0536469 0.00679055
internal_weight=4696 3304 2983 986 823 163 137 321 1392 211 103 108 1997 499 311 212 67 1498 1226 191 104 145 1035 719 687 657 636 568 392 272 63 209 154 801 776 599 575 177 87 99 40 107 316 71 125 103 279 55 68 41 1181 919 878 110 89 49 262 196 157 72 80 125
internal_count=4696 3304 2983 986 823 163 137 321 1392 211 103 108 1997 499 311 212 67 1498 1226 191 104 145 1035 719 687 657 636 568 392 272 63 209 154 801 776 599 575 177 87 99 40 107 316 71 125 103 279 55 68 41 1181 919 878 110 89 49 262 196 157 72 80 125
is_linear=0
shrinkage=0.05


Tree=58
num_leaves=63
num_cat=0
split_feature=35 12 7 20 14 5 21 7 33 5 30 30 9 6 30 31 29 30 37 29 2 30 36 8 33 29 37 31 37 11 29 30 37 37 35 29 29 29 29 29 36 31 35 32 32 32 32 36 8 2 31 32 8 30 24 12 7 32 5 35 5 11
split_gain=102.614 67.9464 68.1123 62.2353 60.0668 90.1827 57.9623 51.0413 48.1051 45.3708 54.0534 58.205 49.6218 41.1636 53.1707 40.6585 47.7504 51.0003 40.1125 58.0259 54.3807 55.2052 40.5557 102.042 87.3818 47.7162 47.0058 63.7221 51.4452 52.7367 46.3653 42.4433 40.7347 38.9021 38.2421 37.2487 37.6479 76.0458 41.8867 37.352 36.2809 35.8129 41.3484 65.8823 35.7641 61.025 35.1236 55.6158 53.3053 61.2175 39.1171 34.8096 32.9332 41.1557 32.5268 103.786 61.4387 36.0156 43.7376 42.8456 39.5391 40.5881
threshold=0.34148256373256397 0.19375000000000003 2.5000000000000004 1.0000000180025095e-35 1.0000000180025095e-35 0.36931818181818188 1.0000000180025095e-35 1.0000000180025095e-35 13.500000000000002 0.57738095238095244 42.508333333333347 41.010000000000005 1.0000000180025095e-35 0.38675213675213682 43.81666666666667 80.533333333333374 52.181875000000012 48.116666666666667 5.4511111111111132 58.244270833333346 1.5000000000000002 53.125000000000007 -2.199999999999998 7.5000000000000009 11.500000000000002 55.473908730158733 4.6683333333333339 12.35 4.0200000000000022 0.31009615384615391 53.077968341182633 47.783333333333339 3.9915476190476196 5.5869444444444447 -0.31439880952380933 56.967777777777783 51.23833333333333 52.400952380952383 50.120648148148156 54.788402777777783 -3.1999999999999962 15.900000000000004 -1.0000000180025095e-35 0.36931818181818188 0.5590277777777779 0.31009615384615391 0.68990384615384626 -2.7249999999999992 16.500000000000004 8.5000000000000018 5.5125000000000002 0.21825396825396828 14.500000000000002 43.31666666666667 1.0000000180025095e-35 1.0000000180025095e-35 1.0000000180025095e-35 0.76696832579185525 0.42261904761904767 -0.71834401709401774 0.13809523809523813 0.39444444444444454
decision_type=2 2 2 2 2 2 2 2 2 2 2 2 2 2 2 2 2 2 2 2 2 2 2 2 2 2 2 2 2 2 2 2 2 2 2 2 2 2 2 2 2 2 2 2 2 2 2 2 2 2 2 2 2 2 2 2 2 2 2 2 2 2
left_child=1 2 3 6 41 -6 18 15 35 10 11 -9 -11 14 -12 16 -2 -18 22 20 -20 33 23 -1 25 -25 28 34 30 -30 -26 -31 -27 -22 40 36 38 -38 -8 -39 -28 42 43 -5 45 -16 47 48 49 -35 -49 -51 53 -7 57 56 -56 59 -59 -24 -61 -62
right_child=7 -3 -4 4 5 52 8 9 -10 12 13 -13 -14 -15 44 -17 17 -19 19 -21 21 -23 54 24 26 32 27 -29 29 31 -32 -33 -34 46 -36 -37 37 39 -40 -41 -42 -43 -44 -45 -46 -47 -48 50 -50 51 -52 -53 -54 -55 55 -57 -58 58 -60 60 61 -63
leaf_value=0.065575306479995307 -0.0065013384729001424 -0.043824822727058621 -0.065457582078648338 -0.078322747519568484 -0.033082788826330853 0.14687577629530874 0.029184055833860578 -0.033451292164480458 -0.002479045172778728 0.06189914830694241 0.057546549777109782 -0.094424780146800918 -0.021856391235875586 -0.066257402979369676 -0.040510965633096502 -0.07425793324198042 0.10002126869830219 0.0038887572046872733 0.088244668092756051 0.085329057662575342 0.074189534815757172 -0.0562635496428067 0.046057984512299303 -0.057763497799820041 -0.046947668510966184 0.032442799443379043 -0.0098191703270588612 -0.078123213135098166 0.11520312442666009 0.062598730767002481 0.029205408073866214 -0.032972542078988185 -0.057177291349286133 0.0089963838645827875 -0.055372820347547536 0.075493282089500055 -0.054707257774395827 0.042161824831372485 0.0955051018989512 -0.013656407222151758 0.078353873733431112 0.066364789456129072 0.034979666728112438 0.028600187137722971 -0.061899269670210477 0.060174684943976237 0.066830793023109444 0.030771633626326275 -0.033069203917456921 0.1190123035815423 -0.042917518857838476 0.039828672186205429 0.045474895737651323 0.058739536269926111 0.02483263737254883 -0.03693999929096678 0.10083622826153743 -3.2506319388869359e-05 -0.063467797021172487 0.062685018201591447 0.0064220260171120175 -0.015605831452231886
leaf_weight=37 1043 70 33 34 23 27 159 130 184 28 31 56 48 28 34 21 22 37 21 27 23 33 52 161 41 32 28 38 21 26 39 21 21 124 20 38 39 94 28 44 20 20 36 25 31 27 23 23 43 23 83 35 45 26 122 58 34 61 49 24 524 348
leaf_count=37 1043 70 33 34 23 27 159 130 184 28 31 56 48 28 34 21 22 37 21 27 23 33 52 161 41 32 28 38 21 26 39 21 21 124 20 38 39 94 28 44 20 20 36 25 31 27 23 23 43 23 83 35 45 26 122 58 34 61 49 24 524 348
internal_value=-0.000265398 0.00488761 0.00599112 0.00676241 0.0314277 0.0560193 0.00469895 -0.0108666 0.0186958 -0.0258963 -0.0337663 -0.0518089 0.00900091 -0.0115417 0.000913897 -0.00533923 -0.0040259 0.0397348 0.00102908 0.0142233 0.00976883 0.00574933 -0.00237156 -0.0143596 -0.0206793 -0.0442172 -0.000848158 -0.0262641 0.0173552 0.0493295 -0.00982304 0.0198967 -0.00306705 0.0111775 0.00271595 0.0283878 0.0234702 0.00694207 0.0391145 0.0243647 0.0269196 0.005553 -0.00724948 -0.0330164 -0.0181688 0.00405481 0.00708351 0.00293189 0.0169994 0.0288288 -0.0269284 0.0712291 0.0769311 0.103639 0.00238786 0.0201659 0.0413975 -0.00120807 -0.02829 0.00193435 -0.000626392 -0.00236891
internal_weight=4696 3160 3090 3057 236 121 2821 1536 586 413 337 186 76 151 123 1123 1102 59 2235 458 431 410 1777 505 468 214 254 106 148 68 80 47 53 377 68 402 364 177 187 138 48 115 95 59 92 61 354 331 225 182 106 58 98 53 1272 214 156 1058 110 948 896 872
internal_count=4696 3160 3090 3057 236 121 2821 1536 586 413 337 186 76 151 123 1123 1102 59 2235 458 431 410 1777 505 468 214 254 106 148 68 80 47 53 377 68 402 364 177 187 138 48 115 95 59 92 61 354 331 225 182 106 58 98 53 1272 214 156 1058 110 948 896 872
is_linear=0
shrinkage=0.05


Tree=59
num_leaves=63
num_cat=0
split_feature=35 12 22 11 29 35 35 35 28 35 32 8 34 32 37 33 9 37 6 28 6 32 35 32 11 9 37 5 4 4 0 6 34 2 29 11 0 5 11 32 11 29 34 5 37 32 29 0 19 3 11 8 10 32 11 8 2 11 29 9 29 0
split_gain=92.6088 61.3216 55.0871 68.4369 68.6447 43.8704 85.8693 61.1522 105.283 39.1125 56.3926 57.2279 55.7162 52.6727 65.4415 58.3406 76.3945 68.9753 57.6193 50.7622 53.826 70.1714 58.5902 72.9617 49.2537 62.0857 48.5045 45.6959 38.6655 42.1746 54.284 42.822 37.9844 65.3546 36.9919 49.077 36.1621 41.0607 37.2757 36.0915 69.2631 49.7225 46.1835 42.5326 38.5293 35.9914 35.8961 43.4073 34.5146 34.3048 56.0444 50.1382 33.804 36.2044 33.7336 45.7723 44.8856 39.8251 33.3176 33.6467 39.1128 37.4333
threshold=0.34148256373256397 0.19375000000000003 1.0000000180025095e-35 0.07417582417582419 57.183333333333344 0.19547619047619116 0.20885527544351054 0.14041258169934676 8.5000000000000018 -0.053293650793651164 0.74166666666666681 10.500000000000002 19.500000000000004 0.41421568627450983 6.2999999999999998 7.5000000000000009 0.10555555555555557 2.1357142857142879 0.36931818181818188 13.500000000000002 0.42261904761904767 0.65686274509803932 -0.13641666666666694 0.46410256410256417 0.39444444444444454 0.17156862745098042 4.2750000000000012 0.37980769230769235 0.2817460317460318 0.11437908496732027 1450.0000000000002 0.32291666666666669 78.500000000000014 7.5000000000000009 46.6855982905983 0.44949494949494956 1700.0000000000002 0.63068181818181823 0.20714285714285716 0.087121212121212141 0.39444444444444454 53.213333333333345 37.500000000000007 0.44097222222222227 4.3214285714285712 0.18465909090909094 59.208333333333336 2350.0000000000005 1.0000000180025095e-35 1.0000000180025095e-35 0.53589743589743599 14.500000000000002 3.5000000000000004 0.41421568627450983 0.32291666666666669 8.5000000000000018 4.5000000000000009 0.44097222222222227 57.473333333333343 0.087121212121212141 58.791666666666671 2100.0000000000005
decision_type=2 2 2 2 2 2 2 2 2 2 2 2 2 2 2 2 2 2 2 2 2 2 2 2 2 2 2 2 2 2 2 2 2 2 2 2 2 2 2 2 2 2 2 2 2 2 2 2 2 2 2 2 2 2 2 2 2 2 2 2 2 2
left_child=1 2 3 -1 5 7 -7 9 -9 12 11 26 13 14 15 17 18 -5 45 32 22 -22 23 -21 25 28 54 49 29 -13 -31 -32 48 -34 35 -29 37 52 -38 40 -40 43 -43 -41 -45 -17 47 -2 -14 -26 51 -51 -4 -54 -11 56 -56 -57 -6 60 -60 -61
right_child=46 -3 36 4 58 6 -8 8 -10 10 -12 24 19 -15 -16 16 -18 -19 -20 20 21 -23 -24 -25 27 -27 -28 34 -30 30 31 -33 33 -35 -36 -37 38 -39 39 41 -42 42 -44 44 -46 -47 -48 -49 -50 50 -52 -53 53 -55 55 57 -58 -59 59 61 -62 -63
leaf_value=0.098377779188255465 -0.01116286261930037 -0.041633582572851865 -0.0039861142422471726 -0.052880666404962542 0.10033425293862819 0.1033375627041096 0.013796965777873994 0.024984693668178612 -0.087771331812156017 0.054944469447344026 0.065710989819839596 0.04460014230979141 0.012346796826782516 -0.079379111957369436 0.040818762254128435 -0.088405600061704379 -0.11523550561358852 0.044785159452779527 0.043996255423711696 -0.06314086157499868 -0.0040361569821834569 -0.11023192670795001 -0.058904601853245343 0.014394004490508878 0.051297347800788921 -0.046543196299554487 0.093963760842702221 0.020821965614269522 0.069921130821522737 -0.043242491340264679 0.050849913153797388 -0.0081927499898216318 0.075347402924671777 -0.023270001308992507 -0.091231617021063971 -0.080988609902560724 -0.047172488727503355 -0.092391921376640151 0.093938213388125108 -0.060907994257286192 -0.021389704003282217 -0.017185789283830671 0.053423827740109779 -0.038863361467208181 0.043365586208629202 -0.0065408248752355574 -0.076870958767831329 0.032232658099383117 -0.034050026557646516 0.06916152876615525 -0.06679747095031123 -0.0291046635972129 -0.10348375084854307 -0.01063925467786335 -0.011469537729308719 -0.052996436627330001 0.083205375988637253 0.019879875920320811 0.0097072657335687575 -0.02003510289722019 0.087592478510923694 0.05954758030447093
leaf_weight=21 1456 70 105 29 20 32 164 37 47 58 50 80 591 33 47 29 31 48 23 34 35 28 39 282 27 38 28 29 36 50 56 68 56 24 30 20 36 22 30 48 23 40 55 28 29 25 20 60 43 25 31 27 21 21 21 37 31 38 27 45 40 22
leaf_count=21 1456 70 105 29 20 32 164 37 47 58 50 80 591 33 47 29 31 48 23 34 35 28 39 282 27 38 28 29 36 50 56 68 56 24 30 20 36 22 30 48 23 40 55 28 29 25 20 60 43 25 31 27 21 21 21 37 31 38 27 45 40 22
internal_value=-0.000252128 0.00464323 0.00569157 0.00847644 0.00775337 0.00572369 0.0284158 0.00375657 -0.038105 0.00537181 0.0143409 0.0108224 0.000364002 -0.0202738 -0.0118666 -0.0252515 -0.0489599 0.00800193 -0.0222775 0.00519528 -0.00864287 -0.0512343 -0.00108439 0.00605165 0.00183661 0.0135515 0.032633 -0.018494 0.021426 0.0145527 0.000737722 0.0184717 0.0132966 0.0457622 -0.0475049 -0.0207334 -0.0103123 -0.0286849 0.000431477 0.00720516 0.0438902 -0.00251638 0.0236935 -0.0262301 0.00297242 -0.0505052 -0.0103233 -0.00944536 0.00920001 0.00234108 -0.0135844 0.0181387 -0.0191505 -0.0570615 0.0233506 0.00892184 0.0449713 -0.0160724 0.040136 0.0311512 0.0562059 0.00609652
internal_weight=4696 3160 3090 2632 2611 2457 196 2261 84 2177 780 730 1397 265 232 185 108 77 77 1132 418 63 355 316 517 328 213 189 290 254 174 124 714 80 79 49 458 169 289 253 53 200 95 105 57 54 1536 1516 634 110 83 52 147 42 185 127 52 75 154 134 67 67
internal_count=4696 3160 3090 2632 2611 2457 196 2261 84 2177 780 730 1397 265 232 185 108 77 77 1132 418 63 355 316 517 328 213 189 290 254 174 124 714 80 79 49 458 169 289 253 53 200 95 105 57 54 1536 1516 634 110 83 52 147 42 185 127 52 75 154 134 67 67
is_linear=0
shrinkage=0.05


Tree=60
num_leaves=63
num_cat=0
split_feature=35 7 8 7 36 9 2 36 27 34 31 35 18 30 34 11 4 20 11 34 30 30 14 35 37 29 7 11 27 9 29 29 28 37 2 11 30 28 27 37 21 36 35 37 38 34 19 11 11 9 28 34 2 36 11 8 2 8 37 37 30 35
split_gain=114.282 62.0191 62.2343 44.1998 45.2995 41.6661 67.4368 55.6599 52.3587 58.2111 51.1685 46.3315 47.6744 44.6005 83.8939 38.9199 37.2383 57.7172 44.9538 45.6857 47.7625 43.0401 39.8402 38.9292 53.1335 36.1119 44.0441 35.7337 41.5385 35.0193 39.538 42.4358 36.6623 34.636 55.1077 47.9446 48.0818 46.7117 40.0906 47.095 35.1758 34.9103 34.5579 39.6336 43.2303 34.1342 33.2026 36.6696 32.8796 55.689 41.2463 65.2101 49.7463 32.2915 31.7046 37.8401 42.5614 31.2867 30.9439 50.489 36.0922 35.4046
threshold=0.26130952380952466 2.5000000000000004 7.5000000000000009 1.5000000000000002 -0.066666666666666416 0.10555555555555557 1.5000000000000002 -4.2874999999999979 5.5000000000000009 87.500000000000014 18.255000000000006 -0.013960317460318223 1.0000000180025095e-35 52.025000000000006 42.500000000000007 0.31009615384615391 0.17156862745098042 1.0000000180025095e-35 0.51470588235294124 71.500000000000014 42.508333333333347 45.391666666666673 1.0000000180025095e-35 -0.45100198412698395 3.4999999999999978 50.120648148148156 1.0000000180025095e-35 0.38675213675213682 8.5000000000000018 0.12132352941176472 54.788402777777783 52.868935185185201 55.500000000000007 3.0499999999999989 1.5000000000000002 0.54195804195804198 46.287500000000001 7.5000000000000009 5.5000000000000009 3.5905555555555551 1.0000000180025095e-35 -1.3428571428571423 0.41449900793650812 4.6000000000000059 0.93933823529411775 24.500000000000004 1.0000000180025095e-35 0.37980769230769235 0.19375000000000003 0.060661764705882359 7.5000000000000009 83.500000000000014 9.5000000000000018 -2.0000000000000022 0.14835164835164838 10.500000000000002 6.5000000000000009 10.500000000000002 3.7650000000000006 3.3750000000000022 51.31666666666667 -1.0138095238095219
decision_type=2 2 2 2 2 2 2 2 2 2 2 2 2 2 2 2 2 2 2 2 2 2 2 2 2 2 2 2 2 2 2 2 2 2 2 2 2 2 2 2 2 2 2 2 2 2 2 2 2 2 2 2 2 2 2 2 2 2 2 2 2 2
left_child=1 2 -1 29 27 11 -7 15 9 16 25 13 48 58 -15 -8 22 18 19 20 -18 -22 -9 24 -23 -10 -27 -5 -29 30 31 33 46 35 41 36 37 -2 39 -36 -40 -35 53 44 -44 -26 54 -48 49 -13 52 -52 57 -41 -31 56 -56 -50 59 61 -60 -4
right_child=3 -3 5 4 -6 6 7 8 10 -11 -12 12 -14 14 -16 -17 17 -19 -20 -21 21 23 -24 -25 45 26 -28 28 -30 32 -32 -33 -34 34 38 -37 -38 -39 40 42 -42 -43 43 -45 -46 -47 47 -49 50 -51 51 -53 -54 -55 55 -57 -58 -59 60 -61 -62 -63
leaf_value=0.035243627889059395 -0.029831563126371832 -0.065600114207594637 -0.050855559714742607 0.0038195230134508828 -0.10098395267656696 -0.07385279583909056 -0.002409546175146137 -0.014130953193273186 0.060933643751419513 -0.095251984995874506 -0.040533005211340345 0.017499767732806506 -0.040330632888909541 0.004473704731926419 0.077406350326425621 0.085146350786089897 0.012194673185715349 -0.076019944609315313 0.070758906237426256 0.066865648116384235 -0.093738229741298029 0.011660464219748975 -0.082869475867067069 0.019467700743211473 -0.097499744639252178 0.019219550725408114 -0.029733043262048772 -0.020550758126191795 -0.10487876811834135 0.041154442039819869 -0.060583686431248986 0.052571788561694768 -0.082333513284507012 -0.0087445094250142574 -0.060346637322041013 -0.037464519274904295 0.092192717668201252 0.026131255916810078 -0.022206278312990609 0.020038906149566174 0.031965562249674943 -0.093474307391912703 0.010802348760458139 0.0094595372977078363 0.098226978437554457 -0.027098413153241081 -0.02286515676549503 -0.10773544199764729 0.059487573131470073 0.12228687802950543 -0.046064617337080942 0.019664161633355201 -0.018141465195055519 -0.06683100772940595 -0.1102572819306737 -0.0089630683584670939 -0.018649689864832907 0.024863621559696365 0.0091144676443771465 -0.049286160112885564 -0.04340669513813087 0.00073953616353342449
leaf_weight=166 49 31 37 55 24 34 22 53 39 22 46 32 33 154 53 30 144 27 21 21 21 40 35 49 33 237 57 40 23 26 30 34 23 20 23 43 21 156 326 20 33 31 26 152 31 36 35 20 83 21 58 108 56 23 21 287 32 305 500 76 35 328
leaf_count=166 49 31 37 55 24 34 22 53 39 22 46 32 33 154 53 30 144 27 21 21 21 40 35 49 33 237 57 40 23 26 30 34 23 20 23 43 21 156 326 20 33 31 26 152 31 36 35 20 83 21 58 108 56 23 21 287 32 305 500 76 35 328
internal_value=-0.000932489 0.00476029 0.00548445 -0.0117324 -0.0383647 0.00374867 -0.00468457 -0.00216397 -0.00513095 -0.0157221 0.00889748 0.00808871 0.0183248 0.00206648 0.0231473 0.0481035 -0.012077 -0.00547855 -0.000260419 -0.0045959 -0.00924201 -0.0264872 -0.0414701 -0.0175487 -0.0341891 0.0157257 0.00972874 -0.0256285 -0.0513372 -0.00914572 -0.00403517 -0.00231811 -0.0208631 -0.00427436 -0.0102446 0.0109286 0.0201362 0.0127548 -0.00622231 0.00814342 -0.0172267 -0.0602469 0.0143945 0.022793 0.0583491 -0.0607686 -0.0175049 -0.0537271 0.0212443 0.0590192 0.0179622 -0.00330132 0.0259121 -0.0264264 -0.0120617 -0.0161312 -0.054947 0.0322703 -0.00240455 -0.0122105 0.0056785 -0.00449065
internal_weight=4647 3043 3012 1604 142 2846 967 933 881 502 379 1879 696 1183 207 52 480 392 365 344 323 179 88 158 109 333 294 118 63 1462 1018 988 444 954 685 269 226 205 634 275 359 51 252 209 57 69 421 55 663 53 610 166 444 43 366 340 53 388 976 441 535 365
internal_count=4647 3043 3012 1604 142 2846 967 933 881 502 379 1879 696 1183 207 52 480 392 365 344 323 179 88 158 109 333 294 118 63 1462 1018 988 444 954 685 269 226 205 634 275 359 51 252 209 57 69 421 55 663 53 610 166 444 43 366 340 53 388 976 441 535 365
is_linear=0
shrinkage=0.05


Tree=61
num_leaves=63
num_cat=0
split_feature=0 7 25 27 33 29 9 35 7 11 4 11 6 6 34 2 35 6 29 11 4 37 37 28 11 0 34 29 34 6 34 36 36 11 29 34 9 9 37 37 29 35 2 36 36 6 34 37 29 33 11 36 31 37 11 6 36 29 36 37 4 31
split_gain=110.651 54.25 55.1068 68.465 53.2789 50.6676 78.0153 90.6903 75.443 69.8426 48.9219 40.7884 75.425 41.538 37.9915 37.7196 66.3614 37.8304 36.8798 35.4627 33.2976 32.6191 40.9588 53.1278 56.0019 42.2454 48.9523 41.0191 37.6196 36.4023 35.3181 38.6725 63.5923 44.0351 37.2252 33.124 32.8726 46.8893 50.2091 42.5383 50.5831 32.425 50.1082 43.2319 40.6024 46.7906 52.2975 35.5738 33.3422 35.2856 31.8844 31.1726 42.1311 31.6786 30.5129 51.7438 30.4348 28.8277 43.9605 28.6898 28.6682 36.7859
threshold=1700.0000000000002 1.0000000180025095e-35 1.0000000180025095e-35 9.5000000000000018 7.5000000000000009 51.487019230769242 0.06458333333333334 1.2586768353174602 1.5000000000000002 0.2817460317460318 0.18465909090909094 0.31009615384615391 0.22649572649572652 0.31009615384615391 42.500000000000007 6.5000000000000009 0.54298460798460801 0.19375000000000003 50.083125000000003 0.37980769230769235 0.13809523809523813 5.3000000000000034 7.2449999999999983 15.500000000000002 0.17914438502673799 1900.0000000000002 27.500000000000004 58.244270833333346 36.500000000000007 0.17914438502673799 20.500000000000004 -3.8749999999999978 -3.2166666666666672 0.36038961038961043 48.069336419753093 104.50000000000001 0.16025641025641027 0.095454545454545472 6.1500000000000048 6.4000000000000057 49.759861111111114 -0.33660943223443246 4.5000000000000009 -1.049999999999998 -2.6000000000000019 0.46862745098039221 55.500000000000007 2.7250000000000001 49.402256944444453 13.500000000000002 0.43303571428571436 -1.8599999999999988 6.7083333333333366 4.7000000000000055 0.17156862745098042 0.19375000000000003 -1.7499999999999993 51.741666666666674 -2.449999999999998 3.9658333333333333 0.20714285714285716 1.5999999999999981
decision_type=2 2 2 2 2 2 2 2 2 2 2 2 2 2 2 2 2 2 2 2 2 2 2 2 2 2 2 2 2 2 2 2 2 2 2 2 2 2 2 2 2 2 2 2 2 2 2 2 2 2 2 2 2 2 2 2 2 2 2 2 2 2
left_child=1 2 41 11 60 6 7 8 20 -7 -8 18 -13 -14 -10 17 -17 -12 -4 -9 -3 30 23 24 -23 -24 -27 36 -28 -25 31 -6 -33 -34 59 -31 37 39 -39 57 -41 42 -1 44 48 47 -47 -46 -43 -50 -11 53 -53 -49 55 -36 -30 -26 -59 -32 61 -2
right_child=4 5 3 -5 21 9 10 19 14 50 15 12 13 -15 -16 16 -18 -19 -20 -21 -22 22 25 29 27 26 28 -29 56 35 34 32 33 -35 54 -37 -38 38 -40 40 -42 43 -44 -45 45 46 -48 51 49 -51 -52 52 -54 -55 -56 -57 -58 58 -60 -61 -62 -63
leaf_value=0.080022987431806081 0.042947847017457186 0.026734849015200464 0.035967920984952682 -0.042084959237318899 -0.090840656682848936 0.009198379905327507 -0.068532019923160589 -0.012013546847516583 -0.066114387980529252 -0.13270864870261265 -0.076014888181816787 0.066407772567537091 -0.077817160468548544 0.0090871805494481869 0.01022330821515658 0.073594841217466941 -0.031572795333340765 0.0044612127477708071 0.12178534169991811 -0.10098427546521027 0.085923689986978261 -0.044625639623921853 0.025598245546194345 -0.065701571870595221 0.030751622428319289 0.03472927565287267 -0.093154901355504999 0.10371671570908457 -0.001334444265447411 -0.037037892639636992 -0.0072760331241980853 0.049004785477050714 0.0034312769289939638 -0.077355877587546584 0.077024336565624588 0.048142690077424055 0.089967803122073586 -0.064996509469794836 0.029220938033634621 0.060009683355689049 -0.030653146039694545 -0.024829970015322462 0.0018829610264909113 -0.0034493894521192554 -0.0934287262077515 -0.03732483272207901 0.041250002516640558 -0.087839569452972652 0.068607153507570434 -0.0074591258240322908 -0.050562353077388947 0.048319823776837439 -0.028262381408024919 -0.03319908040575683 -0.0030537051299859602 -0.0030235501149526011 -0.074109784811735163 0.042826280836015945 0.12451214848884516 0.061908305020526404 0.0090955963332048605 -0.013412207123987815
leaf_weight=23 195 74 31 36 20 23 83 21 28 27 40 45 20 44 39 24 40 23 21 24 35 23 68 25 70 28 25 21 51 21 23 28 31 37 33 25 22 26 31 25 40 51 190 818 26 40 45 42 30 31 21 20 176 72 1086 52 20 40 28 43 213 34
leaf_count=23 195 74 31 36 20 23 83 21 28 27 40 45 20 44 39 24 40 23 21 24 35 23 68 25 70 28 25 21 51 21 23 28 31 37 33 25 22 26 31 25 40 51 190 818 26 40 45 42 30 31 21 20 176 72 1086 52 20 40 28 43 213 34
internal_value=-0.000885864 -0.0088049 -0.00467157 0.0202502 0.00663124 -0.0233045 -0.0168572 0.00387922 0.0200751 -0.062442 -0.0386799 0.0341884 0.0168059 -0.0180704 -0.021679 -0.0191703 0.00786507 -0.0466347 0.070625 -0.0594646 0.0457404 0.00306525 0.0128866 0.022056 0.0305921 -0.00607304 -0.0234412 0.0363017 -0.0404076 -0.0171376 -0.00121028 -0.0275903 -0.0144132 -0.0405264 0.00126351 0.0092559 0.0312814 0.0263156 -0.0137554 0.0375671 0.00421717 -0.00781069 0.0103206 -0.0106693 -0.0217497 -0.0288676 0.00427361 -0.0372516 0.00500583 0.0299505 -0.0967696 -0.0325399 -0.0204479 -0.0533298 -0.000795683 0.0280539 -0.0218345 0.0532754 0.0764616 0.0377986 0.022299 0.03458
internal_weight=4647 2263 1761 197 2384 502 431 221 176 71 210 161 109 64 67 127 64 63 52 45 109 1942 589 397 326 192 124 303 96 71 1353 116 96 68 1237 46 282 260 57 203 65 1564 213 1351 533 421 85 336 112 61 48 310 196 114 1171 85 71 138 68 66 442 229
internal_count=4647 2263 1761 197 2384 502 431 221 176 71 210 161 109 64 67 127 64 63 52 45 109 1942 589 397 326 192 124 303 96 71 1353 116 96 68 1237 46 282 260 57 203 65 1564 213 1351 533 421 85 336 112 61 48 310 196 114 1171 85 71 138 68 66 442 229
is_linear=0
shrinkage=0.05


Tree=62
num_leaves=63
num_cat=0
split_feature=0 7 30 25 27 33 30 29 35 11 35 28 24 11 6 30 6 35 35 6 32 35 29 6 4 4 31 0 35 30 0 11 31 6 11 34 11 2 10 28 31 12 12 2 11 4 28 34 11 31 29 30 11 11 11 6 0 32 2 11 35 27
split_gain=99.8627 48.9607 65.4404 49.7339 61.7896 48.0842 39.8964 57.5437 39.4087 52.7933 49.1906 37.5272 48.1209 36.8115 68.0711 38.9961 39.2333 35.9625 47.1574 35.883 33.383 47.5815 33.284 33.2809 29.85 38.4198 58.2495 41.5519 35.1301 31.3936 29.5817 40.2742 47.5195 61.7768 56.0594 54.549 54.3525 46.0659 76.6082 41.569 40.5153 39.3627 76.3803 47.6101 39.0605 39.3478 67.051 58.1436 34.8386 29.9932 44.2445 27.6922 27.4935 77.2017 41.6658 47.8842 27.3595 27.3394 28.76 37.1744 37.0592 28.0419
threshold=1700.0000000000002 1.0000000180025095e-35 50.583333333333336 1.0000000180025095e-35 9.5000000000000018 7.5000000000000009 44.683333333333344 52.365301325658479 1.1661119929453261 0.35504201680672276 0.89387755102040856 32.500000000000007 1.0000000180025095e-35 0.31009615384615391 0.22649572649572652 44.405000000000008 0.35504201680672276 -0.33660943223443246 -1.1276555735930731 0.39444444444444454 0.53589743589743599 -0.57810515873015833 50.083125000000003 0.39444444444444454 0.36931818181818188 0.14835164835164838 11.600000000000007 1550.0000000000002 0.024999999999999547 47.670833333333341 1100.0000000000002 0.46862745098039221 9.3499999999999996 0.087121212121212141 0.2817460317460318 138.50000000000003 0.36931818181818188 7.5000000000000009 1.5000000000000002 16.500000000000004 8.2333333333333325 0.057189542483660136 0.12132352941176472 2.5000000000000004 0.21825396825396828 0.17914438502673799 23.500000000000004 73.500000000000014 0.34313725490196084 14.900000000000004 47.723194444444452 38.787500000000001 0.43303571428571436 0.53137254901960795 0.20714285714285716 0.39444444444444454 1300.0000000000002 0.89444444444444449 3.5000000000000004 0.63068181818181823 0.89387755102040856 3.5000000000000004
decision_type=2 2 2 2 2 2 2 2 2 2 2 2 2 2 2 2 2 2 2 2 2 2 2 2 2 2 2 2 2 2 2 2 2 2 2 2 2 2 2 2 2 2 2 2 2 2 2 2 2 2 2 2 2 2 2 2 2 2 2 2 2 2
left_child=1 3 8 6 13 -2 7 30 10 19 11 12 52 22 -15 16 -16 18 -8 -10 21 -20 -5 -12 25 26 27 -19 29 -27 -1 32 34 39 -32 44 -37 40 -39 -34 -33 43 -43 -36 -35 49 47 -47 -45 50 -46 -51 54 -54 -3 -56 -30 58 60 -60 61 -7
right_child=5 2 -4 4 -6 57 17 -9 9 -11 23 -13 -14 14 15 -17 -18 24 20 -21 -22 -23 -24 -25 -26 28 -28 -29 56 -31 31 37 33 35 41 36 -38 38 -40 -41 -42 42 -44 48 45 46 -48 -49 -50 51 -52 -53 53 -55 55 -57 -58 -59 59 -61 -62 -63
leaf_value=0.026423774296235221 0.021184091298204609 0.019389328904799188 -0.10099444895982744 0.034169523526103272 -0.039980711715502874 0.024659714583222841 -0.020585323714239656 -0.077775133063947913 -0.048158921417780221 -0.071752019489512722 0.0059916622746659792 -0.071745400354266173 0.048024415912042408 0.063087385820431843 -0.038053410099819301 -0.069276580570832552 0.059797508234069464 0.017127549157223917 0.057194788849100155 0.036623790201086269 0.084175311197759589 -0.019193735015061168 0.11569607667624951 0.082530008926987655 0.048690508585423231 -0.094771859576476047 0.078597273813560617 -0.043349968050089151 -0.051184940222522318 -0.015564511445435612 -0.02231215343953253 -0.05149746790735258 -0.01019958321005106 0.020484697768607965 -0.025290574685766783 -0.010031860047685248 0.083430535040263626 -0.015829044425239167 -0.14659619118486131 -0.10056181258788066 -0.00068730464912592794 -0.065849316539242864 0.052148529980331662 0.0081527588127011611 -0.025177556676965841 -0.014279403776312486 -0.060678447060512779 0.078308147602559386 0.06179383418657193 -0.053301114831785006 -0.089484322312529452 0.011531612873077393 0.050014869105525134 -0.056581292121574804 -0.019315490940609924 -0.081418709190956395 0.0060038964847723645 -0.051277321868616603 0.0079761552963994922 -0.040287723701174671 -0.074778016582131387 -0.011243921356173203
leaf_weight=51 442 32 25 31 36 66 43 33 24 68 49 30 29 45 20 23 21 77 47 26 32 36 21 20 24 29 25 45 29 22 111 63 20 52 29 35 28 24 21 35 104 32 24 44 53 39 33 30 97 28 54 40 41 29 77 52 75 23 1483 41 20 309
leaf_count=51 442 32 25 31 36 66 43 33 24 68 49 30 29 45 20 23 21 77 47 26 32 36 21 20 24 29 25 45 29 22 111 63 20 52 29 35 28 24 21 35 104 32 24 44 53 39 33 30 97 28 54 40 41 29 77 52 75 23 1483 41 20 309
internal_value=-0.000841571 -0.00836466 -0.0221393 -0.004438 0.0192377 0.00629968 -0.00742016 -0.0127662 -0.0180064 -0.043074 -0.0097669 -0.0187949 -0.0126852 0.032479 0.0159656 -0.0171669 0.0120654 0.00450893 0.0240862 -0.00407191 0.0407895 0.0240624 0.0670937 0.0281767 -0.00497944 -0.0092446 0.00906806 -0.00517973 -0.0266121 -0.060604 -0.0107172 -0.012619 -0.00739062 -0.0180789 0.00678645 -0.0111164 0.031507 -0.0319539 -0.0768537 -0.0677028 -0.0198552 0.0210782 -0.0152788 0.0330547 -0.0192783 -0.0267429 -0.00205923 0.0259761 0.0450548 -0.0411299 -0.0576314 -0.0151642 -0.0203067 0.0058536 -0.0316808 -0.0443493 -0.00994299 0.00291198 0.00356146 0.00667772 -0.00846175 -0.00492488
internal_weight=4647 2263 502 1761 197 2384 1564 1080 477 118 359 290 260 161 109 64 41 484 158 50 115 83 52 69 326 302 147 122 155 51 1047 996 784 447 337 392 63 212 45 55 167 226 56 170 329 277 102 69 141 175 107 68 231 70 161 129 104 1942 1919 1524 395 375
internal_count=4647 2263 502 1761 197 2384 1564 1080 477 118 359 290 260 161 109 64 41 484 158 50 115 83 52 69 326 302 147 122 155 51 1047 996 784 447 337 392 63 212 45 55 167 226 56 170 329 277 102 69 141 175 107 68 231 70 161 129 104 1942 1919 1524 395 375
is_linear=0
shrinkage=0.05


Tree=63
num_leaves=63
num_cat=0
split_feature=0 7 33 12 5 5 4 33 0 4 12 31 31 11 4 37 9 37 4 2 29 30 8 30 4 29 29 4 0 37 37 9 37 29 37 32 33 0 38 29 0 32 29 30 5 8 11 31 9 11 30 29 37 37 30 29 2 9 9 29 2 37
split_gain=90.1261 46.4274 48.7303 46.5829 44.1317 72.4341 48.1561 43.396 42.7558 41.7166 40.7249 55.9238 51.0714 49.6595 40.3995 39.3997 64.1949 46.7087 39.9338 37.2632 69.7568 57.4841 34.5653 34.4738 33.3283 31.9945 37.6133 30.1254 29.9748 29.6407 36.6724 48.3758 64.1738 58.9917 40.5853 45.0511 43.1106 38.1428 35.0856 33.0967 56.1555 32.4598 55.3106 45.1345 57.1605 43.8017 65.7944 75.3578 42.4812 36.3469 48.2248 68.6431 61.081 55.7953 46.3859 70.5152 48.1322 42.053 35.3246 34.6478 57.7838 50.4602
threshold=1700.0000000000002 1.5000000000000002 14.500000000000002 0.060661764705882359 0.38675213675213682 0.44949494949494956 0.29705882352941182 7.5000000000000009 1100.0000000000002 0.25833333333333336 0.10555555555555557 11.877380952380955 11.600000000000007 0.31009615384615391 0.17914438502673799 3.2333333333333338 0.06458333333333334 3.6500000000000017 0.06458333333333334 6.5000000000000009 47.723194444444452 45.805000000000007 12.500000000000002 42.925000000000011 0.17914438502673799 46.50052083333334 50.422500000000007 0.24264705882352944 1550.0000000000002 5.3000000000000034 7.2449999999999983 0.095454545454545472 5.5869444444444447 50.345195105820117 5.6683333333333321 0.35504201680672276 11.500000000000002 1900.0000000000002 0.91287878787878796 51.652314814814822 2100.0000000000005 0.2817460317460318 48.151741071428582 52.025000000000006 0.36931818181818188 9.5000000000000018 0.39444444444444454 4.900000000000003 0.12916666666666668 0.26969696969696971 47.612500000000004 52.451666666666675 4.7500000000000053 4.350000000000005 47.516666666666673 52.951388888888893 5.5000000000000009 0.095454545454545472 0.06458333333333334 51.487019230769242 4.5000000000000009 2.7000000000000042
decision_type=2 2 2 2 2 2 2 2 2 2 2 2 2 2 2 2 2 2 2 2 2 2 2 2 2 2 2 2 2 2 2 2 2 2 2 2 2 2 2 2 2 2 2 2 2 2 2 2 2 2 2 2 2 2 2 2 2 2 2 2 2 2
left_child=1 2 3 4 6 9 27 -2 -4 28 12 -12 24 -14 15 16 18 -17 22 -3 -21 -22 -7 -20 -5 -19 -27 -1 -6 41 31 34 -33 -34 -31 36 -36 -32 -39 -35 -41 45 -43 49 -45 -9 47 -47 -49 54 51 52 53 59 55 -44 57 -56 -53 61 -61 -51
right_child=7 19 8 10 5 14 -8 29 -10 -11 11 -13 13 -15 -16 17 -18 25 23 20 21 -23 -24 -25 -26 26 -28 -29 -30 30 37 32 33 39 35 -37 -38 38 -40 40 -42 42 43 44 -46 46 -48 48 -50 50 -52 58 -54 -55 56 -57 -58 -59 -60 60 -62 -63
leaf_value=-0.012508783862726148 0.020124886839806497 -0.061465819244799408 0.030867029040893341 -0.10530591358741125 0.034352119390415145 0.040236328441117492 0.035661333993905121 -0.060345762645204859 -0.018250434723924267 -0.024830472022294998 0.031391648941813677 -0.044065860860251098 -0.045167846658400131 0.045363754259817535 0.029603025160721993 -0.081839283842306876 -0.030863250135930616 0.031309583914038298 0.031192244187233945 -0.054832074388861653 0.075798432555581843 -0.035188185591250663 -0.024821233488761876 0.10161259782811005 -0.038752088571588204 -0.044440478287064114 0.0064358337782323364 -0.059744601430961997 0.083669313119382277 0.066476610439884315 0.024282613292555599 -0.081799482393332512 -0.046878654870294759 0.084995188661243615 0.091107765284757461 -0.0094700535513741312 0.022930491482997164 0.038334496989846228 -0.033978077640327127 -0.023965865176998908 0.078916934451886592 0.076766973912715919 0.019746196761261672 -0.0043705866034877928 0.082937827233124428 0.0056561076204125846 0.023335813425548441 -0.039131017623003576 -0.120603007376194 0.051039540987366287 -0.02245444892929092 0.068051388266743451 -0.076134576077663135 0.063458068309159107 0.053926239371122356 -0.06242769203252263 0.07863766098830928 -0.047379878936335447 0.013318644405493664 0.026224907060386618 -0.078307667931016442 -0.016303987697381336
leaf_weight=191 442 69 47 24 83 35 45 45 773 20 73 37 28 33 118 26 67 37 63 50 28 20 49 24 87 78 68 41 49 68 68 22 31 23 31 73 92 20 104 36 21 25 95 38 37 102 111 80 20 39 298 49 31 29 21 36 47 20 74 20 39 97
leaf_count=191 442 69 47 24 83 35 45 45 773 20 73 37 28 33 118 26 67 37 63 50 28 20 49 24 87 78 68 41 49 68 68 22 31 23 31 73 92 20 104 36 21 25 95 38 37 102 111 80 20 39 298 49 31 29 21 36 47 20 74 20 39 97
internal_value=-0.000799493 -0.00794643 -0.00592491 0.000186698 0.00527519 0.0118236 -0.0116749 0.0059847 -0.0154352 0.0424632 -0.0177493 0.00601049 -0.0329446 0.00380827 0.00358067 -0.00328877 0.0106219 -0.0191296 0.0268763 -0.0333183 -0.0135001 0.029554 0.00228608 0.0506185 -0.0531421 -0.01022 -0.0207447 -0.0208565 0.0526593 0.00276638 0.0121287 0.020805 -0.00378536 0.0116769 0.0331933 0.0216461 0.0401134 -0.00581152 -0.0223148 0.0343672 0.0139383 -0.00130928 0.00333613 0.00144358 0.0387016 -0.0142204 -0.00758896 -0.0245823 -0.0554254 -0.0016786 -0.0074137 0.00444382 -0.0103542 -0.00125072 0.0160243 -0.00283594 0.0441003 0.00450862 0.0351227 -0.0108741 -0.0428729 0.00300776
internal_weight=4647 2263 2096 1276 994 717 277 2384 820 152 282 110 172 61 565 447 238 209 171 167 98 48 84 87 111 183 146 232 132 1942 589 397 133 111 264 196 123 192 124 80 57 1353 995 970 75 358 313 202 100 895 676 378 255 224 219 131 88 41 123 195 59 136
internal_count=4647 2263 2096 1276 994 717 277 2384 820 152 282 110 172 61 565 447 238 209 171 167 98 48 84 87 111 183 146 232 132 1942 589 397 133 111 264 196 123 192 124 80 57 1353 995 970 75 358 313 202 100 895 676 378 255 224 219 131 88 41 123 195 59 136
is_linear=0
shrinkage=0.05


Tree=64
num_leaves=63
num_cat=0
split_feature=35 6 7 8 25 27 7 0 31 0 36 4 35 9 30 33 6 4 33 37 4 35 33 0 27 2 33 35 28 27 29 4 29 6 31 33 36 28 7 9 31 30 35 35 0 28 36 28 29 29 31 9 25 6 28 2 27 6 6 30 29 9
split_gain=83.3169 52.9324 50.8496 50.5474 36.363 41.3668 37.8963 37.6136 45.4632 37.9678 36.5361 54.431 33.9967 33.7402 36.5648 35.518 50.716 54.4233 54.3512 67.9471 38.2706 36.8136 34.1426 32.3057 64.8791 52.0587 51.3572 31.1809 42.0976 37.8953 35.4032 43.7521 50.8592 36.5319 33.3949 30.8001 62.3753 30.5659 39.0503 41.8193 54.3024 44.5381 38.4597 81.0287 69.4911 52.1112 43.1136 41.2245 40.7176 38.7337 37.7014 31.8381 44.0933 51.3576 40.5403 39.7058 36.6829 57.0074 46.0656 38.1668 40.2738 35.7333
threshold=0.26130952380952466 0.72474747474747481 2.5000000000000004 7.5000000000000009 1.0000000180025095e-35 9.5000000000000018 1.5000000000000002 1100.0000000000002 23.550000000000004 2550.0000000000005 -0.066666666666666416 0.069047619047619066 0.49727132435465776 0.12132352941176472 47.458333333333336 12.500000000000002 0.17914438502673799 0.32291666666666669 8.5000000000000018 3.0499999999999989 0.12132352941176472 0.39040246212121238 10.500000000000002 2100.0000000000005 2.5000000000000004 3.5000000000000004 3.5000000000000004 0.65224082341269829 10.500000000000002 3.5000000000000004 46.006944444444457 0.11437908496732027 48.558409090909102 0.36931818181818188 12.116666666666665 12.500000000000002 -1.5000000000000029 17.500000000000004 1.0000000180025095e-35 0.16025641025641027 15.500000000000005 47.81666666666667 -0.20570707070707075 -0.42438383838383881 1700.0000000000002 28.500000000000004 -1.4600000000000011 20.500000000000004 52.637833333333347 51.351136363636371 24.700000000000006 0.10555555555555557 1.0000000180025095e-35 0.13809523809523813 3.5000000000000004 1.5000000000000002 5.5000000000000009 0.19375000000000003 0.38675213675213682 47.32500000000001 53.142187500000013 0.24264705882352944
decision_type=2 2 2 2 2 2 2 2 2 2 2 2 2 2 2 2 2 2 2 2 2 2 2 2 2 2 2 2 2 2 2 2 2 2 2 2 2 2 2 2 2 2 2 2 2 2 2 2 2 2 2 2 2 2 2 2 2 2 2 2 2 2
left_child=1 2 3 23 6 12 7 -2 9 13 11 -8 -6 15 35 16 17 -9 19 -18 22 -17 -20 24 25 -1 -27 28 -23 -29 33 -32 -33 -31 -30 36 -15 50 42 40 41 -40 43 47 45 49 48 -39 -45 -44 51 55 53 61 -54 -5 57 -55 59 -59 -61 -53
right_child=4 -3 -4 37 5 -7 10 8 -10 -11 -12 -13 -14 14 -16 21 18 -19 20 -21 -22 27 -24 -25 -26 26 -28 29 34 30 31 32 -34 -35 -36 -37 -38 38 39 -41 -42 -43 44 46 -46 -47 -48 -49 -50 -51 -52 52 54 56 -56 -57 -58 58 -60 60 -62 -63
leaf_value=-0.0092152112259947013 0.029387092237071744 0.085175632638856774 -0.060143271040531902 0.052553466880694039 -0.03423546671867371 -0.035023961319691606 -0.09641070853580129 -0.070886653321129936 -0.062321609826108751 0.046517204878659089 -0.097063125161962083 -0.008170928787440062 0.036733123772191227 -0.12646504450928084 0.031775382002470674 0.025930027132007212 0.033780966108215266 0.032507232949137689 0.048808579178294169 -0.07445498974833252 0.066319172208507859 -0.0044295440992859541 -0.014353837611396676 0.07712335800301405 -0.027636716482431996 0.13535171576908656 0.037921124322670759 -0.059311378133647591 -0.10024455393995009 -0.070286315182844797 -0.016044042125435139 0.002607339020909333 0.069243036849762907 0.00046193871546436002 -0.035763339978119917 -0.018946276542314511 -0.030719168403496346 -0.039285172863552972 -0.070508164861662823 -0.096095190133730135 0.048965617535974497 0.017994504537255991 -0.084271789202466613 -0.069103568744274882 0.041114577615078085 0.020381517225495457 -0.093136572720749045 0.024366565632029765 0.0064434414463383815 -0.0012089256383478642 0.062971463771204328 0.012353787189444743 0.0634022198963997 -0.092189311277535227 -0.00090238172560930252 0.007231476301547109 0.0097285872076685407 0.013317173350413767 -0.06976749439519353 -0.091516437413899809 -0.0068146819921417372 -0.026473176555315916
leaf_weight=29 58 20 31 50 20 36 22 35 43 29 22 85 108 22 27 55 29 20 40 29 63 61 46 31 46 21 38 34 31 36 123 82 44 37 57 235 75 33 44 22 22 21 32 31 114 55 35 111 42 25 28 269 43 36 57 1443 59 79 41 23 36 76
leaf_count=29 58 20 31 50 20 36 22 35 43 29 22 85 108 22 27 55 29 20 40 29 63 61 46 31 46 21 38 34 31 36 123 82 44 37 57 235 75 33 44 22 22 21 32 31 114 55 35 111 42 25 28 269 43 36 57 1443 59 79 41 23 36 76
internal_value=-0.000759518 0.00410121 0.00356483 0.0042249 -0.00998096 0.0123269 -0.0125216 -0.0099772 -0.0117993 -0.0100039 -0.0383795 -0.0263137 0.0256443 -0.0113918 -0.02418 -0.00580672 0.00938832 -0.0332889 0.0207277 -0.020337 0.0367126 -0.0129158 0.015024 0.0311254 0.020484 0.045638 0.0725998 -0.0171466 -0.036351 -0.00910878 -0.00380788 0.00516899 0.0258769 -0.0344276 -0.0584783 -0.0287306 -0.0524347 0.00265484 -0.00750134 -0.0345076 -0.0189337 -0.041915 -0.00134302 -0.0147742 0.0136333 -0.0143387 -0.0475126 0.00977971 -0.0256382 -0.0478407 0.0053163 0.00458649 -0.00405755 -0.00903431 0.0267486 0.00874929 -0.0251951 -0.0347788 -0.0232325 -0.00940688 -0.039834 0.0038006
internal_weight=4647 3043 3023 2992 1604 164 1440 1311 1253 1210 129 107 128 1181 359 822 262 55 207 58 149 560 86 165 134 88 59 505 149 356 322 249 126 73 88 332 97 2827 587 109 87 65 478 252 226 112 108 144 73 57 2240 2212 719 619 100 1493 274 215 179 138 59 345
internal_count=4647 3043 3023 2992 1604 164 1440 1311 1253 1210 129 107 128 1181 359 822 262 55 207 58 149 560 86 165 134 88 59 505 149 356 322 249 126 73 88 332 97 2827 587 109 87 65 478 252 226 112 108 144 73 57 2240 2212 719 619 100 1493 274 215 179 138 59 345
is_linear=0
shrinkage=0.05


Tree=65
num_leaves=63
num_cat=0
split_feature=33 5 34 30 5 34 7 37 29 30 4 32 29 5 30 6 5 5 31 34 6 6 30 5 37 37 8 2 7 29 2 5 5 34 12 9 32 34 5 37 9 6 5 29 5 31 9 0 32 34 3 4 34 31 37 30 9 0 30 30 38 32
split_gain=84.2092 37.7926 37.6807 40.3578 37.3303 55.12 50.9019 43.0046 43.9952 51.9595 39.0126 37.4868 66.5635 40.7415 35.8043 34.3689 53.7929 78.6111 47.4163 99.0976 65.5593 58.6173 47.3804 48.095 49.123 44.2511 41.0332 39.4302 54.3797 47.6669 51.755 55.9942 40.2903 48.4336 56.3924 45.3054 38.1688 65.1012 39.2908 37.1022 34.2213 50.9315 34.1083 38.9667 34.424 37.8804 41.1336 30.3879 66.8642 38.8412 74.3932 61.7154 31.9713 42.7499 29.9515 70.877 56.1831 48.7312 37.4115 46.0853 45.2137 41.8503
threshold=14.500000000000002 0.73030303030303034 168.50000000000003 41.620000000000005 0.56696428571428581 111.50000000000001 1.5000000000000002 5.6000000000000032 58.244270833333346 52.231666666666669 0.12132352941176472 0.25833333333333336 49.803125000000016 0.46410256410256417 39.420000000000009 0.29705882352941182 0.43303571428571436 0.48529411764705888 1.3166666666666667 33.500000000000007 0.36038961038961043 0.44097222222222227 53.51111111111112 0.35504201680672276 3.2900000000000005 3.4749999999999974 10.500000000000002 6.5000000000000009 1.5000000000000002 57.473333333333343 9.5000000000000018 0.26969696969696971 0.44097222222222227 43.500000000000007 0.07417582417582419 0.16025641025641027 0.79285714285714304 75.500000000000014 0.55050505050505061 4.1083333333333352 0.06458333333333334 0.37980769230769235 0.44949494949494956 49.954274475524478 0.42261904761904767 12.000000000000005 0.07417582417582419 1700.0000000000002 0.76696832579185525 9.5000000000000018 1.5000000000000002 0.19375000000000003 99.500000000000014 12.700000000000001 2.9500000000000051 48.687500000000007 0.10555555555555557 1900.0000000000002 45.310000000000009 46.583333333333336 0.92582417582417598 0.39444444444444454
decision_type=2 2 2 2 2 2 2 2 2 2 2 2 2 2 2 2 2 2 2 2 2 2 2 2 2 2 2 2 2 2 2 2 2 2 2 2 2 2 2 2 2 2 2 2 2 2 2 2 2 2 2 2 2 2 2 2 2 2 2 2 2 2
left_child=4 2 -2 -4 7 6 54 15 9 11 -8 12 14 -14 -9 22 -17 26 40 21 -21 25 27 24 -24 -20 -18 28 32 30 47 -32 -1 34 -34 -35 37 38 -22 -28 41 -19 44 -44 45 -13 -47 52 49 50 -49 -51 53 -29 55 57 58 -6 60 -60 -56 -62
right_child=1 -3 3 -5 5 -7 10 8 -10 -11 -12 42 13 -15 -16 16 17 18 19 20 36 -23 23 -25 -26 -27 39 29 -30 -31 31 -33 33 35 -36 -37 -38 -39 -40 -41 -42 -43 43 -45 -46 46 -48 48 -50 51 -52 -53 -54 -55 56 -57 -58 -59 59 -61 61 -63
leaf_value=0.0032826435969580507 -0.0089884082024258519 0.057044024197828204 -0.0020783529009508052 -0.090111664339589587 0.01723207277763221 -0.058267336528986059 -0.096485456017156454 0.053636025396528945 0.083418141195067658 -0.025086333785877851 -0.0043059611354361879 -0.014637040599219261 0.048527851046339887 0.12930638461753174 -0.019724208293243863 0.045329659336567983 0.027802200553317863 0.12384373742071064 -0.13242073833942414 0.061336650122219408 0.045699005878784442 0.026561689078807835 -0.017453946322202683 0.0045902466892989149 -0.12572462369095197 -0.037026650957282518 -0.066779050520140562 0.0091618126775319508 -0.065879505417413192 -0.064829475507140161 -0.081815220594406129 0.0015240856909748311 -0.097552661293823478 0.033413811168837841 0.0016423071856084077 -0.055529203740033242 0.059496316799651019 -0.062666001065801349 -0.038821883760392667 0.0053754877448081969 0.0059929946213960646 0.037703822594947922 -0.067161351621150972 0.01280452324411808 0.074040151117690675 0.088921423643254324 0.0099255318712029202 0.1100315822034397 -0.050223054996003283 -0.035071670434748133 0.0020213804990053177 0.03998646480233773 0.056220142117568428 -0.058001802336158495 -0.019742724789539354 0.087016941450776597 -0.051176173637731609 -0.051876240016351785 -0.073187017585668299 -0.00077470277467647862 0.10059150805075963 0.021460680812597277
leaf_weight=527 1455 21 23 30 144 47 24 29 27 61 22 62 37 27 39 113 24 22 20 71 44 20 20 36 22 31 62 154 36 20 25 104 38 41 23 22 23 39 20 25 50 78 25 39 29 26 45 44 23 33 25 161 28 28 40 31 59 31 27 118 24 55
leaf_count=527 1455 21 23 30 144 47 24 29 27 61 22 62 37 27 39 113 24 22 20 71 44 20 20 36 22 31 62 154 36 20 25 104 38 41 23 22 23 39 20 25 50 78 25 39 29 26 45 44 23 33 25 161 28 28 40 31 59 31 27 118 24 55
internal_value=4.34219e-05 -0.00956924 -0.0104969 -0.0519085 0.00475424 -0.00620611 -0.00195067 0.00748336 0.0215553 0.0175689 -0.0523996 0.0248369 0.0460076 0.0826063 0.0115618 0.00442485 0.0140146 0.00732534 0.0172578 0.00465916 0.022912 -0.045986 5.84624e-05 -0.0378176 -0.0741672 -0.0744361 -0.030078 0.00227643 -0.00605912 0.0111548 0.0135863 -0.0146269 -0.00275108 -0.0283944 -0.0601513 0.00235435 0.00126 -0.0117442 0.0192862 -0.046045 0.0397674 0.0566546 0.0124718 -0.0184321 0.0246807 0.0139181 0.0388536 0.020924 0.0315288 0.0386783 0.0708975 0.0272188 0.00648111 -0.00117105 0.00243619 0.0173339 -0.00706512 0.00499003 0.00279303 -0.0142584 0.02357 0.0455004
internal_weight=4649 1529 1508 53 3120 622 575 2498 446 419 46 358 132 64 68 2052 642 529 418 268 197 71 1410 78 42 51 111 1332 687 645 625 129 651 124 61 63 126 103 64 87 150 100 226 64 162 133 71 496 286 263 69 194 210 182 529 206 323 175 264 145 119 79
internal_count=4649 1529 1508 53 3120 622 575 2498 446 419 46 358 132 64 68 2052 642 529 418 268 197 71 1410 78 42 51 111 1332 687 645 625 129 651 124 61 63 126 103 64 87 150 100 226 64 162 133 71 496 286 263 69 194 210 182 529 206 323 175 264 145 119 79
is_linear=0
shrinkage=0.05


Tree=66
num_leaves=63
num_cat=0
split_feature=33 5 34 36 5 36 34 34 36 35 29 35 5 9 5 11 36 5 36 36 34 8 36 24 11 37 29 15 2 27 15 36 36 35 37 11 37 35 3 29 0 5 35 35 35 36 33 29 29 10 0 19 36 2 5 29 37 8 0 37 37 35
split_gain=75.9988 34.1078 34.0069 39.9175 33.6906 53.6258 52.6631 49.7458 34.8374 34.3058 48.7817 35.3017 34.8522 56.493 43.7765 69.171 75.5806 42.0753 42.4514 45.4272 85.9021 70.1359 51.5482 45.0311 40.1797 33.9016 32.1985 46.7932 35.5234 32.1495 45.4521 31.5213 30.8885 30.861 60.99 50.842 49.5279 30.5974 30.4782 29.9452 39.66 33.8587 31.252 37.5053 29.3298 29.15 29.8389 28.9682 42.7989 52.4859 28.8347 28.413 38.8739 32.1559 51.9388 38.2396 46.9518 38.1561 40.3618 50.8567 61.4291 35.863
threshold=14.500000000000002 0.73030303030303034 168.50000000000003 -1.0099999999999987 0.56696428571428581 -4.2874999999999979 15.500000000000002 111.50000000000001 -2.7000000000000011 -1.551388888888888 52.120714285714293 1.2362946428571429 0.48529411764705888 0.16025641025641027 0.45804195804195807 0.32291666666666669 -1.4285714285714288 0.54195804195804198 -3.3833333333333324 -1.1999999999999986 30.500000000000004 11.500000000000002 -2.4999999999999987 1.0000000180025095e-35 0.2817460317460318 3.7000000000000002 55.664880952380962 1.0000000180025095e-35 6.5000000000000009 7.5000000000000009 1.0000000180025095e-35 -3.8749999999999978 -1.8000000000000027 -0.33069627594627587 6.8499999999999979 0.21825396825396828 2.8000000000000016 -1.3444734432234418 1.0000000180025095e-35 51.451875000000008 2100.0000000000005 0.5590277777777779 -0.013960317460318223 0.14041258169934676 1.5887367724867725 -3.0499999999999985 9.5000000000000018 50.908952380952393 50.120648148148156 2.5000000000000004 1550.0000000000002 1.0000000180025095e-35 -1.8250000000000004 9.5000000000000018 0.26969696969696971 52.298660714285717 5.6999999999999993 11.500000000000002 1550.0000000000002 4.4016666666666691 3.2333333333333338 -0.80148015873015843
decision_type=2 2 2 2 2 2 2 2 2 2 2 2 2 2 2 2 2 2 2 2 2 2 2 2 2 2 2 2 2 2 2 2 2 2 2 2 2 2 2 2 2 2 2 2 2 2 2 2 2 2 2 2 2 2 2 2 2 2 2 2 2 2
left_child=4 2 33 -4 5 6 -1 8 45 10 -7 12 14 17 31 16 -16 18 -14 20 38 -21 -22 24 -24 -13 27 -10 -29 30 -26 -11 -15 34 35 -2 -37 -8 -20 40 42 -41 -35 -44 -27 46 -6 48 -45 -50 -9 53 -53 55 -55 56 57 -33 -59 60 -60 -57
right_child=1 -3 3 -5 7 9 37 50 26 11 -12 25 13 32 15 -17 -18 -19 19 21 22 -23 23 -25 29 44 -28 28 -30 -31 -32 51 -34 39 -36 36 -38 -39 -40 41 -42 -43 43 47 -46 -47 -48 -49 49 -51 -52 52 -54 54 -56 61 -58 58 59 -61 -62 -63
leaf_value=-0.00013459060145051856 -0.058401654245839874 0.054191822736036212 -0.10505163710564376 -0.01553217296799024 -0.060726929659193213 0.030002344786017029 0.11427408113937687 -0.0098504147678613665 0.0081540459023469562 -0.04584645778938596 -0.051357857757729712 -0.047907538404355632 0.10282783186329264 -0.06491087399147176 -0.038406406665065639 -0.060556251225211938 0.093201152067631493 0.0020340558753846444 -0.00420871876180172 0.11567215578009685 0.097247131272720611 0.03150306362047265 0.057707605228341868 0.083992167011551239 0.00099363527482464208 -0.027166412791444196 0.053992130129287642 -0.069109385896866257 -0.0027589362634475845 0.04435585740953684 -0.090586867835372689 0.0031578188533263104 0.0027357943190468685 -0.041384822755337586 -0.040641577276172208 -0.022786926463819468 0.031849602194752823 0.038279633496243221 -0.083092400897294291 -0.039616003600379854 0.057899776236577473 0.0051147015233125002 0.034278892302045637 -0.0084066290515745386 0.037589964007630067 -0.071809432698812875 0.0087377851828932766 0.043982090738912426 -0.11901313711190596 -0.016363530639897695 -0.089060307790835708 -0.073813455117245519 -7.2551715586866662e-05 -0.072764471456697538 0.0023143845327597643 0.022073840898475749 0.050985524312436241 -0.00088115283676112692 0.034307646904948565 -0.0021283706091344357 0.10311818488462027 -0.0090459292467060162
leaf_weight=38 22 21 20 33 22 27 27 20 362 28 58 56 21 27 24 62 20 146 25 33 26 99 29 23 42 36 30 38 43 20 20 376 45 73 61 52 205 26 24 173 22 56 51 663 34 28 52 24 20 33 27 24 70 29 112 132 98 96 132 60 43 310
leaf_count=38 22 21 20 33 22 27 27 20 362 28 58 56 21 27 24 62 20 146 25 33 26 99 29 23 42 36 30 38 43 20 20 376 45 73 61 52 205 26 24 173 22 56 51 663 34 28 52 24 20 33 27 24 70 29 112 132 98 96 132 60 43 310
internal_value=4.12509e-05 -0.00909077 -0.00997203 -0.0493131 0.00451653 0.00710919 0.0447863 -0.00589581 -0.00185314 0.00568475 -0.025514 0.00682683 0.00830357 0.0188178 0.00452992 -0.0265304 0.0214152 0.0246925 0.033831 0.0295819 0.0150787 0.0525453 0.032818 0.0203168 0.00712282 -0.0189107 0.00386202 0.000467209 -0.0338863 -0.0107669 -0.0285485 0.00671031 -0.0226317 -0.00853899 0.00464787 0.0145499 0.0207947 0.0769938 -0.0428456 -0.0125601 -0.00839431 -0.0286775 -0.0100824 -0.0071935 0.00428668 -0.0283558 -0.0119139 -0.0100517 -0.0118629 -0.0550992 -0.055354 0.00770329 -0.0189 0.00950495 -0.0131274 0.012064 0.0185519 0.0140562 0.0264362 0.0375957 0.0512154 0.000247758
internal_weight=4649 1529 1508 53 3120 2498 91 622 575 2407 85 2322 2196 580 1616 106 44 508 362 341 209 132 160 134 111 126 473 443 81 82 62 1510 72 1455 340 279 257 53 49 1115 886 229 864 791 70 102 74 740 716 53 47 1482 94 1388 141 1247 805 707 331 235 175 442
internal_count=4649 1529 1508 53 3120 2498 91 622 575 2407 85 2322 2196 580 1616 106 44 508 362 341 209 132 160 134 111 126 473 443 81 82 62 1510 72 1455 340 279 257 53 49 1115 886 229 864 791 70 102 74 740 716 53 47 1482 94 1388 141 1247 805 707 331 235 175 442
is_linear=0
shrinkage=0.05


Tree=67
num_leaves=63
num_cat=0
split_feature=33 28 30 36 34 6 35 37 37 29 35 35 32 34 28 34 37 35 36 9 31 32 9 32 31 36 31 35 35 7 22 9 32 38 34 31 31 37 28 36 9 37 37 17 35 35 9 30 29 6 33 36 29 24 28 29 36 4 29 12 35 35
split_gain=68.5889 33.7504 40.088 58.2551 38.9474 30.5334 39.67 57.1789 39.5705 38.8014 34.32 46.7302 31.8449 31.2267 33.9344 43.9104 30.945 30.9409 30.8727 29.8383 38.8608 29.1429 54.9482 30.6701 29.4227 28.7313 113.565 45.5967 38.4301 28.6343 54.4223 36.2332 54.5084 41.3382 39.7904 28.203 47.5042 32.7931 38.2054 28.1473 27.155 43.2322 48.1765 54.2815 43.0544 54.5751 51.7378 46.5038 42.0411 37.6778 47.8929 34.9625 52.3915 60.1118 56.0773 46.7552 40.6731 52.9304 47.0494 37.3621 35.8856 49.0909
threshold=14.500000000000002 4.5000000000000009 47.516666666666673 -3.0499999999999985 44.500000000000007 0.46410256410256417 -0.33069627594627587 6.8499999999999979 2.7666666666666679 55.319675925925935 0.66271536796536801 0.50730707908163275 0.65686274509803932 73.500000000000014 21.500000000000004 134.50000000000003 3.2500000000000031 -0.20570707070707075 -0.28660714285714312 0.31009615384615391 12.500000000000005 0.60555555555555574 0.060661764705882359 0.71825396825396837 6.8099999999999996 -4.2874999999999979 3.6650000000000102 -1.796428571428571 -1.3444734432234418 1.5000000000000002 1.0000000180025095e-35 0.06458333333333334 0.095454545454545472 0.6132478632478634 27.500000000000004 8.5000000000000053 11.070833333333331 4.7333333333333316 34.500000000000007 -1.9000000000000017 0.087121212121212141 5.3000000000000034 8.0583333333333371 1.0000000180025095e-35 0.16664062499999957 -0.94262566137566051 0.080128205128205135 43.108333333333341 54.463333333333345 -0.28174603174603169 8.5000000000000018 -1.0707142857142857 48.834259259259269 1.0000000180025095e-35 28.500000000000004 51.161010101010113 -1.150000000000001 0.21825396825396828 58.016666666666673 0.07417582417582419 0.63930348875661414 -0.037501352813853243
decision_type=2 2 2 2 2 2 2 2 2 2 2 2 2 2 2 2 2 2 2 2 2 2 2 2 2 2 2 2 2 2 2 2 2 2 2 2 2 2 2 2 2 2 2 2 2 2 2 2 2 2 2 2 2 2 2 2 2 2 2 2 2 2
left_child=19 2 4 -4 -2 6 7 9 12 35 11 17 -7 -12 -15 -16 -10 -8 -17 25 -21 24 -23 -24 -19 26 -1 -27 -28 40 31 32 -31 -33 -35 -3 -37 38 39 -38 41 44 43 -43 45 48 -47 -46 -29 50 -42 56 53 -53 55 -54 57 59 60 -51 61 -59
right_child=1 5 3 -5 -6 8 10 -9 16 -11 13 -13 -14 14 15 18 -18 21 -20 20 -22 22 23 -25 -26 27 28 29 -30 30 -32 33 -34 34 -36 36 37 -39 -40 -41 49 42 -44 -45 47 46 -48 -49 -50 51 -52 52 54 -55 -56 -57 -58 58 -60 -61 -62 -63
leaf_value=-0.040512299174933063 0.012154957856382093 -0.016470387939582855 0.01443004744659577 -0.067901788045081402 0.081552918155988058 -0.0684435230904612 -0.059198973400518301 -0.066397683575749405 0.071537061408162114 -0.040055927983485166 -0.028574707376770675 -0.068001189452609911 0.0085612969137728225 0.028493616645069171 -0.03793710506552915 0.033079679499542901 0.0083152601671815842 -0.063579240515828125 -0.014255931793932655 0.0046254982741979452 -0.088079441264271752 -0.10121742552862718 -0.049267343890557931 0.010838786423714324 0.00019398581128192958 -0.041575526156359253 0.10185915661623349 -0.056241996687216071 0.029794901095934818 -0.094135253131389623 -0.071842320698002976 0.080359072978830048 -0.0019190941069085719 -0.059540268145501618 0.021895155486805987 0.094996642880141743 0.091017698303892697 -0.036414947580280049 -0.018009083718061449 0.016950285937333397 0.100468506823693 0.028750897791464388 -0.021735856717541108 0.10932853941036308 0.0099498876017229329 0.013393591137643865 0.065499880537390712 -0.026553511270987137 0.01028524380415044 -0.013912670979633519 -0.0050961961123076362 0.0076481745301244033 0.11659279687862312 -0.070178658873946573 -0.027896214444190267 0.030955752559207586 -0.071895068767480558 0.0034456390180083105 -0.069543860889971262 -0.061058852062202421 -0.041798140853643417 0.046511661512560622
leaf_weight=38 62 34 70 31 30 29 50 25 22 28 150 67 25 75 88 63 161 20 76 26 20 26 41 44 189 54 37 48 37 22 33 21 59 20 60 26 29 21 24 23 21 229 42 23 174 723 51 175 47 219 22 306 28 27 20 37 24 287 20 52 32 86
leaf_count=38 62 34 70 31 30 29 50 25 22 28 150 67 25 75 88 63 161 20 76 26 20 26 41 44 189 54 37 48 37 22 33 21 59 20 60 26 29 21 24 23 21 229 42 23 174 723 51 175 47 219 22 306 28 27 20 37 24 287 20 52 32 86
internal_value=3.91884e-05 -0.00863624 0.0109085 -0.0108401 0.0347847 -0.0114597 -0.0149699 0.00457547 0.00481748 0.0141664 -0.0195869 -0.0295782 -0.0327931 -0.00992717 -0.000665149 -0.0102991 0.0159157 -0.0226205 0.00719834 0.0042907 -0.035681 -0.0169051 -0.03761 -0.0181536 -0.00590872 0.00488885 0.0297476 0.00394888 0.065827 0.00479424 -0.0127654 -0.00205361 -0.0269655 0.0179252 0.0015363 0.0238367 0.0349785 0.0188911 0.0341731 0.0582571 0.00619614 0.0106335 0.0278422 0.0361052 0.00647969 0.0124371 0.016827 -0.00835411 -0.0233285 0.000515109 0.0464587 -0.0012209 0.0102812 0.00133789 0.0453181 0.0678456 -0.00789852 -0.00569174 0.00531878 -0.0229592 0.00901571 0.0133751
internal_weight=4649 1529 193 101 92 1336 1099 210 237 185 889 437 54 452 302 227 183 370 139 3120 46 320 111 85 209 3074 112 2962 74 2908 215 182 81 101 80 157 123 97 76 52 2693 1512 294 252 1218 869 774 349 95 1181 43 1138 418 333 85 65 720 696 425 271 405 373
internal_count=4649 1529 193 101 92 1336 1099 210 237 185 889 437 54 452 302 227 183 370 139 3120 46 320 111 85 209 3074 112 2962 74 2908 215 182 81 101 80 157 123 97 76 52 2693 1512 294 252 1218 869 774 349 95 1181 43 1138 418 333 85 65 720 696 425 271 405 373
is_linear=0
shrinkage=0.05


Tree=68
num_leaves=63
num_cat=0
split_feature=33 5 34 36 31 7 11 36 36 11 4 31 34 5 36 12 24 15 11 6 5 5 21 31 6 11 0 11 25 36 34 34 36 36 29 6 5 5 36 4 34 2 5 3 5 34 36 12 6 33 4 11 31 31 31 6 31 31 5 29 29 5
split_gain=61.9015 30.062 45.1248 44.5267 69.0419 43.2696 67.9555 36.198 42.8663 66.4189 79.1736 41.2542 47.2994 45.8702 38.4467 30.808 43.3526 39.7657 44.6059 39.5454 47.9319 37.8499 55.9943 37.7725 37.353 39.4659 48.8318 36.6739 47.5599 53.544 52.7787 36.6275 35.0846 45.8537 40.3556 40.403 34.5933 32.3339 31.7279 32.6925 30.7672 29.7682 37.3862 50.2982 29.2916 29.3682 35.4095 28.768 28.7262 28.2259 28.0076 27.968 27.8685 34.4015 40.3174 41.0874 34.3047 52.3126 37.381 46.6583 68.9866 46.0143
threshold=14.500000000000002 0.56696428571428581 111.50000000000001 -4.2874999999999979 3.6650000000000102 1.5000000000000002 0.26969696969696971 -2.7000000000000011 -1.8999999999999979 0.21825396825396828 0.087121212121212141 5.0149999999999944 88.500000000000014 0.63068181818181823 -1.049999999999998 0.07417582417582419 1.0000000180025095e-35 1.0000000180025095e-35 0.35504201680672276 0.12132352941176472 0.42261904761904767 0.30384615384615393 1.0000000180025095e-35 19.800000000000004 -0.28174603174603169 0.26969696969696971 1450.0000000000002 0.41421568627450983 1.0000000180025095e-35 -3.1874999999999987 19.500000000000004 74.500000000000014 -1.7949999999999986 -1.3816666666666675 49.759861111111114 0.32291666666666669 0.31009615384615391 0.24264705882352944 -1.0000000000000002 0.22649572649572652 48.500000000000007 5.5000000000000009 0.63961038961038974 1.0000000180025095e-35 0.73030303030303034 168.50000000000003 -1.0099999999999987 0.095454545454545472 0.24264705882352944 10.500000000000002 0.32291666666666669 0.64495798319327746 21.950000000000003 18.600000000000001 15.2875 0.35504201680672276 13.208333333333334 12.655000000000003 0.48529411764705888 55.173214285714302 52.789416666666675 0.43303571428571436
decision_type=2 2 2 2 2 2 2 2 2 2 2 2 2 2 2 2 2 2 2 2 2 2 2 2 2 2 2 2 2 2 2 2 2 2 2 2 2 2 2 2 2 2 2 2 2 2 2 2 2 2 2 2 2 2 2 2 2 2 2 2 2 2
left_child=1 3 5 4 -1 7 -7 -3 9 -9 -11 14 13 -13 -10 16 21 32 -19 20 23 27 36 24 -17 40 -27 37 29 -29 -30 38 -18 -34 35 -35 -23 -5 39 -21 -26 -16 43 -43 45 -2 -47 -28 -40 -6 -49 -31 53 54 56 -56 57 58 61 60 -60 -38
right_child=44 2 -4 15 49 6 -8 8 11 10 -12 12 -14 -15 41 19 17 18 -20 31 -22 22 -24 -25 25 26 47 28 30 51 -32 -33 33 34 -36 -37 52 -39 48 -41 -42 42 -44 -45 -46 46 -48 50 -50 -51 -52 -53 -54 -55 55 -57 -58 -59 59 -61 -62 -63
leaf_value=-0.024470199252079643 -0.0076893687348883232 -0.025820015809057573 -0.052864506674256732 -0.080745312646031381 0.1111534530967474 0.0072760598659515384 -0.11473004154506183 0.084685047494158866 0.069712076948157384 0.039942328778511671 -0.07883500074967742 -0.071403929433570462 0.02301576757884544 -0.0064643720655064843 0.032758648434685449 0.052872190263235211 -0.01709259054711405 0.11668411577896526 0.028683675184018084 -0.10574391608198103 0.05836703875983084 0.066523785008625547 0.031198010553945922 -0.0682766196411103 -0.073984656879498109 0.056292755026370295 -0.03608074338676838 -0.075608102378568479 0.1009585945105011 0.008335905993440881 -0.0010011896242698034 0.0052777576588970776 0.098893577463570095 0.068775762931296711 -0.043737194622822467 -0.013067987993359564 0.0017835766695292487 -0.011700533273128364 -0.046480595286596905 -0.036378979485253898 -0.00097754939838691989 -0.096370486413007203 0.021947917523674476 0.010657885173956555 0.05044025599601723 -0.098077656196546736 -0.013764375391783138 0.035931319832049599 0.035275897862655774 0.04274619393246739 -0.013470776961185038 -0.035662530876815 0.053289809519494025 -0.057329032065657287 0.015157595926776846 0.10072295903228223 -0.031195766905036112 0.064221493017804984 0.011648647994175554 -0.045973893450894233 0.088565001523855963 -0.032433540755129588
leaf_weight=28 1455 95 47 30 25 25 21 42 28 47 20 52 46 57 59 33 53 24 36 26 37 22 241 20 31 40 52 28 22 156 30 68 21 38 21 25 354 39 22 49 27 23 39 21 21 20 33 52 21 38 64 47 27 24 47 20 78 34 250 29 33 136
leaf_count=28 1455 95 47 30 25 25 21 42 28 47 20 52 46 57 59 33 53 24 36 26 37 22 241 20 31 40 52 28 22 156 30 68 21 38 21 25 354 39 22 49 27 23 39 21 21 20 33 52 21 38 64 47 27 24 47 20 78 34 250 29 33 136
internal_value=3.72289e-05 0.00407617 -0.00575947 0.00652523 0.0408574 -0.00190914 -0.0484224 0.00213549 0.00825478 0.0353886 0.00448641 -0.000845497 -0.0195016 -0.0374447 0.0161645 0.00522725 0.00827672 0.0292302 0.0638839 -0.00526583 0.00449641 0.00550328 0.00945505 -0.00175191 0.00269791 -0.00352672 0.00664332 -0.0090352 -0.00106612 -0.0107912 0.0421356 -0.0239506 0.0160706 0.0328101 0.0162893 0.0362981 0.00448346 -0.04172 -0.040794 -0.0604255 -0.0399986 0.0056058 -0.0136956 -0.0452888 -0.00820442 -0.00902109 -0.0455807 -0.00517797 -0.00655301 0.0698919 0.00867499 -0.00185092 0.0031609 0.00181415 0.00326108 0.0406995 0.000516685 0.0034755 0.000900235 0.0144281 0.0206177 -0.00771342
internal_weight=4649 3120 622 2498 91 575 46 529 434 109 67 325 155 109 170 2407 1865 218 60 542 356 1647 1295 319 299 266 208 352 283 231 52 186 158 105 84 63 1054 69 118 75 58 142 83 44 1529 1508 53 168 43 63 116 203 1032 1005 981 67 914 836 802 312 283 490
internal_count=4649 3120 622 2498 91 575 46 529 434 109 67 325 155 109 170 2407 1865 218 60 542 356 1647 1295 319 299 266 208 352 283 231 52 186 158 105 84 63 1054 69 118 75 58 142 83 44 1529 1508 53 168 43 63 116 203 1032 1005 981 67 914 836 802 312 283 490
is_linear=0
shrinkage=0.05


Tree=69
num_leaves=63
num_cat=0
split_feature=33 28 30 36 34 30 34 29 31 36 34 31 31 11 34 11 28 28 5 28 11 5 36 31 5 30 29 9 9 37 2 22 33 33 34 27 10 2 5 37 28 30 11 28 31 34 31 37 31 5 25 27 31 36 11 11 31 37 5 36 36 29
split_gain=55.8661 30.1291 36.1173 52.6455 34.8408 29.5202 35.66 34.7826 49.5638 44.7768 32.7495 55.0652 50.6368 37.7553 30.5285 29.6236 29.5576 58.9499 46.4079 30.2318 27.6996 34.5974 40.5069 62.3103 39.9925 35.6406 54.0759 29.2527 28.5613 48.3784 49.972 33.4773 52.8934 28.2524 45.297 60.1756 54.4836 53.7613 43.9908 41.1947 38.7435 36.3757 34.8458 46.9513 32.2169 30.5846 62.604 45.8231 56.2728 33.9972 29.3639 32.8072 31.6234 27.4076 32.5642 26.6136 26.5943 52.0399 33.5253 27.0547 27.6168 33.7169
threshold=14.500000000000002 4.5000000000000009 47.516666666666673 -3.0499999999999985 44.500000000000007 43.695000000000007 163.50000000000003 49.902371794871804 11.163333333333332 -0.9000000000000038 83.500000000000014 13.009999999999996 17.700000000000003 0.31009615384615391 152.50000000000003 0.23303167420814483 13.500000000000002 27.500000000000004 0.48529411764705888 20.500000000000004 1.0000000180025095e-35 0.56696428571428581 -4.2874999999999979 3.6650000000000102 0.57738095238095244 42.508333333333347 50.751190476190487 0.31009615384615391 0.10555555555555557 4.5389285714285714 6.5000000000000009 1.0000000180025095e-35 11.500000000000002 8.5000000000000018 37.500000000000007 5.5000000000000009 1.0000000180025095e-35 2.5000000000000004 0.41421568627450983 1.6500000000000035 46.500000000000007 46.315000000000005 0.36038961038961043 4.5000000000000009 11.800000000000002 20.500000000000004 13.500000000000005 2.8000000000000016 8.7000000000000011 0.42261904761904767 1.0000000180025095e-35 2.5000000000000004 1.3166666666666667 -0.32000000000000006 0.48529411764705888 0.35504201680672276 4.2000000000000002 4.4258333333333351 0.35504201680672276 -3.7000000000000006 -1.4800000000000002 48.204861111111121
decision_type=2 2 2 2 2 2 2 2 2 2 2 2 2 2 2 2 2 2 2 2 2 2 2 2 2 2 2 2 2 2 2 2 2 2 2 2 2 2 2 2 2 2 2 2 2 2 2 2 2 2 2 2 2 2 2 2 2 2 2 2 2 2
left_child=20 2 4 -4 -2 7 14 8 9 -3 11 -10 -12 -13 15 -7 18 19 -9 -18 -1 22 23 -22 25 -23 -27 33 31 30 -30 -26 -33 45 35 36 41 -38 44 -36 42 -35 43 -41 -37 50 47 -47 49 -49 51 52 53 54 -24 -52 57 58 -39 -58 -61 -62
right_child=1 5 3 -5 -6 6 -8 16 10 -11 12 13 -14 -15 -16 -17 17 -19 -20 -21 21 24 27 -25 28 26 -28 -29 29 -31 -32 32 -34 34 39 38 37 56 -40 40 -42 -43 -44 -45 -46 46 -48 48 -50 -51 55 -53 -54 -55 -56 -57 59 -59 -60 60 61 -63
leaf_value=0.058540776501531194 0.011931678499545783 -0.07972264752485031 0.014051493326468127 -0.064215988509597324 0.077569094176093742 -0.032963622600719743 -0.059790204107188265 -0.058619591500610115 0.029105902975425126 -0.019773176413820648 -0.004067695927070944 0.012359696393832565 0.049307341501116757 -0.049677108842103433 0.041663350996266058 0.0014248174733071824 -0.055667679626494652 -0.017794311431547007 0.044080160179344768 -0.14060540329664947 -0.023246688448957036 0.0082025212438210197 -0.0019551916459264857 0.066397336184505426 0.0074189916385046829 -0.12743241164301122 -0.019556519999885218 -0.036039825823417936 0.044494855842952222 -0.079044586359973884 -0.057538641669920509 -0.071954733814511992 0.025653592011202937 0.099654980357736345 0.067688658394451651 -0.067515891529619704 -0.078719199506136095 -0.10156767497891966 -0.10719204275542871 0.090120708163488994 -0.048824871643897032 0.0042928437516093253 -0.00026716817565468711 0.015008495892361584 0.022229431588202717 0.0082073583926369504 -0.026267647085820928 0.0042611009889730704 0.13175271654294596 0.087994076311588287 0.00093401569340910244 -0.038805570816848337 0.062514386065304281 0.010122351959720478 -0.071929631479408437 0.056707532907074143 0.057718697303663129 0.0041565821601115931 -0.0286271595004946 -0.0088173807504967113 -0.0012585152073630267 0.083741840161383155
leaf_weight=23 62 43 70 31 30 72 26 22 44 113 190 32 58 105 41 481 20 45 22 22 28 23 60 63 397 21 26 43 28 31 21 35 23 20 28 20 26 23 25 22 31 20 546 383 20 41 34 27 27 22 35 41 25 416 23 55 23 98 50 169 28 20
leaf_count=23 62 43 70 31 30 72 26 22 44 113 190 32 58 105 41 481 20 45 22 22 28 23 60 63 397 21 26 43 28 31 21 35 23 20 28 20 26 23 25 22 31 20 546 383 20 41 34 27 27 22 35 41 25 416 23 55 23 98 50 169 28 20
internal_value=3.53675e-05 -0.0077942 0.0106723 -0.0099712 0.0333352 -0.0104619 -0.00247483 -0.0173781 -0.0121631 -0.0362977 -0.00338686 -0.0195576 0.00841518 -0.0351868 3.39289e-05 -0.00305252 -0.0406663 -0.0575565 -0.00726972 -0.100159 0.00387236 0.00346636 0.00607026 0.0388146 -0.00725913 -0.0427985 -0.0677564 0.00482922 -0.00260912 -0.0301605 0.000766214 0.00223507 -0.033248 0.0055745 0.00163041 -0.0100302 -0.00388013 -0.00899263 -0.055162 0.00788787 0.00618275 0.0519739 0.00797585 0.0190887 -0.0226432 0.0131691 0.0334546 0.0508098 0.0737927 0.0418555 0.00849258 0.00426732 0.00763753 0.00488819 -0.0213457 0.0350178 -0.0045817 -0.0196495 -0.0516084 0.00615413 0.000688761 0.0341583
internal_weight=4649 1529 193 101 92 1336 620 716 585 156 429 181 248 137 594 553 131 87 44 42 3120 3097 2492 91 605 70 47 2401 535 80 49 455 58 2358 1552 542 477 437 65 1010 982 40 951 405 40 806 151 117 76 49 655 565 524 499 83 90 411 171 73 240 217 48
internal_count=4649 1529 193 101 92 1336 620 716 585 156 429 181 248 137 594 553 131 87 44 42 3120 3097 2492 91 605 70 47 2401 535 80 49 455 58 2358 1552 542 477 437 65 1010 982 40 951 405 40 806 151 117 76 49 655 565 524 499 83 90 411 171 73 240 217 48
is_linear=0
shrinkage=0.05


Tree=70
num_leaves=63
num_cat=0
split_feature=2 2 33 22 12 4 4 29 4 9 29 2 29 34 32 6 35 5 4 11 11 8 32 35 4 4 14 32 32 34 29 0 35 35 37 34 9 32 11 5 29 29 29 29 11 35 35 6 5 34 33 29 32 31 35 33 37 37 5 37 32 37
split_gain=65.5642 74.6743 53.7869 44.5074 46.3275 47.7556 54.5269 46.0334 66.1412 42.8333 47.5715 39.6761 45.3998 43.669 33.3727 35.9645 47.8987 33.1435 34.811 38.1318 31.5191 36.3909 32.1872 51.1124 30.8346 49.0047 30.6993 30.6935 33.5001 29.8137 29.7684 28.3612 27.8947 54.8074 27.6588 34.0141 27.5385 31.7698 27.0465 24.6225 24.4734 24.2846 33.3461 34.0786 29.6007 25.9844 24.2605 34.4936 56.119 29.1826 54.687 68.3482 47.8632 76.1756 42.1628 42.0071 44.7464 41.3801 41.134 48.8666 36.8814 36.32
threshold=3.5000000000000004 9.5000000000000018 16.500000000000004 1.0000000180025095e-35 0.18465909090909094 0.35504201680672276 0.37980769230769235 59.61770833333334 0.13809523809523813 0.22649572649572652 51.796085858585862 8.5000000000000018 54.735340909090915 37.500000000000007 0.67708333333333337 0.14835164835164838 -0.15273214285714318 0.59411764705882364 0.42261904761904767 0.54195804195804198 0.62019230769230782 6.5000000000000009 0.63068181818181823 -0.27055555555555572 0.32291666666666669 0.29705882352941182 1.0000000180025095e-35 0.39444444444444454 0.64495798319327746 152.50000000000003 51.200089285714292 1900.0000000000002 -2.3197916666666649 -1.8594537815126062 1.6500000000000035 60.500000000000007 0.14835164835164838 0.37980769230769235 0.36038961038961043 0.36038961038961043 47.85240196078432 52.637833333333347 50.622986111111111 51.487019230769242 0.34313725490196084 0.61903703703703739 0.54298460798460801 0.44949494949494956 0.39444444444444454 32.500000000000007 10.500000000000002 54.91019444444445 0.12132352941176472 8.0999999999999996 -1.1921568627450971 1.5000000000000002 5.1999999999999993 4.1999999999999975 0.28991596638655465 6.9583333333333348 0.43303571428571436 3.0994444444444422
decision_type=2 2 2 2 2 2 2 2 2 2 2 2 2 2 2 2 2 2 2 2 2 2 2 2 2 2 2 2 2 2 2 2 2 2 2 2 2 2 2 2 2 2 2 2 2 2 2 2 2 2 2 2 2 2 2 2 2 2 2 2 2 2
left_child=17 2 3 7 5 36 -7 20 -9 10 27 12 13 -4 15 -12 -17 18 19 24 21 -2 23 -22 25 -1 -13 34 -29 32 40 -26 -23 -34 -3 38 -5 -38 -36 -30 -19 42 45 -44 -43 -15 49 48 -48 50 51 52 55 61 -53 -35 -57 -55 60 -60 -51 -54
right_child=1 9 11 4 -6 6 -8 8 -10 -11 14 26 -14 41 -16 16 -18 30 -20 -21 22 29 -24 -25 31 -27 -28 28 39 -31 -32 -33 33 46 35 -37 37 -39 -40 -41 -42 44 43 -45 -46 -47 47 -49 -50 58 -52 54 53 57 -56 56 -58 -59 59 -61 -62 -63
leaf_value=-0.022386968125378326 0.069547106290300351 -0.032158891804440808 -0.070301906751661467 -0.0069791851313230615 0.067005740309303452 -0.11016446452425875 -5.9588270431215113e-05 -0.1035042857352112 0.010693915840238334 -0.0827104079452428 0.05154263425760696 -0.099383406695865456 0.044712205972755326 -0.034481047696488742 0.072967739911241974 0.028716578594009792 -0.062213243450969458 0.019515443768571408 0.042375087738037109 0.008184903186435501 -0.04301679645841186 -0.043440039407207892 -0.063395241931080815 0.035185829217834912 -0.028903970645891654 0.044364037236263011 -0.017379724510014058 -0.0569731240044348 -0.059546082224696872 0.072438400451626098 0.052143131547114432 -0.098693606366092965 0.076120170172961327 0.020383636493295915 0.041036279474642001 -0.047565414760261777 -0.016407509635124978 0.057073613779472288 -0.006652922476412821 0.0049345110743224882 -0.033900700358522905 -0.072937314571053888 0.07317817312266145 -0.0023541314993053676 0.0062124974316074737 0.0049752234541638584 -0.021236403892287103 -0.025538564525901322 0.025149893589044743 0.10308933305740356 -0.016791261898960626 0.006291886644833016 0.13799732852549781 0.054999406884113949 -0.074257019674405456 -0.051878240955588607 0.028290860408118797 -0.03128669410943985 0.013735622604947866 0.064763693630928182 0.033616648948130511 0.059159038514674959
leaf_weight=530 29 74 29 437 22 23 22 21 32 22 27 21 40 68 22 28 30 51 25 120 37 22 25 48 37 29 25 88 20 21 34 24 34 310 58 25 24 38 61 57 37 27 28 32 21 108 99 94 191 25 178 33 21 24 32 46 28 33 761 50 81 48
leaf_count=530 29 74 29 437 22 23 22 21 32 22 27 21 40 68 22 28 30 51 25 120 37 22 25 48 37 29 25 88 20 21 34 24 34 310 58 25 24 38 61 57 37 27 28 32 21 108 99 94 191 25 178 33 21 24 32 46 28 33 761 50 81 48
internal_value=0.000446174 0.00330328 0.00606916 0.00844575 -0.00412695 -0.00700364 -0.0563354 0.0115091 -0.0345544 -0.0144588 -0.0113945 -0.0111388 -0.00544715 -0.0118573 0.0180805 0.00387433 -0.0183161 -0.011794 -0.0156537 -0.0176141 0.0125846 0.0139142 -0.0135235 0.00114469 -0.0226075 -0.018924 -0.0548162 -0.019629 -0.0358987 0.0131571 0.0124084 -0.0563622 0.0125671 0.0131572 -0.00731476 0.00545237 -0.00255488 0.0286293 0.0165906 -0.0118137 -0.00294362 -0.00588935 0.000704532 0.0328943 -0.0383093 -0.0102692 0.012115 0.000782814 0.00931457 0.0147207 0.00742674 0.0149238 0.021078 0.0478183 -0.033363 0.0123038 -0.021544 0.0050443 0.0207101 0.0168816 0.0500017 0.0831533
internal_weight=4687 3800 3288 2889 566 544 45 2323 53 512 490 399 353 313 107 85 58 887 765 740 2270 2160 110 85 620 559 46 383 165 2131 122 61 2110 2088 218 144 499 62 119 77 88 284 236 60 48 176 2054 384 290 1670 753 575 510 126 65 384 74 57 917 811 106 69
internal_count=4687 3800 3288 2889 566 544 45 2323 53 512 490 399 353 313 107 85 58 887 765 740 2270 2160 110 85 620 559 46 383 165 2131 122 61 2110 2088 218 144 499 62 119 77 88 284 236 60 48 176 2054 384 290 1670 753 575 510 126 65 384 74 57 917 811 106 69
is_linear=0
shrinkage=0.05


Tree=71
num_leaves=63
num_cat=0
split_feature=2 2 33 22 7 12 31 29 4 9 30 2 29 36 27 4 36 4 33 6 14 36 4 36 36 4 29 30 11 7 29 36 30 14 9 11 2 11 6 36 10 14 9 35 35 29 30 29 29 30 31 31 36 33 33 36 31 38 35 6 7 6
split_gain=59.1717 67.3936 48.5427 40.1679 56.0276 53.9489 53.5058 41.5452 59.6924 38.6571 49.2205 35.8077 40.9733 42.0753 35.352 34.1817 33.5157 38.7648 33.6051 31.6744 49.3346 34.2592 31.5017 46.4872 45.7301 37.359 31.0728 29.6848 28.446 37.8705 31.0921 67.3199 28.2497 27.9328 43.7904 36.2451 33.1834 34.7242 31.1993 36.4593 29.0003 27.7061 27.2252 26.3941 36.6262 25.5224 58.7935 32.869 81.6525 37.2257 138.37 30.4824 29.4992 39.2235 27.997 103.326 33.5879 33.0593 32.8206 35.6546 33.1517 68.6086
threshold=3.5000000000000004 9.5000000000000018 16.500000000000004 1.0000000180025095e-35 1.0000000180025095e-35 0.12916666666666668 7.5949999999999998 59.61770833333334 0.13809523809523813 0.22649572649572652 43.81666666666667 8.5000000000000018 54.735340909090915 -2.0999999999999956 7.5000000000000009 0.17914438502673799 -3.3833333333333324 0.35504201680672276 12.500000000000002 0.26969696969696971 1.0000000180025095e-35 -2.5224999999999991 0.21825396825396828 -1.0099999999999987 -1.328571428571429 0.16025641025641027 47.262500000000003 44.510000000000012 0.62019230769230782 1.0000000180025095e-35 53.213333333333345 -1.8 48.687500000000007 1.0000000180025095e-35 0.069047619047619066 0.56696428571428581 2.5000000000000004 0.31009615384615391 0.43303571428571436 -1.2316666666666665 1.5000000000000002 1.0000000180025095e-35 0.06458333333333334 -2.3197916666666649 -1.8594537815126062 57.183333333333344 53.616666666666674 56.291666666666671 55.977500000000006 51.216666666666676 5.7083333333333366 12.400000000000004 -1.8999999999999988 10.500000000000002 15.500000000000002 -2.8916666666666644 17.700000000000003 0.93095238095238109 0.59436172954030064 -0.24264705882352938 1.0000000180025095e-35 0.43303571428571436
decision_type=2 2 2 2 2 2 2 2 2 2 2 2 2 2 2 2 2 2 2 2 2 2 2 2 2 2 2 2 2 2 2 2 2 2 2 2 2 2 2 2 2 2 2 2 2 2 2 2 2 2 2 2 2 2 2 2 2 2 2 2 2 2
left_child=33 2 3 7 5 16 15 28 -9 10 26 12 13 -4 19 -6 18 -18 -5 20 -12 -21 23 25 -24 27 -3 -15 43 30 31 -30 -23 34 35 38 37 -35 39 -1 -40 -13 -8 -2 -45 46 47 48 49 54 52 -47 53 -51 56 -56 58 -58 59 -46 61 -60
right_child=1 9 11 4 6 -7 42 8 -10 -11 14 41 -14 22 -16 -17 17 -19 -20 21 -22 32 24 -25 -26 -27 -28 -29 29 -31 -32 -33 -34 36 -36 -37 -38 -39 40 -41 -42 -43 -44 44 45 51 -48 -49 -50 50 -52 -53 -54 -55 55 -57 57 -59 60 -61 -62 -63
leaf_value=0.0040354609439099158 -0.04126803862269629 -0.012320844736922762 -0.037252132936667369 -0.016886954222406662 -0.036577623225748541 0.067013474827399486 -0.023902046784884685 -0.098329072215017826 0.010159219591878356 -0.078574889424172317 -0.0074042021979888288 -0.094414235296703522 0.042476595931220801 0.0059342959258509315 0.048320638856173243 0.044558953248930201 -0.0016140567358606352 -0.065083336643874654 0.06156542679438224 0.032666459302417933 0.083957799591801385 -0.069947023941455674 -0.025111466172066606 -0.046641659927471275 0.065470915939658883 -0.033795875671409792 -0.046750624047726702 0.076963207187751931 -0.088382273302836864 -0.075081693232059488 0.048369690194725992 0.019153443100147469 0.00061772545070751857 0.048328637566036461 -0.031264541867901299 0.044305193577619167 -0.020645801746752113 2.4965325289446376e-05 -0.0037989377339973174 -0.041524373026698383 0.055683482907436514 -0.016510737827047706 -0.085673064181835137 0.063093598881686058 0.067546271934573146 0.073708370586650238 -0.0399762894712248 -0.047395607422698632 0.11457370333373547 0.072174814360385586 -0.10901446456796136 -0.0032795481011271481 -0.034237275351326736 -0.0055157194437924773 0.12304975902316746 0.018749682496297101 0.040414452451196591 -0.028191123424290584 0.027617314093237033 0.016353225996886878 -0.033288839222569505 -0.036356560109998097
leaf_weight=74 22 202 104 21 25 32 30 21 32 22 45 21 40 38 44 27 322 26 39 20 22 37 22 56 38 31 97 24 22 20 25 43 23 55 289 34 100 115 85 108 27 25 44 37 35 36 53 22 20 33 29 20 21 32 27 197 22 87 139 1205 63 60
leaf_count=74 22 202 104 21 25 32 30 21 32 22 45 21 40 38 44 27 322 26 39 20 22 37 22 56 38 31 97 24 22 20 25 43 23 55 289 34 100 115 85 108 27 25 44 37 35 36 53 22 20 33 29 20 21 32 27 197 22 87 139 1205 63 60
internal_value=0.000423866 0.00313811 0.0057657 0.00802346 -0.0039206 0.00449764 -0.0333177 0.0109336 -0.0328267 -0.0137359 -0.0108248 -0.0105819 -0.00517479 -0.0112644 0.00900255 0.00555098 -0.000405557 -0.00635601 0.0341071 -0.00276613 0.0225953 -0.0240063 0.00166726 -0.0106509 0.0322574 0.0110209 -0.0234904 0.0334294 0.0119554 -0.0128473 0.000982559 -0.0172433 -0.0428972 -0.0112043 -0.0170738 -0.00457039 0.00220876 0.0156526 -0.0102227 -0.023 0.0105406 -0.0520754 -0.0606308 0.0132185 0.0137791 0.0129107 0.0119987 0.0133816 0.0140603 0.0130294 -0.0145664 0.0462127 0.0172824 0.0339272 0.0147589 0.0313216 0.0124559 -0.0143441 0.0144008 0.0177982 -0.00167856 0.00832871
internal_weight=4687 3800 3288 2889 566 440 126 2323 53 512 490 399 353 313 191 52 408 348 60 147 67 80 209 149 60 93 299 62 2270 110 90 65 60 887 617 328 270 170 294 182 112 46 74 2160 2138 2101 2045 1992 1970 1950 115 56 86 65 1835 224 1611 109 1502 1240 262 199
internal_count=4687 3800 3288 2889 566 440 126 2323 53 512 490 399 353 313 191 52 408 348 60 147 67 80 209 149 60 93 299 62 2270 110 90 65 60 887 617 328 270 170 294 182 112 46 74 2160 2138 2101 2045 1992 1970 1950 115 56 86 65 1835 224 1611 109 1502 1240 262 199
is_linear=0
shrinkage=0.05


Tree=72
num_leaves=63
num_cat=0
split_feature=2 2 33 22 7 31 9 31 9 29 10 2 29 28 31 37 4 23 4 37 4 5 11 4 4 32 4 32 32 29 35 35 8 37 31 0 14 29 35 33 4 28 37 35 33 31 37 7 31 8 37 28 11 0 32 29 31 29 31 11 35 29
split_gain=53.4025 60.8227 43.8098 36.2515 50.5649 48.289 47.3335 38.6905 34.888 39.4384 33.7054 32.3164 36.9784 36.7711 36.5367 47.7126 41.9275 32.9399 30.849 29.4468 30.6584 34.6292 29.637 29.5417 41.9698 28.9959 27.6427 27.1016 30.4962 26.57 26.428 69.7525 27.5364 25.1203 25.0925 25.0334 25.0048 23.9513 31.796 23.7774 23.7098 23.4386 23.1218 24.8056 22.8969 22.8336 22.7823 28.7664 29.1389 24.8722 22.719 22.4331 38.4155 35.8592 49.9107 32.3516 44.1331 37.3704 23.3479 21.5993 29.9715 21.4879
threshold=3.5000000000000004 9.5000000000000018 16.500000000000004 1.0000000180025095e-35 1.0000000180025095e-35 7.5949999999999998 0.19375000000000003 116.87976190476193 0.22649572649572652 51.796085858585862 4.5000000000000009 8.5000000000000018 54.735340909090915 9.5000000000000018 13.6 5.3000000000000034 0.21825396825396828 1.0000000180025095e-35 0.17914438502673799 9.600000000000005 0.42261904761904767 0.59411764705882364 0.54195804195804198 0.32291666666666669 0.29705882352941182 0.67708333333333337 0.12916666666666668 0.39444444444444454 0.64495798319327746 50.751190476190487 -2.3197916666666649 -2.032693452380951 6.5000000000000009 1.6500000000000035 11.473333333333334 1900.0000000000002 1.0000000180025095e-35 51.200089285714292 1.0191592261904765 9.5000000000000018 0.19375000000000003 38.500000000000007 6.0449999999999982 0.069740034271284293 17.500000000000004 9.6000000000000068 5.6000000000000032 1.0000000180025095e-35 6.0062499999999988 14.500000000000002 3.1499999999999995 15.500000000000002 0.23303167420814483 1700.0000000000002 0.42261904761904767 51.200089285714292 12.6 53.002916666666671 13.149999999999997 0.30384615384615393 -0.15273214285714318 54.788402777777783
decision_type=2 2 2 2 2 2 2 2 2 2 2 2 2 2 2 2 2 2 2 2 2 2 2 2 2 2 2 2 2 2 2 2 2 2 2 2 2 2 2 2 2 2 2 2 2 2 2 2 2 2 2 2 2 2 2 2 2 2 2 2 2 2
left_child=19 2 3 7 6 18 10 30 9 27 51 12 13 42 17 16 -16 41 -6 20 21 22 23 24 -1 26 -11 33 -29 -7 -2 -32 -33 -3 -28 -25 -13 38 -23 -8 50 45 43 -4 -44 -15 47 48 -24 -50 -30 52 -5 58 59 56 -53 -57 -54 -55 -61 -34
right_child=1 8 11 4 5 29 39 -9 -10 25 -12 36 -14 14 15 -17 -18 -19 -20 -21 -22 37 46 35 -26 -27 34 28 40 -31 31 32 61 -35 -36 -37 -38 -39 -40 -41 -42 -43 44 -45 -46 -47 -48 -49 49 -51 -52 55 53 54 -56 57 -58 -59 -60 60 -62 -63
leaf_value=-0.018937930993915379 -0.041190711454449531 -0.029886471121446101 0.028097777497023347 -0.055355972864411102 -0.034748740717768671 -0.020277859334801807 0.013045533462649301 -0.057173167843194241 -0.074646141820333231 -0.035295564631621042 -0.048167258713926589 -0.089693523730550506 0.040352766639553013 0.061538997810819875 -0.06118514315515268 0.032456275775577081 0.01271926716768316 0.074184224252467568 0.042331005067185123 -0.070626182612031699 0.046463801215092346 -0.020869796683787016 0.062289700940960938 -0.026659046214174583 0.045010771602392197 0.067715405960651967 0.049900033366201184 -0.053176652969242157 -0.032690244963900612 -0.081650766420902479 0.1022577455888192 0.052912368853331393 0.011863856922378376 0.0059572907242303099 -0.020305926576256753 -0.092226490607329958 -0.015685201878659429 0.050361409873673414 0.044010431798441073 0.085214665845036508 -0.055397228080601928 -0.039091150781938006 -0.027873386175964368 -0.049708042950147677 -0.10001099597324024 -0.0012750998712502994 0.056455517597496507 -0.054016059353238055 -0.032044285468550197 0.035436192696744744 0.032518824882914917 -0.0075946704763919116 -0.0070243272358125235 0.084096528459340347 -0.047315948775836399 -0.033005479345784378 0.087086589715909213 0.050105487661702301 -0.067205223962664609 0.052265063460384099 -0.013823976210350621 -0.0029087204763546906
leaf_weight=516 24 74 20 33 25 29 21 21 22 30 35 21 40 23 61 33 28 23 27 20 24 58 21 37 27 22 35 88 22 45 21 38 1937 144 20 24 25 33 28 25 21 21 22 21 22 39 20 21 36 22 34 20 83 20 21 38 32 21 20 42 29 282
leaf_count=516 24 74 20 33 25 29 21 21 22 30 35 21 40 23 61 33 28 23 27 20 24 58 21 37 27 22 35 88 22 45 21 38 1937 144 20 24 25 33 28 25 21 21 22 21 22 39 20 21 36 22 34 20 83 20 21 38 32 21 20 42 29 282
internal_value=0.000402672 0.00298121 0.00547741 0.00762229 -0.00372457 -0.0316518 0.00427276 0.010387 -0.0130491 -0.0102835 -0.00133073 -0.0100528 -0.00491605 -0.0107012 -0.000237307 -0.0188942 -0.0379343 0.0212358 0.00527343 -0.010644 -0.00926037 -0.0108468 -0.0149553 -0.0194644 -0.0157582 0.0165538 0.00331195 -0.0177812 -0.0330693 -0.0575992 0.0110033 0.0115532 0.0107092 -0.00620986 0.0243706 -0.0524561 -0.0494716 0.0141493 0.000253999 0.0522679 -0.0100894 0.0065633 -0.0387691 -0.011754 -0.0639422 0.0220269 0.00774049 -0.00200252 0.0118239 -0.00644824 0.00690098 0.00323551 -0.00512636 0.0025833 0.0221655 0.0219179 0.0506707 -0.00342361 -0.0187099 0.0381996 0.0252709 0.00998649
internal_weight=4687 3800 3288 2889 566 126 440 2323 512 490 394 399 353 313 228 122 89 106 52 887 867 843 724 604 543 107 85 383 165 74 2302 2278 2257 218 55 61 46 119 86 46 77 83 85 41 44 62 120 100 79 58 56 359 248 215 112 111 52 59 103 91 71 2219
internal_count=4687 3800 3288 2889 566 126 440 2323 512 490 394 399 353 313 228 122 89 106 52 887 867 843 724 604 543 107 85 383 165 74 2302 2278 2257 218 55 61 46 119 86 46 77 83 85 41 44 62 120 100 79 58 56 359 248 215 112 111 52 59 103 91 71 2219
is_linear=0
shrinkage=0.05


Tree=73
num_leaves=63
num_cat=0
split_feature=0 19 9 30 5 7 34 8 8 6 29 32 35 11 36 34 31 37 8 5 37 11 28 37 6 11 36 30 30 29 34 33 31 37 5 32 5 37 9 30 6 29 36 28 29 35 32 37 35 5 26 10 37 37 29 29 11 32 31 37 31 6
split_gain=42.3881 38.5782 33.747 43.882 37.7795 33.9388 46.121 36.1429 32.4822 48.0002 36.2559 50.2148 46.2021 29.9447 29.0892 53.4251 67.3018 41.5546 36.4614 37.1075 35.4386 38.9511 34.1673 26.9453 26.741 30.4787 26.3502 28.5596 51.3796 31.8019 24.9373 39.8492 43.4044 39.5644 41.8077 32.5891 27.0621 30.7909 29.0388 25.2065 33.956 31.6214 33.0483 24.8793 28.7919 24.2219 23.6371 22.525 51.8836 46.2562 41.6991 36.5103 58.0189 88.0627 34.9734 45.9114 51.5247 42.7055 40.0103 75.1635 58.6113 55.002
threshold=1700.0000000000002 1.0000000180025095e-35 1.0000000180025095e-35 52.816666666666677 0.18465909090909094 1.0000000180025095e-35 16.500000000000004 13.500000000000002 10.500000000000002 0.12132352941176472 49.077470238095252 0.2817460317460318 -0.1861505681818183 0.095454545454545472 -0.91999999999999982 53.500000000000007 9.3000000000000025 3.7299999999999995 17.500000000000004 0.45804195804195807 3.8999999999999986 0.41421568627450983 4.5000000000000009 2.9400000000000004 0.48529411764705888 0.34313725490196084 -3.300000000000002 49.011111111111113 47.670833333333341 51.095208333333339 93.500000000000014 16.500000000000004 19.800000000000004 3.3233928571428581 0.38675213675213682 0.76696832579185525 0.46410256410256417 2.3183333333333351 0.11437908496732027 43.695000000000007 0.20714285714285716 50.120648148148156 -0.91999999999999982 43.500000000000007 51.761342592592605 0.23775669642857117 0.5590277777777779 5.3000000000000034 0.75907644824311549 0.28991596638655465 1.0000000180025095e-35 1.0000000180025095e-35 3.4381944444444446 2.5833333333333361 51.28215201465202 51.796085858585862 0.63068181818181823 0.32291666666666669 10.076388888888895 1.9807142857142863 4.2000000000000002 0.06458333333333334
decision_type=2 2 2 2 2 2 2 2 2 2 2 2 2 2 2 2 2 2 2 2 2 2 2 2 2 2 2 2 2 2 2 2 2 2 2 2 2 2 2 2 2 2 2 2 2 2 2 2 2 2 2 2 2 2 2 2 2 2 2 2 2 2
left_child=2 13 3 8 23 30 7 -7 9 -1 11 -11 -12 -2 15 17 -17 -10 19 -19 21 24 -21 -4 -16 45 -3 28 29 -28 31 32 35 34 -32 -6 -36 -38 -39 41 -41 42 -35 44 -8 -26 -31 48 51 -49 -51 52 53 -15 -53 -56 57 -57 59 -59 -61 -62
right_child=1 26 4 -5 5 6 43 -9 14 10 12 -13 -14 47 20 16 -18 18 -20 22 -22 -23 -24 -25 25 -27 27 -29 -30 46 33 -33 -34 39 36 -37 37 38 -40 40 -42 -43 -44 -45 -46 -47 -48 49 -50 50 -52 54 -54 -55 55 56 -58 58 -60 60 61 -63
leaf_value=-0.037686421915888786 0.062565595842897892 -0.066987488232553002 0.07098949098587036 -0.068925192244350911 -0.0022821584139271719 -0.027409061400548503 -0.0011133745567633785 -0.10270495698476832 -0.068459379052122446 0.034076724909911198 0.060088130133226517 0.12182557613629362 -0.031086839351690179 -0.044097596472420265 0.041129009872674947 0.11143796524653833 0.018548614525486933 0.030165895436786945 0.058741709993531316 0.0067770991374605481 -0.047648013451208289 -0.022876248940204583 -0.068316764644149583 -0.0068738300353288657 -0.06510726579210975 0.044678872891447764 -0.023857089365026365 0.031641804746219089 -0.091109582107691545 0.061242324672639376 -0.044939940687148801 -0.040146551967499042 -0.079528687056154013 0.059208553157201631 0.04263588995273624 -0.05049691331144926 0.03681067123264075 -0.0033228864991351179 -0.076585721455159642 0.0094463497045494255 0.098334039205854595 -0.032426941953599457 0.00096637082945865902 -0.06118348997372848 -0.049564557431920155 0.005569858400634042 -0.011394654551432246 0.047246157896259557 -0.066813774636158577 0.014423527613138599 -0.027117349284568007 0.016054908205247992 -0.069510334517274591 0.08585246855985712 -0.035997972207842392 -0.014299375221889933 -0.066865322589874265 -0.054270287536928669 0.0022294789613441783 -0.032290826849639416 0.0091372966668323476 0.068868967934175074
leaf_weight=25 24 22 25 20 664 34 179 30 24 56 24 23 33 32 60 24 104 36 24 28 52 120 33 20 22 22 93 35 21 24 62 103 20 41 35 37 25 38 21 21 22 32 60 26 37 27 21 92 26 441 70 568 42 22 80 192 25 24 343 25 57 119
leaf_count=25 24 22 25 20 664 34 179 30 24 56 24 23 33 32 60 24 104 36 24 28 52 120 33 20 22 22 93 35 21 24 62 103 20 41 35 37 25 38 21 21 22 32 60 26 37 27 21 92 26 441 70 568 42 22 80 192 25 24 343 25 57 119
internal_value=0.000382539 0.00502815 -0.00448429 0.00415237 -0.00875188 -0.0101178 -0.0249575 -0.062704 0.00613548 0.0259899 0.0376951 0.0596239 0.00730262 0.00702349 0.000585896 0.0124235 0.0359654 -0.00835825 0.00356263 -0.0100899 -0.0100797 -0.0022966 -0.0338475 0.0363836 0.016555 -0.00421181 -0.0151284 -0.00924752 -0.0182483 -0.00716073 -0.00627277 -0.0110551 -0.00689919 0.00476546 -0.0116482 -0.00482702 0.00569708 -0.00969408 -0.0293995 0.0216454 0.0549238 0.0108862 0.0246092 -0.014975 -0.00941288 -0.0261627 0.0273451 0.00640578 0.00322473 0.014609 0.008733 0.00441571 -0.0254354 0.00884502 0.00641551 8.58219e-05 0.00376315 0.00608646 0.0129774 0.0293621 0.0393481 0.0495241
internal_weight=4687 2398 2289 757 1532 1487 306 64 737 161 136 79 57 2182 576 273 128 145 121 97 303 251 61 45 131 71 216 194 159 138 1181 824 721 357 181 701 119 84 59 176 43 133 101 242 216 49 45 2158 1555 603 511 1529 96 54 1433 865 785 760 568 225 201 176
internal_count=4687 2398 2289 757 1532 1487 306 64 737 161 136 79 57 2182 576 273 128 145 121 97 303 251 61 45 131 71 216 194 159 138 1181 824 721 357 181 701 119 84 59 176 43 133 101 242 216 49 45 2158 1555 603 511 1529 96 54 1433 865 785 760 568 225 201 176
is_linear=0
shrinkage=0.05


Tree=74
num_leaves=63
num_cat=0
split_feature=2 2 33 12 30 32 6 14 34 2 29 34 29 4 29 35 37 38 4 4 8 38 7 34 30 5 32 34 35 30 9 35 35 37 4 37 4 5 37 34 34 2 35 30 5 37 8 4 4 38 29 29 14 35 37 34 32 30 34 32 29 4
split_gain=46.2771 51.9633 38.9533 31.7222 37.5648 47.9342 30.9299 47.7945 38.8595 27.9101 33.416 35.3423 26.6977 29.4473 26.5287 39.4514 29.2084 43.9141 40.8112 45.1414 39.3604 130.829 35.2297 50.8882 40.1464 42.2485 34.7854 31.802 30.3257 28.1311 27.6933 29.6345 68.8402 27.4645 27.1562 26.0507 26.9679 30.4272 23.5804 28.2243 52.2539 30.6106 26.4251 28.0074 23.0507 28.8331 55.2952 30.8197 26.398 22.3861 31.0944 33.5209 22.2177 21.4568 21.8361 47.0739 60.9066 46.522 52.274 45.8646 41.5763 50.8172
threshold=3.5000000000000004 9.5000000000000018 16.500000000000004 0.11437908496732027 43.81666666666667 0.67708333333333337 0.26969696969696971 1.0000000180025095e-35 57.500000000000007 8.5000000000000018 54.735340909090915 37.500000000000007 46.50052083333334 0.10555555555555557 59.61770833333334 0.12038070436507954 5.6999999999999993 0.71008403361344552 0.2752525252525253 0.36931818181818188 7.5000000000000009 0.64495798319327746 1.5000000000000002 19.500000000000004 40.010000000000012 0.46410256410256417 0.36038961038961043 11.500000000000002 -1.0138095238095219 57.850000000000001 0.12132352941176472 0.67183501683501767 -0.33660943223443246 4.3214285714285712 0.2817460317460318 9.600000000000005 0.42261904761904767 0.59411764705882364 6.4499999999999984 42.500000000000007 33.500000000000007 5.5000000000000009 -0.66561111111111182 46.493750000000006 0.56696428571428581 5.1999999999999993 14.500000000000002 0.32291666666666669 0.29705882352941182 0.90454545454545465 51.200089285714292 47.85240196078432 1.0000000180025095e-35 1.6313025210084031 3.4599999999999995 71.500000000000014 0.45804195804195807 40.225000000000009 31.500000000000004 0.36931818181818188 52.637833333333347 0.35504201680672276
decision_type=2 2 2 2 2 2 2 2 2 2 2 2 2 2 2 2 2 2 2 2 2 2 2 2 2 2 2 2 2 2 2 2 2 2 2 2 2 2 2 2 2 2 2 2 2 2 2 2 2 2 2 2 2 2 2 2 2 2 2 2 2 2
left_child=35 2 14 4 12 6 7 -6 -8 10 11 -4 -3 -14 16 29 20 -18 30 26 21 -2 53 -24 -25 33 -20 -23 -29 -16 38 32 -32 -26 -30 36 37 44 -19 40 42 -41 -40 -44 45 47 -47 48 -1 -39 51 -51 -11 54 -22 56 57 58 -56 -59 61 -57
right_child=1 3 9 -5 5 -7 8 -9 -10 52 -12 -13 13 -15 15 -17 17 18 19 -21 22 27 23 24 25 -27 -28 28 34 -31 31 -33 -34 -35 -36 -37 -38 49 39 41 -42 -43 43 -45 -46 46 -48 -49 -50 50 -52 -53 -54 -55 55 60 -58 59 -60 -61 -62 -63
leaf_value=-0.016437556471994512 0.13495763734387584 -0.0070702612422229279 -0.062877009539254777 -0.055395735776386207 -0.0058505299149288073 0.070570348472230968 0.0063002386875450614 0.082751432482315146 -0.059971754731157345 -0.084120254866069277 0.038233647658489647 -0.0049299351807067203 0.0056558645876317194 -0.052359077761347378 0.035541220095295173 -0.082868405729532246 -0.039323035988115498 0.040324594047299385 0.0094257280728298025 0.037272909271383763 0.0095999926129450384 -0.045963502235033295 -0.072483775764703759 0.058911572183881489 0.032542842833668387 -0.063984566600993276 -0.064156790181166601 0.066238493321893313 0.030462080841102909 -0.043333949763327842 0.014922380590668092 0.0076842560068420751 0.12524408609155688 -0.039844617689959706 -0.042173682627352799 -0.066337300240993505 0.043644210416823627 -0.027690597068291169 -0.023873636694625021 0.025996855134144427 0.08399235982576321 -0.047755367237636272 -0.0027977897055648472 0.06055962944572623 -0.059286713562215924 0.039324165754754781 -0.020139764560836146 -0.053539033534212244 0.036319107558578249 0.042278279573656624 0.068840824120811051 -0.029542941473085772 -0.014358295089099558 0.052512890795090555 -0.0034788754661209311 -0.0058713312985637462 -0.03644722881847872 -0.014152652737652871 0.09885173505948236 0.032858278265311604 0.042098374311983787 0.068435330144487896
leaf_weight=460 25 168 29 39 45 27 55 23 37 21 40 284 29 89 26 20 31 118 29 38 1116 22 35 21 38 32 36 26 31 20 26 23 31 20 22 20 24 26 40 24 29 34 37 33 27 71 87 54 25 32 28 33 25 24 26 200 154 294 24 63 95 26
leaf_count=460 25 168 29 39 45 27 55 23 37 21 40 284 29 89 26 20 31 118 29 38 1116 22 35 21 38 32 36 26 31 20 26 23 31 20 22 20 24 26 40 24 29 34 37 33 27 71 87 54 25 32 28 33 25 24 26 200 154 294 24 63 95 26
internal_value=0.000363412 0.00276377 0.00507102 -0.0120531 -0.00847944 0.00894635 -0.0014527 0.0241178 -0.0203526 -0.00957311 -0.0047994 -0.0102988 -0.0198732 -0.0381012 0.00709352 -0.0242421 0.00782613 0.0184171 0.0220114 -0.00601872 0.00538383 0.0325512 0.00380491 -0.0199148 -0.00333899 -0.0178641 -0.0313277 0.00720304 0.0220089 0.00124767 0.0293205 0.0555911 0.0749219 0.00758165 0.000311387 -0.00991996 -0.00861852 -0.0101064 0.0226487 0.012061 0.0242862 -0.0172372 0.00854549 0.0270707 -0.0139576 -0.0122016 0.00658137 -0.0177076 -0.0137181 0.0133242 0.0247907 0.0058152 -0.0462061 0.00551761 0.0049531 -0.000926636 -0.00966433 0.000469736 0.0456398 -0.00585661 0.0143439 0.00267722
internal_weight=4687 3800 3288 512 473 187 160 68 92 399 353 313 286 118 2889 66 2823 529 498 103 2294 126 2168 146 111 90 65 101 79 46 395 80 57 58 53 887 867 843 315 197 139 58 110 70 724 697 158 539 485 119 93 65 46 2022 1998 882 561 407 50 357 321 226
internal_count=4687 3800 3288 512 473 187 160 68 92 399 353 313 286 118 2889 66 2823 529 498 103 2294 126 2168 146 111 90 65 101 79 46 395 80 57 58 53 887 867 843 315 197 139 58 110 70 724 697 158 539 485 119 93 65 46 2022 1998 882 561 407 50 357 321 226
is_linear=0
shrinkage=0.05


Tree=75
num_leaves=63
num_cat=0
split_feature=28 0 35 7 36 36 36 36 29 32 28 34 29 22 5 29 5 27 36 32 28 5 36 23 35 36 35 5 31 31 5 29 2 0 28 29 5 32 5 31 34 34 34 32 22 32 36 32 5 28 12 5 6 36 2 2 6 5 34 32 32 2
split_gain=42.7624 32.212 40.3155 39.9721 53.1283 36.9981 52.8354 52.9057 39.9094 37.8709 53.3503 56.2827 36.4752 34.705 56.0223 39.2301 42.6017 31.886 35.8152 31.7945 53.7812 31.741 39.6346 36.6143 31.8108 31.5006 31.2528 30.2817 29.2491 28.6021 28.0298 26.9058 25.5452 56.412 41.7061 26.4446 34.604 39.8831 35.1865 31.203 44.347 79.846 70.8807 54.9391 41.578 38.7368 39.44 42.4556 41.7223 36.9316 33.2306 30.1486 30.0209 28.9516 28.706 28.353 32.3773 28.283 26.2829 26.79 36.2336 27.2354
threshold=55.500000000000007 1700.0000000000002 -1.551388888888888 1.0000000180025095e-35 -1.2316666666666665 -1.3500000000000008 -1.5499999999999998 -1.6633333333333338 52.21044973544975 0.68990384615384626 12.500000000000002 66.500000000000014 52.155500000000011 1.0000000180025095e-35 0.63068181818181823 46.800925925925931 0.48529411764705888 10.500000000000002 -3.2166666666666672 0.21825396825396828 5.5000000000000009 0.62019230769230782 -2.2183333333333324 1.0000000180025095e-35 -1.1047953869047624 -2.4999999999999987 0.41449900793650812 0.35504201680672276 7.1050000000000049 22.650000000000002 0.34313725490196084 52.527314814814822 8.5000000000000018 2350.0000000000005 4.5000000000000009 54.042989417989425 0.23303167420814483 0.71008403361344552 0.59411764705882364 11.27125 1.5000000000000002 16.500000000000004 24.500000000000004 0.069047619047619066 1.0000000180025095e-35 0.81534090909090928 -1.8000000000000027 0.53137254901960795 0.51470588235294124 8.5000000000000018 0.080128205128205135 0.17914438502673799 0.32291666666666669 -2.8916666666666644 3.5000000000000004 5.5000000000000009 0.16025641025641027 0.46410256410256417 34.500000000000007 0.45804195804195807 0.67708333333333337 6.5000000000000009
decision_type=2 2 2 2 2 2 2 2 2 2 2 2 2 2 2 2 2 2 2 2 2 2 2 2 2 2 2 2 2 2 2 2 2 2 2 2 2 2 2 2 2 2 2 2 2 2 2 2 2 2 2 2 2 2 2 2 2 2 2 2 2 2
left_child=1 2 -1 32 5 6 7 8 19 10 11 27 26 21 15 16 -15 18 -17 25 -21 24 -23 -24 -4 -5 -6 -10 -29 -26 -2 -31 35 -34 -35 39 51 38 -38 40 54 43 -43 -42 53 46 50 49 -49 -48 -41 -37 -51 -44 -3 -56 -57 -46 -55 -60 61 -61
right_child=30 3 13 4 12 -7 -8 -9 9 -11 -12 -13 -14 14 -16 17 -18 -19 -20 20 -22 22 23 -25 29 -27 -28 28 -30 31 -32 -33 33 34 -36 36 37 -39 -40 45 41 42 44 -45 57 -47 47 48 -50 52 -52 -53 -54 58 55 56 -58 -59 59 60 -62 -63
leaf_value=-0.05933524170710195 -0.071267492056358614 -0.01279690546449274 0.050856056716293098 0.063814593408558815 0.027681125222302195 -0.076166931442592456 0.03769443980133047 -0.080096095220576369 -0.081365647924871276 0.034984732747432738 -0.10040180556200169 0.051770883709901863 0.078441482468042528 -0.01765453171085667 -0.097431609107713618 0.02556371795279639 0.060485696408784755 0.026594626595731825 -0.045216685028281065 -0.082334630475157794 0.010059621538375578 -0.035010072132272106 0.03382818161951915 -0.029715177087256541 -0.001732389041939543 -0.0064774478685909092 -0.036036460163692635 -0.047763282653282994 0.015061643144872506 -0.0089171710456239766 -0.011569647169580647 -0.083230985594647269 -0.01021866361895239 0.094777515822130703 0.011017253338581041 0.022101691886782647 0.0057568907446008833 0.072278379288411909 0.055661619740833605 -0.0011121581063291257 -0.0078545408323407173 0.065299478284560328 0.038754668613856146 -0.096590968785253736 -0.079807681616927903 -0.040096884399652484 0.057777771900498098 0.084403311635833242 0.0022498641116544603 -0.050163225576281549 0.058163274052952019 0.10692241889509289 0.028989955912465639 -0.046252161264419556 0.065688191981491992 0.063724830230841273 -0.0037926717794367244 -0.0019575951248407366 0.014668788903666114 -0.04892133006464635 0.027760530241898132 0.010560065287130851
leaf_weight=31 32 40 28 37 67 23 49 31 29 21 27 21 24 37 21 21 33 25 120 21 63 31 177 26 1618 28 27 44 32 29 51 21 337 23 42 20 255 31 41 152 33 41 47 37 28 25 31 68 20 25 28 22 23 32 49 26 56 20 167 67 35 27
leaf_count=31 32 40 28 37 67 23 49 31 29 21 27 21 24 37 21 21 33 25 120 21 63 31 177 26 1618 28 27 44 32 29 51 21 337 23 42 20 255 31 41 152 33 41 47 37 28 25 31 68 20 25 28 22 23 32 49 26 56 20 167 67 35 27
internal_value=0.000984568 0.00162499 -0.0027154 0.00564964 -0.00626331 -0.0144871 -0.0109669 -0.0177025 -0.0117142 -0.0279781 -0.0366201 -0.0229526 0.0234258 -0.00191283 -0.0191734 -0.0122097 0.019183 -0.0254476 -0.0346749 0.00727853 -0.0130389 0.000385594 0.0176482 0.0256896 -0.00199616 0.0335349 0.00937927 -0.0378973 -0.0213107 -0.00288337 -0.0345857 -0.040129 0.00915648 -0.00199274 0.0406555 0.0122561 0.0238078 0.0183204 0.0126694 0.00829821 0.00211609 -0.00498025 0.00252933 -0.0547581 -0.00355477 0.0200143 0.0243451 0.0418456 0.0657321 0.015238 0.00810846 0.0665316 -0.0122357 0.0020536 0.0242766 0.0355968 0.0176153 -0.0473701 -0.0032054 0.00144831 -0.0156666 -0.0318362
internal_weight=4693 4610 2218 2392 544 426 403 354 323 174 153 126 118 2187 257 236 70 166 141 149 84 1930 234 203 1696 65 94 105 76 1668 83 50 1848 402 65 1446 369 327 296 1077 705 534 464 70 423 372 347 167 88 79 180 42 48 375 171 131 82 48 328 296 129 94
internal_count=4693 4610 2218 2392 544 426 403 354 323 174 153 126 118 2187 257 236 70 166 141 149 84 1930 234 203 1696 65 94 105 76 1668 83 50 1848 402 65 1446 369 327 296 1077 705 534 464 70 423 372 347 167 88 79 180 42 48 375 171 131 82 48 328 296 129 94
is_linear=0
shrinkage=0.05


Tree=76
num_leaves=63
num_cat=0
split_feature=28 34 28 37 11 28 24 30 29 28 31 34 36 36 5 35 35 30 35 9 35 31 34 32 31 33 35 7 31 34 28 31 35 11 29 32 29 37 5 30 31 31 12 34 37 31 31 34 36 30 32 8 29 32 9 5 37 35 9 30 35 11
split_gain=38.593 32.0426 53.8915 52.9814 58.6143 50.0973 42.1991 39.99 40.6269 38.1741 40.2024 34.709 59.7627 34.2197 34.2022 37.0176 33.9725 55.8461 33.8589 50.9261 36.0266 33.292 33.0236 34.9798 29.593 27.6443 26.7058 41.7915 25.9132 25.9079 61.4873 56.0094 39.0679 33.2403 39.5762 38.9349 61.0158 40.9859 35.4969 33.1792 48.8063 52.545 43.4688 41.0316 38.0117 37.604 35.8136 33.1648 50.6433 31.9925 30.1274 35.2252 35.8999 28.0481 27.9445 64.8097 35.947 34.9291 45.9197 35.0569 86.9666 45.2735
threshold=55.500000000000007 104.50000000000001 14.500000000000002 2.7499999999999996 0.17914438502673799 19.500000000000004 1.0000000180025095e-35 49.425000000000011 54.414097222222232 16.500000000000004 6.8099999999999996 110.50000000000001 -0.96333333333333215 0.29499999999999893 0.34313725490196084 -0.25555889022275602 0.015651260504201497 42.508333333333347 -0.42438383838383881 0.12132352941176472 0.11191722629222621 17.050000000000001 150.50000000000003 0.67708333333333337 20.200000000000003 17.500000000000004 0.96722163865546218 1.0000000180025095e-35 7.98166666666667 48.500000000000007 5.5000000000000009 20.814285714285713 1.0074495701058204 0.32291666666666669 56.07780612244899 0.6132478632478634 51.859523809523814 2.4400000000000017 0.23303167420814483 43.210000000000015 9.2583333333333346 10.759999999999996 0.095454545454545472 38.500000000000007 7.1999999999999948 11.672499999999998 13.1 57.500000000000007 -1.6894444444444443 46.315000000000005 0.35504201680672276 15.500000000000002 50.995961538461543 0.51470588235294124 0.10555555555555557 0.19375000000000003 3.0994444444444422 1.0000000180025095e-35 0.060661764705882359 37.616666666666674 -0.57810515873015833 0.32291666666666669
decision_type=2 2 2 2 2 2 2 2 2 2 2 2 2 2 2 2 2 2 2 2 2 2 2 2 2 2 2 2 2 2 2 2 2 2 2 2 2 2 2 2 2 2 2 2 2 2 2 2 2 2 2 2 2 2 2 2 2 2 2 2 2 2
left_child=1 2 13 9 -5 18 11 8 21 -4 -11 12 -7 25 15 -13 17 -16 -3 20 -20 -6 23 -8 -23 29 27 -18 -27 30 54 32 39 34 47 37 -37 -35 -39 43 42 -42 -41 46 45 -43 -32 48 -31 -47 -49 52 -52 -34 57 56 -56 58 -1 -60 61 -61
right_child=-2 5 3 4 7 6 22 -9 -10 10 -12 14 -14 -15 16 -17 26 -19 19 -21 -22 24 -24 -25 -26 28 -28 -29 -30 33 31 -33 53 35 -36 36 -38 38 -40 40 41 44 -44 -45 -46 49 -48 50 -50 -51 51 -53 -54 -55 55 -57 -58 -59 59 60 -62 -63
leaf_value=-0.0027451071716337043 -0.032856399536761179 -0.018041506523023481 -0.031984100951568083 0.03624566629528999 -0.033080498493705653 0.065239268826677452 0.015019032177892891 0.033258727221534799 -0.10018601866438986 -0.039080081731081011 0.038640614064654924 0.080731400279771715 -0.03461107550696893 -0.03480718837531864 -0.10041469079644785 0.0066844633368905206 0.025270302824499293 -0.016551138508486853 0.096431272279243085 -0.0055751465726643808 0.031068310934446147 0.037876622452784114 -0.012728038845982934 0.081694549543871772 -0.034639260359108449 -0.063774314964259116 -0.019307447280560702 -0.033992320117785739 -0.0079247278637356224 0.011963998704320855 0.04128882240673358 -0.088547717221081262 -0.066933500259480583 -0.057197931835487971 0.090682905060904373 -0.005186003705101281 0.10259061961745222 0.061450080263117948 -0.0013796566184085439 -0.003170419079510288 -0.087028565235874239 0.026324101131070744 0.072290160693228245 0.059113068272155234 0.035602573850364604 -0.019886844518425113 -0.042125317923003634 -0.016208713578681151 0.092156836055884414 -0.085013057472127868 -0.030955474451184274 0.066493826948571963 0.030740839181324611 0.0025718089370500474 0.085494493631025167 -0.0088632284616390316 -0.001044260561466217 0.027640150855772962 0.038098322449312098 -0.011701580385367076 -0.045550013303079395 0.062377415597438812
leaf_weight=550 83 23 38 40 344 47 37 26 20 20 99 21 22 61 23 86 137 145 49 32 37 34 28 42 24 27 107 38 90 45 22 24 47 31 21 29 24 24 355 144 34 22 22 41 27 44 31 75 35 33 37 35 65 21 30 493 20 234 155 33 55 55
leaf_count=550 83 23 38 40 344 47 37 26 20 20 99 21 22 61 23 86 137 145 49 32 37 34 28 42 24 27 107 38 90 45 22 24 47 31 21 29 24 24 355 144 34 22 22 41 27 44 31 75 35 33 37 35 65 21 30 493 20 234 155 33 55 55
internal_value=0.00093534 0.00154374 -0.000472473 -0.0136186 -0.0217467 0.0101622 0.00491199 -0.0269246 -0.0306326 0.011646 0.0255783 -4.79254e-05 0.0334029 0.00227073 -0.00419175 0.021217 -0.0102334 -0.0280325 0.037456 0.0482733 0.06831 -0.0271722 0.0339298 0.0504668 0.00787005 0.00301718 0.000370307 0.0124018 -0.0208131 0.00397432 0.00113284 -0.0139767 -0.0103093 0.0117994 0.0243854 0.00329086 0.0436185 -0.00192222 0.00259901 -0.00461685 -0.0121631 -0.0318689 0.00683038 0.0215543 -0.0169845 -0.0313265 -0.00750058 0.0196175 0.0470484 -0.0477981 0.00926619 0.0232123 0.0083608 -0.0454686 0.00589351 -0.0033621 0.050879 0.0105384 0.00581932 0.0216262 0.00377171 0.0345978
internal_weight=4693 4610 3736 645 488 874 733 448 422 157 119 626 69 3091 557 107 450 168 141 118 86 402 107 79 58 3030 282 175 117 2913 2137 512 488 776 313 463 53 410 379 420 326 160 166 94 126 99 53 292 80 77 212 137 102 68 1625 543 50 1082 848 298 143 88
internal_count=4693 4610 3736 645 488 874 733 448 422 157 119 626 69 3091 557 107 450 168 141 118 86 402 107 79 58 3030 282 175 117 2913 2137 512 488 776 313 463 53 410 379 420 326 160 166 94 126 99 53 292 80 77 212 137 102 68 1625 543 50 1082 848 298 143 88
is_linear=0
shrinkage=0.05


Tree=77
num_leaves=63
num_cat=0
split_feature=28 34 28 37 28 31 31 28 31 9 37 32 9 7 27 34 31 34 32 37 31 0 32 29 29 29 36 32 32 36 36 34 2 32 35 31 36 29 29 36 0 37 5 2 2 0 35 28 35 22 37 4 9 37 35 4 28 34 31 2 28 31
split_gain=34.8302 28.9185 48.6371 47.8157 45.3276 41.6958 36.463 34.4521 36.2826 32.7763 39.9943 55.6002 40.8001 34.0991 32.066 31.0878 31.1376 84.9288 32.8438 49.8191 45.0441 62.9735 39.8106 39.7376 35.9139 32.8922 30.8833 29.0616 33.6125 61.9264 37.1332 53.1059 31.0872 29.9352 29.4131 28.679 31.5245 28.196 27.0964 32.34 25.71 26.2751 25.2969 24.9195 32.0461 40.6997 50.5369 36.5096 36.7987 35.2345 34.8051 38.6933 50.5207 40.6774 49.5988 37.7313 33.2836 55.3231 47.6166 42.231 40.8288 50.0903
threshold=55.500000000000007 104.50000000000001 14.500000000000002 2.7499999999999996 21.500000000000004 6.7083333333333366 17.800000000000004 16.500000000000004 6.8099999999999996 0.080128205128205135 5.8500000000000023 0.56696428571428581 0.11437908496732027 1.0000000180025095e-35 5.5000000000000009 100.50000000000001 9.001666666666674 77.500000000000014 0.74166666666666681 4.6000000000000059 12.707142857142861 1550.0000000000002 0.57738095238095244 52.181875000000012 49.402256944444453 50.729563492063498 0.29499999999999893 0.85164835164835173 0.56696428571428581 -2.0749999999999997 -0.96333333333333215 128.50000000000003 9.5000000000000018 0.91987179487179505 1.0074495701058204 11.672499999999998 -1.7499999999999993 53.402777777777793 50.201927083333345 -1.1250000000000011 1700.0000000000002 3.4178571428571431 0.34313725490196084 9.5000000000000018 3.5000000000000004 1700.0000000000002 0.8410955710955702 13.500000000000002 -1.551388888888888 1.0000000180025095e-35 4.4666666666666668 0.2817460317460318 0.12916666666666668 4.2301785714285716 0.93977941176470625 0.36931818181818188 2.5000000000000004 43.500000000000007 8.3200000000000056 4.5000000000000009 3.5000000000000004 3.2250000000000019
decision_type=2 2 2 2 2 2 2 2 2 2 2 2 2 2 2 2 2 2 2 2 2 2 2 2 2 2 2 2 2 2 2 2 2 2 2 2 2 2 2 2 2 2 2 2 2 2 2 2 2 2 2 2 2 2 2 2 2 2 2 2 2 2
left_child=1 2 26 7 6 -5 14 -4 -9 27 11 -11 -13 40 -3 16 17 -7 19 22 21 -20 35 -21 -24 -22 43 28 30 -30 31 -6 34 -29 38 -18 -37 -16 -31 -40 41 -14 -2 44 -1 47 56 48 -46 50 51 52 53 54 -50 -53 58 59 -47 -58 -59 -62
right_child=42 4 3 5 9 15 -8 8 -10 10 -12 12 13 -15 37 -17 18 -19 20 23 25 -23 24 -25 -26 -27 -28 33 29 32 -32 -33 -34 -35 -36 36 -38 -39 39 -41 -42 -43 -44 -45 45 46 -48 -49 49 -51 -52 55 -54 -55 -56 -57 57 60 -60 -61 61 -63
leaf_value=-0.0070193358632270253 -0.066061298653494305 -0.0059926125462408421 -0.030384895279023213 0.031920735974396978 -0.0062105356316481328 -0.11742850689749634 -0.012446882676433874 -0.037126077562570574 0.036708584137148025 -0.04403025888097592 0.076020587579562121 0.071111845915370134 -0.018070892072640933 -0.033714410399689393 0.042709353180058925 -0.06864178059874354 0.031814500363543628 0.0036513510843118034 -0.013230721601708371 -0.019645326179854664 0.014968289253967149 0.10640274300663309 -0.016071680374443533 0.046164736780337993 -0.095580065103808454 -0.055168363905977458 -0.033066828606925051 0.066222863561577278 -0.09614379610056463 0.014811321178502921 -0.031417714502839818 0.10623622045275712 0.032577411911915988 -0.0097067205831408501 -0.058240323873689853 0.0066440332587808376 -0.07757595492899419 0.10546575579792261 -0.0089408462318150625 -0.067058058216935029 0.047793765019240056 0.036220251768827441 -0.0093483460227064049 -0.010422304616592637 -0.055521138198673728 0.018370436182492789 0.08817963945594702 -0.061471694055944687 0.017039532318688485 -0.019734524380466023 -0.0050840281788327429 0.077770232723818888 -0.043565125754103068 0.08327293012823378 -0.059280406424532764 0.0046341771516820477 -0.066526393480598925 0.076807001509048331 0.086861540063249851 -0.0043356420585990152 -0.048851075184841955 0.018359602397261508
leaf_weight=500 32 27 38 35 21 28 37 20 99 39 26 34 52 34 96 37 20 30 22 81 35 22 20 32 49 32 61 27 23 72 21 21 36 25 37 20 25 22 95 32 58 39 51 316 28 422 22 24 286 148 344 45 40 21 23 29 30 27 27 303 30 365
leaf_count=500 32 27 38 35 21 28 37 20 99 39 26 34 52 34 96 37 20 30 22 81 35 22 20 32 49 32 61 27 23 72 21 21 36 25 37 20 25 22 95 32 58 39 51 316 28 422 22 24 286 148 344 45 40 21 23 29 30 27 27 303 30 365
internal_value=0.000888573 0.00146655 -0.000448849 -0.0129376 0.00965412 -0.0206594 0.0318572 0.0110637 0.0242994 0.00381458 0.0169355 0.0109347 0.0208132 0.011468 0.0431624 -0.0247219 -0.0208155 -0.054801 -0.0153095 -0.0254619 0.00728186 0.046586 -0.0460827 -0.00100885 -0.0725342 -0.0185298 0.00215719 -0.00521005 -0.0102834 -0.0173635 0.0228693 0.0500128 -0.0107019 0.0297183 -0.0173039 -0.0180035 -0.0401448 0.0544097 -0.00969258 -0.0235846 0.0217781 0.00519674 -0.0312136 0.00286632 0.00441356 0.00699551 0.0130812 -0.000556167 0.000960402 0.00265002 0.00685423 0.0161037 0.00950266 0.0159351 0.0113588 0.0491088 0.011709 0.00529804 0.0224891 -0.00993841 0.0173211 0.013255
internal_weight=4693 4610 3736 645 874 488 182 157 119 692 282 256 217 183 145 453 416 58 358 247 111 44 134 113 69 67 3091 410 358 295 63 42 272 52 236 65 45 118 199 127 149 91 83 3030 2714 2214 1226 988 964 936 788 444 370 330 309 74 1204 755 449 333 422 395
internal_count=4693 4610 3736 645 874 488 182 157 119 692 282 256 217 183 145 453 416 58 358 247 111 44 134 113 69 67 3091 410 358 295 63 42 272 52 236 65 45 118 199 127 149 91 83 3030 2714 2214 1226 988 964 936 788 444 370 330 309 74 1204 755 449 333 422 395
is_linear=0
shrinkage=0.05


Tree=78
num_leaves=63
num_cat=0
split_feature=28 7 12 28 24 34 7 4 10 0 36 0 0 30 36 10 30 36 27 6 4 4 37 36 36 30 22 30 34 11 28 33 26 8 37 37 37 30 0 30 4 38 38 12 36 37 36 25 0 6 6 8 6 11 30 30 9 34 21 3 9 36
split_gain=32.9389 30.0506 42.7497 40.3036 33.4815 47.0046 34.3076 33.7554 43.454 33.3255 31.6147 41.9527 30.5415 28.6248 43.8348 58.9219 31.0031 45.5266 52.4312 41.5426 35.0279 28.9676 27.1155 29.2588 34.4886 32.2434 27.4556 29.2356 29.1398 34.9505 31.439 27.0111 24.5124 28.643 24.4844 24.2243 23.9987 33.0591 31.1434 37.9635 58.1244 42.2561 36.7761 31.8007 31.7789 27.3713 55.7172 27.7472 34.8914 44.3425 35.2268 31.1974 33.8375 29.1348 33.5766 32.6483 36.8124 26.7687 36.5319 55.5508 31.3576 55.3383
threshold=71.500000000000014 1.0000000180025095e-35 0.087121212121212141 21.500000000000004 1.0000000180025095e-35 109.50000000000001 2.5000000000000004 0.12132352941176472 2.5000000000000004 1700.0000000000002 -1.033333333333333 1900.0000000000002 1700.0000000000002 37.616666666666674 -0.94722222222222141 2.5000000000000004 42.68571428571429 -2.6000000000000019 2.5000000000000004 0.32291666666666669 0.32291666666666669 1.0000000180025095e-35 9.4055555555555603 -4.2874999999999979 -3.2000000000000015 42.710000000000015 1.0000000180025095e-35 51.025000000000006 105.50000000000001 0.24264705882352944 37.500000000000007 14.500000000000002 1.0000000180025095e-35 6.5000000000000009 6.527499999999999 6.1500000000000048 5.7944444444444461 55.525000000000006 1900.0000000000002 51.810000000000009 0.11437908496732027 0.97222222222222232 0.86190476190476206 0.06458333333333334 -3.9999999999999978 4.9000000000000004 -4.1666666666666652 1.0000000180025095e-35 2350.0000000000005 0.36931818181818188 0.21825396825396828 7.5000000000000009 -0.12132352941176469 0.11437908496732027 47.670833333333341 48.51250000000001 0.06458333333333334 82.500000000000014 1.0000000180025095e-35 1.0000000180025095e-35 0.060661764705882359 -1.8599999999999988
decision_type=2 2 2 2 2 2 2 2 2 2 2 2 2 2 2 2 2 2 2 2 2 2 2 2 2 2 2 2 2 2 2 2 2 2 2 2 2 2 2 2 2 2 2 2 2 2 2 2 2 2 2 2 2 2 2 2 2 2 2 2 2 2
left_child=1 9 4 10 6 7 13 -6 -9 22 11 -4 -5 14 -3 -16 -15 18 19 -18 21 -19 23 -1 25 -25 27 -26 29 -28 -30 -31 33 -11 -20 -34 45 38 42 40 -40 -42 -38 -43 -44 47 -47 51 49 50 -49 -35 -53 -54 57 56 -56 58 -55 -60 -59 -62
right_child=-2 2 3 12 5 -7 -8 8 -10 32 -12 -13 -14 16 15 -17 17 20 34 -21 -22 -23 -24 24 26 -27 28 -29 30 31 -32 -33 35 36 -36 -37 37 -39 39 -41 41 43 44 -45 -46 46 -48 48 -50 -51 -52 52 53 54 55 -57 -58 60 59 -61 61 -63
leaf_value=0.042015414245617694 -0.061635852001962213 0.057180274158473245 -0.07116760131385591 -0.027630865449706717 -0.047689997889101506 0.092424383617582775 -0.058783960220371856 0.08552585624158382 -0.01250487779482053 0.059970842328454767 0.027234551013680178 0.003232873557135463 -0.11103125690766003 -0.02637093132724691 -0.030771212186664343 0.058171497995930688 -0.036473373696208004 0.052217405455719151 -0.031182622449705377 0.062057449506676722 0.066223824179420868 -0.00099799860032054322 -0.047981950463426695 -0.080942770590384808 0.0011771727932715457 -0.014249533002510216 -0.081617408353262227 0.045632520087651521 0.063724725097417834 -0.0066193787011404326 -0.017762334503490348 -0.070435877516865739 -0.01763011814381878 0.053614293281422115 -0.090015758201479917 0.032263385180127002 -0.024716591127216817 0.078819720564491089 -0.027543635800543982 -0.055974641426101979 0.079334241460476615 -0.0095347955822944648 0.0024543248367710755 0.060260826783875621 0.067065722228054112 0.063133196177130396 -0.021516604751103119 -0.026931963029104129 0.042902256019413471 -0.084531297680476444 0.036817742256267418 -0.027627619966265879 0.069271938705986191 0.0013329789285589175 -0.08247491164753834 0.0060226233987859534 -0.0025309082398760237 0.064024691823869939 -0.0078149852808564908 0.080089206484759728 -0.036704914271831514 0.039318588412807963
leaf_weight=39 21 46 36 21 20 21 29 20 26 28 32 40 23 166 60 27 20 28 48 23 24 295 31 24 1382 74 26 38 20 97 29 20 151 43 28 29 20 23 59 23 35 51 26 24 71 22 167 72 25 23 31 56 22 249 24 289 36 60 32 41 32 95
leaf_count=39 21 46 36 21 20 21 29 20 26 28 32 40 23 166 60 27 20 28 48 23 24 295 31 24 1382 74 26 38 20 97 29 20 151 43 28 29 20 23 59 23 35 51 26 24 71 22 167 72 25 23 31 56 22 249 24 289 36 60 32 41 32 95
internal_value=0.000844144 0.00112498 -0.00640139 -0.0308893 -0.00217646 0.0272701 -0.00540298 0.00653925 0.0301172 0.00326149 -0.0144557 -0.0320095 -0.0712265 -0.00337938 0.0177041 -0.0031683 -0.00781626 -0.00120666 -0.0278937 0.0162292 0.00794539 0.0036151 -0.00162837 -0.000806784 -0.00178343 -0.0305826 -3.26145e-05 0.00236682 -0.0177785 -0.0291808 0.0154977 -0.0175282 0.00794355 0.00982345 -0.052858 -0.00959172 0.00897298 0.0209885 0.0166839 0.00429267 0.0124947 0.0339699 0.0370183 0.0127998 0.0497472 0.0059486 -0.0116632 0.00889429 -0.0110557 -0.0217617 -0.00774516 0.0119714 0.0100583 0.0124565 0.0109997 -0.00094548 -0.0345085 0.0191899 0.0104518 0.0415559 0.0342363 0.0201631
internal_weight=4693 4672 1033 152 881 87 794 66 46 3639 108 76 44 765 133 87 632 466 119 43 347 323 1780 1749 1710 98 1612 1420 192 143 49 117 1859 1679 76 180 1651 332 309 192 169 110 117 75 97 1319 189 1130 151 126 103 979 936 880 858 349 60 509 322 73 187 127
internal_count=4693 4672 1033 152 881 87 794 66 46 3639 108 76 44 765 133 87 632 466 119 43 347 323 1780 1749 1710 98 1612 1420 192 143 49 117 1859 1679 76 180 1651 332 309 192 169 110 117 75 97 1319 189 1130 151 126 103 979 936 880 858 349 60 509 322 73 187 127
is_linear=0
shrinkage=0.05


Tree=79
num_leaves=63
num_cat=0
split_feature=28 7 3 29 30 24 34 32 11 35 35 14 31 29 2 32 28 30 31 35 30 27 31 20 32 34 11 4 0 28 29 32 30 11 34 31 11 29 2 32 32 5 34 30 11 11 35 5 11 2 34 34 35 29 29 31 31 32 3 2 5 5
split_gain=29.7274 27.1207 37.118 37.22 45.6842 33.3677 44.2681 57.6843 36.1288 45.7299 46.8288 32.9991 32.1353 33.9807 35.7385 32.8468 49.9759 32.0316 81.977 39.3087 33.786 39.4022 39.9657 37.696 33.3295 42.1831 32.0958 31.6382 28.5894 32.9903 36.1817 43.7532 27.2538 29.0237 32.8742 27.0811 26.817 24.4951 74.0133 24.3277 33.3307 24.3083 23.9552 23.9014 79.76 32.7596 23.7559 24.4654 34.581 22.5119 21.6242 41.2437 64.6559 33.0608 34.2512 27.4769 33.3979 22.9757 30.9637 31.0889 42.2877 30.9159
threshold=71.500000000000014 1.0000000180025095e-35 2.5000000000000004 58.791666666666671 55.225000000000009 1.0000000180025095e-35 69.500000000000014 0.25833333333333336 0.22649572649572652 -0.0067129629629639016 0.54298460798460801 1.0000000180025095e-35 166.05000000000001 55.892023809523813 3.5000000000000004 0.65686274509803932 13.500000000000002 45.50500000000001 11.590000000000002 0.35177350427350446 42.88000000000001 9.5000000000000018 13.1 1.0000000180025095e-35 0.14835164835164838 78.500000000000014 0.45804195804195807 0.21825396825396828 2250.0000000000005 3.5000000000000004 53.685277777777792 0.39444444444444454 39.516666666666673 0.36038961038961043 11.500000000000002 6.6000000000000059 0.37980769230769235 55.093849206349212 8.5000000000000018 0.65686274509803932 0.48529411764705888 0.58578431372549034 45.500000000000007 46.88750000000001 0.35504201680672276 0.31009615384615391 0.81514550264550267 0.2752525252525253 0.45804195804195807 7.5000000000000009 104.50000000000001 116.50000000000001 0.88091666666666668 52.058030303030314 53.402777777777793 17.755000000000003 14.383333333333335 0.60555555555555574 1.5000000000000002 4.5000000000000009 0.45804195804195807 0.31009615384615391
decision_type=2 2 2 2 2 2 2 2 2 2 2 2 2 2 2 2 2 2 2 2 2 2 2 2 2 2 2 2 2 2 2 2 2 2 2 2 2 2 2 2 2 2 2 2 2 2 2 2 2 2 2 2 2 2 2 2 2 2 2 2 2 2
left_child=1 12 3 4 5 8 7 -7 9 11 -11 -3 13 28 -15 16 41 20 19 24 21 23 -23 32 -19 26 -26 -8 37 49 43 -32 33 34 -10 -22 -34 50 -39 40 42 -16 -4 44 -31 -45 47 -35 -49 -30 -1 52 55 57 -55 56 -52 -53 59 60 -59 -60
right_child=-2 2 39 -5 -6 6 27 -9 17 10 -12 -13 -14 14 15 -17 -18 18 -20 -21 35 22 -24 -25 25 -27 -28 -29 29 30 31 -33 36 46 -36 -37 -38 38 -40 -41 -42 -43 -44 45 -46 -47 -48 48 -50 -51 51 53 -54 54 -56 -57 -58 58 61 -61 -62 -63
leaf_value=-0.00059001242136514937 -0.058554058628422882 0.025053000388046105 -0.011955709978938104 0.052746471981036248 -0.079526902101933972 0.048651531959573432 0.021860202469609 -0.059871353834867483 -0.064500226832374372 0.09290179517720977 0.0009267901964485647 -0.054667661681771278 -0.058574590175634336 -0.043437396939843893 0.019189744850227276 0.077033343059676032 -0.055809444170445199 0.04668712288141251 -0.088648960814766947 -0.055163648112543998 -0.033266167910326098 -0.0030632343785516152 -0.082435837787176891 0.055774540126323706 -0.055026009606496833 0.025332445193234149 0.0097793312422160446 0.10875109974294901 0.024001533670350909 -0.094680985543303772 -0.011117981076240541 0.074051415809969365 -0.0062463779945108227 -0.010292165856808425 0.016845832866333104 0.028696885564449159 -0.066304868106346795 0.0035399625867100085 -0.10220067354081118 -0.073783595808621108 0.02837828686751891 0.066295930967581546 -0.085371779762208472 0.056483144451070715 0.023219293722650039 -0.016374752659531724 -0.019527073204517367 0.092646989943804575 0.0059027251414954665 0.09335102855481886 0.044187211589171341 0.042703889919600141 -0.024684868862804694 -0.038861134030470035 0.012712793197166526 -0.0015527106821537019 0.11163636509639521 -0.091330512645451931 -0.028411296725971626 0.0046864415211603045 0.0045495459526453327 0.037302221746843618
leaf_weight=2408 21 27 25 29 20 24 22 25 27 31 25 25 21 20 161 28 20 30 42 42 21 29 35 25 56 49 29 20 25 26 25 38 41 20 23 110 34 59 23 29 24 33 20 27 32 36 27 27 20 22 78 48 39 82 53 22 24 23 22 125 23 96
leaf_count=2408 21 27 25 29 20 24 22 25 27 31 25 25 21 20 161 28 20 30 42 42 21 29 35 25 56 49 29 20 25 26 25 38 41 20 23 110 34 59 23 29 24 33 20 27 32 36 27 27 20 22 78 48 39 82 53 22 24 23 22 125 23 96
internal_value=0.000801937 0.00106873 -0.00608132 -0.00301287 -0.00479766 -0.00311077 0.0255692 -0.00671729 -0.00639364 0.0204895 0.0518415 -0.0132742 0.00309842 0.00345638 0.0207989 0.0261077 0.0194445 -0.0106198 -0.0249842 -0.012004 -0.00250507 -0.0115513 -0.0464701 -0.00239224 -0.000950929 -0.0116162 -0.032916 0.0632368 0.00210247 0.0190763 0.00952647 0.040254 -0.00903228 0.0036972 -0.027081 0.0187639 -0.0334729 0.000847762 -0.026119 -0.0353569 -0.0192065 0.0272027 -0.0445851 -0.00647219 -0.0296326 0.0148501 0.0200686 0.0360251 0.0557345 0.056463 0.00157444 0.00978231 0.0314663 0.00229398 -0.0186136 0.0491267 0.0600576 0.0106694 0.00534882 -0.00824653 -0.0433905 0.0250505
internal_weight=4693 4672 1033 935 906 886 91 49 795 108 56 52 3639 3618 262 242 214 687 248 206 439 308 64 244 164 134 85 42 3356 231 184 63 219 144 50 131 75 3125 82 98 69 194 45 121 58 63 94 67 47 47 3043 635 163 472 135 124 102 337 289 171 46 118
internal_count=4693 4672 1033 935 906 886 91 49 795 108 56 52 3639 3618 262 242 214 687 248 206 439 308 64 244 164 134 85 42 3356 231 184 63 219 144 50 131 75 3125 82 98 69 194 45 121 58 63 94 67 47 47 3043 635 163 472 135 124 102 337 289 171 46 118
is_linear=0
shrinkage=0.05


Tree=80
num_leaves=63
num_cat=0
split_feature=28 34 2 33 7 24 32 11 36 36 36 35 35 36 34 28 31 5 4 5 32 5 34 6 30 28 30 28 31 36 36 30 6 29 6 30 2 29 31 31 28 35 15 8 2 4 16 35 35 31 29 30 11 34 30 14 8 36 36 33 31 30
split_gain=38.8232 42.8576 45.7927 28.1874 23.6942 42.7338 42.3846 51.7842 38.906 39.5021 79.6061 36.7394 41.0346 62.88 45.4808 47.7742 42.9481 44.8347 44.5273 37.1245 66.0702 63.266 44.9625 50.6202 48.6991 43.5608 36.3699 61.2438 45.4125 39.8149 44.1384 36.924 50.2999 63.3059 58.1019 44.5306 35.7872 35.7125 42.009 38.6937 35.4132 36.9963 63.5219 34.9149 34.1012 33.6768 50.192 33.1817 52.3754 35.586 32.8661 33.3892 32.0211 31.819 50.4827 31.2861 31.1399 30.9441 37.7257 34.2602 57.5325 37.7851
threshold=36.500000000000007 144.50000000000003 8.5000000000000018 17.500000000000004 1.0000000180025095e-35 1.0000000180025095e-35 0.46410256410256417 0.37980769230769235 -4.4499999999999984 -1.5599999999999985 -1.6763888888888878 -0.33660943223443246 -0.21076818606230377 -1.4600000000000011 105.50000000000001 7.5000000000000009 12.900000000000004 0.57738095238095244 0.18465909090909094 0.31009615384615391 0.44097222222222227 0.42261904761904767 43.500000000000007 0.2752525252525253 42.68571428571429 22.500000000000004 44.608333333333341 14.500000000000002 6.6000000000000059 -1.5499999999999998 -2.1928571428571395 52.783333333333346 -0.10555555555555554 53.632916666666681 0.37980769230769235 48.590000000000011 5.5000000000000009 57.306250000000013 15.200000000000001 9.2583333333333346 4.5000000000000009 -0.19888528138528086 1.0000000180025095e-35 12.500000000000002 7.5000000000000009 0.13809523809523813 1.0000000180025095e-35 0.20885527544351054 0.03285947712418346 13.300000000000002 55.892023809523813 50.510000000000005 0.43303571428571436 52.500000000000007 46.790000000000013 1.0000000180025095e-35 15.500000000000002 -0.96333333333333215 -0.77500000000000113 15.500000000000002 9.9000000000000039 42.406250000000007
decision_type=2 2 2 2 2 2 2 2 2 2 2 2 2 2 2 2 2 2 2 2 2 2 2 2 2 2 2 2 2 2 2 2 2 2 2 2 2 2 2 2 2 2 2 2 2 2 2 2 2 2 2 2 2 2 2 2 2 2 2 2 2 2
left_child=4 2 -2 -3 11 8 7 -7 -6 10 37 26 13 16 15 45 17 44 -18 20 -17 47 -23 24 -24 -22 27 -1 29 30 -28 32 -30 34 35 43 -36 38 39 -10 -41 42 -42 -34 -13 53 -47 48 -21 -49 51 -35 55 -14 -55 -52 -43 59 -59 -16 -61 -62
right_child=1 3 -4 -5 5 6 -8 -9 9 -11 -12 12 14 -15 57 19 18 -19 -20 21 25 22 23 -25 -26 -27 28 -29 31 -31 -32 -33 33 50 36 -37 -38 -39 -40 40 41 56 -44 -45 -46 46 -48 49 -50 -51 52 -53 -54 54 -56 -57 -58 58 -60 60 61 -63
leaf_value=0.0030277563644021586 -0.019180533919716254 0.017887221560730332 -0.078640286596491943 -0.025303928449488523 0.055035771818264669 0.042918194762120644 0.059874993741036733 -0.04998340517282486 -0.0040787238071729641 0.00038761541356667332 -0.089350571024876382 -0.02322187760534386 0.0096831917794250356 -0.083195056425673625 0.052867020247504115 -0.060696911334525795 0.083267847767898029 0.036612416096031664 -0.0083457106620901163 -0.037741076201200485 0.052434179054883623 -0.041111854226173215 0.0824845130336197 -0.0077387359286895246 -0.00040872880333178751 -0.020145220052579356 -0.0012669976908839078 -0.076493054102840172 0.072209786952325064 -0.063119239393960344 0.0501456158197656 0.071591649567708374 0.076666495424102657 -0.0037323239460788867 -0.043496919423341752 0.11931210302493789 0.034396404471922791 -0.071318779631446186 0.026924843703501768 0.019811054562506755 -0.13664016462862491 0.0098036386312976981 -0.02120066059446386 0.019981389673603831 -0.095237375020980841 -0.0059726747145732052 0.072863583506218021 -0.0023407350431251177 -0.1377044288814068 -0.057287736294361263 0.010269492155029661 -0.061702449555741626 -0.020815321900274443 0.080579202314622178 -0.0016369132776603555 0.097649617763236163 -0.063644304616307767 -0.061880848982504434 0.012786560068870412 0.07980452348356662 0.03134539690800011 -0.041070026657435782
leaf_weight=179 170 112 40 57 23 30 47 30 196 409 39 48 414 35 96 24 21 20 36 38 72 75 34 295 37 29 282 28 44 22 49 40 44 111 30 22 29 26 62 21 26 31 22 71 25 523 21 68 20 52 21 32 23 43 33 20 27 21 87 23 31 43
leaf_count=179 170 112 40 57 23 30 47 30 196 409 39 48 414 35 96 24 21 20 36 38 72 75 34 295 37 29 282 28 44 22 49 40 44 111 30 22 29 26 62 21 26 31 22 71 25 523 21 68 20 52 21 32 23 43 33 20 27 21 87 23 31 43
internal_value=-8.18353e-05 -0.0154228 -0.0305062 0.00331979 0.00127031 -0.00552076 0.0243193 -0.00353261 -0.00914082 -0.0108592 -0.0210812 0.00329882 -0.0002829 -0.0228486 0.00172511 -0.0013177 -0.00876771 -0.0297133 0.0254067 -0.0109799 0.0138746 -0.0159989 -0.00584346 0.00138367 0.0392866 0.0315945 0.0110438 -0.00772868 0.0156699 0.00201478 0.00634393 0.0255677 0.0214493 0.0159072 0.0362727 0.0541377 -0.00521037 -0.0146031 -0.010773 -0.0180091 -0.039508 -0.0512598 -0.0837304 0.0416696 -0.0478847 0.00563458 -0.00292936 -0.0411594 -0.0722112 -0.0261511 -0.00337617 -0.0167047 0.0264047 0.0151423 0.0448801 0.0528939 -0.0243876 0.0196989 -0.0017321 0.0316914 0.010734 -0.0107338
internal_weight=4679 379 210 169 4300 989 107 60 882 859 450 3311 2264 185 2079 1778 150 93 57 744 125 619 441 366 71 101 1047 207 840 353 331 487 447 403 196 137 59 411 385 323 127 106 48 115 73 1034 544 178 58 120 207 143 64 490 76 41 58 301 108 193 97 74
internal_count=4679 379 210 169 4300 989 107 60 882 859 450 3311 2264 185 2079 1778 150 93 57 744 125 619 441 366 71 101 1047 207 840 353 331 487 447 403 196 137 59 411 385 323 127 106 48 115 73 1034 544 178 58 120 207 143 64 490 76 41 58 301 108 193 97 74
is_linear=0
shrinkage=0.05


Tree=81
num_leaves=63
num_cat=0
split_feature=28 34 31 6 37 31 19 11 27 34 28 28 29 4 29 29 33 34 28 32 31 35 28 34 4 4 32 31 32 31 10 32 6 30 31 28 36 33 30 4 4 36 8 6 6 37 30 9 11 34 37 31 6 6 6 33 11 2 31 31 30 28
split_gain=35.038 39.0847 27.7899 26.2409 32.6039 46.8789 24.4851 43.2646 25.2126 36.2674 30.3448 26.5092 27.0236 24.2737 23.6439 39.2476 27.5171 22.6567 40.0223 38.0566 38.3853 33.0918 29.829 82.1659 46.9105 56.2256 58.3163 51.3914 46.3828 41.6129 29.1373 79.2866 28.9165 26.7781 25.3985 28.265 25.113 28.8186 51.7052 49.0684 36.278 41.285 24.4781 48.1974 44.3951 83.0937 63.7782 40.486 96.5753 57.749 42.8839 38.4342 83.4137 97.6745 55.35 51.1898 46.4986 36.6855 40.7073 36.8322 45.6912 68.6197
threshold=36.500000000000007 139.50000000000003 12.200000000000001 0.31009615384615391 3.2741666666666673 9.6666666666666696 1.0000000180025095e-35 0.59411764705882364 9.5000000000000018 41.500000000000007 5.5000000000000009 19.500000000000004 51.127083333333339 0.14835164835164838 47.79122448979593 48.961069399350663 17.500000000000004 119.50000000000001 15.500000000000002 0.46862745098039221 15.340000000000005 0.27264649470899499 17.500000000000004 68.500000000000014 0.095454545454545472 0.2817460317460318 0.72474747474747481 15.844999999999997 0.82843137254901966 12.400000000000004 5.5000000000000009 0.38675213675213682 0.53137254901960795 40.010000000000012 9.3000000000000025 24.500000000000004 -2.7899999999999983 15.500000000000002 39.116666666666674 0.23303167420814483 0.13809523809523813 -1.2999999999999976 10.500000000000002 0.43303571428571436 0.28991596638655465 3.9658333333333333 41.591666666666676 0.060661764705882359 0.23303167420814483 71.500000000000014 1.827499999999999 4.4200000000000061 0.2817460317460318 0.48529411764705888 0.21825396825396828 5.5000000000000009 0.44097222222222227 8.5000000000000018 9.6666666666666696 6.3454365079365127 45.787500000000009 5.5000000000000009
decision_type=2 2 2 2 2 2 2 2 2 2 2 2 2 2 2 2 2 2 2 2 2 2 2 2 2 2 2 2 2 2 2 2 2 2 2 2 2 2 2 2 2 2 2 2 2 2 2 2 2 2 2 2 2 2 2 2 2 2 2 2 2 2
left_child=6 2 3 4 5 -2 17 8 9 -8 -11 12 -12 -4 -3 -16 -17 21 -19 -20 32 22 28 -24 -25 26 -26 29 30 -27 42 -32 34 36 -21 -36 -23 38 40 -39 41 -38 51 44 -44 -46 -47 49 -49 -45 -50 52 54 55 -1 56 -54 59 -59 -53 61 -61
right_child=1 14 13 -5 -6 -7 7 -9 -10 10 11 -13 -14 -15 15 16 -18 18 19 20 -22 33 23 24 25 27 -28 -29 -30 -31 31 -33 -34 -35 35 -37 37 39 -40 -41 -42 -43 43 47 45 46 -48 48 50 -51 -52 57 53 -55 -56 -57 -58 58 -60 60 -62 -63
leaf_value=-0.0054790661451432224 -0.040783423283137388 -0.023619411040999697 0.03164339028298855 -0.0025869343091141097 -0.026596164793497131 -0.14904112443327905 -0.029241665004913632 0.054462822170361226 -0.050778468954883027 0.062777756961683431 -0.04094789734482765 0.033595748596957756 0.019721761506436203 -0.026626930607682359 0.055426212634222628 0.011204906847085432 -0.053244309588758788 0.074619445605919918 -0.04666429014393577 0.047223122107485936 0.044782898471325265 -0.045857242033595133 -0.090741009933167499 -0.050806898932631434 0.0049202693821153729 -0.036081902951534309 0.07602503483316729 -0.095366657432168725 -0.062910835320750869 0.051673968305641964 -0.077272777891520303 0.048891377598047264 -0.052152939672980993 -0.010771254131639874 -0.035724824170271556 0.015687086571227103 0.093016050489885482 -0.027941453422805886 0.075950997564438238 0.053343703690916303 -0.0174981096931375 0.0081131589723130084 0.0063530896065180286 -0.0016024589407475883 -0.040673394505515957 -0.04874593722092551 0.01925693349993049 -0.010583084163155553 0.13544715798621917 0.066666638897731903 0.053453164599620955 0.077868666901356645 0.15294587801803242 -0.022221054190515795 -0.075830557276353697 0.031056162482890927 0.047607048312202097 0.03288666330671941 -0.02967662321260342 0.1368480170411723 0.012108536540492348 0.02945749786518076
leaf_weight=183 20 64 24 22 31 20 133 23 46 21 50 35 29 70 39 67 22 26 27 36 79 21 29 41 92 35 42 20 24 22 33 20 21 805 39 85 21 82 37 24 65 45 677 222 173 43 174 51 23 36 52 45 22 55 33 61 20 52 52 21 146 51
leaf_count=183 20 64 24 22 31 20 133 23 46 21 50 35 29 70 39 67 22 26 27 36 79 21 29 41 92 35 42 20 24 22 33 20 21 805 39 85 21 82 37 24 65 45 677 222 173 43 174 51 23 36 52 45 22 55 33 61 20 52 52 21 146 51
internal_value=-7.77435e-05 -0.0146517 -0.0309215 -0.0502998 -0.0650841 -0.0949123 0.0012068 -0.0117317 -0.0165804 -0.0107105 0.00754608 -0.00262818 -0.0186768 -0.0117494 0.00119445 0.0136014 -0.00472636 0.00230704 0.0152172 0.00983578 0.0157031 0.00119996 0.00432683 -0.01104 -0.00186801 0.00764144 0.0272068 -0.0264074 0.0062299 -0.00221122 0.00696905 -0.0296637 0.0030108 -0.0060487 0.010251 -0.000482789 0.00683826 0.010877 0.0237574 -0.00953727 0.00901566 0.0351277 0.00785478 0.00407894 -0.00138784 -0.0148253 0.00578171 0.0192692 0.0425009 0.00792346 0.078598 0.0152485 0.00396829 0.0315773 -0.0162272 0.0603046 0.102785 0.0267439 0.00160502 0.0366847 0.0281834 0.0607797
internal_weight=4679 379 187 93 71 40 4300 337 314 268 135 114 79 94 192 128 89 3963 313 287 260 3650 2550 281 252 211 134 77 2269 57 2245 53 181 1100 160 124 295 274 168 106 131 66 2192 1451 1067 390 217 384 126 258 75 741 374 158 216 103 42 367 104 263 218 72
internal_count=4679 379 187 93 71 40 4300 337 314 268 135 114 79 94 192 128 89 3963 313 287 260 3650 2550 281 252 211 134 77 2269 57 2245 53 181 1100 160 124 295 274 168 106 131 66 2192 1451 1067 390 217 384 126 258 75 741 374 158 216 103 42 367 104 263 218 72
is_linear=0
shrinkage=0.05


Tree=82
num_leaves=63
num_cat=0
split_feature=27 34 37 37 34 34 14 35 4 5 5 37 0 22 37 10 35 35 4 5 31 28 4 37 27 34 37 6 6 32 23 9 4 37 34 5 11 37 34 35 34 4 25 38 34 3 5 5 31 34 35 6 35 34 24 11 5 34 35 11 34 37
split_gain=32.1384 53.5437 36.5563 39.2307 41.9493 39.7934 32.9318 31.2386 29.3817 25.9788 51.6412 50.9581 23.8028 26.4106 45.03 44.9674 28.2885 23.8858 29.0628 23.3265 24.9671 62.2067 48.545 43.1413 41.6657 44.7011 40.7614 38.8608 85.4402 55.2818 37.75 41.9919 37.3501 37.2942 35.7769 43.6124 48.9869 65.6965 32.8008 41.4498 37.922 30.3509 36.161 34.482 66.2674 30.8198 27.4413 47.5895 116.215 40.9392 50.0862 41.3081 63.4616 36.4305 36.6202 36.3685 54.988 53.0385 47.4199 38.3249 39.2524 30.7439
threshold=9.5000000000000018 127.50000000000001 4.3683333333333367 3.3233928571428581 114.50000000000001 109.50000000000001 1.0000000180025095e-35 -0.45827380952380947 0.17914438502673799 0.087121212121212141 0.14835164835164838 2.5833333333333361 1700.0000000000002 1.0000000180025095e-35 8.8416666666666703 3.5000000000000004 0.40329365079365026 -0.1451215277777774 0.10555555555555557 0.74166666666666681 8.3200000000000056 4.5000000000000009 0.21825396825396828 7.5500000000000025 2.5000000000000004 17.500000000000004 6.6000000000000041 0.48529411764705888 0.44097222222222227 0.19375000000000003 1.0000000180025095e-35 0.06458333333333334 0.16025641025641027 3.3414285714285725 26.500000000000004 0.36038961038961043 0.2752525252525253 2.5833333333333361 132.50000000000003 -0.088931216931216889 123.50000000000001 0.095454545454545472 1.0000000180025095e-35 0.57738095238095244 20.500000000000004 1.0000000180025095e-35 0.38675213675213682 0.40588235294117653 14.500000000000005 33.500000000000007 -0.48859775641025655 0.23303167420814483 -0.6244017094017088 92.500000000000014 1.0000000180025095e-35 0.29705882352941182 0.5590277777777779 53.500000000000007 -0.053293650793651164 0.26969696969696971 77.500000000000014 2.7000000000000042
decision_type=2 2 2 2 2 2 2 2 2 2 2 2 2 2 2 2 2 2 2 2 2 2 2 2 2 2 2 2 2 2 2 2 2 2 2 2 2 2 2 2 2 2 2 2 2 2 2 2 2 2 2 2 2 2 2 2 2 2 2 2 2 2
left_child=9 2 3 4 -2 8 -4 -3 -5 -1 11 -11 13 14 -12 16 17 -15 -19 20 21 22 23 26 32 -26 27 28 29 41 31 33 -22 -24 35 -33 37 -37 40 -40 46 -14 43 45 -45 -43 53 48 -48 50 -49 52 -51 54 -27 59 57 -57 -58 60 -53 -59
right_child=1 7 6 5 -6 -7 -8 -9 -10 10 12 -13 19 15 -16 -17 -18 18 -20 -21 24 -23 30 -25 25 38 -28 -29 -30 -31 -32 34 -34 -35 -36 36 -38 -39 39 -41 -42 42 -44 44 -46 -47 47 49 -50 51 -52 55 -54 -55 -56 56 58 61 -60 -61 -62 -63
leaf_value=-0.049065960973501209 -0.0070407127332571262 0.050777791981254851 -0.068259357891871902 -0.06321496636323308 -0.064521875657912994 0.03979217428325986 -0.011070318749317756 -0.0014009025415968306 0.019648567219264806 0.094273340815260759 0.00057068284680998377 0.013098131073638797 -0.024434992843557019 0.005777755856979639 -0.049697583521027933 -0.065758924177566236 0.02824799783527851 0.005320638113401153 -0.065916407196896107 0.049994266512138508 0.0079287697627608272 -0.018329746975545205 -0.10467693112466647 -0.034566896461489562 -0.066810883581638336 0.0051522037370459123 0.076238221338679718 -0.0091338131154634957 0.10456448216592112 0.071273648863934794 0.038409067179475516 0.010893910172346392 0.087003462348366159 -0.018034691046233533 0.043739881953224542 0.053347104212099865 -0.087346787326147451 -0.070291617406266077 -0.069635716305467596 0.020245708800528363 0.068238815292716026 0.071574935317039498 0.079394646414688658 -0.081201283454895024 0.017857617490853257 0.0076166419409370682 0.026367144831098047 0.0027181246434338393 -0.12977634521666914 -0.03008088986389339 -0.096999438200145963 0.027068528828600454 0.07418194952662345 0.053270525356535529 0.065847469493746758 0.056487691023936262 0.12443171408027412 0.047506158514879646 0.022853098533771658 -0.065368232987259106 -0.029201730118975755 -0.019660292965481465
leaf_weight=25 77 31 71 23 54 54 39 384 20 29 1414 58 56 48 46 43 40 22 41 28 28 357 23 38 20 221 31 107 31 40 35 76 32 27 30 22 34 21 29 23 28 31 21 25 52 48 26 34 22 20 20 61 54 68 28 39 20 20 27 29 63 115
leaf_count=25 77 31 71 23 54 54 39 384 20 29 1414 58 56 48 46 43 40 22 41 28 28 357 23 38 20 221 31 107 31 40 35 76 32 27 30 22 34 21 29 23 28 31 21 25 52 48 26 34 22 20 20 61 54 68 28 39 20 20 27 29 63 115
internal_value=-7.38563e-05 -0.00953586 -0.0243097 -0.0128882 -0.0307352 0.0112145 -0.0479832 0.00249678 -0.0246738 0.00174094 0.00206654 0.0401565 0.00119768 -0.00331623 -0.00101311 -0.020649 -0.00780309 -0.0207945 -0.04104 0.00465417 0.00405871 -0.00115762 0.00703817 0.016556 0.00967121 0.00716258 0.0209512 0.0167811 0.0259025 0.0169702 -0.0100087 -0.0172818 0.0501019 -0.0578901 -0.00618658 -0.0159761 -0.0424971 -0.0070346 0.00872485 -0.0298805 0.0109678 0.0076477 0.0177982 0.00950632 -0.0143044 0.0327142 0.00911826 0.00236504 -0.0451986 0.00691296 -0.0342143 0.0118703 0.0460028 0.0208352 0.0119774 0.00511676 0.0180899 0.00512764 0.066078 -0.0136223 -0.00152039 -0.00970971
internal_weight=4679 753 338 228 131 97 110 415 43 3926 3901 87 3814 1654 1460 194 151 111 63 2160 2132 1105 748 480 1027 967 442 411 304 273 268 233 60 50 183 153 77 43 947 52 895 233 177 156 77 79 867 550 48 502 54 448 74 317 249 374 221 174 47 153 124 135
internal_count=4679 753 338 228 131 97 110 415 43 3926 3901 87 3814 1654 1460 194 151 111 63 2160 2132 1105 748 480 1027 967 442 411 304 273 268 233 60 50 183 153 77 43 947 52 895 233 177 156 77 79 867 550 48 502 54 448 74 317 249 374 221 174 47 153 124 135
is_linear=0
shrinkage=0.05


Tree=83
num_leaves=63
num_cat=0
split_feature=28 34 2 33 37 19 11 5 5 37 6 34 28 32 31 5 31 35 7 11 35 35 11 11 30 31 28 34 32 6 32 10 34 38 35 34 28 37 37 31 32 34 33 28 37 34 11 31 30 32 6 37 37 11 35 0 7 8 6 6 6 8
split_gain=30.743 34.1445 40.9513 23.7353 29.8563 21.538 38.0972 24.7365 37.1657 48.9112 24.1062 22.0037 35.4715 35.5731 34.6815 37.9681 26.0378 26.8901 27.4044 45.05 25.2171 51.7959 43.5501 35.0993 32.9981 40.4592 29.5154 93.9378 34.7189 27.6338 39.3049 76.6156 25.0577 44.8447 27.9807 24.1514 51.8845 41.4195 56.6823 43.4944 41.3286 33.999 40.6737 30.4163 60.2376 44.916 28.5454 50.4341 43.3861 44.2108 49.2974 38.7584 30.8558 27.9264 46.0911 38.0635 28.9753 47.6817 51.3628 42.0092 46.8111 57.1894
threshold=36.500000000000007 144.50000000000003 8.5000000000000018 17.500000000000004 3.2000000000000011 1.0000000180025095e-35 0.59411764705882364 0.087121212121212141 0.14835164835164838 2.5833333333333361 0.55050505050505061 119.50000000000001 15.500000000000002 0.46862745098039221 15.340000000000005 0.43303571428571436 9.3000000000000025 0.66271536796536801 1.0000000180025095e-35 0.30384615384615393 0.06125529100529143 0.024999999999999547 0.095454545454545472 0.36931818181818188 35.45000000000001 23.125000000000004 17.500000000000004 68.500000000000014 0.82843137254901966 0.39444444444444454 0.74166666666666681 3.5000000000000004 10.500000000000002 0.6132478632478634 0.085562996031745941 36.500000000000007 4.5000000000000009 3.8374999999999999 4.6000000000000059 14.999999999999998 0.18465909090909094 85.500000000000014 10.500000000000002 7.5000000000000009 3.930000000000001 34.500000000000007 0.24264705882352944 13.208333333333334 48.805000000000007 0.43303571428571436 0.31009615384615391 2.3183333333333351 2.9749999999999983 0.2817460317460318 -1.6042803030303026 1900.0000000000002 1.0000000180025095e-35 6.5000000000000009 0.2752525252525253 0.53589743589743599 0.44097222222222227 10.500000000000002
decision_type=2 2 2 2 2 2 2 2 2 2 2 2 2 2 2 2 2 2 2 2 2 2 2 2 2 2 2 2 2 2 2 2 2 2 2 2 2 2 2 2 2 2 2 2 2 2 2 2 2 2 2 2 2 2 2 2 2 2 2 2 2 2
left_child=5 2 -2 -3 -5 7 10 -1 9 -9 -7 20 -13 -14 16 -16 -15 18 19 -18 21 22 -10 -23 -22 32 28 -28 35 30 -29 -32 33 -26 -34 43 40 46 39 -39 -37 42 -40 45 -45 53 47 -38 49 50 -48 -50 -53 54 -24 -56 57 -55 -59 60 61 -60
right_child=1 3 -4 4 -6 6 -8 8 11 -11 -12 12 13 14 15 -17 17 -19 -20 -21 24 23 26 -25 25 -27 27 29 -30 -31 31 -33 34 -35 -36 36 37 38 41 -41 -42 -43 -44 44 -46 -47 48 -49 51 -51 -52 52 -54 56 55 -57 -58 58 59 -61 -62 -63
leaf_value=-0.046444710859885587 -0.016474513985654887 0.016375169025767328 -0.072703351264353844 -0.05194832739021097 0.022384405821900478 -0.02061494868668973 0.051114039187845975 0.092177374546344462 0.058052378841010589 0.01047529706904184 0.02235433986360157 0.070409322730623766 -0.04635130671891742 0.039638880659875114 0.10022329829988026 0.021759513765573502 0.042012615912947165 0.026613884095457341 -0.071827957743690135 -0.036320802737027411 0.024264450110802121 0.020397999179699727 -0.076659646286414224 0.10535682806745172 -0.00088656395673751835 -0.067465391589535614 -0.11904446918051691 -0.014194804996484893 -0.060158439619200567 -0.043897987136969699 0.087764787673950198 -0.035143713795003438 -0.049495170050949763 -0.098208213988691576 -0.0027887792771210318 0.015782819376861462 0.058410133855933383 0.07124411027346339 -0.06823025604952937 0.00010352134704589845 0.077103481654077766 0.055887531280517579 0.0043053748201548067 0.098700033193049222 -0.0023968628630405518 -0.050447946819994184 0.0087607126751983611 -0.03860410053637766 -0.099304112387092219 0.024630102658943262 -0.093382867532117039 0.024299854836003346 -0.049101782372085068 0.085938421497121456 -0.018713394657882687 0.024898111041419316 -0.012379652756032221 -0.0055691327743124276 0.059797403462610005 -0.019994521148813268 0.06998766517045639 0.00044190211508136532
leaf_weight=26 170 112 40 35 22 277 23 26 35 62 37 26 26 38 21 58 29 42 21 50 91 31 26 20 29 27 20 100 21 37 32 21 33 20 1133 61 37 70 23 31 50 25 121 23 41 45 27 21 23 81 21 22 41 20 182 69 187 345 59 48 59 130
leaf_count=26 170 112 40 35 22 277 23 26 35 62 37 26 26 38 21 58 29 42 21 50 91 31 26 20 29 27 20 100 21 37 32 21 33 20 1133 61 37 70 23 31 50 25 121 23 41 45 27 21 23 81 21 22 41 20 182 69 187 345 59 48 59 130
internal_value=-7.01634e-05 -0.0137217 -0.0271848 0.0030076 -0.0232585 0.00113307 -0.0110018 0.00216498 0.002486 0.0346145 -0.0155517 0.00175145 0.0145024 0.00940213 0.014999 0.042617 0.00287777 -0.00695971 -0.0210606 -0.0075655 0.0006306 0.00391268 0.00273352 0.0537152 -0.0047985 -0.00692791 0.0018198 -0.0159721 0.003777 -0.00512237 0.00425474 0.0390652 -0.00558264 -0.0406097 -0.00411066 0.00448815 0.0122561 0.00588876 0.0197746 0.0494089 0.0434047 0.00206416 -0.00728018 0.000371236 0.0339348 -0.00146472 -0.00784449 0.0232843 -0.016242 0.00209719 -0.0359271 -0.0437508 -0.0234695 0.000494607 -0.0132889 -0.00672457 0.004997 0.00991293 0.00754084 0.022821 0.0311079 0.0189709
internal_weight=4679 379 210 169 57 4300 337 3963 3937 88 314 3849 311 285 259 79 180 142 100 79 3538 2205 2154 51 1333 1242 2119 210 1909 190 153 53 1215 49 1166 1888 654 543 270 101 111 169 144 1234 64 1170 273 58 215 129 48 86 63 1125 277 251 848 661 641 296 248 189
internal_count=4679 379 210 169 57 4300 337 3963 3937 88 314 3849 311 285 259 79 180 142 100 79 3538 2205 2154 51 1333 1242 2119 210 1909 190 153 53 1215 49 1166 1888 654 543 270 101 111 169 144 1234 64 1170 273 58 215 129 48 86 63 1125 277 251 848 661 641 296 248 189
is_linear=0
shrinkage=0.05


Tree=84
num_leaves=63
num_cat=0
split_feature=28 12 19 11 30 32 30 29 35 36 29 35 29 30 28 34 4 31 21 35 8 29 29 29 29 33 11 37 37 37 11 34 36 37 31 37 36 31 37 37 36 36 4 30 11 34 25 35 38 10 32 0 4 11 29 29 8 4 31 22 29 4
split_gain=27.891 35.3053 22.3592 38.7447 20.0682 24.743 23.7089 19.996 44.0616 74.3425 53.7891 61.5709 37.9113 51.7714 41.3993 41.2247 29.3326 34.2297 28.7223 51.6229 42.2384 38.0195 36.8388 59.245 49.2448 38.7008 35.7133 32.8548 31.4343 28.7093 27.9676 34.6542 34.3667 23.6377 22.6874 22.3625 21.9168 45.0754 49.5795 24.3072 47.5534 42.4194 45.695 37.4737 35.0797 42.036 63.2542 44.594 34.981 39.2121 34.0247 33.376 30.392 28.9703 32.008 28.4366 27.9551 27.8905 26.9424 25.4283 36.2761 34.2004
threshold=55.500000000000007 0.06458333333333334 1.0000000180025095e-35 0.59411764705882364 40.143750000000004 0.35504201680672276 40.925000000000004 55.892023809523813 -0.25982186624649833 -1.4000000000000017 56.604000000000006 -1.2481481481481478 54.652777777777786 48.410000000000004 15.500000000000002 17.500000000000004 0.10555555555555557 6.400000000000003 1.0000000180025095e-35 0.4671205357142858 8.5000000000000018 54.414097222222232 51.28215201465202 50.729563492063498 52.400952380952383 12.500000000000002 0.36038961038961043 2.497460317460316 3.4178571428571431 3.7091666666666687 0.53137254901960795 21.500000000000004 -3.6166666666666658 2.9400000000000004 10.706666666666669 4.4016666666666691 -3.9999999999999978 3.6650000000000102 7.0500000000000025 5.7944444444444461 -0.999999999999999 -1.1000000000000005 0.060661764705882359 48.805000000000007 0.55050505050505061 19.500000000000004 1.0000000180025095e-35 0.14041258169934676 0.88562091503267981 2.5000000000000004 0.71825396825396837 1900.0000000000002 0.095454545454545472 0.5590277777777779 51.310277777777785 52.324107142857152 10.500000000000002 0.2817460317460318 2.808333333333334 1.0000000180025095e-35 53.978067765567772 0.22649572649572652
decision_type=2 2 2 2 2 2 2 2 2 2 2 2 2 2 2 2 2 2 2 2 2 2 2 2 2 2 2 2 2 2 2 2 2 2 2 2 2 2 2 2 2 2 2 2 2 2 2 2 2 2 2 2 2 2 2 2 2 2 2 2 2 2
left_child=2 -2 7 4 5 -4 -6 12 10 -10 11 -9 18 -14 15 -15 -17 -18 21 20 -20 36 23 -22 25 -24 -23 -26 -21 33 31 32 -12 -29 -27 -33 37 -1 -39 41 43 42 55 50 45 46 48 59 49 -44 58 -43 -45 -46 -55 -38 -49 -50 -41 60 61 -47
right_child=1 -3 3 -5 6 -7 -8 8 9 -11 30 -13 13 14 -16 16 17 -19 19 28 22 26 24 -25 27 34 -28 29 -30 -31 -32 35 -34 -35 -36 -37 39 38 -40 40 -42 51 44 52 53 47 -48 56 57 -51 -52 -53 -54 54 -56 -57 -58 -59 -60 -61 -62 -63
leaf_value=-0.062742388603645713 -0.009297166345232543 -0.085135742738133388 -0.016773104266721316 0.047455311222718316 0.04365917203947902 -0.071376056008739405 -0.013087657009336083 0.010788977208236855 -0.070570637665789679 0.02966049276795742 0.095777584208796424 0.10906499790794709 0.032490869111214314 -0.065923341363668439 -0.080742053282173251 -0.054497488604291627 0.043788033313094048 -0.019275471267731825 0.070224375691678789 -0.078922603279352188 0.018864460723817082 -6.8927502546172888e-05 -0.076962123042152775 0.10003516663983465 -0.036978409066796301 0.035232046619057655 0.082033249618554571 0.022632902765568966 -0.0072406290442897717 0.006371268646708176 -0.03437024012207985 0.022828949907601911 0.012805552465411332 0.093566548482150499 -0.038348071006211369 -0.023575759480925315 0.0046948533670245849 0.056490187182162824 -0.03412037384178903 0.047655116992466384 -0.040928887806478 0.001138120485046412 0.019955997494980695 -0.00088936574352176286 0.067820341190831232 -0.0071499368509215849 0.029996223948322812 -0.07752813536029024 -0.10857209750500166 -0.067139773363513608 0.070115753405150916 0.024944862170919214 0.068136936952718177 0.040903719190147618 -0.02607779938261956 0.058310626881817977 -0.022730341034171569 -0.035625494904816153 0.00022490057563005541 -0.02380718103074652 -0.042484404850454835 0.01909636507554521
leaf_weight=43 57 21 59 26 20 32 231 30 37 37 24 34 39 36 34 23 39 48 36 20 223 26 31 25 24 20 27 24 65 67 30 58 26 23 22 47 79 26 36 33 42 1022 24 23 22 271 26 26 38 28 21 172 52 31 42 36 222 20 323 127 44 229
leaf_count=43 57 21 59 26 20 32 231 30 37 37 24 34 39 36 34 23 39 48 36 20 223 26 31 25 24 20 27 24 65 67 30 58 26 23 22 47 79 26 36 33 42 1022 24 23 22 271 26 26 38 28 21 172 52 31 42 36 222 20 323 127 44 229
internal_value=-6.66553e-05 -0.0297152 0.000435972 -0.0113855 -0.0158588 -0.0359741 -0.008566 0.00146369 0.0134202 -0.0204551 0.0234875 0.0629981 0.000475975 -0.0197363 -0.0310522 -0.0194806 -0.0042812 0.00899438 0.00167524 0.0118904 0.0180717 -0.000229216 0.0139813 0.027047 -0.00137549 -0.0345869 0.0417567 0.0161929 -0.024107 0.0273868 0.00981901 0.0183718 0.0526321 0.0573451 -0.00330992 0.00205732 -0.000956899 -0.0234049 0.0038776 -0.000158715 0.00996224 -0.00219196 -0.0085721 0.0146911 -0.0115772 -0.0141977 -0.040142 -0.0103583 -0.0567202 -0.0269417 0.00826974 0.00456757 0.0469689 0.0175242 0.00236641 0.0214789 -0.0284753 -0.0834181 0.00462152 -0.00366228 0.00104066 0.00487087
internal_weight=4679 78 4601 368 342 91 251 4233 323 74 249 64 3910 219 180 146 110 87 3691 580 495 3111 459 248 211 73 53 138 85 114 185 155 50 47 42 105 3058 105 62 2953 494 2459 1265 452 1150 1055 136 919 110 52 377 1194 75 95 73 115 248 58 356 671 544 500
internal_count=4679 78 4601 368 342 91 251 4233 323 74 249 64 3910 219 180 146 110 87 3691 580 495 3111 459 248 211 73 53 138 85 114 185 155 50 47 42 105 3058 105 62 2953 494 2459 1265 452 1150 1055 136 919 110 52 377 1194 75 95 73 115 248 58 356 671 544 500
is_linear=0
shrinkage=0.05


Tree=85
num_leaves=63
num_cat=0
split_feature=21 35 32 20 14 9 5 32 8 34 35 36 32 30 31 31 31 32 9 32 32 9 36 5 31 14 8 37 9 30 30 4 28 5 37 5 30 30 34 5 30 35 36 37 37 29 36 6 34 29 34 35 4 8 34 37 28 37 32 14 32 30
split_gain=35.9837 54.1108 37.437 29.1558 83.8086 77.8494 45.6287 61.6965 63.9574 31.0541 42.3202 43.3828 48.1708 39.867 28.1812 27.8099 59.3916 39.9236 63.3483 89.5822 63.3004 36.1243 34.9852 36.5771 33.2247 40.1805 26.687 38.0013 35.0197 33.5969 86.6455 31.6419 29.37 25.7015 56.238 39.2758 34.5244 33.0913 37.8482 26.5797 31.3668 23.9341 23.66 23.4104 54.0168 46.5849 43.0984 37.9195 31.9587 31.9558 35.0805 32.8051 29.0755 36.0786 24.5314 22.8799 20.9421 77.0003 20.7819 33.7951 25.7064 30.167
threshold=1.0000000180025095e-35 0.92617927170868442 0.89444444444444449 1.0000000180025095e-35 1.0000000180025095e-35 0.16025641025641027 0.36931818181818188 0.45804195804195807 14.500000000000002 38.500000000000007 -0.40430729166666662 -1.4000000000000017 0.44097222222222227 40.225000000000009 9.7083333333333375 12.250000000000005 11.207500000000005 0.46410256410256417 1.0000000180025095e-35 0.65686274509803932 0.34313725490196084 0.10555555555555557 -4.1666666666666652 0.30384615384615393 4.7083333333333366 1.0000000180025095e-35 9.5000000000000018 2.90089285714286 0.069047619047619066 42.68571428571429 45.087500000000013 0.17914438502673799 19.500000000000004 0.65686274509803932 7.0500000000000025 0.63961038961038974 44.815000000000005 46.790000000000013 27.500000000000004 0.71825396825396837 42.710000000000015 0.097947255291005661 -0.2224999999999987 5.3000000000000034 4.9000000000000004 58.244270833333346 -2.5224999999999991 0.25833333333333336 10.500000000000002 56.291666666666671 13.500000000000002 -1.4146874999999997 0.16025641025641027 14.500000000000002 121.50000000000001 5.7621428571428597 20.500000000000004 5.6683333333333321 0.5590277777777779 1.0000000180025095e-35 0.26969696969696971 43.108333333333341
decision_type=2 2 2 2 2 2 2 2 2 2 2 2 2 2 2 2 2 2 2 2 2 2 2 2 2 2 2 2 2 2 2 2 2 2 2 2 2 2 2 2 2 2 2 2 2 2 2 2 2 2 2 2 2 2 2 2 2 2 2 2 2 2
left_child=2 15 3 33 9 6 -6 8 -8 13 -11 55 -13 -5 -4 16 17 20 -19 -20 22 -22 -2 -24 -25 -26 -17 28 -28 32 -31 -32 -29 35 36 43 39 -38 -39 40 41 -35 -16 44 -1 48 47 -46 -45 50 -50 -52 53 -48 56 -12 58 -58 60 -60 61 -53
right_child=1 -3 14 4 5 -7 7 -9 -10 10 11 12 -14 -15 42 26 -18 18 19 -21 21 -23 23 24 25 -27 27 29 -30 30 31 -33 -34 34 -36 -37 37 38 -40 -41 -42 -43 -44 45 46 -47 52 -49 49 -51 51 54 -54 -55 -56 -57 57 -59 59 -61 -62 -63
leaf_value=-0.00081531928608556063 0.06639241702083884 -0.060618299126625065 -0.082007804363965986 0.013561821506462164 -0.036869627000256019 0.1347262552380562 0.12127463575452567 -0.012445542972002711 0.026953320078006604 0.073138572683646569 -0.05682679270280571 0.087710506990551954 0.001465867978575475 -0.06507068614344462 -0.033674959422034377 0.047871087826788429 0.079153925573918982 -0.088198443332856355 -0.039517920974053836 0.079596380199547179 0.10653311373898761 0.025384154791633293 -0.032622746480370148 0.027410177117494567 0.02267297370867296 -0.057998066861182453 -0.0055548426599919126 0.058812236781112665 -0.096971378326416016 -0.092473282421437597 -0.020404988668787368 0.056875589917655345 -0.0058192121330648662 -0.05629801478172685 -0.091059668491715984 0.048251976090527719 -0.073336682781096438 -0.069416112788021567 0.011968326568603516 0.054133308044849685 0.039910450105651703 0.0055335858179365888 0.018462279211962595 -0.047886000839727272 -0.10287209578579473 0.065226488041155259 -0.081741559863090521 -0.021822190483066221 0.069441339049650275 -0.044849124313171569 0.060615410276309213 0.047268362764163685 0.01426955123294007 -0.00041255542290552212 0.046327615021304655 0.0038617942295968532 0.045645556137675333 -0.078356073448254224 0.004193814959199656 0.078570804217209425 -0.0084935307647747878 0.0034974336356314185
leaf_weight=2180 29 25 20 27 22 20 32 35 41 21 41 20 85 40 68 25 40 22 38 27 32 24 45 179 33 29 22 39 20 26 26 27 32 29 23 42 31 20 50 26 29 34 32 28 31 33 25 27 23 29 27 53 54 30 33 25 21 31 42 24 281 153
leaf_count=2180 29 25 20 27 22 20 32 35 41 21 41 20 85 40 68 25 40 22 38 27 32 24 45 179 33 29 22 39 20 26 26 27 32 29 23 42 31 20 50 26 29 34 32 28 31 33 25 27 23 29 27 53 54 30 33 25 21 31 42 24 281 153
internal_value=0.00157236 0.0116885 -0.000328595 0.000535687 0.0131501 0.0428912 0.0287627 0.0421322 0.0682997 -0.00407449 0.00615294 -0.00207336 0.0178934 -0.033383 -0.0278272 0.0142167 0.020726 0.0156231 -0.0148614 0.00996033 0.0227718 0.071755 0.0140636 0.00875756 0.0164842 -0.0150603 -0.000721606 -0.00704878 -0.0490865 0.00472179 -0.0177113 0.0189644 0.0296826 -0.000977744 -0.0166833 0.000222362 -0.00887203 -0.0303301 -0.0112844 0.00949465 -0.00312062 -0.0229286 -0.016991 -0.000423156 -0.00291478 0.00709335 -0.0303209 -0.065142 0.00451832 0.0065648 0.00873195 0.00663223 -0.0117923 -0.0373803 0.00434768 -0.0338387 0.00205786 -0.0282785 0.00491047 0.03124 0.00134219 0.0147589
internal_weight=4678 740 3938 3818 409 150 130 108 73 259 192 171 105 67 120 715 498 458 87 65 371 56 315 286 241 62 217 192 42 150 79 53 71 3409 242 3167 219 101 70 118 92 63 100 3125 2347 778 167 58 745 717 688 665 109 55 638 66 605 52 553 66 487 206
internal_count=4678 740 3938 3818 409 150 130 108 73 259 192 171 105 67 120 715 498 458 87 65 371 56 315 286 241 62 217 192 42 150 79 53 71 3409 242 3167 219 101 70 118 92 63 100 3125 2347 778 167 58 745 717 688 665 109 55 638 66 605 52 553 66 487 206
is_linear=0
shrinkage=0.05


Tree=86
num_leaves=63
num_cat=0
split_feature=33 21 35 9 29 0 28 5 5 6 28 38 36 6 37 36 0 29 34 35 24 3 37 5 5 0 30 34 30 36 6 30 6 23 34 3 36 34 34 34 0 9 27 2 37 6 20 35 36 20 34 5 30 36 34 28 36 8 5 34 6 37
split_gain=32.7468 41.7243 47.0336 32.2175 33.5426 34.7905 26.8369 26.8205 39.0834 26.1402 25.1966 32.4842 30.9521 24.9155 32.0968 34.9736 46.3325 32.8254 30.7487 26.5594 26.1206 50.1323 34.9189 34.3337 36.3645 48.4384 68.6298 45.21 34.9564 34.0769 40.3793 51.0523 58.0766 51.4042 46.5072 44.5419 38.2979 35.7033 33.0092 50.9541 36.2149 34.0684 35.4499 31.7236 37.7588 30.9356 29.3957 29.7935 32.9376 29.1223 46.2874 48.6783 28.1739 25.8352 29.7871 34.8986 34.06 25.3039 24.7364 24.7313 24.67 33.8662
threshold=16.500000000000004 1.0000000180025095e-35 0.84797743055555574 0.24264705882352944 51.310277777777785 1900.0000000000002 2.5000000000000004 0.75735294117647067 0.71825396825396837 0.58578431372549034 13.500000000000002 0.93933823529411775 -2.2633333333333328 0.57738095238095244 5.7944444444444461 -1.8666666666666674 1300.0000000000002 58.244270833333346 152.50000000000003 0.11191722629222621 1.0000000180025095e-35 1.5000000000000002 3.4178571428571431 0.17914438502673799 0.59411764705882364 2100.0000000000005 49.210000000000008 80.500000000000014 45.610000000000007 0.29499999999999893 -0.069047619047619038 42.925000000000011 0.39444444444444454 1.0000000180025095e-35 20.500000000000004 1.0000000180025095e-35 -1.0600000000000003 74.500000000000014 94.500000000000014 114.50000000000001 1550.0000000000002 0.07417582417582419 3.5000000000000004 9.5000000000000018 3.949999999999998 0.20714285714285716 1.0000000180025095e-35 0.8410955710955702 -0.96333333333333215 1.0000000180025095e-35 87.500000000000014 0.45804195804195807 40.616666666666674 -0.999999999999999 118.50000000000001 20.500000000000004 -1.3612500000000001 13.500000000000002 0.39444444444444454 11.500000000000002 0.40588235294117653 4.6683333333333339
decision_type=2 2 2 2 2 2 2 2 2 2 2 2 2 2 2 2 2 2 2 2 2 2 2 2 2 2 2 2 2 2 2 2 2 2 2 2 2 2 2 2 2 2 2 2 2 2 2 2 2 2 2 2 2 2 2 2 2 2 2 2 2 2
left_child=1 7 3 4 5 10 -7 8 13 -2 11 -3 -13 14 15 16 -1 53 20 -18 23 38 -23 28 25 29 27 -27 -17 30 -25 33 34 49 -33 -35 -34 -31 40 -40 -22 42 -42 44 46 -37 47 48 -26 -32 51 58 -39 54 55 56 59 -21 -51 -16 -6 -62
right_child=9 2 -4 -5 60 6 -8 -9 -10 -11 -12 12 -14 -15 17 18 19 -19 -20 57 21 22 -24 24 43 26 -28 -29 -30 37 31 32 36 35 -36 45 -38 52 39 -41 41 -43 -44 -45 -46 -47 -48 -49 -50 50 -52 -53 -54 -55 -56 -57 -58 -59 -60 -61 61 -63
leaf_value=-0.0648577680811286 -0.013338372570631857 0.019839846361156582 -0.057303531561046839 -0.041024431618659395 0.016080338631669047 0.035100593259840301 0.10231669811462914 -0.044758410553913566 0.050998604966279795 0.032016880673301572 -0.006928703368810768 0.028207761032337492 0.11307276772956054 -0.01984472633224689 -0.041235331251569418 0.057256114764177073 -0.0038868921498239582 0.066903020212283504 0.046354510198580105 -0.0053204618704815708 0.11050553267821671 -0.051329742661780788 0.028626408847048881 -0.035035503306426109 0.060368608355522158 -0.10468365504022908 0.02298177607357502 -0.028648587272492362 -0.019847464767683828 -0.069837167703857034 0.0015492816351358079 -0.059733527502976363 -0.084578503248019105 0.10593252057830493 0.0032544215209614862 0.070150500629097223 -0.01077460499946028 -0.051069352775812149 -0.052239034313242887 0.0470443345473281 -0.021478430967545138 0.078796545493191691 0.063378912024199971 -0.031580187350511553 -0.021394266496444572 -0.0023594634313332408 0.094428165392442198 0.082256814269792478 -0.011210928625530667 0.010347053679552945 0.095535957880995503 -0.037292220854553686 0.025047772594036594 -0.02781519042544587 0.069438486410812891 -0.054723786935210232 0.064281598608940838 -0.063817810110355686 0.087178066149353986 0.011944258187073641 -0.044773776986532746 0.02080417346741472
leaf_weight=36 484 137 22 23 234 33 27 32 39 34 55 22 21 142 23 49 712 26 40 36 20 36 22 74 25 34 35 46 21 36 471 32 39 24 348 24 32 20 24 28 32 29 20 25 29 38 22 21 45 22 22 29 31 43 22 20 30 38 20 442 45 35
leaf_count=36 484 137 22 23 234 33 27 32 39 34 55 22 21 142 23 49 712 26 40 36 20 36 22 74 25 34 35 46 21 36 471 32 39 24 348 24 32 20 24 28 32 29 20 25 29 38 22 21 45 22 22 29 31 43 22 20 30 38 20 442 45 35
internal_value=0.00149374 0.00296993 0.014564 0.0170657 0.0192596 0.0313659 0.0653478 0.000807208 0.00122693 -0.0103614 0.0226897 0.0317398 0.0696535 0.000661832 0.00154611 -0.000798158 -0.00939046 0.0119406 0.00298891 -0.00684998 0.00203843 0.0185824 -0.0210015 -0.000124389 -0.00167715 -0.00434939 -0.0354149 -0.0609635 0.034125 -0.00151854 0.000717147 0.00312014 -0.00980551 0.0120886 -0.00204983 0.0480969 -0.0513148 -0.0317132 0.0335881 0.00122124 0.0502523 0.0353749 0.011159 0.0203569 0.0295007 0.0257089 0.0425623 0.0300233 0.0143532 0.00659792 0.0321668 0.0125313 -0.00480208 0.00947675 0.0124629 0.010029 0.0126452 -0.0353596 0.0469333 0.00931387 0.00788575 -0.0160834
internal_weight=4678 4160 654 632 609 295 60 3506 3474 518 235 180 43 3435 3293 2687 822 606 1865 786 1825 211 58 1614 1544 1377 115 80 70 1262 1175 1101 451 650 380 86 71 87 153 52 101 81 52 167 142 62 113 91 70 564 93 71 51 580 537 515 495 74 42 465 314 80
internal_count=4678 4160 654 632 609 295 60 3506 3474 518 235 180 43 3435 3293 2687 822 606 1865 786 1825 211 58 1614 1544 1377 115 80 70 1262 1175 1101 451 650 380 86 71 87 153 52 101 81 52 167 142 62 113 91 70 564 93 71 51 580 537 515 495 74 42 465 314 80
is_linear=0
shrinkage=0.05


Tree=87
num_leaves=63
num_cat=0
split_feature=33 34 37 37 2 5 6 36 36 37 5 5 35 4 6 37 37 4 4 4 36 34 38 32 37 37 36 34 10 29 2 2 36 5 29 33 6 6 38 35 37 4 29 8 35 35 28 35 0 35 8 0 35 34 36 8 4 37 38 35 34 37
split_gain=29.554 25.7688 25.6428 48.8313 25.6568 33.2149 30.5135 30.9285 29.1744 28.424 24.6418 46.2289 28.6523 24.5892 23.2668 26.4757 26.2505 36.4583 46.4874 47.2696 43.347 39.1259 39.8424 39.0689 36.8974 32.6249 34.2209 29.6211 31.271 28.9909 28.1058 42.1341 34.2388 36.0708 39.1171 31.8177 41.1586 61.0251 30.3498 30.2486 29.5915 55.1252 48.6368 48.2604 26.9047 26.4379 40.8576 25.9382 24.7847 24.2649 23.7453 23.0315 35.8785 43.0107 22.6767 69.7326 30.892 51.6656 43.1864 27.3348 23.203 46.5436
threshold=16.500000000000004 152.50000000000003 4.2506944444444459 4.0200000000000022 8.5000000000000018 0.55050505050505061 0.21825396825396828 -1.328571428571429 -0.63333333333333164 3.4178571428571431 0.75735294117647067 0.71825396825396837 0.048974613349613193 0.2752525252525253 0.6132478632478634 3.4381944444444446 5.7944444444444461 0.35504201680672276 0.16025641025641027 0.11437908496732027 -2.2449999999999992 24.500000000000004 0.93541666666666679 0.32291666666666669 6.4499999999999984 7.6000000000000005 -2.9999999999999987 21.500000000000004 3.5000000000000004 50.622986111111111 3.5000000000000004 5.5000000000000009 0.22249999999999912 0.31009615384615391 52.251190476190487 7.5000000000000009 0.44949494949494956 0.40588235294117653 0.93933823529411775 -0.5312946428571419 4.3958730158730175 0.26969696969696971 49.604518518518525 13.500000000000002 -0.47585034013605393 -0.43451552415838146 19.500000000000004 -0.43451552415838146 1900.0000000000002 0.4671205357142858 13.500000000000002 2100.0000000000005 0.040421626984127081 49.500000000000007 -2.6000000000000019 7.5000000000000009 0.069047619047619066 2.3399999999999994 0.93541666666666679 -0.30000000000000243 20.500000000000004 4.6999999999999948
decision_type=2 2 2 2 2 2 2 2 2 2 2 2 2 2 2 2 2 2 2 2 2 2 2 2 2 2 2 2 2 2 2 2 2 2 2 2 2 2 2 2 2 2 2 2 2 2 2 2 2 2 2 2 2 2 2 2 2 2 2 2 2 2
left_child=1 10 3 4 6 -6 7 -2 9 -8 11 14 -13 51 16 -16 30 18 19 21 25 -18 -23 -20 -19 26 -21 -25 -29 -30 39 32 33 34 -32 36 37 -35 47 48 42 43 49 -42 -36 46 -44 -37 -1 -40 -49 52 53 -4 55 -33 57 -56 -59 60 61 -57
right_child=2 -3 13 -5 5 -7 8 -9 -10 -11 -12 12 -14 -15 15 -17 17 24 23 20 -22 22 -24 27 -26 -27 -28 28 29 -31 31 54 -34 35 44 38 -38 -39 40 -41 41 -43 45 -45 -46 -47 -48 50 -50 -51 -52 -53 -54 -55 56 59 -58 58 -60 -61 -62 -63
leaf_value=-0.017162109423847025 -0.01078728212043643 0.038866555272620555 -0.018321392745260272 0.055916699474411351 -0.053311125962239393 0.015685123835618681 0.030773071659242979 0.070035445882842468 -0.051474700050969283 -0.031784501367559038 -0.037685446470583743 0.092183451451685119 0.01236913718960502 -0.06235519474721514 0.0062299607626416474 -0.040741424124236363 0.040609037885276068 -0.00088024425009886422 0.012211852573091165 0.080807453906163576 0.08507448094473645 -0.052482051088621744 0.0080959873136721167 -0.076528843221339321 0.077915090045485746 -0.016975728088929769 0.0018252692185342313 0.0006692864487205844 -0.094132277034223083 -0.008998731821775437 -0.029737519166831462 0.066846164564291641 -0.045799140341114257 0.042244870646751115 0.00065104911994674937 0.037908479182616528 0.084963068326837143 -0.049991175676272676 0.093488810753280471 -0.0051022701380848802 0.096632886933081821 -0.02282487445821365 -0.0033914123688425337 0.016675412282347681 0.070115363188087948 -0.020728903796142815 0.068073263890775185 -0.061807684600353241 -0.088554428890347481 0.025275361421518028 -0.0047430122484926323 0.029737459838390351 -0.0078681779937629683 -0.10973353626375848 -0.054988363448290091 -0.0084105777849511395 0.0040420246364125728 0.042676356457537271 -0.022662484838105176 -0.069932021497300378 -0.0055490281316451732 -0.094969182133674626
leaf_weight=31 20 49 31 35 53 26 46 29 31 30 38 23 22 32 55 66 56 24 160 32 44 38 95 22 39 31 24 101 20 20 84 24 24 97 46 23 38 22 22 621 46 24 70 32 20 88 28 26 20 32 61 25 138 22 62 41 1312 41 66 27 148 25
leaf_count=31 20 49 31 35 53 26 46 29 31 30 38 23 22 32 55 66 56 24 160 32 44 38 95 22 39 31 24 101 20 20 84 24 24 97 46 23 38 22 22 621 46 24 70 32 20 88 28 26 20 32 61 25 138 22 62 41 1312 41 66 27 148 25
internal_value=0.00141905 0.00282143 -0.00984332 0.000818522 -0.00738759 -0.0306035 0.00436918 0.0370466 -0.0105952 0.00607929 0.0023918 0.00276571 0.0531631 -0.021451 0.00220268 -0.0193908 0.00287143 0.0115983 0.00804171 0.0215487 0.0446311 0.00554977 -0.00921202 -0.00533982 0.0478978 0.024177 0.0469579 -0.0225684 -0.0141491 -0.0515655 0.000946675 0.00336178 0.012999 0.0148583 -0.00710464 0.0202678 0.0396595 0.0251928 0.0135322 -0.0081423 0.0208801 0.0434405 0.011292 0.0638298 0.0217008 -0.000835973 0.0170271 -0.00931299 -0.0451591 0.053066 -0.0217968 -0.0153911 -0.021298 -0.0562661 -0.000960087 -0.0144309 0.00145028 -0.0186702 0.00237389 -0.0225248 -0.0165435 -0.0411979
internal_weight=4678 4160 518 270 235 79 156 49 107 76 4111 4073 45 248 4028 121 3907 706 643 320 131 189 133 323 63 87 56 163 141 40 3201 2529 783 759 150 609 157 119 452 672 342 102 240 78 66 186 98 110 51 54 87 216 191 53 1746 265 1481 169 107 241 214 66
internal_count=4678 4160 518 270 235 79 156 49 107 76 4111 4073 45 248 4028 121 3907 706 643 320 131 189 133 323 63 87 56 163 141 40 3201 2529 783 759 150 609 157 119 452 672 342 102 240 78 66 186 98 110 51 54 87 216 191 53 1746 265 1481 169 107 241 214 66
is_linear=0
shrinkage=0.05


Tree=88
num_leaves=63
num_cat=0
split_feature=32 31 22 26 37 4 4 5 37 37 5 8 34 38 34 36 5 36 38 31 7 37 35 27 36 31 21 5 27 32 31 36 36 35 36 8 35 37 5 35 36 36 36 35 36 4 4 34 34 8 27 31 37 35 36 5 4 4 31 36 38 36
split_gain=27.2479 30.0147 21.2117 27.33 36.7539 32.7111 42.5917 35.5724 32.1748 27.6233 27.5252 51.0344 24.4814 37.1998 37.7865 35.1855 57.1666 40.5333 32.6711 70.706 55.7126 61.0279 48.2652 40.7136 51.6625 37.0628 36.9539 37.3193 34.68 34.6157 34.2392 33.1649 32.798 31.6241 31.1539 30.7708 29.9169 47.2272 40.7047 27.6445 26.973 34.8102 29.2756 34.5806 36.6793 26.5304 35.7407 25.6353 25.3449 24.8652 24.5434 24.5383 26.172 31.137 31.7898 24.0848 24.3036 80.4264 23.9257 23.5818 24.771 28.2644
threshold=0.89444444444444449 9.7083333333333375 1.0000000180025095e-35 1.0000000180025095e-35 2.249999999999996 0.07417582417582419 0.087121212121212141 0.60555555555555574 2.3000000000000012 2.07125 0.5590277777777779 14.500000000000002 11.500000000000002 0.72474747474747481 21.500000000000004 -3.300000000000002 0.43303571428571436 -2.4062500000000022 0.92582417582417598 12.700000000000001 1.0000000180025095e-35 6.8499999999999979 -0.32406440781440754 4.5000000000000009 -3.6166666666666658 9.3499999999999996 1.0000000180025095e-35 0.29705882352941182 6.5000000000000009 0.73030303030303034 3.4000000000000026 -1.9750000000000003 -3.7899999999999987 -1.2187471655328792 -1.633333333333334 11.500000000000002 0.12975496031746006 3.8999999999999986 0.48529411764705888 -1.2816249999999996 -1.3199999999999994 -1.4600000000000011 -1.1861111111111124 0.62799807422969145 -0.24999999999999981 0.095454545454545472 0.060661764705882359 102.50000000000001 93.500000000000014 7.5000000000000009 7.5000000000000009 10.759999999999996 3.5316666666666645 -0.48859775641025655 -1.7400000000000009 0.65686274509803932 0.34313725490196084 0.37980769230769235 14.6 -0.10000000000000082 0.93933823529411775 -0.80000000000000149
decision_type=2 2 2 2 2 2 2 2 2 2 2 2 2 2 2 2 2 2 2 2 2 2 2 2 2 2 2 2 2 2 2 2 2 2 2 2 2 2 2 2 2 2 2 2 2 2 2 2 2 2 2 2 2 2 2 2 2 2 2 2 2 2
left_child=2 -2 3 4 5 7 -7 10 -6 -8 11 -1 15 14 -14 -10 17 -17 19 20 21 45 -22 26 -25 29 30 -28 47 31 34 -26 39 -34 36 -29 37 -20 -39 -32 41 -33 -42 -44 50 46 -15 51 -31 -35 -45 -27 -53 -54 -55 56 -4 -58 -21 60 -30 -62
right_child=1 -3 55 -5 8 6 9 -9 12 -11 -12 -13 13 18 -16 16 -18 -19 23 58 22 -23 -24 24 25 28 27 35 59 48 32 40 33 49 -36 -37 -38 38 -40 -41 42 -43 43 44 -46 -47 -48 -49 -50 -51 -52 52 53 54 -56 -57 57 -59 -60 -61 61 -63
leaf_value=0.023795247783369208 -0.077369987741112714 -0.010961714790513118 -0.00040016059964140764 -0.0078473381986880128 -0.058061438595706776 0.086305412617714516 0.013525544880981274 0.035611561806207261 -0.057719637583941219 0.051041657760463377 -0.067209609103604004 -0.063507369217964321 0.0055978667120345771 -0.0015190567821264267 0.080906287699397061 0.085935513675212863 -0.047013228857475858 -0.010044254866344008 -0.072955593399026172 0.066957282012811412 -0.13032160650007427 0.066586212534457442 -0.035579078871665934 -0.045819758562820743 0.036404074799707711 -0.048162783700085823 -0.018719645368832132 0.071953337662853306 0.047567822812407311 0.094539630548520534 0.094839672209775974 -0.0044106870054383763 -0.049997686706483364 0.066106761585582388 0.037928061789044967 0.025395963188395446 -0.067720652601565234 -0.018371092552940053 0.059284091774477736 0.019587073503778533 0.07073661874979735 -0.076742511739333483 -0.044037590120677594 0.09083616996095295 -0.017389996295027875 -0.0092252293179015156 -0.088402201633515032 -0.071670872494578361 0.024368079054740172 0.010605830004148675 0.016072607380540473 -0.032634839286808583 0.061126195745808742 -0.022280983415463668 0.026926042114456112 -0.041289268354786204 -0.10881503322585062 0.017963012555164509 0.0094866673919287593 -0.029601243030853 -0.0014885074969303485 0.023109987411519581
leaf_weight=47 20 114 474 483 22 23 537 35 40 54 26 26 36 20 31 22 36 22 22 27 20 22 41 58 85 42 27 62 33 22 23 80 20 22 26 83 28 45 27 26 20 21 27 21 34 119 29 20 31 244 23 68 21 89 52 47 22 29 55 52 600 145
leaf_count=47 20 114 474 483 22 23 537 35 40 54 26 26 36 20 31 22 36 22 22 27 20 22 41 58 85 42 27 62 33 22 23 80 20 22 26 83 28 45 27 26 20 21 27 21 34 119 29 20 31 244 23 68 21 89 52 47 22 29 55 52 600 145
internal_value=0.0013481 -0.0208734 0.0020034 0.00329978 0.00484293 0.0146666 0.0195513 -0.00771537 0.00216211 0.0169534 -0.023033 -0.00729883 0.00264939 0.00366885 0.0404421 -0.0194305 -0.000285857 0.0379456 0.00269579 -0.0118994 -0.0250682 -0.0117208 -0.0666422 0.00490598 0.000474749 0.00228167 0.0153515 0.0352531 -0.00221596 0.0161452 0.00826438 0.00978002 0.0171128 0.0106371 -0.0117642 0.0453033 -0.0223543 -0.00884098 0.0107496 0.0549097 -0.000233454 -0.01945 0.0152935 0.0047329 0.021615 -0.0219753 -0.0529397 -0.0170364 0.0534959 0.0151961 0.0517552 -0.0130192 -0.00660162 0.00432591 -0.00413371 -0.00699873 -0.00392891 -0.0367256 0.0284099 0.00299797 0.00517684 0.00329912
internal_weight=4678 134 4544 3972 3489 748 614 134 2741 591 99 73 2719 2599 67 120 80 44 2532 333 251 190 61 2199 1544 1486 655 172 1122 364 483 311 335 286 148 145 122 94 72 49 226 101 125 105 78 168 49 292 53 266 44 272 230 162 141 572 525 51 82 830 778 745
internal_count=4678 134 4544 3972 3489 748 614 134 2741 591 99 73 2719 2599 67 120 80 44 2532 333 251 190 61 2199 1544 1486 655 172 1122 364 483 311 335 286 148 145 122 94 72 49 226 101 125 105 78 168 49 292 53 266 44 272 230 162 141 572 525 51 82 830 778 745
is_linear=0
shrinkage=0.05


Tree=89
num_leaves=63
num_cat=0
split_feature=21 35 20 11 29 8 29 31 36 36 36 30 5 35 27 27 9 31 31 4 8 37 30 30 4 6 30 0 6 37 6 31 6 6 6 29 36 37 6 5 37 5 35 5 8 29 29 11 37 37 29 35 24 6 31 6 4 35 29 9 29 29
split_gain=23.6904 42.6819 24.5597 78.7335 29.5897 50.096 33.9289 33.9225 32.2775 79.9396 59.3772 28.6308 28.0952 38.223 27.7489 26.9198 24.3674 27.6276 53.3605 42.2172 41.354 30.6316 28.3909 76.2528 28.6149 25.6972 24.1685 53.0595 31.5973 31.4867 28.6126 26.0558 25.755 50.6636 31.9405 24.5196 24.4795 34.0117 21.2367 20.1555 52.2686 35.171 29.9405 32.5294 21.8896 23.5481 20.0137 19.1747 18.5755 46.4096 38.2744 35.7615 33.9868 37.4092 77.074 56.3166 64.025 33.8897 59.7911 29.5594 26.6967 27.2108
threshold=1.0000000180025095e-35 0.92617927170868442 1.0000000180025095e-35 0.17156862745098042 44.606944444444444 13.500000000000002 54.463333333333345 16.512500000000003 -1.8763888888888893 -2.399999999999999 -3.0499999999999985 35.650000000000013 0.45804195804195807 0.50730707908163275 9.5000000000000018 15.500000000000002 0.24264705882352944 12.250000000000005 11.207500000000005 0.36931818181818188 9.5000000000000018 2.90089285714286 42.68571428571429 45.087500000000013 0.18465909090909094 0.31009615384615391 47.32500000000001 1700.0000000000002 0.36038961038961043 4.1707142857142872 0.43303571428571436 8.6166666666666689 0.45804195804195807 0.36931818181818188 0.25833333333333336 52.251190476190487 -3.0999999999999992 2.90089285714286 0.18465909090909094 0.65686274509803932 7.0500000000000025 0.63961038961038974 0.4671205357142858 0.67708333333333337 10.500000000000002 51.859523809523814 53.978067765567772 0.44949494949494956 5.3000000000000034 4.9000000000000004 58.244270833333346 -0.69335317460317503 1.0000000180025095e-35 0.32291666666666669 8.7500000000000053 0.10555555555555557 0.38675213675213682 -0.029621031746031739 49.202462121212136 0.12132352941176472 56.291666666666671 48.506574074074088
decision_type=2 2 2 2 2 2 2 2 2 2 2 2 2 2 2 2 2 2 2 2 2 2 2 2 2 2 2 2 2 2 2 2 2 2 2 2 2 2 2 2 2 2 2 2 2 2 2 2 2 2 2 2 2 2 2 2 2 2 2 2 2 2
left_child=2 16 15 -4 5 -5 7 8 9 10 -6 -7 13 -10 -9 39 17 18 19 26 -19 25 38 -24 -25 -22 27 31 35 47 -30 32 33 34 -2 -28 -37 -38 -23 41 42 48 43 -41 -45 -46 -32 -29 49 52 60 -51 -1 55 -55 56 -54 -56 -59 -53 61 -50
right_child=1 -3 3 4 6 11 -8 14 12 -11 -12 -13 -14 -15 -16 -17 -18 20 -20 -21 21 22 23 24 -26 -27 28 29 30 -31 46 -33 -34 -35 -36 36 37 -39 -40 40 -42 -43 -44 44 45 -47 -48 -49 50 51 -52 59 53 54 57 -57 -58 58 -60 -61 -62 -63
leaf_value=-0.0036750925757016726 -0.0074015974337535533 -0.054729435890913017 0.095430244190188557 0.082347032800316813 -0.050098940134048468 -0.024569771566561292 0.042565621136638684 0.060990047429142324 0.065619173379881046 -0.098306742720305929 0.063946851059084847 0.049277929323060174 -0.025086075773657259 -0.0087869162402219245 -0.015565485693514347 -0.055543850848208301 -0.037794227432459596 0.066502883657813081 0.076072437937060991 0.07235731275131306 -0.085959215160636676 -0.013109111227095127 -0.088976752700713979 -0.019073794437227426 0.055961147944132483 -0.0067673809686675662 -0.058303245582750865 0.055114374229231405 0.063795819333089254 0.10109599816799164 0.024874448816518527 -0.044389658040987955 0.055303828280281145 -0.069514972930774091 0.073644131347537042 -0.038458774472985957 -0.026533145956428989 0.048389449196331431 0.045131509618626706 -0.059312495463527737 -0.086836710288796748 0.045230277237438027 0.017809788573925435 -0.039599986144286753 -0.012785182197821205 0.046037983952986972 -0.035346545698121193 -0.0056510141491889956 -0.008739004481092303 -0.084743186334768933 0.05856411389329217 -0.033180517746278872 -0.032728233921986365 -0.066971570166209957 -0.022737192065903435 0.046240069661430565 0.051948935845318969 -0.0078186458992687141 0.11163148071616889 0.016519084151479461 -0.038466498876611396 0.012258385456534191
leaf_weight=1912 31 25 26 31 25 35 38 29 28 35 21 21 67 45 20 23 24 20 39 30 21 24 26 27 24 20 28 37 28 25 37 24 27 20 20 35 28 33 45 40 23 42 76 34 46 27 22 20 225 24 33 104 65 39 27 132 34 22 20 42 36 491
leaf_count=1912 31 25 26 31 25 35 38 29 28 35 21 21 67 45 20 23 24 20 39 30 21 24 26 27 24 20 28 37 28 25 37 24 27 20 20 35 28 33 45 40 23 42 76 34 46 27 22 20 225 24 33 104 65 39 27 132 34 22 20 42 36 491
internal_value=0.00128069 0.00948889 -0.00026173 0.011151 0.0056035 0.0313523 -0.00166971 -0.00789543 -0.0162406 -0.041362 0.00196544 0.00312312 -0.00170601 0.0197524 0.0297429 -0.00162788 0.0117343 0.0134545 0.0199928 0.015078 -0.00183311 -0.00914178 0.00158205 -0.0192899 0.0162368 -0.0473291 0.0109373 0.0232088 -0.000927065 0.0543123 0.0221726 0.00230316 0.0137381 -0.00206854 0.024381 -0.0171341 -0.00512639 0.0139987 0.0248739 -0.00127297 -0.0150719 -0.000227851 -0.00767017 -0.0208435 -0.00646255 0.00897133 0.00241916 0.0337932 -0.000823372 -0.00299056 0.0058604 -0.0281812 -0.00108811 0.0135028 -0.0107887 0.0248598 -0.00364719 0.0209669 0.0490624 -0.0188834 0.0035476 0.00566004
internal_weight=4678 740 3938 421 395 87 308 270 221 81 46 56 140 73 49 3517 715 691 484 445 207 187 146 77 51 41 415 204 211 82 87 122 98 71 51 124 96 61 69 3494 246 3248 223 147 107 73 59 57 3206 2421 785 170 2251 339 108 231 99 69 42 146 752 716
internal_count=4678 740 3938 421 395 87 308 270 221 81 46 56 140 73 49 3517 715 691 484 445 207 187 146 77 51 41 415 204 211 82 87 122 98 71 51 124 96 61 69 3494 246 3248 223 147 107 73 59 57 3206 2421 785 170 2251 339 108 231 99 69 42 146 752 716
is_linear=0
shrinkage=0.05


end of trees

feature_importances:
jyo_cd=338
history_lap_samples=335
history_lap_min_delta=322
history_lap_avg_delta=313
history_front_avg_pci=302
history_lap_spread=296
history_front_spread=273
distance_m=269
history_front_min_pci=263
field_size=259
flexible_ratio=247
closer_ratio=240
history_front_samples=240
style_balance=229
history_front_coverage=216
front_ratio=212
history_lap_horses=195
escape_ratio=157
venue_05=117
track_cond=114
history_front_horses=79
history_lap_coverage=66
escape_competition=62
venue_04=62
venue_08=58
escape_count=56
venue_06=45
venue_09=43
front_count=41
distance_mile=28
distance_middle=21
venue_03=18
venue_10=18
distance_long=15
distance_short=13
venue_07=12
venue_02=4
venue_01=2

parameters:
[boosting: gbdt]
[objective: regression]
[metric: l1]
[tree_learner: serial]
[device_type: cpu]
[data_sample_strategy: bagging]
[data: ]
[valid: ]
[num_iterations: 500]
[learning_rate: 0.05]
[num_leaves: 63]
[num_threads: 0]
[seed: 42]
[deterministic: 0]
[force_col_wise: 0]
[force_row_wise: 0]
[histogram_pool_size: -1]
[max_depth: -1]
[min_data_in_leaf: 20]
[min_sum_hessian_in_leaf: 0.001]
[bagging_fraction: 0.8]
[pos_bagging_fraction: 1]
[neg_bagging_fraction: 1]
[bagging_freq: 5]
[bagging_seed: 400]
[bagging_by_query: 0]
[feature_fraction: 0.8]
[feature_fraction_bynode: 1]
[feature_fraction_seed: 30056]
[extra_trees: 0]
[extra_seed: 12879]
[early_stopping_round: 0]
[early_stopping_min_delta: 0]
[first_metric_only: 0]
[max_delta_step: 0]
[lambda_l1: 0]
[lambda_l2: 0]
[linear_lambda: 0]
[min_gain_to_split: 0]
[drop_rate: 0.1]
[max_drop: 50]
[skip_drop: 0.5]
[xgboost_dart_mode: 0]
[uniform_drop: 0]
[drop_seed: 17869]
[top_rate: 0.2]
[other_rate: 0.1]
[min_data_per_group: 100]
[max_cat_threshold: 32]
[cat_l2: 10]
[cat_smooth: 10]
[max_cat_to_onehot: 4]
[top_k: 20]
[monotone_constraints: ]
[monotone_constraints_method: basic]
[monotone_penalty: 0]
[feature_contri: ]
[forcedsplits_filename: ]
[refit_decay_rate: 0.9]
[cegb_tradeoff: 1]
[cegb_penalty_split: 0]
[cegb_penalty_feature_lazy: ]
[cegb_penalty_feature_coupled: ]
[path_smooth: 0]
[interaction_constraints: ]
[verbosity: -1]
[saved_feature_importance_type: 0]
[use_quantized_grad: 0]
[num_grad_quant_bins: 4]
[quant_train_renew_leaf: 0]
[stochastic_rounding: 1]
[linear_tree: 0]
[max_bin: 255]
[max_bin_by_feature: ]
[min_data_in_bin: 3]
[bin_construct_sample_cnt: 200000]
[data_random_seed: 175]
[is_enable_sparse: 1]
[enable_bundle: 1]
[use_missing: 1]
[zero_as_missing: 0]
[feature_pre_filter: 1]
[pre_partition: 0]
[two_round: 0]
[header: 0]
[label_column: ]
[weight_column: ]
[group_column: ]
[ignore_column: ]
[categorical_feature: ]
[forcedbins_filename: ]
[precise_float_parser: 0]
[parser_config_file: ]
[objective_seed: 16083]
[num_class: 1]
[is_unbalance: 0]
[scale_pos_weight: 1]
[sigmoid: 1]
[boost_from_average: 1]
[reg_sqrt: 0]
[alpha: 0.9]
[fair_c: 1]
[poisson_max_delta_step: 0.7]
[tweedie_variance_power: 1.5]
[lambdarank_truncation_level: 30]
[lambdarank_norm: 1]
[label_gain: ]
[lambdarank_position_bias_regularization: 0]
[eval_at: ]
[multi_error_top_k: 1]
[auc_mu_weights: ]
[num_machines: 1]
[local_listen_port: 12400]
[time_out: 120]
[machine_list_filename: ]
[machines: ]
[gpu_platform_id: -1]
[gpu_device_id: -1]
[gpu_device_id_list: ]
[gpu_use_dp: 0]
[num_gpu: 1]

end of parameters

pandas_categorical:null
