tree
version=v4
num_class=1
num_tree_per_iteration=1
label_index=0
max_feature_idx=38
objective=regression
feature_names=distance_m is_dirt jyo_cd escape_count front_ratio closer_ratio style_balance track_cond field_size escape_ratio front_count flexible_ratio escape_competition distance_short distance_mile distance_middle distance_long venue_01 venue_02 venue_03 venue_04 venue_05 venue_06 venue_07 venue_08 venue_09 venue_10 history_front_horses history_front_samples history_front_avg_pci history_front_min_pci history_front_spread history_front_coverage history_lap_horses history_lap_samples history_lap_avg_delta history_lap_min_delta history_lap_spread history_lap_coverage
feature_infos=[1000:2500] none [1:10] [0:5] [0:0.72727272727272729] [0:0.9375] [-0.58333333333333337:0.9375] [0:3] [5:16] [0:0.5714285714285714] [0:8] [0:0.90000000000000002] [0:0.42857142857142855] [0:1] [0:1] [0:1] [0:1] [0:1] [0:1] [0:1] [0:1] [0:1] [0:1] [0:1] [0:1] [0:1] [0:1] [0:16] [0:103] [0:111.04305555555555] [0:65.200000000000003] [0:273.89999999999998] [0:1] [0:16] [0:160] [-3.2999999999999972:7.520833333333333] [-6.6000000000000014:7.0999999999999979] [0:15.600000000000001] [0:1]
tree_sizes=2723 2812 2890 2792 2813 2864 2806 2825 2775 2797 2883 2817 2834 2898 2831 2861 2821 2866 2890 2866 2876 2834 2853 2831 2843 2870 2857 2839 2889 2893 2865 2888 2882 2895 2898 2858 2891 2876 2876 2919 2889 2921 2860 2849 2932 2856 2845 2837 2898 2903 2903 2911 2919 2918 2948 2922 2924 2936 2985 2842 2885 2847 2994 2927 2910 2866 2911 2927 2864 2908 2967 2907 2948 2936 2912 2997 2972 2897 3013 2910 2901 2950 2938 2973 2985 2969 2930 2939 2932 2909 2935 2951 2982 2908 3019 2931 2934 2929 3001 2935 3034 2945 2957 2994 3006 2894 3041 2927 3013 2965 2963 2988 2945 2963 2995 2950 2963 2969 2976 3046 2965 3025 3006 2940 2997 3000 3049 2962 2879 2964 2935 2993 2976 2944 2937 2910 2932 2943 2941 2961 2936 2973 2927 2939 3018 2944 2933 2947 3027 2968 2946 2931 2951 3029 2949 2956 2968 3034 2976 2937 2930 3098 2986 3086 2968 2997 2893 3016 2937 2916 2921 2981 2936

Tree=0
num_leaves=31
num_cat=0
split_feature=19 15 0 0 0 0 14 22 35 33 8 21 0 0 0 0 21 20 30 20 22 20 0 34 0 21 8 33 28 34
split_gain=31380.7 29227.1 31039 78999.8 4460.71 4875.01 3206.36 2767.28 1717.7 1050.01 752.39 759.023 6543.01 727.315 632.328 3704.53 607.893 584.682 498.868 445.908 389.623 387.152 337.917 283.513 258.897 516.548 208.747 205.889 205.555 197.542
threshold=1.0000000180025095e-35 1.0000000180025095e-35 1750.0000000000002 1650.0000000000002 1950.0000000000002 2050.0000000000005 1.0000000180025095e-35 1.0000000180025095e-35 2.7436746031746035 9.5000000000000018 12.500000000000002 1.0000000180025095e-35 1350.0000000000002 1350.0000000000002 1350.0000000000002 1250.0000000000002 1.0000000180025095e-35 1.0000000180025095e-35 41.355000000000011 1.0000000180025095e-35 1.0000000180025095e-35 1.0000000180025095e-35 1500.0000000000002 84.500000000000014 1175.0000000000002 1.0000000180025095e-35 10.500000000000002 14.500000000000002 11.500000000000002 38.500000000000007
decision_type=2 2 2 2 2 2 2 2 2 2 2 2 2 2 2 2 2 2 2 2 2 2 2 2 2 2 2 2 2 2
left_child=1 2 3 7 -3 26 18 8 10 -4 24 13 -13 17 15 21 -16 -12 -2 20 23 -10 -14 27 -1 -26 -6 -11 -25 -22
right_child=6 4 9 -5 5 -7 -8 -9 14 19 11 12 22 -15 16 -17 -18 -19 -20 -21 29 -23 -24 28 25 -27 -28 -29 -30 -31
leaf_value=42.104631558684389 41.491644686458088 41.198620753311047 42.178921285266625 41.177408981235686 42.11094468886413 41.385587551612659 41.177950871142876 41.793307004500527 41.997240983032874 42.104155404101952 41.988905214867351 41.280611369408746 42.085769250462562 41.868928558501885 41.841278020828213 41.31180184219324 42.077611348822408 41.84094469599507 41.846399252574855 41.999938940758412 41.992798157363396 41.811961634791878 42.002959607856496 42.310694703457337 41.954739016061154 42.135399230553645 41.894316776664468 42.009972473056649 42.142380590227248 42.071452508086729
leaf_weight=99 100 142 299 420 14.999999999999998 112 162 345 54 299 380 30 228 372 90 35 39 81 10.999999999999998 174 116 59 268 20 141 55 43 72 195 256
leaf_count=99 100 142 299 420 15 112 162 345 54 299 380 30 228 372 90 35 39 81 11 174 116 59 268 20 141 55 43 72 195 256
internal_value=41.8401 41.8721 41.9074 41.8075 41.4055 41.5783 41.3198 41.9237 41.947 42.0956 41.9663 41.9506 41.9977 41.9209 41.8318 41.7613 41.9127 41.9629 41.5268 42.0736 42.0869 41.9005 42.041 42.1124 42.0387 42.0054 41.9503 42.0859 42.158 42.0469
internal_weight=4712 4439 4127 2696 312 170 273 2276 1931 1431 1654 1359 526 833 277 148 129 461 111 1132 958 113 496 586 295 196 58 371 215 372
internal_count=4712 4439 4127 2696 312 170 273 2276 1931 1431 1654 1359 526 833 277 148 129 461 111 1132 958 113 496 586 295 196 58 371 215 372
is_linear=0
shrinkage=1


Tree=1
num_leaves=31
num_cat=0
split_feature=2 15 2 14 14 0 2 2 2 0 0 2 2 0 24 30 36 36 33 11 6 8 32 2 35 6 31 11 8 6
split_gain=44760.5 30047 28693.1 20898.4 16768 11399.4 7635.33 7202.96 1501.4 1463.98 7600.9 3028.6 2658.26 790.149 518.388 450.228 351.76 316.091 245.625 215.699 207.713 194.003 192.135 166.652 162.524 156.042 137.615 189.502 153.551 139.452
threshold=3.5000000000000004 1.0000000180025095e-35 9.5000000000000018 1.0000000180025095e-35 1.0000000180025095e-35 1500.0000000000002 8.5000000000000018 2.5000000000000004 6.5000000000000009 1350.0000000000002 1250.0000000000002 6.5000000000000009 6.5000000000000009 2050.0000000000005 1.0000000180025095e-35 41.355000000000011 -0.95000000000000007 -0.06999999999999991 9.5000000000000018 0.25833333333333336 0.57738095238095244 15.500000000000002 0.087121212121212141 5.5000000000000009 2.2373970734126991 0.24038461538461542 9.8083333333333353 0.12916666666666668 12.500000000000002 0.57738095238095244
decision_type=2 2 2 2 2 2 2 2 2 2 2 2 2 2 2 2 2 2 2 2 2 2 2 2 2 2 2 2 2 2
left_child=3 2 5 7 -4 9 13 22 16 10 12 20 -2 -3 18 -9 19 24 -10 -7 -11 -8 -1 -21 25 -16 28 -28 29 -18
right_child=1 6 4 -5 -6 8 21 15 14 11 -12 -13 -14 -15 17 -17 26 -19 -20 23 -22 -23 -24 -25 -26 -27 27 -29 -30 -31
leaf_value=0.47610882412303579 -0.030842057919088506 -0.60725497930822236 0.17273055607171653 -0.62586884598982973 -0.62988530332499215 0.20728665179573003 0.16332055482946869 -0.32888224250078202 0.36266577484968465 0.22071109228522154 -0.51340876836043137 0.032219642578696896 0.14208281045172605 -0.42963652770434113 0.21443421117340528 0.0081345994364131584 0.33876170442914066 0.3023182560602824 0.28794799345456551 0.092604063515630386 0.34574385199409269 -0.041278318452532409 0.25561156770617693 0.16954788715475136 0.26595312576544916 0.095175632101017982 0.33707201116614871 0.16708839688837307 0.21807411132288224 0.15601698339988407
leaf_weight=10.999999999999998 497 142 96 380 202 130 42 100 152 224 65 538 402 112 48 10.999999999999998 53 75 398 147 39 15.999999999999998 97 135 38 64 18 184 283 12.999999999999998
leaf_count=11 497 142 96 380 202 130 42 100 152 224 65 538 402 112 48 11 53 75 398 147 39 16 97 135 38 64 18 184 283 13
internal_value=0.00214833 0.060958 0.0996766 -0.401665 -0.371324 0.139745 -0.410739 -0.0126357 0.230639 0.0502406 0.00873155 0.100197 0.0464836 -0.528935 0.282442 -0.295484 0.188949 0.218507 0.308597 0.154002 0.239252 0.106879 0.27807 0.129439 0.176602 0.146286 0.21508 0.182235 0.23409 0.302767
internal_weight=4712 4113 3801 599 298 3503 312 219 1738 1765 964 801 899 254 775 111 963 225 550 412 263 58 108 282 150 112 551 202 349 66
internal_count=4712 4113 3801 599 298 3503 312 219 1738 1765 964 801 899 254 775 111 963 225 550 412 263 58 108 282 150 112 551 202 349 66
is_linear=0
shrinkage=0.05


Tree=2
num_leaves=31
num_cat=0
split_feature=2 15 2 13 13 13 2 16 2 2 22 35 2 21 33 36 24 21 8 5 35 36 36 37 8 37 34 8 30 35
split_gain=40396.3 27117.4 25895.5 13548.3 13192.4 10287.9 6890.89 6360.13 6338.44 1355.01 1343.13 1158.71 713.109 637.895 474.608 506.563 467.846 408.895 374.455 341.969 322.986 317.463 285.273 230.922 227.856 223.701 205.521 181.49 174.866 146.678
threshold=3.5000000000000004 1.0000000180025095e-35 9.5000000000000018 1.0000000180025095e-35 1.0000000180025095e-35 1.0000000180025095e-35 8.5000000000000018 1.0000000180025095e-35 2.5000000000000004 6.5000000000000009 1.0000000180025095e-35 2.7436746031746035 6.5000000000000009 1.0000000180025095e-35 13.500000000000002 0.9800000000000012 1.0000000180025095e-35 1.0000000180025095e-35 12.500000000000002 0.70714285714285718 2.9823657407407409 -0.95000000000000007 -0.06999999999999991 4.0725000000000025 10.500000000000002 4.0333333333333377 113.50000000000001 10.500000000000002 41.562500000000007 2.2373970734126991
decision_type=2 2 2 2 2 2 2 2 2 2 2 2 2 2 2 2 2 2 2 2 2 2 2 2 2 2 2 2 2 2
left_child=3 2 5 7 18 9 12 -1 -5 21 11 17 -3 -13 25 20 24 23 28 26 -16 -2 29 -7 -11 -15 -19 -8 -4 -18
right_child=1 6 4 8 -6 10 27 -9 -10 16 -12 13 -14 14 15 -17 22 19 -20 -21 -22 -23 -24 -25 -26 -27 -28 -29 -30 -31
leaf_value=-0.59457540446206147 0.14630236830709992 -0.40815468997295412 -0.56404284795125326 0.25021137425774026 0.15704370315155289 0.10168742906420608 0.25128673573335009 0.34281590314287891 -0.31345187243961159 0.35072338254624652 -0.040760934181187466 0.017384445118876372 -0.5768922335664991 -0.14541823148727412 0.014666135311126705 -0.51063395227704733 0.13897213073380824 0.10070910966728588 -0.60190661037669468 0.31683999093679283 -0.33335641821225487 0.20432607837977607 0.287202350328366 0.050946812782478257 0.27517259372131531 0.18133308237249202 0.21079621553421021 0.049296712914351809 -0.34642015186448893 0.2526554704533498
leaf_weight=380 412 112 14.999999999999998 95 89 412 14.999999999999998 19 105 131 345 188 142 10.000000000000002 15.000000000000002 13.999999999999998 112 185 170 26 11.999999999999998 551 75 492 419 10.999999999999998 55 43 24 38
leaf_count=380 412 112 15 95 89 412 15 19 105 131 345 188 142 10 15 14 112 185 170 26 12 551 75 492 419 11 55 43 24 38
internal_value=0.00204091 0.0579101 0.0946928 -0.381582 -0.352758 0.132757 -0.390202 -0.549938 -0.0457118 0.219107 0.0477286 0.0692278 -0.502488 -0.0284816 -0.167559 -0.266565 0.26832 0.0901059 -0.569851 0.144597 -0.140011 0.179502 0.207582 0.074072 0.293167 0.0257372 0.125937 0.101536 -0.430121 0.167772
internal_weight=4712 4113 3801 599 298 3503 312 399 200 1738 1765 1420 254 250 62 41 775 1170 209 266 27 963 225 904 550 21 240 58 39 150
internal_count=4712 4113 3801 599 298 3503 312 399 200 1738 1765 1420 254 250 62 41 775 1170 209 266 27 963 225 904 550 21 240 58 39 150
is_linear=0
shrinkage=0.05


Tree=3
num_leaves=31
num_cat=0
split_feature=2 15 2 0 0 0 2 0 0 0 0 2 2 2 0 33 24 8 36 35 8 6 11 2 8 30 6 29 32 3
split_gain=36457.7 24473.5 23370.7 16269.6 11906.1 9284.85 6219.03 5071.13 2347.11 1222.94 6684.42 2630.5 2270.64 1222.9 643.581 443.452 395.182 337.946 291.882 271.237 168.649 166.958 165.213 178.049 159.581 157.817 135.569 146.766 134.043 131.136
threshold=3.5000000000000004 1.0000000180025095e-35 9.5000000000000018 1075.0000000000002 1650.0000000000002 1500.0000000000002 8.5000000000000018 2250.0000000000005 1650.0000000000002 1350.0000000000002 1250.0000000000002 6.5000000000000009 6.5000000000000009 6.5000000000000009 2050.0000000000005 9.5000000000000018 1.0000000180025095e-35 12.500000000000002 -0.26666666666666466 2.2373970734126991 15.500000000000002 0.57738095238095244 0.25833333333333336 5.5000000000000009 10.500000000000002 41.562500000000007 0.68990384615384626 47.485416666666673 0.32291666666666669 1.0000000180025095e-35
decision_type=2 2 2 2 2 2 2 2 2 2 2 2 2 2 2 2 2 2 2 2 2 2 2 2 2 2 2 2 2 2
left_child=3 2 5 -1 -4 9 14 8 -5 10 12 21 -2 18 -3 -15 26 25 22 -18 29 -11 -7 -24 -20 -6 27 -17 -29 -8
right_child=1 6 4 7 17 13 20 -9 -10 11 -12 -13 -14 15 -16 16 19 -19 24 -21 -22 -23 23 -25 -26 -27 -28 28 -30 -31
leaf_value=0.23770080632285071 -0.028659045458087319 -0.54804763390984335 0.14919152154765103 -0.29777926669234323 -0.53584069887797037 0.18573377739510263 0.23332105123183947 0.32567510546038025 -0.56484661312479723 0.20397225155746646 -0.48224706356342023 0.027648843717990708 0.13116153073381281 0.31776266293328947 -0.3877469566783735 0.21694724563064069 0.11987448867027449 -0.57181127660414754 0.31643212725718817 0.24999951781355778 -0.041679239286168013 0.31606941849757464 0.10064149508168836 0.16808483610302211 0.19601602707091856 -0.32909914491077269 0.40691561679045363 0.23030043901985187 0.31000795131750247 0.056420571506023413
leaf_weight=95 497 142 89 105 14.999999999999998 204 22 19 380 224 65 538 402 206 112 159 107 170 30 64 15.999999999999998 39 222 175 332 24 14.999999999999998 85 139 20
leaf_count=95 497 142 89 105 15 204 22 19 380 224 65 538 402 206 112 159 107 170 30 64 16 39 222 175 332 24 15 85 139 20
internal_value=0.00193887 0.0550146 0.0899581 -0.362503 -0.33512 0.12612 -0.370692 -0.475636 -0.507028 0.0453422 0.00740387 0.0910007 0.0428069 0.208152 -0.477364 0.254904 0.232147 -0.541358 0.170527 0.168576 0.0964587 0.220595 0.149163 0.130371 0.205995 -0.408615 0.25946 0.253685 0.279762 0.149083
internal_weight=4712 4113 3801 599 298 3503 312 504 485 1765 964 801 899 1738 254 775 569 209 963 171 58 263 601 397 362 39 398 383 224 42
internal_count=4712 4113 3801 599 298 3503 312 504 485 1765 964 801 899 1738 254 775 569 209 963 171 58 263 601 397 362 39 398 383 224 42
is_linear=0
shrinkage=0.05


Tree=4
num_leaves=31
num_cat=0
split_feature=2 15 2 14 14 0 2 2 0 0 2 2 2 0 24 30 36 36 8 11 32 8 6 2 8 8 34 8 6 36
split_gain=32903.1 22087.3 21092.1 15362.2 12580.3 8379.57 5612.67 5306.47 1103.7 6032.69 2374.02 2049.25 1103.66 580.832 386.069 322.571 267.807 239.774 193.452 181.017 170.876 154.949 150.679 136.846 117.856 115.486 110.777 118.156 114.537 103.662
threshold=3.5000000000000004 1.0000000180025095e-35 9.5000000000000018 1.0000000180025095e-35 1.0000000180025095e-35 1500.0000000000002 8.5000000000000018 2.5000000000000004 1350.0000000000002 1250.0000000000002 6.5000000000000009 6.5000000000000009 6.5000000000000009 2050.0000000000005 1.0000000180025095e-35 41.355000000000011 -0.95000000000000007 -0.06999999999999991 10.500000000000002 0.25833333333333336 0.087121212121212141 10.500000000000002 0.57738095238095244 5.5000000000000009 10.500000000000002 15.500000000000002 140.50000000000003 11.500000000000002 0.26969696969696971 0.96666666666666667
decision_type=2 2 2 2 2 2 2 2 2 2 2 2 2 2 2 2 2 2 2 2 2 2 2 2 2 2 2 2 2 2
left_child=3 2 5 7 -4 8 13 20 9 11 22 25 16 24 18 -9 19 -16 -14 -7 -1 -8 -10 -21 -3 -2 27 28 -12 -5
right_child=1 6 4 29 -6 12 21 15 10 -11 26 -13 14 -15 17 -17 -18 -19 -20 23 -22 -23 -24 -25 -26 -27 -28 -29 -30 -31
leaf_value=0.42544533339413731 -0.0012574691210023086 -0.43445031873641482 0.15288053815408301 -0.54757473417110858 -0.54232230044827601 0.18032051155057094 0.23000469068686169 -0.28187656402587891 0.19377364102983849 -0.45813472674443179 0.028245869073374522 0.12460345610193167 0.31776349021847011 -0.36835961576019016 0.1504862463163833 0.003387915546243841 0.18480069162729729 0.25997921465337276 0.24814966405655184 0.075626667036491194 0.21750455712995578 0.043367580428372986 0.30026594366018594 0.14535113516367146 -0.54471769332885744 -0.049596069429125568 0.10525947243384109 0.011596237025088246 0.18157318291209995 -0.47443855729019435
leaf_weight=10.999999999999998 230 31 96 323 202 130 14.999999999999998 100 224 65 29 402 131 112 150 10.999999999999998 551 75 419 147 97 43 39 135 111 267 41 447 21 57
leaf_count=11 230 31 96 323 202 130 15 100 224 65 29 402 131 112 150 11 551 75 419 147 97 43 39 135 111 267 41 447 21 57
internal_value=0.00184192 0.0522639 0.0854602 -0.344378 -0.318364 0.119814 -0.352157 -0.0108336 0.043075 0.00703368 0.0864507 0.0406665 0.197744 -0.453496 0.242159 -0.253607 0.162 0.186984 0.26473 0.131508 0.238684 0.0916358 0.209565 0.109005 -0.520645 -0.0272261 0.0262664 0.0197499 0.0926433 -0.536604
internal_weight=4712 4113 3801 599 298 3503 312 219 1765 964 801 899 1738 254 775 111 963 225 550 412 108 58 263 282 142 497 538 497 50 380
internal_count=4712 4113 3801 599 298 3503 312 219 1765 964 801 899 1738 254 775 111 963 225 550 412 108 58 263 282 142 497 538 497 50 380
is_linear=0
shrinkage=0.05


Tree=5
num_leaves=31
num_cat=0
split_feature=2 15 2 13 13 13 2 2 33 35 2 21 2 33 29 36 2 21 36 4 30 2 6 35 6 32 35 9 34 37
split_gain=29251.3 19831.7 19200.7 9531.35 9359.16 7378.89 4726.53 4473.86 838.717 570.218 562.901 470.002 1001.03 458.04 427.706 379.5 369.673 334.76 262.931 246.755 246.722 246.469 241.43 239.893 235.362 210.81 202.039 221.901 201.781 179.275
threshold=3.5000000000000004 1.0000000180025095e-35 9.5000000000000018 1.0000000180025095e-35 1.0000000180025095e-35 1.0000000180025095e-35 8.5000000000000018 2.5000000000000004 11.500000000000002 2.7436746031746035 6.5000000000000009 1.0000000180025095e-35 6.5000000000000009 11.500000000000002 49.479166666666671 -1.4000000000000015 5.5000000000000009 1.0000000180025095e-35 1.1874999999999993 0.19375000000000003 40.57500000000001 6.5000000000000009 0.65476190476190488 1.8273263888888895 0.65476190476190488 0.13809523809523813 2.9823657407407409 1.0000000180025095e-35 70.500000000000014 9.0000000000000036
decision_type=2 2 2 2 2 2 2 2 2 2 2 2 2 2 2 2 2 2 2 2 2 2 2 2 2 2 2 2 2 2
left_child=3 2 5 13 20 8 10 -5 21 11 -3 12 -7 14 -1 19 24 -11 26 -13 -4 -2 -17 -18 -10 -23 -19 -28 -20 -25
right_child=1 6 4 7 -6 9 -8 -9 16 17 -12 15 -14 -15 -16 22 23 18 28 -21 -22 25 -24 29 -26 -27 27 -29 -30 -31
leaf_value=-0.41505601652737323 0.1933574837695618 -0.33726490755594268 -0.56713354045694531 0.20252055646257197 0.13510196620708004 -0.029198953595733795 0.073364410393364859 -0.27129510416174835 0.11012116783136919 0.0082677981416868461 -0.4914271258111847 0.052404409497976305 0.07255237328981344 -0.50032019808459971 -0.087121495604515084 0.12813642214194104 0.14838742425046322 0.059583333202383737 -0.10856268420815465 -0.21177207719195976 -0.45026238923306239 0.3139052808639925 0.2999579552723014 0.21531102910487718 0.25157284596061802 0.23307789155008163 0.034268791675567616 -0.26980166594187421 -0.42619495868682861 0.10023665545961342
leaf_weight=58 236 97 66 94 85 346 57 106 363 295 152 45 802 313 11.999999999999998 184 319 22 10.000000000000002 10.999999999999998 143 118 23 397 32 255 10.000000000000002 14.999999999999998 9.9999999999999982 37
leaf_count=58 236 97 66 94 85 346 57 106 363 295 152 45 802 313 12 184 319 22 10 11 143 118 23 397 32 255 10 15 10 37
internal_value=0.0031696 0.0499704 0.0809643 -0.328369 -0.307261 0.113298 -0.337352 -0.0486017 0.185916 0.041335 -0.431372 0.0556974 0.0418852 -0.474462 -0.358839 0.115988 0.160755 -0.0146466 -0.115539 0.0005126 -0.487169 0.233347 0.147228 0.181305 0.121581 0.258648 -0.0509256 -0.148173 -0.267379 0.205501
internal_weight=4713 4130 3824 583 294 3530 306 200 1757 1773 249 1411 1148 383 70 263 1148 362 67 56 209 609 207 753 395 373 47 25 20 434
internal_count=4713 4130 3824 583 294 3530 306 200 1757 1773 249 1411 1148 383 70 263 1148 362 67 56 209 609 207 753 395 373 47 25 20 434
is_linear=0
shrinkage=0.05


Tree=6
num_leaves=31
num_cat=0
split_feature=2 15 2 14 14 14 2 2 0 0 21 2 33 0 23 8 2 2 5 32 3 8 22 31 35 2 27 30 8 11
split_gain=26399.3 17898.1 17328.7 11753.5 10253.6 6669.82 4265.69 4180.08 1007.95 5325.57 1753.43 1626.64 854.121 508.018 335.491 227.722 203.363 180.816 173.412 170.476 147.51 131.95 131.469 273.806 121.83 123.121 119.184 114.265 113.417 107.132
threshold=3.5000000000000004 1.0000000180025095e-35 9.5000000000000018 1.0000000180025095e-35 1.0000000180025095e-35 1.0000000180025095e-35 8.5000000000000018 2.5000000000000004 1350.0000000000002 1250.0000000000002 1.0000000180025095e-35 6.5000000000000009 11.500000000000002 2050.0000000000005 1.0000000180025095e-35 12.500000000000002 8.5000000000000018 8.5000000000000018 0.60769230769230786 0.36038961038961043 1.0000000180025095e-35 10.500000000000002 1.0000000180025095e-35 8.0083333333333346 1.8452170138888886 4.5000000000000009 1.5000000000000002 44.172222222222224 15.500000000000002 0.31009615384615391
decision_type=2 2 2 2 2 2 2 2 2 2 2 2 2 2 2 2 2 2 2 2 2 2 2 2 2 2 2 2 2 2
left_child=3 2 5 7 -4 8 13 19 9 11 22 28 17 21 16 -9 18 -7 24 -1 -15 -3 27 -24 -14 -26 -19 -10 -2 -16
right_child=1 6 4 -5 -6 12 -8 15 10 -11 -12 -13 14 20 29 -17 -18 26 -20 -21 -22 -23 23 -25 25 -27 -28 -29 -30 -31
leaf_value=0.34690208567513364 0.0019705454188135431 -0.37839104734699835 0.14564081226354061 -0.48418268532129338 -0.49117270238918831 0.20985586304862822 0.069696191149322614 -0.070458703446719381 0.031863313066022435 -0.43083274061863241 0.18728189290694472 0.10928787799692 0.093978294531861656 -0.26062124824151395 0.28729595423862342 -0.26475128976888557 0.19303198612261829 0.34571984955450386 0.16789935406094658 0.17785774869309076 -0.38399783702606854 -0.49138799034246877 -0.054405583576722566 0.26964791947975758 0.087908776141703129 0.15829129018760346 0.24620036700229467 -0.050754356732510997 -0.045374079400983952 0.19118046625044899
leaf_weight=18 238 33 92 367 202 446 57 18 464 65 265 426 278 50 50 93 168 41 248 87 47 119 11.000000000000002 15.999999999999998 85 231 113 46 270 69
leaf_count=18 238 33 92 367 202 446 57 18 464 65 265 426 278 50 50 93 168 41 248 87 47 119 11 16 85 231 113 46 270 69
internal_value=0.00301112 0.0474718 0.0769161 -0.311951 -0.291898 0.107633 -0.320485 -0.019316 0.040292 0.00677727 0.0820393 0.0372319 0.177779 -0.409803 0.15216 -0.233244 0.142804 0.225985 0.132782 0.206837 -0.320402 -0.466856 0.0301039 0.137626 0.11812 0.139359 0.272696 0.0244115 -0.0231929 0.231565
internal_weight=4713 4130 3824 583 294 3530 306 216 1801 999 802 934 1729 249 1129 111 1010 600 842 105 97 152 537 27 594 316 154 510 508 119
internal_count=4713 4130 3824 583 294 3530 306 216 1801 999 802 934 1729 249 1129 111 1010 600 842 105 97 152 537 27 594 316 154 510 508 119
is_linear=0
shrinkage=0.05


Tree=7
num_leaves=31
num_cat=0
split_feature=15 0 0 25 0 0 21 0 0 24 25 33 0 23 23 36 6 25 11 37 34 30 37 11 3 29 5 34 6 8
split_gain=12362.9 20603.4 47535.7 3849.78 1805.23 4725.26 1789.34 1312.32 3009.84 622.258 529.386 484.724 458.486 418.839 227.205 204.443 212.214 165.343 164.753 182.05 136.291 134.527 145.117 138.887 133.128 130.743 133.408 130.312 125.875 124.812
threshold=1.0000000180025095e-35 1750.0000000000002 1650.0000000000002 1.0000000180025095e-35 1350.0000000000002 1250.0000000000002 1.0000000180025095e-35 1075.0000000000002 1175.0000000000002 1.0000000180025095e-35 1.0000000180025095e-35 11.500000000000002 2050.0000000000005 1.0000000180025095e-35 1.0000000180025095e-35 -0.26666666666666466 0.65476190476190488 1.0000000180025095e-35 0.18465909090909094 7.5366666666666688 143.50000000000003 49.875000000000007 5.5929166666666648 0.48333333333333339 1.0000000180025095e-35 47.431349206349218 0.25833333333333336 95.500000000000014 0.18465909090909094 10.500000000000002
decision_type=2 2 2 2 2 2 2 2 2 2 2 2 2 2 2 2 2 2 2 2 2 2 2 2 2 2 2 2 2 2
left_child=1 2 4 12 5 7 20 -1 -9 10 13 17 -2 -10 18 16 -8 21 -13 25 -6 22 29 -24 -14 -20 -27 -16 -4 -3
right_child=3 11 28 -5 6 -7 15 8 9 -11 -12 14 24 -15 27 -17 -18 -19 19 -21 -22 -23 23 -25 -26 26 -28 -29 -30 -31
leaf_value=0.1532862440542469 -0.44351299122760174 0.26333331420829292 -0.51119763806601559 0.06621137983574156 0.018506825440456769 -0.40929111013045677 0.11493513751464904 -0.24577584520755513 -0.022033289581304419 0.13967735355554689 0.098124927495325198 0.21582040906650946 -0.24759019070863728 0.077636839291851112 0.17991093526283899 0.18622774609476911 0.26118453067761882 0.25906102173997986 0.1252318192750779 0.094094629590000423 0.13198463556888915 0.35026025133473532 0.17145253976543004 0.023048230902188355 -0.36479794142094069 0.32026866555213929 0.16724129158752502 0.28829811342399231 -0.45101340175707105 0.1884994849365364
leaf_weight=179 152 89 107 57 481 65 305 106 508 124 169 76 50 133 75 257 27 154 238 175 28 13.999999999999998 127 18 47 14.999999999999998 282 44 462 149
leaf_count=179 152 89 107 57 481 65 305 106 508 124 169 76 50 133 75 257 27 154 238 175 28 14 127 18 47 15 282 44 462 149
internal_value=0.00286056 0.0241994 -0.0517395 -0.304461 0.0463405 0.00608876 0.0934108 0.0282378 0.00671505 0.0353703 0.0194023 0.178111 -0.389313 -0.0013529 0.155601 0.152747 0.126829 0.215084 0.145853 0.138363 0.0247492 0.198025 0.192461 0.15303 -0.304382 0.152843 0.17497 0.219987 -0.462331 0.216484
internal_weight=4713 4407 2951 306 2382 1284 1098 1219 1040 934 810 1456 249 641 905 589 332 551 786 710 509 397 383 145 97 535 297 119 569 238
internal_count=4713 4407 2951 306 2382 1284 1098 1219 1040 934 810 1456 249 641 905 589 332 551 786 710 509 397 383 145 97 535 297 119 569 238
is_linear=0
shrinkage=0.05


Tree=8
num_leaves=31
num_cat=0
split_feature=2 15 2 14 14 14 2 2 0 0 2 2 33 0 2 8 6 35 32 2 37 8 32 34 35 5 0 3 34 3
split_gain=21425.2 14571.8 14146.7 9618.71 8332.94 5409.93 3474.43 3433.87 825.38 4337.71 1433.11 1324.91 708.498 413.784 294.29 196.022 193.935 193.845 153.222 145.739 133.579 163.303 145.305 169.841 145.035 133.539 190.851 160.651 123.003 120.148
threshold=3.5000000000000004 1.0000000180025095e-35 9.5000000000000018 1.0000000180025095e-35 1.0000000180025095e-35 1.0000000180025095e-35 8.5000000000000018 2.5000000000000004 1350.0000000000002 1250.0000000000002 6.5000000000000009 6.5000000000000009 11.500000000000002 2050.0000000000005 5.5000000000000009 12.500000000000002 0.65476190476190488 1.8273263888888895 0.36038961038961043 8.5000000000000018 7.2000000000000028 11.500000000000002 0.095454545454545472 16.500000000000004 0.11578869047619018 0.65476190476190488 2250.0000000000005 1.0000000180025095e-35 143.50000000000003 1.0000000180025095e-35
decision_type=2 2 2 2 2 2 2 2 2 2 2 2 2 2 2 2 2 2 2 2 2 2 2 2 2 2 2 2 2 2
left_child=3 2 5 7 -4 8 13 18 9 11 25 -2 19 -3 16 -9 -14 -16 -1 20 21 22 -7 -24 -23 26 -10 -27 -12 -15
right_child=1 6 4 -5 -6 12 -8 15 10 -11 28 -13 14 29 17 -17 -18 -19 -20 -21 -22 24 23 -25 -26 27 -28 -29 -30 -31
leaf_value=0.32146654857529539 -0.020931625426526906 -0.42133734049275517 0.13053895140309699 -0.43683252216847129 -0.44354200853717213 0.32711313664913177 0.0629008126763725 -0.05916149351331923 0.15668065601223433 -0.3888265508413315 0.017581483437205333 0.098632308839439936 0.091733261044701628 -0.23521067398786544 0.12635311507196589 -0.23942439903815591 0.22013435268308967 0.17818849173071516 0.16120493005196454 0.24610797004266219 0.13709424518048763 0.19731437708809973 0.072996857605482399 0.23155593075544428 0.090038115361138538 0.31900851525090362 -0.027785313228766123 0.15766602898171794 0.12538540408547436 -0.34655804735548956
leaf_weight=18 508 152 92 367 202 34 57 18 215 65 481 426 363 50 319 93 32 415 87 154 95 100 19 152 46 27 14.999999999999998 36 28 47
leaf_count=18 508 152 92 367 202 34 57 18 215 65 481 426 363 50 319 93 32 415 87 154 95 100 19 152 46 27 15 36 28 47
internal_value=0.00271754 0.0427713 0.0693389 -0.281025 -0.263898 0.0970929 -0.289238 -0.016297 0.0364445 0.00611649 0.0742223 0.0336018 0.160267 -0.369848 0.136934 -0.210193 0.102135 0.155661 0.188678 0.204172 0.189692 0.203927 0.232709 0.213938 0.163515 0.162317 0.14465 0.226813 0.0235118 -0.289162
internal_weight=4713 4130 3824 583 294 3530 306 216 1801 999 802 934 1729 249 1129 111 395 734 105 600 446 351 205 171 146 293 230 63 509 97
internal_count=4713 4130 3824 583 294 3530 306 216 1801 999 802 934 1729 249 1129 111 395 734 105 600 446 351 205 171 146 293 230 63 509 97
is_linear=0
shrinkage=0.05


Tree=9
num_leaves=31
num_cat=0
split_feature=2 15 2 14 14 14 2 2 0 0 21 2 33 0 23 30 34 2 27 8 2 34 8 34 11 3 27 34 29 27
split_gain=19336.3 13151 12767.4 8680.88 7520.48 4882.46 3135.67 3099.06 744.906 3914.79 1308.67 1195.73 639.419 373.44 267.347 195.683 175.088 154.268 139.048 132.626 131.529 119.564 119.085 114.813 120.933 108.433 107.563 107.824 106.736 106.624
threshold=3.5000000000000004 1.0000000180025095e-35 9.5000000000000018 1.0000000180025095e-35 1.0000000180025095e-35 1.0000000180025095e-35 8.5000000000000018 2.5000000000000004 1350.0000000000002 1250.0000000000002 1.0000000180025095e-35 6.5000000000000009 11.500000000000002 2050.0000000000005 1.0000000180025095e-35 41.292857142857152 56.500000000000007 8.5000000000000018 4.5000000000000009 14.500000000000002 8.5000000000000018 136.50000000000003 10.500000000000002 95.500000000000014 0.24038461538461542 1.0000000180025095e-35 1.5000000000000002 69.500000000000014 47.300833333333337 11.500000000000002
decision_type=2 2 2 2 2 2 2 2 2 2 2 2 2 2 2 2 2 2 2 2 2 2 2 2 2 2 2 2 2 2
left_child=3 2 5 7 -4 8 13 18 9 11 21 -2 20 22 16 -9 17 -14 -1 -18 -7 29 -3 24 -16 -15 -22 -28 -29 -10
right_child=1 6 4 -5 -6 12 -8 15 10 -11 -12 -13 14 25 23 -17 19 -19 -20 -21 26 -23 -24 -25 -26 -27 27 28 -30 -31
leaf_value=0.28217215609550478 -0.019885043129984906 -0.31622898138382216 0.12401200427936956 -0.41499089940935785 -0.42136490330616438 0.18020697548195111 0.059755769254345649 -0.22279605778178785 0.023556234894538779 -0.36938522144005853 0.16143158921321749 0.093700692932090851 0.086100901278348685 -0.22345014274120334 0.28062750802320591 -0.0089998120442032811 0.17543852659496104 0.16161537802687326 0.14707951884251089 0.12327543785782527 0.30317539863470122 0.094788576423057491 -0.42357607548978149 0.26509159476580946 0.12898032303642612 -0.32923014772699233 0.17860142507181481 0.15361961841583249 0.35209006581987656 -0.075345134812182399
leaf_weight=25 508 33 92 367 202 446 57 99 452 65 265 426 386 50 17 11.999999999999998 185 82 80 357 41 56 119 44 58 47 82 10.000000000000002 21 29
leaf_count=25 508 33 92 367 202 446 57 99 452 65 265 426 386 50 17 12 185 82 80 357 41 56 119 44 58 47 82 10 21 29
internal_value=0.00258166 0.0406327 0.065872 -0.266974 -0.250703 0.0922383 -0.274776 -0.0154821 0.0346223 0.00581066 0.0705111 0.0319217 0.152254 -0.351355 0.130087 -0.199683 0.121736 0.0993321 0.179244 0.14108 0.193963 0.0256435 -0.40027 0.200971 0.163354 -0.274704 0.233803 0.208632 0.288067 0.0175934
internal_weight=4713 4130 3824 583 294 3530 306 216 1801 999 802 934 1729 249 1129 111 1010 468 105 542 600 537 152 119 75 97 154 113 31 481
internal_count=4713 4130 3824 583 294 3530 306 216 1801 999 802 934 1729 249 1129 111 1010 468 105 542 600 537 152 119 75 97 154 113 31 481
is_linear=0
shrinkage=0.05


Tree=10
num_leaves=31
num_cat=0
split_feature=19 15 0 0 25 14 22 8 0 0 0 25 23 33 20 24 20 0 8 34 24 22 33 5 8 20 27 36 34 6
split_gain=10494 11012.4 11232.4 29034.6 3136.65 1091.83 993.471 487.395 534.751 3813.33 436.318 393.623 464.326 355.099 261.888 209.071 193.616 190.077 186.211 183.994 216.657 223.215 218.816 174.716 172.859 171.448 166.301 156.49 139.414 128.099
threshold=1.0000000180025095e-35 1.0000000180025095e-35 1750.0000000000002 1650.0000000000002 1.0000000180025095e-35 1.0000000180025095e-35 1.0000000180025095e-35 14.500000000000002 1350.0000000000002 1250.0000000000002 2050.0000000000005 1.0000000180025095e-35 1.0000000180025095e-35 9.5000000000000018 1.0000000180025095e-35 1.0000000180025095e-35 1.0000000180025095e-35 1500.0000000000002 11.500000000000002 86.500000000000014 1.0000000180025095e-35 1.0000000180025095e-35 14.500000000000002 0.34523809523809529 10.500000000000002 1.0000000180025095e-35 4.5000000000000009 1.0275000000000003 38.500000000000007 0.36038961038961043
decision_type=2 2 2 2 2 2 2 2 2 2 2 2 2 2 2 2 2 2 2 2 2 2 2 2 2 2 2 2 2 2
left_child=1 2 3 6 10 18 7 25 9 16 -3 12 15 -4 19 17 -9 -10 -2 20 21 22 27 -16 -6 -1 -21 -15 29 -23
right_child=5 4 13 -5 24 -7 -8 8 11 -11 -12 -13 -14 14 23 -17 -18 -19 -20 26 -22 28 -24 -25 -26 -27 -28 -29 -30 -31
leaf_value=0.10987046760827418 0.0080801584503867423 -0.39166135674244479 0.20376244645069891 -0.39576572368750762 0.19898203260758346 -0.39631060074642299 -0.024898241489245784 0.083348126896539823 0.15159404302714394 -0.36300806530186391 -0.26092262740162286 -0.0033337081056730501 0.0046491612437302657 0.2032383520843371 -0.091346647533086633 0.038549196599249512 0.0022202822944205817 0.088796085113859627 -0.20922351231700498 0.3648993417620659 0.066673293469571751 -0.00074974973453208801 0.087938500539367581 0.099392041979227103 0.010646145487594051 0.018305753973046585 0.17532844316758078 0.0014961406588554383 0.14936679416700549 0.11084806478271883
leaf_weight=587 10.999999999999998 152 293 429 17 150 353 286 240 61 110 145 138 248 12.999999999999998 94 99 242 95 11.999999999999998 95 40 58 157 43 56 322 9.9999999999999982 115 72
leaf_count=587 11 152 293 429 17 150 353 286 240 61 110 145 138 248 13 94 99 242 95 12 95 40 58 157 43 56 322 10 115 72
internal_value=0.00185972 0.0196244 0.0414041 -0.0181269 -0.262092 -0.309508 0.0522803 0.0662659 0.0487103 0.00429121 -0.336771 0.071773 0.0870258 0.154658 0.14206 0.106762 0.0624867 0.120065 -0.186673 0.152073 0.136333 0.148521 0.175691 0.0848061 0.064008 0.101896 0.182139 0.195419 0.110697 0.0709917
internal_weight=4743 4487 4165 2730 322 256 2301 1948 1305 446 262 859 714 1435 1142 576 385 482 106 972 638 543 316 170 60 643 334 258 227 112
internal_count=4743 4487 4165 2730 322 256 2301 1948 1305 446 262 859 714 1435 1142 576 385 482 106 972 638 543 316 170 60 643 334 258 227 112
is_linear=0
shrinkage=0.05


Tree=11
num_leaves=31
num_cat=0
split_feature=15 0 0 0 0 0 0 0 0 22 20 20 23 8 5 30 34 35 35 37 5 8 11 37 30 34 30 28 5 8
split_gain=8688.48 13865.4 32179.3 1744.87 1479.73 1025.77 3478.76 962.019 1958.15 700.991 327.012 297.299 273.693 273.074 191.876 171.585 169.021 213.294 180.09 165.278 189.807 156.005 140.755 195.856 140.168 161.078 135.052 114.677 112.764 110.567
threshold=1.0000000180025095e-35 1750.0000000000002 1650.0000000000002 1950.0000000000002 2050.0000000000005 1350.0000000000002 1250.0000000000002 1075.0000000000002 1175.0000000000002 1.0000000180025095e-35 1.0000000180025095e-35 1.0000000180025095e-35 1.0000000180025095e-35 13.500000000000002 0.63961038961038974 34.425000000000004 39.500000000000007 2.9066319444444448 3.2129166666666675 4.7158928571428582 0.34523809523809529 10.500000000000002 0.18465909090909094 8.2550000000000043 34.425000000000004 58.500000000000007 44.991666666666681 3.5000000000000004 0.36038961038961043 11.500000000000002
decision_type=2 2 2 2 2 2 2 2 2 2 2 2 2 2 2 2 2 2 2 2 2 2 2 2 2 2 2 2 2 2
left_child=1 2 5 -2 21 6 7 -1 -9 11 13 28 14 15 24 -3 17 -17 27 -12 -21 -5 -15 -24 -7 -26 -27 -18 -10 -14
right_child=3 10 -4 4 -6 12 -8 8 9 -11 19 -13 29 22 -16 16 18 -19 -20 20 -22 -23 23 -25 25 26 -28 -29 -30 -31
leaf_value=0.12981188014754547 -0.37207827795492976 0.25637957858505533 -0.37611153738280451 0.18903293469372917 -0.24787649065933445 0.12693279758271464 -0.34233950205814484 -0.20061387065613623 0.02469059091125583 -0.023653331068647823 0.18252293037043676 0.0076302170429018244 0.13524861870747473 0.21567561118578424 0.13054932840804626 0.12347953479441527 0.33585898946313297 0.28719126365401526 0.092504414674398072 -0.12744694128632547 0.079696876065580985 0.010113839198683583 0.14115066614624777 0.067581048222502008 0.041673398829121307 0.085152103834510162 0.27192636132240294 0.20167069637116444 0.1000724132802696 0.0047038714844370036
leaf_weight=194 152 67 579 17 110 106 67 101 58 353 36 155 18 49 183 208 17 22 37 11.999999999999998 141 43 489 111 349 301 9.9999999999999982 251 343 164
leaf_count=194 152 67 579 17 110 106 67 101 58 353 36 155 18 49 183 208 17 22 37 12 141 43 489 111 349 301 10 251 343 164
internal_value=0.00176674 0.0200302 -0.0415124 -0.248987 -0.138929 0.0391424 0.00831999 0.0278334 0.00824549 0.0314521 0.147432 0.0664381 0.0737802 0.156693 0.0845516 0.180948 0.171502 0.139139 0.195907 0.0861308 0.0634503 0.0608076 0.134195 0.12754 0.0735626 0.064991 0.0911577 0.210183 0.0891693 0.0176149
internal_weight=4743 4421 2981 322 170 2402 1271 1204 1010 909 1440 556 1131 1251 949 602 535 230 305 189 153 60 649 600 766 660 311 268 401 182
internal_count=4743 4421 2981 322 170 2402 1271 1204 1010 909 1440 556 1131 1251 949 602 535 230 305 189 153 60 649 600 766 660 311 268 401 182
is_linear=0
shrinkage=0.05


Tree=12
num_leaves=31
num_cat=0
split_feature=2 15 2 14 14 14 2 2 33 0 0 21 2 0 34 11 30 2 8 23 29 2 4 29 32 31 34 8 8 11
split_gain=13282 10172.6 9570.29 7166.91 5874.58 3597.44 2554.82 2488.06 551.969 516.406 3147.42 1122.96 862.904 355.384 271.66 188.242 172.274 145.5 140.795 122.42 162.475 121.081 137.607 116.186 113.046 137.112 112.746 109.623 109.388 106.534
threshold=3.5000000000000004 1.0000000180025095e-35 9.5000000000000018 1.0000000180025095e-35 1.0000000180025095e-35 1.0000000180025095e-35 8.5000000000000018 2.5000000000000004 11.500000000000002 1350.0000000000002 1250.0000000000002 1.0000000180025095e-35 6.5000000000000009 2050.0000000000005 65.500000000000014 0.21825396825396828 41.292857142857152 5.5000000000000009 10.500000000000002 1.0000000180025095e-35 46.394375000000004 6.5000000000000009 0.095454545454545472 48.692708333333336 0.44949494949494956 13.625000000000002 88.500000000000014 12.500000000000002 10.500000000000002 0.18465909090909094
decision_type=2 2 2 2 2 2 2 2 2 2 2 2 2 2 2 2 2 2 2 2 2 2 2 2 2 2 2 2 2 2
left_child=3 2 5 7 -4 9 13 23 21 10 12 15 27 28 17 -11 -9 -10 -8 29 -21 24 -23 -1 25 -7 -5 -2 -3 -16
right_child=1 6 4 26 -6 8 18 16 14 11 -12 -13 -14 -15 19 -17 -18 -19 -20 20 -22 22 -24 -25 -26 -27 -28 -29 -30 -31
leaf_value=0.15206034203370414 0.07617871491238476 -0.27133567280834542 0.103205497295718 -0.37058582249033545 -0.36582450537742883 0.13612624230225892 0.17958128802916584 -0.18881354879898329 0.053075359363517753 0.077736501027161634 -0.32522252629608361 0.14180846136605199 0.084710841271457296 -0.23548267369243231 0.19054947048425674 0.0042612540832333333 0.029257339537143708 0.10526850588228215 0.0096081479777430385 0.035059976463134475 0.22947365956140625 0.24224330953068357 0.17056406614694944 0.33042168378829961 0.2171977336813764 -0.045629100533286955 -0.31064859301384007 -0.019425028357400457 -0.3753780198842287 0.11734461850323474
leaf_weight=105 32 32 99 262 205 183 17 96 205 108 67 275 401 110 57 452 9.9999999999999982 383 43 12.999999999999998 62 88 280 9.9999999999999982 41 10.999999999999998 112 476 120 388
leaf_count=105 32 32 99 262 205 183 17 96 205 108 67 275 401 110 57 452 10 383 43 13 62 88 280 10 41 11 112 476 120 388
internal_value=0.0016784 0.0333678 0.0560834 -0.219242 -0.213081 0.0793162 -0.236538 0.00650238 0.131305 0.0301985 0.00550261 0.0590646 0.0298795 -0.303936 0.110354 0.0184315 -0.168241 0.0870719 0.0577672 0.136681 0.195775 0.1698 0.187705 0.16757 0.141763 0.125821 -0.352637 -0.0134027 -0.353474 0.126721
internal_weight=4743 4148 3826 595 304 3522 322 221 1711 1811 976 835 909 262 1108 560 106 588 60 520 75 603 368 115 235 194 374 508 152 445
internal_count=4743 4148 3826 595 304 3522 322 221 1711 1811 976 835 909 262 1108 560 106 588 60 520 75 603 368 115 235 194 374 508 152 445
is_linear=0
shrinkage=0.05


Tree=13
num_leaves=31
num_cat=0
split_feature=2 2 14 14 13 14 2 2 22 33 22 35 21 34 35 6 30 8 2 8 3 31 34 23 29 29 6 11 33 37
split_gain=11987 7192.67 6850.1 6468.14 5941.18 5301.81 2245.47 1800.17 1971.97 498.152 434.534 369.874 342.793 245.173 233.104 197.688 185.035 157.327 131.314 127.067 111.565 125.817 114.356 110.484 146.634 104.858 103.598 102.73 116.964 101.883
threshold=3.5000000000000004 9.5000000000000018 1.0000000180025095e-35 1.0000000180025095e-35 1.0000000180025095e-35 1.0000000180025095e-35 2.5000000000000004 8.5000000000000018 1.0000000180025095e-35 11.500000000000002 1.0000000180025095e-35 2.6363961038961041 1.0000000180025095e-35 65.500000000000014 2.8282833436404871 0.34523809523809529 29.500000000000004 11.500000000000002 5.5000000000000009 10.500000000000002 1.0000000180025095e-35 5.7000000000000002 63.500000000000007 1.0000000180025095e-35 46.394375000000004 48.692708333333336 -0.18465909090909088 0.24038461538461542 14.500000000000002 4.1750000000000016
decision_type=2 2 2 2 2 2 2 2 2 2 2 2 2 2 2 2 2 2 2 2 2 2 2 2 2 2 2 2 2 2
left_child=3 2 4 6 7 -3 25 8 12 20 11 15 29 18 -10 -6 -13 -8 -11 -9 21 -4 -23 -15 -25 -1 -22 28 -20 -2
right_child=1 5 9 -5 10 -7 17 19 14 13 -12 16 -14 23 -16 -17 -18 -19 27 -21 26 22 -24 24 -26 -27 -28 -29 -30 -31
leaf_value=0.14445732396919214 -0.21047198650028026 0.098045222259907416 0.22557783476522439 -0.33500487321519601 0.032924944870874127 -0.34753327572127668 0.019184335795315831 0.17060222590670868 0.22958830005832409 0.050421591903560048 -0.021675453530281531 -0.19136254317485368 -0.2237085397575389 0.12038534875537317 -0.034082346012194953 0.075395285342319554 0.001163767633261159 -0.18055661519891339 0.19547893000291844 0.009127739972846452 0.26848856199067089 0.10890087821701569 0.20668278608333179 0.033306976694327133 0.21799997538328172 0.31390060544013981 0.13839219436765865 0.087120872521879167 0.063456509888172155 -0.35189299901009452
leaf_weight=105 13.999999999999998 99 115 374 547 205 10.999999999999998 17 19 205 353 12.999999999999998 110 445 14.999999999999998 549 312 95 51 43 15.999999999999998 67 54 12.999999999999998 62 9.9999999999999982 351 307 25 141
leaf_count=105 14 99 115 374 547 205 11 17 19 205 353 13 110 445 15 549 312 95 51 43 16 67 54 13 62 10 351 307 25 141
internal_value=0.00159448 0.0316994 0.0502152 -0.20828 -0.00956488 -0.202427 0.00617726 -0.195063 -0.245219 0.124739 0.027974 0.0403078 -0.291213 0.104836 0.113263 0.0541989 -0.00653728 -0.159829 0.0827183 0.0548788 0.16131 0.18813 0.152539 0.129847 0.185987 0.159192 0.144064 0.100005 0.152051 -0.339119
internal_weight=4743 4148 3844 595 2133 304 221 359 299 1711 1774 1421 265 1108 34 1096 325 106 588 60 603 236 121 520 75 115 367 383 76 155
internal_count=4743 4148 3844 595 2133 304 221 359 299 1711 1774 1421 265 1108 34 1096 325 106 588 60 603 236 121 520 75 115 367 383 76 155
is_linear=0
shrinkage=0.05


Tree=14
num_leaves=31
num_cat=0
split_feature=2 15 2 14 14 14 2 2 2 0 0 21 2 24 0 36 11 36 30 33 34 33 5 34 29 38 33 32 5 6
split_gain=10818.3 8280.75 7794.67 5837.5 4784.88 2930.96 2079.79 2026.54 467.027 439.752 2835.47 1004.45 735.822 296.593 288.629 185.238 164.117 154.048 152.247 124.072 140.393 121.934 115.976 101.753 101.26 100.946 110.639 99.4022 99.044 96.5473
threshold=3.5000000000000004 1.0000000180025095e-35 9.5000000000000018 1.0000000180025095e-35 1.0000000180025095e-35 1.0000000180025095e-35 8.5000000000000018 2.5000000000000004 6.5000000000000009 1350.0000000000002 1250.0000000000002 1.0000000180025095e-35 6.5000000000000009 1.0000000180025095e-35 2050.0000000000005 -1.9999999999999993 0.21825396825396828 -0.033333333333332611 41.292857142857152 14.500000000000002 88.500000000000014 11.500000000000002 0.56696428571428581 88.500000000000014 46.591904761904779 0.86190476190476206 10.500000000000002 0.36038961038961043 0.36038961038961043 0.54195804195804198
decision_type=2 2 2 2 2 2 2 2 2 2 2 2 2 2 2 2 2 2 2 2 2 2 2 2 2 2 2 2 2 2
left_child=3 2 5 7 -4 9 14 27 15 10 12 16 -2 19 -3 22 -11 -15 -9 -10 -21 -17 -7 -5 -24 -8 -27 -1 -14 -13
right_child=1 6 4 23 -6 8 25 18 13 11 -12 29 28 17 -16 21 -18 -19 -20 20 -22 -23 24 -25 -26 26 -28 -29 -30 -31
leaf_value=0.24958172224107245 -0.012379014259479265 -0.31885728598082147 0.093142961055943468 -0.33530629064375894 -0.33015661318854589 0.022417136876001248 -0.084745159745216375 -0.17117729716313382 0.17774041665280757 0.070824121514818192 -0.30945600089964587 0.11515484414634786 0.017793314402987218 0.068096158684332025 -0.21252311081032862 0.13821279953948215 0.0022185631648949512 0.15685305177961312 0.033826185939833518 0.066368562200417133 0.17365666072695488 0.092808772284190544 0.18113876380599464 -0.27836592123161868 0.051645278287792785 0.19076369479298594 0.030547628664609156 0.12926018706106759 0.08844055033237308 0.18382481078562493
leaf_weight=21 508 152 99 262 205 126 10.999999999999998 96 450 108 67 207 58 148 110 206 452 73 9.9999999999999982 60 62 524 26 112 36 15.999999999999998 33 94 343 68
leaf_count=21 508 152 99 262 205 126 11 96 450 108 67 207 58 148 110 206 452 73 10 60 62 524 26 112 36 16 33 94 343 68
internal_value=0.00151476 0.0301145 0.0506091 -0.197866 -0.192306 0.0715762 -0.213403 0.00586839 0.118502 0.0272413 0.00445187 0.053879 0.0275892 0.146608 -0.274213 0.0942233 0.0154496 0.097414 -0.151837 0.165615 0.120892 0.105621 0.0499649 -0.318255 0.105949 0.0521349 0.0828631 0.151232 0.0782222 0.132135
internal_weight=4743 4148 3826 595 304 3522 322 221 1711 1811 976 835 909 793 262 918 560 221 106 572 122 730 188 374 62 60 49 115 401 275
internal_count=4743 4148 3826 595 304 3522 322 221 1711 1811 976 835 909 793 262 918 560 221 106 572 122 730 188 374 62 60 49 115 401 275
is_linear=0
shrinkage=0.05


Tree=15
num_leaves=31
num_cat=0
split_feature=2 15 2 14 14 14 2 2 8 35 23 37 24 6 30 2 33 34 30 36 21 33 30 2 8 31 2 29 6 4
split_gain=10251.7 7565.1 6703.28 5349.02 4118.27 2744.46 1894.03 1687.56 513.946 319.932 219.328 211.059 203.602 241.434 171.835 170.307 169.924 193.212 232.829 169.101 161.106 159.765 157.539 137.985 132.534 121.281 113.105 112.192 111.406 121.93
threshold=3.5000000000000004 1.0000000180025095e-35 9.5000000000000018 1.0000000180025095e-35 1.0000000180025095e-35 1.0000000180025095e-35 8.5000000000000018 2.5000000000000004 13.500000000000002 2.8282833436404871 1.0000000180025095e-35 5.6500000000000048 1.0000000180025095e-35 0.56696428571428581 41.292857142857152 6.5000000000000009 14.500000000000002 47.500000000000007 41.090000000000011 -0.79499999999999871 1.0000000180025095e-35 8.5000000000000018 44.058333333333344 6.5000000000000009 11.500000000000002 3.7937499999999997 8.5000000000000018 46.394375000000004 0.53589743589743599 0.10555555555555557
decision_type=2 2 2 2 2 2 2 2 2 2 2 2 2 2 2 2 2 2 2 2 2 2 2 2 2 2 2 2 2 2
left_child=3 2 5 7 -4 9 15 25 11 12 26 28 13 16 -9 -3 -2 19 -19 -18 22 -13 -11 -20 -8 -1 -10 -12 29 -7
right_child=1 6 4 -5 -6 8 24 14 10 20 27 21 -14 -15 -16 -17 17 18 23 -21 -22 -23 -24 -25 -26 -27 -28 -29 -30 -31
leaf_value=0.284816396351044 0.036524318370817835 -0.22325387526006024 0.090938880078886689 -0.30413446042389064 -0.30761401762857155 0.10290655488198674 0.18520047497004272 -0.16128639066996783 0.073144688959935172 0.00045920816534404532 0.079056139414509147 0.2026547200491895 0.073256235137209288 0.080340229118333009 0.056952224373817445 -0.30656447231139938 -0.086628460259405238 -0.0074918590818450958 0.13742317755103989 0.022754671832300583 -0.10491391911226161 0.10260549392272716 -0.19289558177644558 0.024677364457928546 0.010690749272265855 0.12237875810401007 0.12680929231823287 0.18514041153277144 0.23542591856260386 0.17689313197146272
leaf_weight=12.999999999999998 502 108 95 388 204 74 15.999999999999998 92 796 249 36 46 250 164 9.9999999999999982 142 106 311 51 53 51 301 10.999999999999998 58 34 99 112 81 56 225
leaf_count=13 502 108 95 388 204 74 16 92 796 249 36 46 250 164 10 142 106 311 51 53 51 301 11 58 34 99 112 81 56 225
internal_value=-0.000678313 0.0274065 0.0463363 -0.193447 -0.180983 0.0655745 -0.21439 0.00723965 0.11064 0.0224807 0.0880665 0.143599 0.0320792 0.0238107 -0.13989 -0.270574 0.0152345 -0.00322404 0.0145474 -0.0501674 -0.0236595 0.115869 -0.00772119 0.07743 0.0665339 0.141233 0.0797641 0.152499 0.170704 0.158582
internal_weight=4734 4132 3832 602 299 3533 300 214 1727 1806 1025 702 1495 1245 102 250 1081 579 420 159 311 347 260 109 50 112 908 117 355 299
internal_count=4734 4132 3832 602 299 3533 300 214 1727 1806 1025 702 1495 1245 102 250 1081 579 420 159 311 347 260 109 50 112 908 117 355 299
is_linear=0
shrinkage=0.05


Tree=16
num_leaves=31
num_cat=0
split_feature=2 0 2 14 0 0 2 2 22 8 0 0 2 2 29 37 21 8 27 8 8 2 3 8 8 5 36 37 33 29
split_gain=9252.16 5674.61 6497.27 4827.49 3232.81 2477.48 1855.57 1523.02 1352.94 463.836 399.308 2695.97 977.87 658.286 226.882 202.619 171.435 143.967 133.586 132.305 128.534 128.466 126.667 121.975 118.564 113.529 104.331 101.714 133.369 105.842
threshold=3.5000000000000004 1850.0000000000002 9.5000000000000018 1.0000000180025095e-35 1650.0000000000002 1500.0000000000002 8.5000000000000018 2.5000000000000004 1.0000000180025095e-35 13.500000000000002 1350.0000000000002 1250.0000000000002 6.5000000000000009 6.5000000000000009 49.962500000000013 3.48875 1.0000000180025095e-35 11.500000000000002 2.5000000000000004 15.500000000000002 15.500000000000002 5.5000000000000009 1.0000000180025095e-35 12.500000000000002 13.500000000000002 0.60769230769230786 -3.3000000000000003 5.8500000000000041 8.5000000000000018 47.100234487734497
decision_type=2 2 2 2 2 2 2 2 2 2 2 2 2 2 2 2 2 2 2 2 2 2 2 2 2 2 2 2 2 2
left_child=3 2 5 7 -4 10 8 18 16 15 11 13 -12 20 -10 17 -3 -7 -1 22 -2 26 -8 -9 -15 27 -11 29 -29 -17
right_child=1 6 4 -5 -6 9 19 23 14 21 12 -13 -14 24 -16 25 -18 -19 -20 -21 -22 -23 -24 -25 -26 -27 -28 28 -30 -31
leaf_value=0.28486263557122304 0.011747195610466103 -0.29530294212801705 0.071792289015205429 -0.28892773665276539 -0.29223331136665509 0.23808583893502752 0.20060462669397774 -0.014780048777659736 -0.024898322452517111 -0.044653731990944259 0.12858404601011206 -0.29243741425341124 0.0086961954688969164 0.12354876487803312 0.25258366694817175 0.096976443565347126 -0.21209117341786624 0.079990320652723323 0.11438374113329131 -0.052196304557415155 -0.038838994970400838 0.097564218799386773 0.030762883006153926 -0.15820647275430108 0.05627249897149942 0.16511767321376952 0.067429442897560157 0.18571309761398219 0.077723459827835531 0.16729457058492259
leaf_weight=12.999999999999998 234 145 87 388 204 72 26 18 17.000000000000004 22 253 73 519 81 12.999999999999998 90 108 18 99 12.999999999999998 271 634 19 84 342 143 369 33 214 132
leaf_count=13 234 145 87 388 204 72 26 18 17 22 253 73 519 81 13 90 108 18 99 13 271 634 19 84 342 143 369 33 214 132
internal_value=-0.000644397 0.0260362 0.0436097 -0.183774 -0.183401 0.062484 -0.169334 0.00687766 -0.222136 0.105108 0.0209663 0.000128061 0.0479859 0.0231424 0.0953439 0.136419 -0.259782 0.206467 0.134171 0.0883045 -0.0153991 0.0836632 0.128894 -0.132896 0.0691552 0.126118 0.061123 0.114226 0.0921512 0.138787
internal_weight=4734 4132 3791 602 291 3500 341 214 283 1727 1773 1001 772 928 30 702 253 90 112 58 505 1025 45 102 423 612 391 469 247 222
internal_count=4734 4132 3791 602 291 3500 341 214 283 1727 1773 1001 772 928 30 702 253 90 112 58 505 1025 45 102 423 612 391 469 247 222
is_linear=0
shrinkage=0.05


Tree=17
num_leaves=31
num_cat=0
split_feature=2 0 2 14 0 0 2 2 22 8 0 0 2 2 29 37 21 30 8 34 29 38 9 4 27 2 24 8 8 9
split_gain=8350.07 5121.34 5863.79 4356.81 2917.61 2235.93 1674.65 1374.53 1221.03 418.612 360.376 2433.11 882.527 594.103 204.761 182.863 154.721 152.433 129.93 122.439 185.696 123.298 167.037 173.25 120.562 120.176 169.747 119.405 116.002 114.317
threshold=3.5000000000000004 1850.0000000000002 9.5000000000000018 1.0000000180025095e-35 1650.0000000000002 1500.0000000000002 8.5000000000000018 2.5000000000000004 1.0000000180025095e-35 13.500000000000002 1350.0000000000002 1250.0000000000002 6.5000000000000009 6.5000000000000009 49.962500000000013 3.48875 1.0000000180025095e-35 41.292857142857152 11.500000000000002 39.500000000000007 46.912018518518522 0.81534090909090928 0.07417582417582419 0.21825396825396828 2.5000000000000004 6.5000000000000009 1.0000000180025095e-35 15.500000000000002 15.500000000000002 0.06458333333333334
decision_type=2 2 2 2 2 2 2 2 2 2 2 2 2 2 2 2 2 2 2 2 2 2 2 2 2 2 2 2 2 2
left_child=3 2 5 7 -4 10 8 24 16 15 11 13 -12 28 -10 18 -3 -9 -7 21 -21 22 -17 -24 -1 -11 -27 29 -2 -8
right_child=1 6 4 -5 -6 9 27 17 14 25 12 -13 -14 -15 -16 19 -18 -19 -20 20 -22 -23 23 -25 -26 26 -28 -29 -30 -31
leaf_value=0.27061949773476673 0.011159835395037046 -0.28053779367742865 0.068202673750876006 -0.27448134984168199 -0.27762164805340123 0.22618154739547106 0.1905743980063842 -0.14640303687192499 -0.023653402924537655 0.067761802968531071 0.12215484359077078 -0.27781554581469869 0.0082613853494563141 0.065697429470809282 0.23995448683316889 0.29501448510324252 -0.20148661998962916 0.059146402478218077 0.075990804450379479 0.091069323794160537 0.16849716255740035 0.081054339595535332 -0.008580834278836845 0.2567167195677757 0.10866455412822579 0.12805970698192423 0.049424957138087068 -0.049586490599008715 -0.036897045166839115 0.029224741341252077
leaf_weight=12.999999999999998 234 145 87 388 204 72 26 92 17.000000000000004 698 253 73 519 423 12.999999999999998 17 108 9.9999999999999982 18 122 212 235 16.000000000000004 9.9999999999999982 99 229 98 12.999999999999998 271 19
leaf_count=13 234 145 87 388 204 72 26 92 17 698 253 73 519 423 13 17 108 10 18 122 212 235 16 10 99 229 98 13 271 19
internal_value=-0.000612178 0.0247344 0.0414292 -0.174586 -0.174231 0.0593598 -0.160867 0.00653378 -0.211029 0.0998522 0.019918 0.000121658 0.0455866 0.0219853 0.0905767 0.129598 -0.246793 -0.126251 0.196143 0.119812 0.140215 0.0952982 0.173142 0.0934567 0.127463 0.0794801 0.104493 0.0838893 -0.0146291 0.122449
internal_weight=4734 4132 3791 602 291 3500 341 214 283 1727 1773 1001 772 928 30 702 253 102 90 612 334 278 43 26 112 1025 327 58 505 45
internal_count=4734 4132 3791 602 291 3500 341 214 283 1727 1773 1001 772 928 30 702 253 102 90 612 334 278 43 26 112 1025 327 58 505 45
is_linear=0
shrinkage=0.05


Tree=18
num_leaves=31
num_cat=0
split_feature=2 15 2 14 14 14 2 8 2 35 22 13 34 29 13 2 8 5 6 8 2 5 34 6 2 21 34 8 35 6
split_gain=7535.94 5563.11 4916.21 3932.02 3039.98 2019.1 1377.08 1243.12 379.178 245.036 271.609 301.68 208.403 293.716 189.181 234.981 170.875 189.071 170.323 131.141 123.805 115.196 114.919 138.196 134.963 106.669 106.201 105.49 102.982 168.254
threshold=3.5000000000000004 1.0000000180025095e-35 9.5000000000000018 1.0000000180025095e-35 1.0000000180025095e-35 1.0000000180025095e-35 8.5000000000000018 12.500000000000002 6.5000000000000009 2.8282833436404871 1.0000000180025095e-35 1.0000000180025095e-35 11.500000000000002 47.452250000000006 1.0000000180025095e-35 2.5000000000000004 9.5000000000000018 0.48333333333333339 0.37980769230769235 12.500000000000002 6.5000000000000009 0.46410256410256417 59.500000000000007 0.57738095238095244 7.5000000000000009 1.0000000180025095e-35 151.50000000000003 11.500000000000002 0.46653846153846151 0.62019230769230782
decision_type=2 2 2 2 2 2 2 2 2 2 2 2 2 2 2 2 2 2 2 2 2 2 2 2 2 2 2 2 2 2
left_child=3 2 5 7 -4 9 20 14 19 10 18 -12 16 -14 -1 -16 17 -10 26 28 -3 -21 -15 24 -24 -11 -2 -8 -7 -30
right_child=1 6 4 -5 -6 8 27 -9 12 25 11 -13 13 22 15 -17 -18 -19 -20 21 -22 -23 23 -25 -26 -27 -28 -29 29 -31
leaf_value=0.26407798463478688 0.01872970847306429 -0.19141228915088707 0.078683194020076799 -0.26075728067302523 -0.2637405657729901 0.014698347279971297 0.16155635968898424 -0.1437100981805651 0.41214969138304386 -0.0081676783384038842 0.18197437218493887 -0.029483045952102702 0.071275382309833962 0.11049389669776191 0.10733951288461685 -0.11137376438294139 0.14767817557731178 0.15162778680141156 0.060091921866226652 0.034559753906679223 -0.26244421964380105 0.077096900847213268 0.21876524158374028 0.30520544508472086 0.12503584716329003 -0.087253453524089336 0.13562454044818881 0.0058660840328015832 0.11392311534874627 0.31006779273351037
leaf_weight=15.999999999999998 682 108 95 388 204 22 15.999999999999998 84 15.000000000000002 260 18 268 284 196 100 13.999999999999998 80 12.999999999999998 507 223 142 556 54 15.999999999999998 133 51 20 34 123 11.999999999999998
leaf_count=16 682 108 95 388 204 22 16 84 15 260 18 268 284 196 100 14 80 13 507 223 142 556 54 16 133 51 20 34 123 12
internal_value=-0.000581569 0.0234977 0.0397306 -0.165856 -0.154944 0.056206 -0.183851 0.00620709 0.0948596 0.0192433 0.0276434 -0.0161745 0.120345 0.11014 0.103077 0.08048 0.184886 0.291193 0.0380089 0.073322 -0.231758 0.06492 0.137802 0.164169 0.152102 -0.0211367 0.02206 0.055687 0.115011 0.131358
internal_weight=4734 4132 3832 602 299 3533 300 214 1727 1806 1495 286 791 683 130 114 108 28 1209 936 250 779 399 203 187 311 702 50 157 135
internal_count=4734 4132 3832 602 299 3533 300 214 1727 1806 1495 286 791 683 130 114 108 28 1209 936 250 779 399 203 187 311 702 50 157 135
is_linear=0
shrinkage=0.05


Tree=19
num_leaves=31
num_cat=0
split_feature=2 0 2 14 0 0 2 8 22 8 0 0 2 2 29 0 0 37 21 33 8 8 2 2 3 6 8 7 36 7
split_gain=6801.19 4177.77 4786.86 3548.65 2365.85 1818.21 1378.5 1121.91 989.974 352.277 308.082 2176.16 794.96 504.151 186.324 170.736 212.071 160.257 127.841 121.76 107.038 103.307 101.202 101.198 100.893 99.0222 98.4365 96.3458 93.8309 92.9011
threshold=3.5000000000000004 1850.0000000000002 9.5000000000000018 1.0000000180025095e-35 1650.0000000000002 1500.0000000000002 8.5000000000000018 12.500000000000002 1.0000000180025095e-35 13.500000000000002 1350.0000000000002 1250.0000000000002 6.5000000000000009 6.5000000000000009 49.962500000000013 2250.0000000000005 1075.0000000000002 5.6500000000000048 1.0000000180025095e-35 8.5000000000000018 13.500000000000002 15.500000000000002 5.5000000000000009 4.5000000000000009 1.0000000180025095e-35 0.080128205128205135 15.500000000000002 2.5000000000000004 -3.3000000000000003 1.5000000000000002
decision_type=2 2 2 2 2 2 2 2 2 2 2 2 2 2 2 2 2 2 2 2 2 2 2 2 2 2 2 2 2 2
left_child=3 2 5 7 -4 10 8 15 18 17 11 13 -12 26 -10 16 -1 -7 -3 -19 -15 24 28 -21 -8 -6 -2 -14 -11 -20
right_child=1 6 4 -5 25 9 21 -9 14 22 12 -13 27 20 -16 -17 -18 19 29 23 -22 -23 -24 -25 -26 -27 -28 -29 -30 -31
leaf_value=0.10197253895923496 0.010435495726987085 -0.25369881048798559 0.060858380319229494 -0.24771941812641765 -0.3699633963406086 0.14102280417509691 0.17661872784463833 -0.13652459304957162 -0.028214005687657518 -0.048890578069470149 0.11443842242112046 -0.26312087040445581 0.00082074898559011109 0.112357215947805 0.22324593664648443 0.25087408758699897 -0.10580507575401239 0.16900423035511505 -0.20662927608050052 0.0030035320384841826 0.048434747619709624 -0.047400470543652776 0.083766191667210235 0.092347441967796401 0.025038396567106248 -0.24039099622676346 -0.033833666216252146 0.090384137071669104 0.057402946681590621 -0.095085059106349956
leaf_weight=100 234 145 87 388 15.999999999999998 355 26 84 17.000000000000004 22 253 73 487 81 12.999999999999998 15.999999999999998 13.999999999999998 46 84 36 342 12.999999999999998 634 265 19 188 271 32 369 24
leaf_count=100 234 145 87 388 16 355 26 84 17 22 253 73 487 81 13 16 14 46 84 36 342 13 634 265 19 188 271 32 369 24
internal_value=-0.00055249 0.0223228 0.0374014 -0.157564 -0.157451 0.053602 -0.145311 0.00589674 -0.190822 0.0901166 0.0180348 -0.000268954 0.041768 0.020408 0.080752 0.0979228 0.076456 0.117404 -0.223025 0.0932403 0.0606752 0.0767519 0.0714282 0.0816618 0.112618 -0.250554 -0.0133208 0.00634296 0.0514222 -0.181842
internal_weight=4734 4132 3791 602 291 3500 341 214 283 1727 1773 1001 772 928 30 130 114 702 253 347 423 58 1025 301 45 204 505 519 391 108
internal_count=4734 4132 3791 602 291 3500 341 214 283 1727 1773 1001 772 928 30 130 114 702 253 347 423 58 1025 301 45 204 505 519 391 108
is_linear=0
shrinkage=0.05


Tree=20
num_leaves=31
num_cat=0
split_feature=2 15 2 14 14 13 2 2 33 34 22 35 6 34 14 11 27 29 35 34 30 11 11 3 35 29 2 24 34 8
split_gain=6279.91 4044.33 4204.44 3009.06 2523.23 1580.15 1091.11 996.488 225.521 219.222 205.657 196.488 158.199 156.281 143.105 133.963 128.029 131.821 121.707 118.714 119.982 114.894 137.18 105.934 121.476 105.683 96.6197 89.8182 95.3075 86.6427
threshold=3.5000000000000004 1.0000000180025095e-35 9.5000000000000018 1.0000000180025095e-35 1.0000000180025095e-35 1.0000000180025095e-35 2.5000000000000004 8.5000000000000018 11.500000000000002 28.500000000000004 1.0000000180025095e-35 2.5264985014985029 0.37980769230769235 89.500000000000014 1.0000000180025095e-35 0.25833333333333336 6.5000000000000009 42.620037037037044 2.1607447089947094 81.500000000000014 44.587500000000013 0.14835164835164838 0.13809523809523813 1.0000000180025095e-35 2.5996188186813187 45.75046875000001 5.5000000000000009 1.0000000180025095e-35 66.500000000000014 9.5000000000000018
decision_type=2 2 2 2 2 2 2 2 2 2 2 2 2 2 2 2 2 2 2 2 2 2 2 2 2 2 2 2 2 2
left_child=3 2 5 6 -4 8 29 23 14 15 11 12 -7 16 -2 -10 -13 -18 -5 27 -21 22 -11 24 -3 -15 -23 -16 -29 -1
right_child=1 7 4 18 -6 10 -8 -9 9 21 -12 13 -14 25 19 -17 17 -19 -20 20 -22 26 -24 -25 -26 -27 -28 28 -30 -31
leaf_value=0.22948552553470317 -0.062247944871584575 -0.21067586400292138 0.064775832030975908 -0.28317306026560712 -0.23454093682801846 0.022841036606388504 -0.11537462462235344 0.038464252627454704 0.088746709023651338 0.1120790009556169 -0.015731124086652816 -0.0024206177103154075 0.063706370956288325 0.0096464771485651832 0.11242510372646049 -0.02302820502913424 -0.20366268157958986 -0.047027187922503801 -0.21934835865599603 0.12685664039678299 0.26014772242307665 0.053216872376465607 0.31080284923315049 -0.22299536133862358 -0.10605911648433125 0.089617548341100861 0.086505650445200644 0.077849232130076579 -0.074823266267776495 0.091941457195207479
leaf_weight=12.999999999999998 11.999999999999998 55 104 102 218 603 109 56 38 66 362 156 390 166 450 91 17 64 279 52 25 344 9.9999999999999982 143 56 55 595 69 11.999999999999998 96
leaf_count=13 12 55 104 102 218 603 109 56 38 66 362 156 390 166 450 91 17 64 279 52 25 344 10 143 56 55 595 69 12 96
internal_value=-0.000191271 0.0213657 0.0351857 -0.151666 -0.137867 0.0507639 -0.00351441 -0.152454 0.0844545 0.0712933 0.0179838 0.0263951 0.0388909 -0.000697252 0.108739 0.00989774 -0.0289014 -0.0799013 -0.236435 0.112114 0.170133 0.0790963 0.138227 -0.194547 -0.157896 0.0295488 0.0743104 0.103701 0.0552311 0.108346
internal_weight=4808 4209 3899 599 322 3577 218 310 1764 1144 1813 1451 993 458 620 129 237 81 381 608 77 1015 76 254 111 221 939 531 81 109
internal_count=4808 4209 3899 599 322 3577 218 310 1764 1144 1813 1451 993 458 620 129 237 81 381 608 77 1015 76 254 111 221 939 531 81 109
is_linear=0
shrinkage=0.05


Tree=21
num_leaves=31
num_cat=0
split_feature=2 15 2 14 14 0 2 2 0 0 2 2 33 34 0 11 35 35 34 30 11 11 29 3 35 7 37 4 2 27
split_gain=5667.62 3650.01 3794.51 2715.68 2277.21 1426.09 984.725 899.33 237.507 1841.8 706.412 434.989 203.533 197.848 129.153 120.901 113.488 109.841 107.139 108.283 103.692 123.805 97.4015 95.6055 109.632 95.0991 104.267 93.3327 87.1992 86.9605
threshold=3.5000000000000004 1.0000000180025095e-35 9.5000000000000018 1.0000000180025095e-35 1.0000000180025095e-35 1500.0000000000002 2.5000000000000004 8.5000000000000018 1350.0000000000002 1250.0000000000002 6.5000000000000009 6.5000000000000009 11.500000000000002 28.500000000000004 2250.0000000000005 0.25833333333333336 2.0940133477633487 2.1607447089947094 81.500000000000014 44.587500000000013 0.14835164835164838 0.13809523809523813 44.598500000000008 1.0000000180025095e-35 2.5996188186813187 1.0000000180025095e-35 5.8999999999999995 1.0000000180025095e-35 5.5000000000000009 1.5000000000000002
decision_type=2 2 2 2 2 2 2 2 2 2 2 2 2 2 2 2 2 2 2 2 2 2 2 2 2 2 2 2 2 2
left_child=3 2 5 6 -4 8 -1 23 9 11 -10 27 14 15 18 -14 -13 -5 29 -20 21 -15 -18 24 -3 -12 -27 -2 -22 -7
right_child=1 7 4 17 -6 12 -8 -9 10 -11 25 16 13 20 -16 -17 22 -19 19 -21 28 -23 -24 -25 -26 26 -28 -29 -30 -31
leaf_value=0.10292850609424464 0.052904186218976981 -0.20014207363128664 0.061537039811866215 -0.26901440632840001 -0.22281388947996528 0.12071153548801186 -0.10960589187954545 0.036541039001063577 0.10165669122730853 -0.24835188142631368 -0.01180457997107958 0.086571475078856486 0.084309371688256141 0.10647505231653198 -0.059135547031958904 -0.02187679464632011 0.014873692619090757 -0.20838093909444991 0.12051380614105325 0.24714033871889118 0.050556028912082142 0.29526270240545277 0.082961254604664206 -0.21184559503270617 -0.10075616055401043 0.060680337393575395 -0.02408345103975526 -0.019010236704000372 0.082180367913341712 0.080069944177802402
leaf_weight=109 50 55 104 102 218 241 109 56 279 69 351 179 38 66 11.999999999999998 91 181 279 52 25 344 9.9999999999999982 74 143 56 115 53 462 595 290
leaf_count=109 50 55 104 102 218 241 109 56 279 69 351 179 38 66 12 91 181 279 52 25 344 10 74 143 56 115 53 462 595 290
internal_value=-0.000181707 0.0202974 0.0334264 -0.144083 -0.130974 0.0482257 -0.00333869 -0.144832 0.0170846 0.00103819 0.0374945 0.0192284 0.0802318 0.0677286 0.103302 0.00940285 0.0560543 -0.224614 0.106508 0.161626 0.0751415 0.131316 0.0346324 -0.184819 -0.150001 0.00300271 0.0339394 -0.0119873 0.0705949 0.0985156
internal_weight=4808 4209 3899 599 322 3577 218 310 1813 1015 798 946 1764 1144 620 129 434 381 608 77 1015 76 255 254 111 519 168 512 939 531
internal_count=4808 4209 3899 599 322 3577 218 310 1813 1015 798 946 1764 1144 620 129 434 381 608 77 1015 76 255 254 111 519 168 512 939 531
is_linear=0
shrinkage=0.05


Tree=22
num_leaves=31
num_cat=0
split_feature=2 15 2 0 0 0 0 2 0 0 0 2 2 33 34 8 11 36 0 11 35 31 36 37 30 35 11 11 36 30
split_gain=5115.02 3294.13 3424.54 2408.06 1669.89 1287.04 811.67 811.646 308.13 214.35 1662.22 637.536 392.577 183.688 178.557 178.161 129.224 119.901 116.56 109.113 102.423 102.059 100.444 161.409 143.918 99.1314 93.5822 111.734 98.6959 91.6027
threshold=3.5000000000000004 1.0000000180025095e-35 9.5000000000000018 1075.0000000000002 1650.0000000000002 1500.0000000000002 2250.0000000000005 8.5000000000000018 1650.0000000000002 1350.0000000000002 1250.0000000000002 6.5000000000000009 6.5000000000000009 11.500000000000002 28.500000000000004 13.500000000000002 0.40833333333333338 -0.331666666666666 2250.0000000000005 0.25833333333333336 2.0940133477633487 7.0000000000000044 -1.6887499999999998 6.408333333333335 43.053571428571438 2.1607447089947094 0.14835164835164838 0.13809523809523813 -0.15000000000000049 34.425000000000004
decision_type=2 2 2 2 2 2 2 2 2 2 2 2 2 2 2 2 2 2 2 2 2 2 2 2 2 2 2 2 2 2
left_child=3 2 5 -1 -4 9 8 17 -5 10 12 -11 -2 18 19 16 -6 -3 22 -15 -14 -18 23 -7 29 -10 27 28 -16 -24
right_child=1 7 4 6 15 13 -8 -9 25 11 -12 -13 20 14 26 -17 21 -19 -20 -21 -22 -23 24 -25 -26 -27 -28 -29 -30 -31
leaf_value=0.091185269422214665 -0.011387976708647329 -0.20633179058736945 0.048991680930647041 -0.11664469340683095 -0.18161635282071864 -0.018894018711788314 0.16945488480851056 0.034713986802047923 -0.25556368685747483 0.096573856572203742 -0.23593428398388019 0.0028525778630934906 0.08224290154832703 0.080093904942470165 0.062275847293278008 -0.22571219525198979 -0.13628589592196722 -0.13720436498720562 -0.056178773691256845 -0.020782954865493454 0.032900813955850171 0.079098592698574069 0.11669199442237439 0.10324181968983459 0.14833326909088476 -0.19796189234264891 0.067065136686797602 0.28049956584349273 0.19731689032755401 0.063104028807373244
leaf_weight=97 512 141 97 105 37 42 15.999999999999998 56 102 279 69 519 179 38 47 166 11.000000000000002 113 11.999999999999998 91 255 10.999999999999998 169 76 170 279 939 9.9999999999999982 19 151
leaf_count=97 512 141 97 105 37 42 16 56 102 279 69 519 179 38 47 166 11 113 12 91 255 11 169 76 170 279 939 10 19 151
internal_value=-0.000172622 0.0192826 0.0317551 -0.136879 -0.124425 0.0458144 -0.180947 -0.13759 -0.192483 0.0162304 0.000986283 0.0356198 0.018267 0.0762202 0.0643422 -0.199187 -0.124557 -0.175578 0.0981371 0.00893271 0.0532516 -0.0285937 0.101183 0.0597697 0.111156 -0.213383 0.0713844 0.12475 0.101151 0.0914052
internal_weight=4808 4209 3899 599 322 3577 502 310 486 1813 1015 798 946 1764 1144 225 59 254 620 129 434 22 608 118 490 381 1015 76 66 320
internal_count=4808 4209 3899 599 322 3577 502 310 486 1813 1015 798 946 1764 1144 225 59 254 620 129 434 22 608 118 490 381 1015 76 66 320
is_linear=0
shrinkage=0.05


Tree=23
num_leaves=31
num_cat=0
split_feature=2 2 0 14 14 0 2 0 2 33 0 0 2 2 35 23 32 32 35 35 11 2 37 37 9 30 5 7 37 32
split_gain=4616.31 2599.49 3034.66 2211.94 1870.81 1160.17 800.376 629.106 738.908 206.565 193.451 1500.16 575.377 354.301 142.482 141.659 119.869 94.2492 92.437 89.4661 87.1273 95.4466 90.336 100.657 86.8272 122.185 86.2972 85.827 94.1006 84.7528
threshold=3.5000000000000004 9.5000000000000018 1850.0000000000002 1.0000000180025095e-35 1.0000000180025095e-35 1500.0000000000002 2.5000000000000004 1950.0000000000002 5.5000000000000009 11.500000000000002 1350.0000000000002 1250.0000000000002 6.5000000000000009 6.5000000000000009 2.7943461920024428 1.0000000180025095e-35 0.67708333333333337 0.40833333333333338 2.0940133477633487 2.1607447089947094 0.18465909090909094 8.5000000000000018 7.5366666666666688 4.8514285714285741 0.13809523809523813 42.910000000000011 0.75961538461538469 1.0000000180025095e-35 5.8999999999999995 0.40833333333333338
decision_type=2 2 2 2 2 2 2 2 2 2 2 2 2 2 2 2 2 2 2 2 2 2 2 2 2 2 2 2 2 2
left_child=3 2 5 6 -3 10 -1 16 -9 -7 11 13 -12 -2 -10 20 -4 -16 29 -5 21 24 23 -22 25 -11 -21 -14 -29 -15
right_child=1 4 7 19 -6 9 -8 8 14 15 12 -13 27 18 17 -17 -18 -19 -20 26 22 -23 -24 -25 -26 -27 -28 28 -30 -31
leaf_value=0.09279197455520545 -0.010818577559802379 0.056285314192064111 -0.20831391576413566 -0.24278550196037282 -0.20144644398818976 0.096123657419837791 -0.098818316983503351 -0.14102736713242867 0.11022328446805477 0.11337555682894163 0.091745163615806355 -0.22413757061180861 -0.011356980207345005 0.10570198826175697 -0.09277632128447294 0.10699652990193241 -0.081897431663872505 0.067352780261460479 0.031255773229561017 -0.19492260389341601 0.027478111113233523 0.22527486406839811 0.018981811895605123 0.069374198863878231 0.16877443484961988 -0.032549766737681167 -0.075322185235563666 0.057503692220855995 -0.023021907436678996 0.035198410567827521
leaf_weight=109 512 104 127 102 218 608 109 107 50 32 279 69 351 109 20 140 22 17 255 263 203 12.999999999999998 201 488 20 26 15.999999999999998 115 53 70
leaf_count=109 512 104 127 102 218 608 109 107 50 32 279 69 351 109 20 140 22 17 255 263 203 13 201 488 20 26 16 115 53 70
internal_value=-0.000163991 0.0183184 0.029628 -0.130035 -0.118204 0.0433721 -0.00301317 -0.112382 -0.0530376 0.0726496 0.0154189 0.000936969 0.0338388 0.0173536 0.0551797 0.0599406 -0.189648 -0.0192035 0.050589 -0.202714 0.0532389 0.0998438 0.0484843 0.0570661 0.0789386 0.0479608 -0.188064 0.00270995 0.0320998 0.0781308
internal_weight=4808 4209 3887 599 322 3544 218 343 194 1731 1813 1015 798 946 87 1123 149 37 434 381 983 91 892 691 78 58 279 519 168 179
internal_count=4808 4209 3887 599 322 3544 218 343 194 1731 1813 1015 798 946 87 1123 149 37 434 381 983 91 892 691 78 58 279 519 168 179
is_linear=0
shrinkage=0.05


Tree=24
num_leaves=31
num_cat=0
split_feature=2 15 2 14 14 13 2 2 24 6 2 24 35 4 30 33 7 37 6 38 29 35 37 35 37 6 30 11 4 5
split_gain=4166.22 2683.31 2789.33 1996.27 1688.41 1048.34 722.34 655.574 171.78 166.492 163.793 228.597 124.604 116.298 116.405 112.301 101.963 107.261 93.1442 92.24 159.733 90.9828 84.8934 80.7432 80.8175 80.6344 78.1302 77.9344 77.9139 77.8833
threshold=3.5000000000000004 1.0000000180025095e-35 9.5000000000000018 1.0000000180025095e-35 1.0000000180025095e-35 1.0000000180025095e-35 2.5000000000000004 8.5000000000000018 1.0000000180025095e-35 0.56696428571428581 6.5000000000000009 1.0000000180025095e-35 2.7117708333333339 0.21825396825396828 39.283333333333346 14.500000000000002 1.5000000000000002 5.5929166666666648 0.68990384615384626 0.81534090909090928 47.452250000000006 2.3860212842712842 4.1750000000000016 2.1607447089947094 5.4500000000000046 0.19375000000000003 40.816666666666677 0.36038961038961043 0.25833333333333336 0.75961538461538469
decision_type=2 2 2 2 2 2 2 2 2 2 2 2 2 2 2 2 2 2 2 2 2 2 2 2 2 2 2 2 2 2
left_child=3 2 5 6 -4 10 -1 22 9 15 27 18 13 -13 -15 16 -7 -18 19 -12 -21 -11 -3 24 -5 -17 -27 -2 -16 -25
right_child=1 7 4 23 -6 8 -8 -9 -10 21 11 12 -14 14 28 25 17 -19 -20 20 -22 -23 -24 29 -26 26 -28 -29 -30 -31
leaf_value=0.088152375815590045 0.06632907394175884 -0.070836030632257463 0.053471048908809632 -0.18153986540501532 -0.1913741224562886 0.0077468526281260011 -0.093877402112024652 0.030673336167819799 0.051202012113322794 0.083225241750299647 0.14066319811468325 -0.0036942630223616834 0.12254341715356198 0.22685233970934693 0.13640296409527461 -0.042233717771704329 0.09154227036051453 -0.014470485773156672 0.20349263413385912 0.053950017236638816 0.11477010674923659 0.015160115378638428 -0.16787273350029913 -0.18517647224474884 -0.27098359550748552 -0.014035705621837126 0.028907105398589168 0.037239033575219016 0.011614281175340094 -0.07155607636086643
leaf_weight=109 589 25 104 46 218 524 109 56 273 104 105 119 41 10.999999999999998 18 167 80 34 22 190 250 93 229 263 56 393 145 378 41 15.999999999999998
leaf_count=109 589 25 104 46 218 524 109 56 273 104 105 119 41 11 18 167 80 34 22 190 250 93 229 263 56 393 145 378 41 16
internal_value=-0.000155791 0.0174025 0.0286595 -0.123533 -0.112294 0.041348 -0.00286251 -0.124181 0.0146479 0.00816787 0.0687898 0.0855721 0.0435282 0.0263873 0.0775259 0.00187134 0.0170701 0.0599244 0.102627 0.0985554 0.0885069 0.051093 -0.158322 -0.192578 -0.230646 -0.011883 -0.0024619 0.0549578 0.0496854 -0.178661
internal_weight=4808 4209 3899 599 322 3577 218 310 1813 1540 1764 797 230 189 70 1343 638 114 567 545 440 197 254 381 102 705 538 967 59 279
internal_count=4808 4209 3899 599 322 3577 218 310 1813 1540 1764 797 230 189 70 1343 638 114 567 545 440 197 254 381 102 705 538 967 59 279
is_linear=0
shrinkage=0.05


Tree=25
num_leaves=31
num_cat=0
split_feature=2 15 2 14 14 0 0 8 2 2 0 2 0 0 11 3 2 28 0 8 5 11 37 35 8 11 28 33 37 6
split_gain=3506.37 2576.63 2368.45 2024.74 1599.93 914.69 1224.53 740.417 678.771 346.254 224.866 333.665 141.416 149.634 125.373 113.117 103.24 99.5512 95.3462 92.8406 110.044 90.8142 95.4002 133.71 122.868 84.9643 113.284 80.5724 79.8326 79.1279
threshold=3.5000000000000004 1.0000000180025095e-35 9.5000000000000018 1.0000000180025095e-35 1.0000000180025095e-35 1350.0000000000002 1250.0000000000002 12.500000000000002 8.5000000000000018 6.5000000000000009 1750.0000000000002 6.5000000000000009 2250.0000000000005 1075.0000000000002 0.26969696969696971 1.0000000180025095e-35 8.5000000000000018 50.500000000000007 1500.0000000000002 8.5000000000000018 0.36931818181818188 0.25833333333333336 4.7158928571428582 3.0935153388278391 11.500000000000002 0.51666666666666672 6.5000000000000009 10.500000000000002 9.8499999999999996 0.080128205128205135
decision_type=2 2 2 2 2 2 2 2 2 2 2 2 2 2 2 2 2 2 2 2 2 2 2 2 2 2 2 2 2 2
left_child=3 2 5 7 -4 6 9 12 -3 -2 11 18 13 -1 -10 -16 17 19 -7 20 -12 -21 23 24 -23 26 -24 -5 -20 -6
right_child=1 8 4 27 29 10 -8 -9 14 -11 16 -13 -14 -15 15 -17 -18 -19 28 21 -22 22 25 -25 -26 -27 -28 -29 -30 -31
leaf_value=0.080656983171190536 -0.014755066284715214 -0.15448898457715873 0.056455808318082279 -0.12304033672108371 -0.30998276563791127 0.085399790964881137 -0.2132709196128417 -0.10805817472550419 -0.11402707685801117 0.046536418899831525 0.24467889149983724 0.0079868759073050428 0.20850589544408851 -0.079241864207912904 0.15180921489777774 -0.0067764723842794255 0.093541893396324238 -0.0960704991221428 0.051062316341258511 0.082034105792806691 0.069049637510695247 0.15573297591507437 0.020008179891089946 -0.099242863245308399 0.064675768249883109 -0.022660007094051325 0.068971706165447386 -0.19048752871818753 -0.060078595195184742 -0.18234260555802156
leaf_weight=105 512 262 98 51 12.999999999999998 267 64 87 10.999999999999998 419 14.999999999999998 503 18 17 23 22 313 9.9999999999999982 326 316 22 50 229 9.9999999999999982 143 51 244 336 17 184
leaf_count=105 512 262 98 51 13 267 64 87 11 419 15 503 18 17 23 22 313 10 326 316 22 50 229 10 143 51 244 336 17 184
internal_value=-0.000585459 0.0160114 0.0274353 -0.11206 -0.108638 0.0388684 -0.00171374 0.00649302 -0.120717 0.0128294 0.0549174 0.0381349 0.0776784 0.058376 0.0372899 0.0742784 0.068231 0.0609629 0.0629946 0.0624169 0.140251 0.0596557 0.0499287 0.0790288 0.0882657 0.0386552 0.0452663 -0.181599 0.0455539 -0.190766
internal_weight=4738 4124 3806 614 295 3511 995 227 318 931 2516 1113 140 122 56 45 1403 1090 610 1080 37 1043 727 203 193 524 473 387 343 197
internal_count=4738 4124 3806 614 295 3511 995 227 318 931 2516 1113 140 122 56 45 1403 1090 610 1080 37 1043 727 203 193 524 473 387 343 197
is_linear=0
shrinkage=0.05


Tree=26
num_leaves=31
num_cat=0
split_feature=2 15 2 14 14 0 0 8 2 2 0 2 0 0 23 2 11 9 36 34 36 0 29 11 34 33 36 0 34 28
split_gain=3164.5 2325.41 2137.53 1827.33 1443.94 825.508 1105.14 668.226 612.591 312.494 202.942 301.133 127.628 135.044 113.2 158.885 113.149 102.088 96.1433 91.3649 86.1081 86.0499 82.8587 78.6675 91.7867 90.5506 112.993 95.9026 99.6248 77.9564
threshold=3.5000000000000004 1.0000000180025095e-35 9.5000000000000018 1.0000000180025095e-35 1.0000000180025095e-35 1350.0000000000002 1250.0000000000002 12.500000000000002 8.5000000000000018 6.5000000000000009 1750.0000000000002 6.5000000000000009 2250.0000000000005 1075.0000000000002 1.0000000180025095e-35 8.5000000000000018 0.26969696969696971 1.0000000180025095e-35 -0.23875000000000027 142.50000000000003 1.0000000000000007 1500.0000000000002 51.251000000000005 0.20714285714285716 58.500000000000007 9.5000000000000018 0.63000000000000089 2250.0000000000005 40.500000000000007 2.5000000000000004
decision_type=2 2 2 2 2 2 2 2 2 2 2 2 2 2 2 2 2 2 2 2 2 2 2 2 2 2 2 2 2 2
left_child=3 2 5 7 -4 6 9 12 18 -2 11 21 13 -1 15 23 -10 -18 -3 -13 -20 -7 -6 24 -12 26 -25 28 -27 -30
right_child=1 8 4 -5 22 10 -8 -9 16 -11 14 19 -14 -15 -16 -17 17 -19 20 -21 -22 -23 -24 25 -26 27 -28 -29 29 -31
leaf_value=0.076624135467268178 -0.014017312423743534 -0.17212927353314378 0.053633017759123935 -0.17251918291629748 -0.18872596832511468 0.08112980087116807 -0.20260737130738563 -0.10265526636396589 -0.10832572518424555 0.04420959811084204 0.041942747135328341 0.0019409752591572544 0.19808060359209778 -0.075279769301414501 0.096241891028617799 0.088864799744089534 0.14421875305149867 -0.0064376500519839203 -0.085456610990052195 0.088008187262510709 -0.18988299054595142 0.043276180754960092 -0.041001897156238559 0.06132676258176855 0.11917096181594147 0.0026951232857324861 0.20820991660157842 -0.0887631769059226 0.15056692659854889 0.0440831305167034
leaf_weight=105 512 154 98 387 187 267 64 87 10.999999999999998 419 79 470 18 17 238 313 23 22 82 33 26 343 9.9999999999999982 103 75 165 14.999999999999998 15.999999999999998 18 381
leaf_count=105 512 154 98 387 187 267 64 87 11 419 79 470 18 17 238 313 23 22 82 33 26 343 10 103 75 165 15 16 18 381
internal_value=-0.000556186 0.0152108 0.0260636 -0.106457 -0.103206 0.036925 -0.00162805 0.00616837 -0.114681 0.0121879 0.0521716 0.0362281 0.0737945 0.0554572 0.0648195 0.0584001 0.0354254 0.0705645 -0.146765 0.00758753 -0.110596 0.0598449 -0.181227 0.0472083 0.0795539 0.0400719 0.0799983 0.0319489 0.0353734 0.0488869
internal_weight=4738 4124 3806 614 295 3511 995 227 318 931 2516 1113 140 122 1403 1165 56 45 262 503 108 610 197 852 154 698 118 580 564 399
internal_count=4738 4124 3806 614 295 3511 995 227 318 931 2516 1113 140 122 1403 1165 56 45 262 503 108 610 197 852 154 698 118 580 564 399
is_linear=0
shrinkage=0.05


Tree=27
num_leaves=31
num_cat=0
split_feature=2 15 2 14 14 0 0 8 2 2 0 2 0 0 23 2 11 35 7 35 35 28 8 36 35 34 34 32 2 8
split_gain=2855.96 2098.68 1929.12 1649.17 1303.16 745.021 997.386 603.074 552.864 283.884 183.155 271.772 115.184 121.877 102.163 143.394 102.117 109.917 95.4152 96.6653 84.6702 125.745 129.866 82.8375 86.6893 82.4568 75.4784 88.6851 86.6263 73.9683
threshold=3.5000000000000004 1.0000000180025095e-35 9.5000000000000018 1.0000000180025095e-35 1.0000000180025095e-35 1350.0000000000002 1250.0000000000002 12.500000000000002 8.5000000000000018 7.5000000000000009 1750.0000000000002 6.5000000000000009 2250.0000000000005 1075.0000000000002 1.0000000180025095e-35 8.5000000000000018 0.26969696969696971 3.1341330891330892 1.5000000000000002 2.574444444444445 2.7943461920024428 23.500000000000004 14.500000000000002 -1.55 0.89481944444444472 142.50000000000003 9.5000000000000018 0.53589743589743599 7.5000000000000009 11.500000000000002
decision_type=2 2 2 2 2 2 2 2 2 2 2 2 2 2 2 2 2 2 2 2 2 2 2 2 2 2 2 2 2 2
left_child=3 2 5 7 -4 6 9 12 18 -2 11 23 13 -1 15 -12 -10 -18 26 -20 21 22 -16 24 -7 29 -3 28 -28 -13
right_child=1 8 4 -5 -6 10 -8 -9 16 -11 14 25 -14 -15 20 -17 17 -19 19 -21 -22 -23 -24 -25 -26 -27 27 -29 -30 -31
leaf_value=0.072792928504447144 -0.0065288003382613508 -0.026943582702766769 0.050951366897254269 -0.16389322293758662 -0.17216591971931119 -0.03938851536018774 -0.19247700534469914 -0.097522503340980796 -0.10290943702513522 0.053678066528643424 0.044847879027608922 0.060657760097334784 0.18817657410270638 -0.071515781388563279 0.12406464745768181 0.084421559803919813 0.12229263147960107 -0.043476400592674817 -0.15242329331425331 -0.01567488206949617 0.034323690583308537 0.24104388365522028 0.030324399664446163 0.06672223485911212 0.048222073598299178 0.083607779211844466 -0.16628090802701975 -0.11516004500581939 -0.27138822339475155 -0.0048457985518773868
leaf_weight=105 651 10.999999999999998 98 387 197 40 64 87 10.999999999999998 280 852 48 18 17 117 313 30 14.999999999999998 24 28 51 15.999999999999998 54 474 96 33 107 68 24 422
leaf_count=105 651 11 98 387 197 40 64 87 11 280 852 48 18 17 117 313 30 15 24 28 51 16 54 474 96 33 107 68 24 422
internal_value=-0.000528377 0.0144503 0.0247604 -0.101134 -0.0980456 0.0350788 -0.00154665 0.00585995 -0.108947 0.0115785 0.049563 0.0344167 0.0701048 0.0526843 0.0615785 0.0554801 0.0336541 0.0670363 -0.139426 -0.0787895 0.0914298 0.107004 0.0944625 0.0568527 0.0224543 0.00720816 -0.154441 -0.161489 -0.185537 0.00184393
internal_weight=4738 4124 3806 614 295 3511 995 227 318 931 2516 1113 140 122 1403 1165 56 45 262 52 238 187 171 610 136 503 210 199 131 470
internal_count=4738 4124 3806 614 295 3511 995 227 318 931 2516 1113 140 122 1403 1165 56 45 262 52 238 187 171 610 136 503 210 199 131 470
is_linear=0
shrinkage=0.05


Tree=28
num_leaves=31
num_cat=0
split_feature=19 15 26 14 17 14 25 8 14 34 14 30 32 35 6 37 30 30 29 35 34 8 34 37 35 9 29 29 11 35
split_gain=1797.43 1673.73 1499.98 1176.1 563.297 634.335 498.959 313.426 215.08 197.229 203.17 194.118 150.379 140.737 137.119 111.397 156.27 110.988 104.995 99.5236 103.156 135.523 182.218 120.799 98.1309 112.358 97.6497 92.1949 92.1605 99.2005
threshold=1.0000000180025095e-35 1.0000000180025095e-35 1.0000000180025095e-35 1.0000000180025095e-35 1.0000000180025095e-35 1.0000000180025095e-35 1.0000000180025095e-35 13.500000000000002 1.0000000180025095e-35 131.50000000000003 1.0000000180025095e-35 33.550000000000004 0.39230769230769241 3.9027549732014024 0.63961038961038974 5.6500000000000048 38.378571428571433 37.616666666666674 42.909629629629634 0.11578869047619018 90.500000000000014 14.500000000000002 66.500000000000014 7.2700000000000014 2.5576569264069264 0.16025641025641027 47.224047619047631 43.289814814814825 0.26969696969696971 3.1341330891330892
decision_type=2 2 2 2 2 2 2 2 2 2 2 2 2 2 2 2 2 2 2 2 2 2 2 2 2 2 2 2 2 2
left_child=1 2 4 -4 7 -6 -3 11 26 10 12 24 -9 19 -11 -13 17 -17 -14 -12 21 22 -21 -22 25 -1 -2 -20 -8 -30
right_child=8 6 3 -5 5 -7 28 9 -10 14 13 15 18 -15 -16 16 -18 -19 27 20 23 -23 -24 -25 -26 -27 -28 -29 29 -31
leaf_value=0.14842075019010478 -0.088503913646179835 -0.13245499248239603 0.048403797743423863 -0.16355762316698805 0.090659163292983305 -0.12823364749625799 -0.09776396480473605 0.014678555041554226 -0.16292784664779902 0.041553160996328518 0.07286788098657361 0.057444365978382185 -0.064836717936438776 -0.15621955692768097 0.14520550532000406 0.0020552520864996417 0.034297830092374429 -0.15105083430185917 0.059220460010692477 0.0027506131119085383 0.042188456121970114 0.028315280150662536 -0.13976237942175618 0.15988415230352146 -0.003314453670207192 0.011701876256201003 0.06269272596885761 -0.016967806657827721 0.11617799871290724 -0.041302581255634629
leaf_weight=91 97 262 98 197 46 118 10.999999999999998 707 160 361 130 554 106 9.9999999999999982 35 29 390 20 44 99 135 484 29 26 17 18 11.999999999999998 407 30 14.999999999999998
leaf_count=91 97 262 98 197 46 118 11 707 160 361 130 554 106 10 35 29 390 20 44 99 135 484 29 26 17 18 12 407 30 15
internal_value=-0.000501958 0.00705365 0.0155229 -0.0931433 0.0238363 -0.0668369 -0.103499 0.0278641 -0.126026 0.0182567 0.0123526 0.0499549 -0.000629075 0.0303251 0.0507144 0.0425367 0.0237238 -0.060437 -0.020059 0.032391 0.0255837 0.0162154 -0.0295375 0.0611952 0.108417 0.125843 -0.0718584 -0.00953481 0.0319714 0.0636845
internal_weight=4738 4469 4151 295 3856 164 318 3692 269 2573 2177 1119 1264 913 396 993 439 49 557 903 773 612 128 161 126 109 109 451 56 45
internal_count=4738 4469 4151 295 3856 164 318 3692 269 2573 2177 1119 1264 913 396 993 439 49 557 903 773 612 128 161 126 109 109 451 56 45
is_linear=0
shrinkage=0.05


Tree=29
num_leaves=31
num_cat=0
split_feature=2 15 2 13 13 16 13 2 2 8 22 35 8 16 37 11 23 11 6 6 36 8 32 11 11 9 36 32 36 31
split_gain=2396.57 1715.63 1577.52 869.332 752.871 735.407 586.313 476.904 450.311 154.552 154.108 120.224 113.382 241.163 126.281 105.228 97.2912 114.104 91.4453 88.8385 90.1956 93.0218 88.6145 94.6433 83.1749 90.9045 82.3613 77.3242 84.9193 79.3153
threshold=3.5000000000000004 1.0000000180025095e-35 9.5000000000000018 1.0000000180025095e-35 1.0000000180025095e-35 1.0000000180025095e-35 1.0000000180025095e-35 2.5000000000000004 8.5000000000000018 13.500000000000002 1.0000000180025095e-35 2.6363961038961041 14.500000000000002 1.0000000180025095e-35 5.8500000000000041 0.36931818181818188 1.0000000180025095e-35 0.26969696969696971 0.32291666666666669 0.51666666666666672 -0.331666666666666 11.500000000000002 0.85164835164835173 0.59166666666666679 0.26969696969696971 1.0000000180025095e-35 -0.23875000000000027 0.32291666666666669 -1.8949999999999987 10.500000000000005
decision_type=2 2 2 2 2 2 2 2 2 2 2 2 2 2 2 2 2 2 2 2 2 2 2 2 2 2 2 2 2 2
left_child=3 2 6 5 9 -1 12 -5 26 15 11 19 13 14 22 -4 -16 -18 -11 20 -8 -22 23 -2 -10 -26 -3 28 -19 -29
right_child=1 8 4 7 -6 -7 10 -9 24 18 -12 -13 -14 -15 16 -17 17 27 -20 -21 21 -23 -24 -25 25 -27 -28 29 -30 -31
leaf_value=-0.15013152148216022 0.085312213425535757 -0.14930868804358041 -0.13147621951424157 0.065469471473424218 0.031109013371578943 0.16848220754610865 0.0018234157928705759 -0.085957750092934174 -0.092875768650661827 -0.20732441966732346 -0.017561857250823518 -0.0084193040280332501 0.039581496481207672 -0.14869394525885582 0.03681789885892274 0.017102730071002787 0.19549035707657988 0.10693007068087655 -0.13053399982108246 0.057353107732891734 0.09660340956640695 0.026666410813812127 -0.025566179086180297 0.18951132355824762 0.13000330233379551 -0.012162033671682532 -0.092356570763513446 0.21731607212374604 -0.06679285611299908 0.035524867226680121
leaf_weight=387 415 154 26 105 91 19 383 103 10.999999999999998 72 361 310 865 12.999999999999998 338 22 22 12.000000000000002 84 196 53 462 17 23 23 22 108 12.000000000000002 17 11.999999999999998
leaf_count=387 415 154 26 105 91 19 383 103 11 72 361 310 865 13 338 22 22 12 84 196 53 462 17 23 23 22 108 12 17 12
internal_value=-0.00047686 0.0132444 0.0225662 -0.092637 -0.0884862 -0.135221 0.031897 -0.00951612 -0.0983244 -0.141835 0.0115749 0.0190666 0.0524403 0.0650655 0.068267 -0.0633775 0.0482494 0.0997675 -0.165976 0.0268551 0.0201985 0.0338638 0.0864367 0.0907839 0.0303728 0.0605002 -0.125832 0.0600335 0.00509249 0.12642
internal_weight=4738 4124 3806 614 295 406 3511 208 318 204 1765 1404 1746 881 868 48 413 75 156 1094 898 515 455 438 56 45 262 53 29 24
internal_count=4738 4124 3806 614 295 406 3511 208 318 204 1765 1404 1746 881 868 48 413 75 156 1094 898 515 455 438 56 45 262 53 29 24
is_linear=0
shrinkage=0.05


Tree=30
num_leaves=31
num_cat=0
split_feature=2 15 14 2 14 14 8 2 2 5 24 37 8 34 34 36 2 2 35 34 35 27 37 34 32 32 34 36 8 29
split_gain=2435.69 1713.59 1213.67 1213.55 835.179 619.531 409.645 303.849 165.814 141.191 128.334 120.564 107.85 133.573 97.4483 91.1974 90.5246 88.0886 85.4034 105.824 120.242 97.0578 96.7368 82.5146 81.3551 94.3488 81.2143 80.5196 78.2991 77.8133
threshold=3.5000000000000004 1.0000000180025095e-35 1.0000000180025095e-35 9.5000000000000018 1.0000000180025095e-35 1.0000000180025095e-35 12.500000000000002 8.5000000000000018 5.5000000000000009 0.83974358974358987 1.0000000180025095e-35 6.1699999999999999 12.500000000000002 24.500000000000004 21.500000000000004 -0.22499999999999917 7.5000000000000009 6.5000000000000009 0.76038690476190562 64.500000000000014 2.8552827380952386 2.5000000000000004 7.3666666666666716 36.500000000000007 0.13809523809523813 0.53589743589743599 135.50000000000003 -3.3000000000000003 10.500000000000002 48.794097222222227
decision_type=2 2 2 2 2 2 2 2 2 2 2 2 2 2 2 2 2 2 2 2 2 2 2 2 2 2 2 2 2 2
left_child=2 3 6 5 -5 9 29 17 27 11 12 16 -10 14 -14 -12 26 23 -13 21 22 -20 -21 -3 -19 -26 -2 -7 -27 -1
right_child=1 7 -4 4 -6 8 -8 -9 10 -11 15 18 13 -15 -16 -17 -18 24 19 20 -22 -23 -24 -25 25 28 -28 -29 -30 -31
leaf_value=0.046224346274934845 0.00142760758606934 0.012152849444571664 -0.14397085494387366 0.04093557043373585 -0.13807555564385365 -0.048733022051953505 -0.076747455756412827 0.014069631155960414 0.093505259490558434 0.18946460973132739 0.0036876599291631833 0.093023628171752484 0.029797348569867745 0.070217577905278911 -0.099155930298216205 0.069378410769236648 0.033348775927633217 -0.046007358688203728 0.029975302076048177 0.026352476792942198 -0.074450119114235824 -0.049823636722725793 0.17476034605642782 -0.10708722345004179 -0.19833586753622906 0.0020974832276503246 0.044983315810076592 0.034339246943947459 -0.14488142906008541 0.17113096298916
leaf_weight=114 824 17 401 100 187 31 96 49 345 10.999999999999998 137 17 106 493 17 86 502 17 46 35 19 222 15.999999999999998 99 74 11.999999999999998 123 494 37 13.999999999999998
leaf_count=114 824 17 401 100 187 31 96 49 345 11 137 17 106 493 17 86 502 17 46 35 19 222 16 99 74 12 123 494 37 14
internal_value=7.39607e-05 0.0140392 -0.0918955 0.0231659 -0.0757023 0.0312179 0.00132881 -0.1 0.0528227 0.0108749 0.0631936 0.00978589 0.0711233 0.0585879 0.0119745 0.0290213 0.0161838 -0.121834 -0.0163285 -0.0218285 0.0329136 -0.0361268 0.0729118 -0.0896124 -0.148532 -0.162702 0.00708479 0.029434 -0.108887 0.059886
internal_weight=4741 4116 625 3811 287 3524 224 305 1709 1815 1184 1804 961 616 123 223 1449 256 355 338 70 268 51 116 140 123 947 525 49 128
internal_count=4741 4116 625 3811 287 3524 224 305 1709 1815 1184 1804 961 616 123 223 1449 256 355 338 70 268 51 116 140 123 947 525 49 128
is_linear=0
shrinkage=0.05


Tree=31
num_leaves=31
num_cat=0
split_feature=2 15 14 2 14 0 2 2 7 37 23 2 6 24 11 0 34 32 27 5 6 22 28 6 6 34 0 0 2 0
split_gain=2198.21 1546.51 1095.34 1095.23 753.749 562.114 353.842 274.223 185.193 146.22 122.152 145.228 117.69 131.026 102.447 170.603 128.894 127.12 89.9076 89.6287 97.3956 85.9824 85.5146 82.0684 81.1428 87.3022 80.9738 694.878 243.392 122.837
threshold=3.5000000000000004 1.0000000180025095e-35 1.0000000180025095e-35 9.5000000000000018 1.0000000180025095e-35 1750.0000000000002 2.5000000000000004 8.5000000000000018 1.5000000000000002 6.3200000000000021 1.0000000180025095e-35 8.5000000000000018 0.56696428571428581 1.0000000180025095e-35 0.25833333333333336 2250.0000000000005 33.500000000000007 0.095454545454545472 8.5000000000000018 0.40833333333333338 0.36931818181818188 1.0000000180025095e-35 32.500000000000007 0.080128205128205135 0.60769230769230786 42.500000000000007 1350.0000000000002 1250.0000000000002 6.5000000000000009 1500.0000000000002
decision_type=2 2 2 2 2 2 2 2 2 2 2 2 2 2 2 2 2 2 2 2 2 2 2 2 2 2 2 2 2 2
left_child=2 3 6 5 -5 8 -1 22 12 -10 11 14 13 26 -7 16 17 -16 -13 -19 -21 -18 24 -6 -3 -26 27 -2 29 -28
right_child=1 7 -4 4 23 10 -8 -9 9 -11 -12 18 -14 -15 15 -17 21 19 -20 20 -22 -23 -24 -25 25 -27 28 -29 -30 -31
leaf_value=0.065236875826746907 -0.0032102855718396418 -0.1354580125486641 -0.13677231231495332 0.038888791792327543 -0.26366608684713189 0.063125513672304345 -0.060467419678574066 0.013366150148973174 0.062678132124418751 -0.021118738460063471 0.086352172590120402 0.085358722145918386 0.040708331010614836 0.038340597416309068 0.036190813401093085 -0.1413256397843361 0.024843304334124468 0.018885011010570454 -0.001834275144519228 -0.19030219875276089 -0.044848391486945138 0.071862342493673195 -0.021495289084586231 -0.12289088424718515 0.073710614405572389 -0.11054696220801108 0.06153294798961953 -0.2183437547273934 -0.028991311141783129 0.0072297252744627409
leaf_weight=110 609 206 401 100 10.999999999999998 254 114 49 279 64 244 284 225 214 90 14.999999999999998 222 32 33 15.999999999999998 41 173 22 176 10.000000000000002 18 191 40 269 229
leaf_count=110 609 206 401 100 11 254 114 49 279 64 244 284 225 214 90 15 222 32 33 16 41 173 22 176 10 18 191 40 269 229
internal_value=7.02627e-05 0.0133372 -0.0873007 0.0220076 -0.0719172 0.029657 0.00126237 -0.0950001 0.013406 0.0470426 0.0541955 0.0474316 0.00691344 0.00201405 0.0365828 0.0251365 0.0294865 -0.0057102 0.0762818 -0.048082 -0.0856775 0.0454365 -0.115742 -0.131172 -0.124603 -0.0447407 -0.00379602 -0.0164697 0.00814185 0.0319248
internal_weight=4741 4116 625 3811 287 3524 224 305 2120 343 1404 1160 1777 1552 843 589 574 179 317 89 57 395 256 187 234 28 1338 649 689 420
internal_count=4741 4116 625 3811 287 3524 224 305 2120 343 1404 1160 1777 1552 843 589 574 179 317 89 57 395 256 187 234 28 1338 649 689 420
is_linear=0
shrinkage=0.05


Tree=32
num_leaves=31
num_cat=0
split_feature=2 15 14 2 14 14 8 2 8 7 37 29 30 34 4 34 11 0 11 4 0 2 33 3 29 28 34 37 34 37
split_gain=1983.88 1395.73 988.544 988.447 680.259 508.033 339.576 247.487 135.679 116.654 115.222 140.612 92.5789 123.295 87.9515 81.7675 81.941 81.4781 78.4165 115.873 78.1411 77.4872 76.4901 76.4819 72.6216 102.206 74.6723 72.2898 103.043 72.0382
threshold=3.5000000000000004 1.0000000180025095e-35 1.0000000180025095e-35 9.5000000000000018 1.0000000180025095e-35 1.0000000180025095e-35 12.500000000000002 8.5000000000000018 13.500000000000002 1.5000000000000002 4.0725000000000025 46.062012987012999 33.550000000000004 24.500000000000004 0.095454545454545472 67.500000000000014 0.36931818181818188 1750.0000000000002 0.34523809523809529 0.080128205128205135 2050.0000000000005 6.5000000000000009 8.5000000000000018 1.0000000180025095e-35 46.591904761904779 14.500000000000002 80.500000000000014 7.4361111111111118 108.50000000000001 3.6999999999999993
decision_type=2 2 2 2 2 2 2 2 2 2 2 2 2 2 2 2 2 2 2 2 2 2 2 2 2 2 2 2 2 2
left_child=2 3 6 5 -5 10 -1 20 12 17 11 -2 21 -14 18 16 -13 -10 -12 -20 -3 -7 -15 -9 25 26 -24 -19 -29 -17
right_child=1 7 -4 4 -6 8 -8 23 9 -11 14 15 13 22 -16 29 -18 27 19 -21 -22 -23 24 -25 -26 -27 -28 28 -30 -31
leaf_value=0.054513722346746368 0.01663618681718124 -0.13510020846355472 -0.12993369668918406 0.036944352994672955 -0.12461318898906204 0.041399076257062996 -0.069886712423370537 0.073902852654457105 0.0018028263501243067 0.075075094413984078 0.049570056541672201 0.099643778738876157 0.019278862687612051 0.14973363858358613 -0.010671971821306466 0.082348004957734089 -0.081543742671895486 0.047821097925920923 -0.010691951984753374 0.13385959148406984 -0.079607393388668526 0.15194730526201575 0.045489067300222813 -0.051057376200333238 0.079924779650708502 -0.024780186042999447 0.16087853189776927 -0.0023456448718763082 0.13085073744878173 0.20395089574158193
leaf_weight=128 664 140 401 100 187 23 96 25 212 161 136 12.000000000000002 152 29 725 51 12.999999999999998 466 183 14.999999999999998 116 51 80 24 299 46 17 157 15.999999999999998 15.999999999999998
leaf_count=128 664 140 401 100 187 23 96 25 212 161 136 12 152 29 725 51 13 466 183 15 116 51 80 24 299 46 17 157 16 16
internal_value=6.67496e-05 0.0126704 -0.0829356 0.0209073 -0.0683214 0.0281742 0.00119925 -0.0902501 0.0477385 0.0360467 0.00975243 0.0246628 0.0647143 0.0584339 -0.000891771 0.0825937 0.00542627 0.028663 0.0203377 0.000258923 -0.109955 0.117588 0.07107 0.0126978 0.0659088 0.0366026 0.065712 0.0375743 0.0099731 0.111388
internal_weight=4741 4116 625 3811 287 3524 224 305 1709 1012 1815 756 697 623 1059 92 25 851 334 198 256 74 471 49 442 143 97 639 173 67
internal_count=4741 4116 625 3811 287 3524 224 305 1709 1012 1815 756 697 623 1059 92 25 851 334 198 256 74 471 49 442 143 97 639 173 67
is_linear=0
shrinkage=0.05


Tree=33
num_leaves=31
num_cat=0
split_feature=2 15 2 13 16 13 13 2 2 2 36 37 24 36 2 34 32 6 29 11 6 29 2 5 11 6 36 28 34 31
split_gain=1790.45 1259.64 892.073 585.359 442.848 431.207 431.189 291.848 223.357 144.345 117.016 115.109 101.732 96.8754 86.0646 148.869 111.112 84.7975 82.0108 124.501 81.0562 78.4254 94.6439 85.4291 87.6153 83.5596 77.135 76.7359 78.31 76.6099
threshold=3.5000000000000004 1.0000000180025095e-35 9.5000000000000018 1.0000000180025095e-35 1.0000000180025095e-35 1.0000000180025095e-35 1.0000000180025095e-35 2.5000000000000004 8.5000000000000018 5.5000000000000009 1.6563492063492069 5.8116666666666683 1.0000000180025095e-35 1.1400000000000003 6.5000000000000009 38.500000000000007 0.34523809523809529 0.44949494949494956 48.426168430335103 0.44097222222222227 0.78174603174603186 44.967592592592602 7.5000000000000009 0.54195804195804198 0.26969696969696971 0.069047619047619066 -2.4999999999999978 32.500000000000007 11.500000000000002 7.2000000000000073
decision_type=2 2 2 2 2 2 2 2 2 2 2 2 2 2 2 2 2 2 2 2 2 2 2 2 2 2 2 2 2 2
left_child=3 2 6 4 -1 -4 9 -5 27 18 12 20 13 14 15 -11 26 -13 -2 -20 21 22 -8 -23 -25 -24 -17 28 -3 -15
right_child=1 8 5 7 -6 -7 11 -9 -10 10 -12 17 -14 29 -16 16 -18 -19 19 -21 -22 23 25 24 -26 -27 -28 -29 -30 -31
leaf_value=-0.12343701234881643 0.033477521258935238 0.024046238958835606 -0.10767705054553178 0.052585332001540433 0.13711174235624426 0.022913311970757046 -0.0036327392561361195 -0.066321667513399976 0.012062949764753731 0.010056321000336935 0.18825412658043206 -0.027251157840622254 0.021499672878061621 -0.13726762736385514 0.074734702804825637 0.034495961090380493 0.04430700154387511 0.022364115081727504 0.014801529327288588 -0.10370607866809285 0.13626617124038085 0.014594908687749744 -0.037658988052096803 0.030427863702689319 0.10276373419123637 0.042094146842060011 0.14281065098296564 -0.015178953111171723 -0.1189624464022927 0.042019852594687393
leaf_weight=401 405 9.9999999999999982 193 98 17 94 634 109 49 179 15.999999999999998 305 221 11.000000000000002 539 22 149 120 94 29 13.999999999999998 255 38 102 71 242 65 22 224 12.999999999999998
leaf_count=401 405 10 193 98 17 94 634 109 49 179 16 305 221 11 539 22 149 120 94 29 14 255 38 102 71 242 65 22 224 13
internal_value=6.34121e-05 0.0120369 0.0198619 -0.0787889 -0.112841 -0.0649053 0.0267655 -0.0100275 -0.0857376 0.0444449 0.0539302 0.00946321 0.0521378 0.0590611 0.0615571 0.044442 0.0705227 -0.0132421 0.0226179 -0.0131393 0.0165796 0.015331 0.00705972 0.0329943 0.0601148 0.0312705 0.115421 -0.104457 -0.112851 -0.0401536
internal_weight=4741 4116 3811 625 418 287 3524 207 305 1743 1215 1781 1199 978 954 415 236 425 528 123 1356 1342 914 428 173 280 87 256 234 24
internal_count=4741 4116 3811 625 418 287 3524 207 305 1743 1215 1781 1199 978 954 415 236 425 528 123 1356 1342 914 428 173 280 87 256 234 24
is_linear=0
shrinkage=0.05


Tree=34
num_leaves=31
num_cat=0
split_feature=19 15 26 14 18 14 17 14 14 25 14 8 7 30 6 37 8 24 35 31 32 11 37 21 32 9 30 33 6 30
split_gain=1013.94 997.32 673.057 565.812 522.762 535.593 419.201 415.789 376.299 201.579 128.382 118.452 174.71 106.813 144.253 99.7121 105.26 88.1918 131.099 114.684 84.1742 77.8132 77.5086 93.458 87.3431 77.48 98.8802 222.365 149.902 79.8763
threshold=1.0000000180025095e-35 1.0000000180025095e-35 1.0000000180025095e-35 1.0000000180025095e-35 1.0000000180025095e-35 1.0000000180025095e-35 1.0000000180025095e-35 1.0000000180025095e-35 1.0000000180025095e-35 1.0000000180025095e-35 1.0000000180025095e-35 12.500000000000002 1.5000000000000002 33.550000000000004 0.16025641025641027 4.0725000000000025 14.500000000000002 1.0000000180025095e-35 2.5264985014985029 10.455000000000004 0.17424242424242428 0.18465909090909094 7.4000000000000039 1.0000000180025095e-35 0.48333333333333339 0.17424242424242428 43.75500000000001 10.500000000000002 0.46410256410256417 41.114285714285721
decision_type=2 2 2 2 2 2 2 2 2 2 2 2 2 2 2 2 2 2 2 2 2 2 2 2 2 2 2 2 2 2
left_child=1 2 4 -4 6 -6 7 15 -8 -3 -2 13 22 14 -9 16 -1 19 -19 -15 -17 -14 23 -13 -24 26 29 -28 -29 -22
right_child=10 9 3 -5 5 -7 8 11 -10 -11 -12 12 21 17 -16 20 -18 18 -20 -21 25 -23 24 -25 -26 -27 27 28 -30 -31
leaf_value=0.053845514624201743 -0.052061864503316194 -0.099234411602537875 0.034343239530920985 -0.11299867685697476 0.045199934479349585 -0.13412481660869988 0.073234821422848595 0.29733135372400288 -0.097725567640372907 0.011459802737345502 -0.1212314546325364 0.04427311246146691 0.1807296146364773 0.084818074244726455 0.090884531716054151 0.038292118767276409 0.011480436223708312 -0.021975860690387587 0.11514456006495849 0.02662224908708595 -0.0055095171665869138 0.068475195295399138 -0.011845408317827578 0.0042319480536712542 0.073741671762296138 -0.0487404556721837 -0.27670999616384506 -0.070347986963772507 0.1089209764963016 0.031552965633964807
leaf_weight=199 114 256 100 187 67 110 43 9.9999999999999982 128 49 163 552 17 250 55 120 557 72 23 128 580 168 201 198 35 96 9.9999999999999982 43 15.999999999999998 194
leaf_count=199 114 256 100 187 67 110 43 10 128 49 163 552 17 250 55 120 557 72 23 128 580 168 201 198 35 96 10 43 16 194
internal_value=6.02416e-05 0.0058202 0.0122202 -0.06166 0.0176964 -0.0662448 0.0217174 0.0254272 -0.0547355 -0.0814508 -0.0927645 0.0431265 0.0342041 0.0625468 0.122646 0.00876157 0.0226321 0.054288 0.0112217 0.0651116 -0.00114032 0.0787905 0.0258385 0.0337022 0.000847591 -0.00617961 -0.00133283 -0.0586859 -0.0217327 0.00378005
internal_weight=4741 4464 4159 287 3872 177 3695 3524 171 305 277 1709 1171 538 65 1815 756 473 95 378 1059 185 986 750 236 939 843 69 59 774
internal_count=4741 4464 4159 287 3872 177 3695 3524 171 305 277 1709 1171 538 65 1815 756 473 95 378 1059 185 986 750 236 939 843 69 59 774
is_linear=0
shrinkage=0.05


Tree=35
num_leaves=31
num_cat=0
split_feature=2 15 2 14 14 0 0 8 2 2 29 8 34 32 8 2 30 30 11 33 6 29 5 3 8 0 28 11 28 29
split_gain=1201.29 1094.63 914.209 686.006 552.123 433.289 911.037 232.465 226.747 201.721 168.087 219.176 153.687 129.061 112.592 126.939 112.016 118.002 102.591 102.523 99.7082 93.8148 92.2666 87.9934 83.6319 181.399 85.4593 77.6373 75.9696 70.6198
threshold=3.5000000000000004 1.0000000180025095e-35 9.5000000000000018 1.0000000180025095e-35 1.0000000180025095e-35 1350.0000000000002 1250.0000000000002 12.500000000000002 6.5000000000000009 8.5000000000000018 37.850000000000001 9.5000000000000018 56.500000000000007 0.70714285714285718 10.500000000000002 7.5000000000000009 46.622222222222227 47.416666666666679 0.25833333333333336 11.500000000000002 0.32291666666666669 44.775595238095242 0.75961538461538469 1.0000000180025095e-35 14.500000000000002 2250.0000000000005 26.500000000000004 0.30384615384615393 4.5000000000000009 43.315689548546693
decision_type=2 2 2 2 2 2 2 2 2 2 2 2 2 2 2 2 2 2 2 2 2 2 2 2 2 2 2 2 2 2
left_child=3 2 5 7 -4 6 8 -1 -2 14 11 -7 18 16 -3 23 24 -18 -12 -6 -21 -15 -5 -16 25 26 -14 -22 -26 -30
right_child=1 9 4 22 19 10 -8 -9 -10 -11 12 -13 13 21 15 -17 17 -19 -20 20 27 -23 -24 -25 28 -27 -28 -29 29 -31
leaf_value=0.042811746965492718 -0.012414403745391794 -0.013857636404120261 0.033143303450196983 -0.1115611342051305 -0.038065791009770089 0.24021052585707769 -0.17870352923654129 -0.057752098957287903 0.037542100559464713 0.0074526738064984487 0.042100527512853064 0.060096841021678851 0.067099504274460417 -0.091630320698022849 -0.047488831544915837 -0.17686446813058179 0.26078592905631426 0.032327714785933492 0.0080824138514272205 -0.17471835279505549 -0.033557228592690079 0.021136936233948744 0.014982170543322963 -0.11854051593691112 0.13338804624974729 -0.14008240625262261 0.14990359446832111 -0.13057188761645352 0.10493999001654714 0.029402362855504301
leaf_weight=141 514 36 93 363 36 18 69 97 407 57 307 274 284 20 75 53 13.000000000000002 9.9999999999999982 797 73 32 237 14.999999999999998 104 20 9.9999999999999982 35 58 33 496
leaf_count=141 514 36 93 363 36 18 69 97 407 57 307 274 284 20 75 53 13 10 797 73 32 237 15 104 20 10 35 58 33 496
internal_value=0.000495501 0.0101429 0.0176075 -0.0646712 -0.0674297 0.0246139 -0.00346658 0.00182564 0.00966192 -0.0779624 0.0354987 0.0711997 0.0308901 0.0436155 -0.096129 -0.108895 0.0525304 0.161456 0.0175422 -0.114431 -0.131297 0.0123613 -0.10654 -0.0887703 0.049677 0.0696111 0.0761846 -0.0960778 0.0377311 0.0341145
internal_weight=4777 4161 3836 616 292 3544 990 238 921 325 2554 292 2262 1158 268 232 901 23 1104 199 163 257 378 179 878 329 319 90 549 529
internal_count=4777 4161 3836 616 292 3544 990 238 921 325 2554 292 2262 1158 268 232 901 23 1104 199 163 257 378 179 878 329 319 90 549 529
is_linear=0
shrinkage=0.05


Tree=36
num_leaves=31
num_cat=0
split_feature=2 15 2 14 14 14 8 2 33 8 24 34 27 8 2 6 33 6 30 31 3 2 11 28 10 23 11 38 35 11
split_gain=1084.17 987.9 825.074 619.12 498.291 351.64 209.8 182.054 106.519 110.815 104.202 103.498 123.358 101.614 114.563 96.8626 92.527 89.9867 86.7146 150.161 79.4141 73.7208 80.8759 93.5853 72.4067 70.7047 70.0676 68.4309 67.9743 66.8622
threshold=3.5000000000000004 1.0000000180025095e-35 9.5000000000000018 1.0000000180025095e-35 1.0000000180025095e-35 1.0000000180025095e-35 12.500000000000002 8.5000000000000018 1.5000000000000002 9.5000000000000018 1.0000000180025095e-35 56.500000000000007 8.5000000000000018 10.500000000000002 7.5000000000000009 0.56696428571428581 11.500000000000002 0.32291666666666669 46.112500000000004 6.275000000000003 1.0000000180025095e-35 8.5000000000000018 0.25833333333333336 9.5000000000000018 1.5000000000000002 1.0000000180025095e-35 0.30384615384615393 0.91987179487179505 2.8207258007369624 0.087121212121212141
decision_type=2 2 2 2 2 2 2 2 2 2 2 2 2 2 2 2 2 2 2 2 2 2 2 2 2 2 2 2 2 2
left_child=3 2 5 6 28 10 -1 13 9 -7 15 21 18 -3 20 -2 -6 -18 -13 -20 -15 22 23 29 -14 -26 -19 -23 -4 -10
right_child=1 7 4 -5 16 8 -8 -9 11 -11 -12 12 24 14 -16 -17 17 26 19 -21 -22 27 -24 -25 25 -27 -28 -29 -30 -31
leaf_value=0.040671159202853843 -0.0018607955500395098 -0.01316475338406033 0.016648601668785856 -0.10121259543226746 -0.036162502106486097 0.23201461922038688 -0.054864493573142083 0.0070800399995948147 -0.053652218557321107 0.067325676210107405 0.037628410975499405 0.05751958065686244 0.066180990700377154 -0.045114389856656396 -0.16802124414803848 0.035116924781936641 -0.16598243444953881 -0.031879366561770442 0.010051582115037101 0.21952292174100876 -0.11261348902917234 0.086043326732599068 0.0052265194723813621 -0.075199952969948455 -0.0064738958752290771 0.090935097067129045 -0.12404329327159916 0.023022688704583308 0.15463769743219019 0.064460587360305729
leaf_weight=141 1343 36 83 378 36 10.999999999999998 97 57 12.999999999999998 143 253 466 64 75 53 204 73 32 13.999999999999998 22 104 81 484 14.999999999999998 165 21 58 92 9.9999999999999982 153
leaf_count=141 1343 36 83 378 36 11 97 57 13 143 253 466 64 75 53 204 73 32 14 22 104 81 484 15 165 21 58 92 10 153
internal_value=0.000470726 0.00963572 0.0167271 -0.0614376 -0.0640582 0.0233832 0.00173436 -0.0740642 0.0393838 0.0790892 0.00788044 0.0355381 0.0490045 -0.0913225 -0.10345 0.00301539 -0.10871 -0.124732 0.0632955 0.138062 -0.0843317 0.0234537 0.0158897 0.0444033 0.0203081 0.00452389 -0.0912739 0.0525295 0.0314861 0.0552108
internal_weight=4777 4161 3836 616 292 3544 238 325 1744 154 1800 1590 752 268 232 1547 199 163 502 36 179 838 665 181 250 186 90 173 93 166
internal_count=4777 4161 3836 616 292 3544 238 325 1744 154 1800 1590 752 268 232 1547 199 163 502 36 179 838 665 181 250 186 90 173 93 166
is_linear=0
shrinkage=0.05


Tree=37
num_leaves=31
num_cat=0
split_feature=15 0 0 19 0 7 22 29 29 29 0 5 37 33 6 33 5 30 30 30 29 37 35 33 30 30 6 35 32 5
split_gain=699.376 1120.68 2148.09 178.626 165.952 144.319 107.833 106.296 99.8675 152.737 92.6265 90.4577 94.5706 86.1664 83.0478 96.1935 80.2934 91.1291 95.0589 87.6212 78.7255 89.0075 74.4167 73.4757 72.3991 73.1504 70.3746 67.8194 79.1629 67.5602
threshold=1.0000000180025095e-35 1750.0000000000002 1650.0000000000002 1.0000000180025095e-35 1950.0000000000002 1.5000000000000002 1.0000000180025095e-35 37.850000000000001 42.095833333333339 45.064226190476191 1250.0000000000002 0.60769230769230786 1.4000000000000024 14.500000000000002 0.080128205128205135 10.500000000000002 0.65476190476190488 47.716666666666676 46.07500000000001 37.925000000000011 42.868055555555564 7.9208333333333369 3.0314748677248677 10.500000000000002 47.616666666666674 42.768333333333338 0.25833333333333336 2.7538003923160175 0.48333333333333339 0.37980769230769235
decision_type=2 2 2 2 2 2 2 2 2 2 2 2 2 2 2 2 2 2 2 2 2 2 2 2 2 2 2 2 2 2
left_child=1 2 3 5 23 6 11 29 -7 10 -10 -1 -13 -6 -4 -16 19 18 22 26 21 -21 27 -2 25 -17 -9 28 -18 -3
right_child=4 7 14 -5 13 8 -8 16 9 -11 -12 12 -14 -15 15 24 17 -19 -20 20 -22 -23 -24 -25 -26 -27 -28 -29 -30 -31
leaf_value=0.0049471293060347477 -0.053062062669131493 0.13919653307336075 -0.15535176791379166 -0.052864556821129685 -0.0047212702319181215 0.092322151373102249 -0.02098725994909334 0.033431544322520497 0.024032766455151504 0.064565927894203137 -0.052559927012771374 0.12161607376432844 0.025951704213292542 -0.077370730601251131 -0.031580057904798668 -0.11258654526988127 0.043124438052819597 -0.041910212197237548 0.19242011848837137 -0.15056911955277122 0.036857511386589617 0.051408858969807625 0.13928671130644424 -0.12861041328509182 -0.22663709534416823 -0.071054389505042587 -0.06901091374456883 -0.019606777732925757 0.14020251108865653 0.062225556002426755
leaf_weight=1242 45 36 58 112 96 73 307 30 103 147 64 28 334 71 58 279 84 18 15.999999999999998 12.000000000000002 1000 9.9999999999999982 28 113 10.999999999999998 171 38 28 28 137
leaf_count=1242 45 36 58 112 96 73 307 30 103 147 64 28 334 71 58 279 84 18 16 12 1000 10 28 113 11 171 38 28 28 137
internal_value=0.00044719 0.00561625 -0.0119522 0.00879493 -0.070361 0.0118001 0.00616136 0.0414367 0.0396441 0.0273972 -0.00532012 0.0113575 0.0333512 -0.0356082 -0.0986083 -0.092267 0.0365084 0.0654629 0.0759668 0.0311425 0.0347992 -0.0587609 0.064876 -0.107093 -0.0999023 -0.0968043 -0.0238157 0.0499938 0.067394 0.0782426
internal_weight=4777 4452 2987 2410 325 2298 1911 1465 387 314 167 1604 362 167 577 519 1292 202 184 1090 1022 22 168 158 461 450 68 140 112 173
internal_count=4777 4452 2987 2410 325 2298 1911 1465 387 314 167 1604 362 167 577 519 1292 202 184 1090 1022 22 168 158 461 450 68 140 112 173
is_linear=0
shrinkage=0.05


Tree=38
num_leaves=31
num_cat=0
split_feature=2 15 2 14 14 0 0 2 8 2 29 8 5 35 8 2 5 33 6 11 8 0 32 28 11 11 3 35 31 29
split_gain=867.978 803.14 673.981 510.359 412.282 341.292 821.284 192.341 176.489 154.011 129.641 182.237 108.239 126.681 87.6632 96.5569 82.2705 78.8024 80.5372 75.6105 72.9313 179.082 75.3824 110.274 108.114 76.5636 69.3534 69.1298 68.3221 67.2176
threshold=3.5000000000000004 1.0000000180025095e-35 9.5000000000000018 1.0000000180025095e-35 1.0000000180025095e-35 1350.0000000000002 1250.0000000000002 6.5000000000000009 12.500000000000002 8.5000000000000018 37.850000000000001 9.5000000000000018 0.65476190476190488 3.0314748677248677 10.500000000000002 7.5000000000000009 0.75961538461538469 11.500000000000002 0.32291666666666669 0.06458333333333334 14.500000000000002 2250.0000000000005 0.75961538461538469 16.500000000000004 0.17424242424242428 0.34523809523809529 1.0000000180025095e-35 3.2779563492063502 15.825000000000001 41.301785714285721
decision_type=2 2 2 2 2 2 2 2 2 2 2 2 2 2 2 2 2 2 2 2 2 2 2 2 2 2 2 2 2 2
left_child=3 2 5 8 -4 6 7 -2 -1 14 11 -7 20 19 -3 26 29 -6 -19 -14 21 22 23 24 -12 -25 -16 -8 -24 -5
right_child=1 9 4 16 17 10 27 -9 -10 -11 12 -13 13 -15 15 -17 -18 18 -20 -21 -22 -23 28 25 -26 -27 -28 -29 -30 -31
leaf_value=0.038099487629184067 -0.011754149907034848 -0.010121975466609002 0.02891279568755499 0.015817456004711298 -0.031660003287510743 0.21616068416171605 -0.19087194228955245 0.034256310849101572 -0.049524290047432348 0.0077905602524416494 0.13939670107581401 0.051924835280073391 -0.058619523627890482 0.13327029240982874 -0.039779997900128372 -0.15326093345318204 0.023669338996211691 -0.15242172482946559 -0.081744508128613239 0.046837631874397156 0.01346928283144562 -0.17694722816348077 -0.034577411321396405 0.044825812096823937 0.026324500191342189 0.11564004256339006 -0.10285873163419848 -0.048704136386513712 0.087898994769368854 -0.099969331143623497
leaf_weight=141 514 36 93 12.999999999999998 36 18 59 407 97 57 22 274 18 42 75 53 14.999999999999998 73 90 305 1096 9.9999999999999982 61 80 541 73 104 9.9999999999999982 13.999999999999998 350
leaf_count=141 514 36 93 13 36 18 59 407 97 57 22 274 18 42 75 53 15 73 90 305 1096 10 61 80 541 73 104 10 14 350
internal_value=0.00042483 0.00862529 0.0150192 -0.0549682 -0.0579954 0.0210351 -0.00388667 0.00857838 0.00238728 -0.066843 0.0306955 0.062049 0.0266481 0.0515827 -0.0827165 -0.0939812 -0.0910809 -0.0986108 -0.113397 0.0409608 0.0218504 0.0333183 0.0359765 0.0409722 0.030743 0.078613 -0.0764291 -0.170268 -0.0117151 -0.0958227
internal_weight=4777 4161 3836 616 292 3544 990 921 238 325 2554 292 2262 365 268 232 378 199 163 323 1897 801 791 716 563 153 179 69 75 363
internal_count=4777 4161 3836 616 292 3544 990 921 238 325 2554 292 2262 365 268 232 378 199 163 323 1897 801 791 716 563 153 179 69 75 363
is_linear=0
shrinkage=0.05


Tree=39
num_leaves=31
num_cat=0
split_feature=2 15 2 14 14 14 2 33 24 29 34 6 33 6 33 5 2 33 5 3 2 30 38 28 6 29 32 28 29 30
split_gain=783.35 724.834 608.268 460.599 372.084 264.643 138.995 138.084 86.8652 81.8117 103.24 86.9746 85.144 80.3206 74.6545 74.2491 73.9025 71.1192 75.7082 68.0439 67.0333 66.9481 64.5387 65.5721 64.3048 60.6639 57.7867 56.8081 96.2904 68.3546
threshold=3.5000000000000004 1.0000000180025095e-35 9.5000000000000018 1.0000000180025095e-35 1.0000000180025095e-35 1.0000000180025095e-35 8.5000000000000018 12.500000000000002 1.0000000180025095e-35 37.850000000000001 56.500000000000007 0.56696428571428581 10.500000000000002 0.56696428571428581 10.500000000000002 0.75961538461538469 7.5000000000000009 11.500000000000002 0.59166666666666679 1.0000000180025095e-35 6.5000000000000009 42.07083333333334 0.86190476190476206 4.5000000000000009 0.60769230769230786 41.301785714285721 0.12916666666666668 33.500000000000007 47.100234487734497 46.622222222222227
decision_type=2 2 2 2 2 2 2 2 2 2 2 2 2 2 2 2 2 2 2 2 2 2 2 2 2 2 2 2 2 2
left_child=3 2 5 7 -4 8 14 21 13 20 -11 27 -13 -2 -3 25 19 26 -19 -16 -7 -1 -8 -24 -20 -5 -6 29 -29 -12
right_child=1 6 4 15 17 9 22 -9 -10 10 11 12 -14 -15 16 -17 -18 18 24 -21 -22 -23 23 -25 -26 -27 -28 28 -30 -31
leaf_value=0.017063689315182273 -0.002347906881783675 -0.027234928802187953 0.027467154909766492 0.015026584955362174 -0.10948787555098534 0.037924078694828181 -0.10794210776686669 -0.047906545611719295 0.033695103073853393 0.017206720154981609 0.039846732808747197 0.20028138703533582 0.067731781477729486 0.031324612936940881 -0.038341826243059977 0.022485871662696204 -0.14392706786210721 -0.12812579530756921 -0.0037334030977001897 -0.10407039641609624 0.095184929409752719 0.10971653552159021 0.11820223697771629 -0.0084923016518587257 -0.13023154133697973 -0.094970864292766369 0.02045718770135533 -0.084643545188009747 0.027942372187153328 0.13897045718299017
leaf_weight=128 1343 56 93 12.999999999999998 13.999999999999998 115 9.9999999999999982 87 253 785 515 13.999999999999998 90 204 70 14.999999999999998 52 120 27 90 92 23 14.999999999999998 32 15.999999999999998 350 22 24 91 18
leaf_count=128 1343 56 93 13 14 115 10 87 253 785 515 14 90 204 70 15 52 120 27 90 92 23 15 32 16 350 22 24 91 18
internal_value=0.000403589 0.00819403 0.0142683 -0.0522198 -0.0550956 0.0199834 -0.0635008 0.00226791 0.00653436 0.0338642 0.02989 0.0431298 0.085575 0.00209243 -0.0785807 -0.0865269 -0.0921437 -0.0936803 -0.107728 -0.0753141 0.0633733 0.0311764 0.00740103 0.0319421 -0.0508025 -0.0910316 -0.030077 0.0363177 0.00444618 0.0431943
internal_weight=4777 4161 3836 616 292 3544 325 238 1800 1744 1537 752 104 1547 268 378 212 199 163 160 207 151 57 47 43 363 36 648 115 533
internal_count=4777 4161 3836 616 292 3544 325 238 1800 1744 1537 752 104 1547 268 378 212 199 163 160 207 151 57 47 43 363 36 648 115 533
is_linear=0
shrinkage=0.05


Tree=40
num_leaves=31
num_cat=0
split_feature=2 2 14 14 14 13 22 2 34 38 27 8 36 36 21 24 8 3 4 33 34 6 5 5 23 28 31 4 6 8
split_gain=844.226 386.109 507.331 361.194 330.808 322.75 266.327 143.031 128.769 136.405 115.497 108.38 100.565 90.2089 90.1315 81.3328 79.1844 75.0819 83.5979 73.4314 110.628 100.698 71.5591 71.269 81.9035 69.9238 149.718 69.8307 112.626 65.1138
threshold=3.5000000000000004 9.5000000000000018 1.0000000180025095e-35 1.0000000180025095e-35 1.0000000180025095e-35 1.0000000180025095e-35 1.0000000180025095e-35 8.5000000000000018 56.500000000000007 0.81534090909090928 8.5000000000000018 12.500000000000002 0.96666666666666667 0.26666666666666539 1.0000000180025095e-35 1.0000000180025095e-35 12.500000000000002 1.0000000180025095e-35 0.11805555555555557 14.500000000000002 135.50000000000003 0.11805555555555557 0.45804195804195807 0.74166666666666681 1.0000000180025095e-35 26.500000000000004 12.000000000000005 0.21825396825396828 0.54195804195804198 12.500000000000002
decision_type=2 2 2 2 2 2 2 2 2 2 2 2 2 2 2 2 2 2 2 2 2 2 2 2 2 2 2 2 2 2
left_child=3 2 5 16 -3 6 7 14 9 11 25 27 -5 -8 -2 19 -1 -13 -19 -7 21 -21 -20 24 -12 -10 -27 28 -4 -6
right_child=1 4 8 12 29 15 13 -9 10 -11 23 17 -14 -15 -16 -17 -18 18 22 20 -22 -23 -24 -25 -26 26 -28 -29 -30 -31
leaf_value=0.02343155002370477 -0.099831365966816354 0.033156542196632069 0.027845674915158231 -0.093580107002597154 -0.019906422628187821 0.012193174965014047 0.19255028516054151 0.01669645416915563 0.056863486397864399 0.0087051980032692607 0.0042616396447228734 0.069719968356290143 -0.021176803783912745 0.0057288752247889839 -0.041391420334673912 0.030366011052940262 -0.038902696878324421 -0.081564083661545411 -0.032254405994270298 -0.079202401732641564 0.027554501208500299 -0.012581057023015187 0.052353023858619979 0.14493124186992645 0.096749881406625118 0.18943629033035703 -0.037042036354541778 0.17091479324128317 0.17537035677168106 -0.092041626309523478
leaf_weight=125 153 94 46 334 38 722 14.000000000000002 51 475 683 211 76 56 11.999999999999998 116 272 86 22 37 63 158 569 77 10.999999999999998 27 27 9.9999999999999982 23 18 177
leaf_count=125 153 94 46 334 38 722 14 51 475 683 211 76 56 12 116 272 86 22 37 63 158 569 77 11 27 27 10 23 18 177
internal_value=0.00073923 0.00870255 0.0129938 -0.0546728 -0.0450845 -0.00337623 -0.0475712 -0.0600753 0.0329986 0.021035 0.0484365 0.0491996 -0.0831837 0.106325 -0.0746305 0.00519522 -0.00197483 0.0299155 0.00767176 0.000667137 -0.00986679 -0.0192221 0.0248927 0.0205048 0.014754 0.0620205 0.128226 0.0961909 0.069337 -0.0792921
internal_weight=4783 4182 3873 601 309 2130 346 320 1743 982 761 299 390 26 269 1784 211 212 136 1512 790 632 114 249 238 512 37 87 64 215
internal_count=4783 4182 3873 601 309 2130 346 320 1743 982 761 299 390 26 269 1784 211 212 136 1512 790 632 114 249 238 512 37 87 64 215
is_linear=0
shrinkage=0.05


Tree=41
num_leaves=31
num_cat=0
split_feature=2 15 0 0 14 0 5 38 8 0 0 2 34 35 23 27 29 29 2 35 29 30 8 9 33 4 8 35 5 35
split_gain=761.914 531.086 429.866 541.526 325.977 139.896 93.7984 119.943 92.5851 99.3897 558.287 177.845 89.2687 88.8296 86.366 82.3027 85.5503 82.1347 77.0679 74.9768 109.461 80.9975 74.459 73.9174 73.4059 83.9289 71.4639 70.7324 69.9594 64.3046
threshold=3.5000000000000004 1.0000000180025095e-35 1750.0000000000002 1650.0000000000002 1.0000000180025095e-35 1950.0000000000002 0.73030303030303034 0.68990384615384626 14.500000000000002 1350.0000000000002 1250.0000000000002 6.5000000000000009 88.500000000000014 2.4545507369614517 1.0000000180025095e-35 6.5000000000000009 46.996809523809539 42.568484848484857 6.5000000000000009 1.4999999999999998 44.988444444444447 35.150000000000013 10.500000000000002 0.10555555555555557 10.500000000000002 0.11805555555555557 12.500000000000002 2.0592795138888893 0.80625000000000013 1.9433705357142859
decision_type=2 2 2 2 2 2 2 2 2 2 2 2 2 2 2 2 2 2 2 2 2 2 2 2 2 2 2 2 2 2
left_child=4 2 3 8 26 -3 14 -8 23 10 18 17 22 28 -4 -14 -17 -11 -10 -19 21 -21 -6 -2 25 -7 -1 -20 -9 -23
right_child=1 5 6 -5 12 24 7 13 9 11 -12 -13 15 -15 -16 16 -18 19 27 20 -22 29 -24 -25 -26 -27 -28 -29 -30 -31
leaf_value=0.022259972676634789 0.037169694540774616 -0.088996396824096644 0.025630985877590752 -0.075327541180344862 -0.02065414826000302 0.13796306502606184 -0.054465471079143193 0.099067320264293823 -0.013573942418549895 0.076345646293253022 -0.16478321040895852 -0.011949482710259234 0.092320655882358549 0.17457812150880214 0.057883076688238222 -0.096743446420441623 -0.012902405312092143 -0.018398980480028179 0.05049758247871701 0.11380191951990129 0.05342457793370825 -0.15565394565463067 -0.10569384295887854 -0.0011988253125151539 -0.037027191328982426 -0.038466727733612066 -0.036957560414123507 0.00086413439892290937 -0.052443181499838835 -0.016987698236662969
leaf_weight=125 395 150 1116 215 29 14.000000000000002 12.999999999999998 32 414 93 55 376 9.9999999999999982 31 255 64 58 82 115 9.9999999999999982 217 9.9999999999999982 229 184 140 12.999999999999998 86 191 9.9999999999999982 51
leaf_count=125 395 150 1116 215 29 14 13 32 414 93 55 376 10 31 255 64 58 82 115 10 217 10 229 184 140 13 86 191 10 51
internal_value=0.000702269 0.00826743 0.0133703 0.000399614 -0.0519391 -0.0539491 0.0348071 0.0854604 0.00782385 0.00167054 -0.0112392 0.0135955 -0.0790245 0.110379 0.0316297 -0.0455812 -0.0568846 0.0343405 0.000489805 0.0237825 0.0357925 -0.0180971 -0.0961351 0.0249766 -0.0224694 0.0530154 -0.00187608 0.0195172 0.0629934 -0.0397199
internal_weight=4783 4182 3865 2408 601 317 1457 86 2193 1614 775 839 390 73 1371 132 122 463 720 370 288 71 258 579 167 27 211 306 42 61
internal_count=4783 4182 3865 2408 601 317 1457 86 2193 1614 775 839 390 73 1371 132 122 463 720 370 288 71 258 579 167 27 211 306 42 61
is_linear=0
shrinkage=0.05


Tree=42
num_leaves=31
num_cat=0
split_feature=2 0 2 14 0 0 2 0 36 0 34 38 27 29 7 36 2 36 36 36 28 24 11 7 3 4 3 36 30 29
split_gain=687.627 330.616 437.915 294.194 221.5 218.82 206.935 200.085 124.975 134.485 114.191 121.701 103.556 104.914 94.8004 88.4855 87.4864 76.2526 99.0304 96.1527 73.8226 71.225 75.4552 77.9767 69.476 89.6051 68.3919 78.8049 64.9362 64.1657
threshold=3.5000000000000004 1850.0000000000002 9.5000000000000018 1.0000000180025095e-35 1950.0000000000002 1500.0000000000002 5.5000000000000009 1650.0000000000002 1.086607142857144 2250.0000000000005 56.500000000000007 0.81534090909090928 8.5000000000000018 47.431349206349218 1.5000000000000002 0.96666666666666667 6.5000000000000009 -0.331666666666666 1.0275000000000003 -0.64722222222222092 21.500000000000004 1.0000000180025095e-35 0.63961038961038974 1.5000000000000002 1.0000000180025095e-35 0.20714285714285716 1.0000000180025095e-35 -0.50000000000000022 42.07083333333334 46.431657407407414
decision_type=2 2 2 2 2 2 2 2 2 2 2 2 2 2 2 2 2 2 2 2 2 2 2 2 2 2 2 2 2 2
left_child=3 2 5 28 -3 21 17 -4 9 -8 11 16 14 26 -12 29 -7 19 -19 -6 -16 22 23 -2 -18 -26 -14 -28 -1 -5
right_child=1 4 7 15 6 10 8 -9 -10 -11 12 -13 13 -15 20 -17 24 18 -20 -21 -22 -23 -24 -25 25 -27 27 -29 -30 -31
leaf_value=-0.010758025898215368 -0.0053555110854728791 -0.084546577070606879 0.017941961170766841 -0.10795535953977747 -0.051505409541432984 0.01805259983241558 0.026970451074125976 -0.071561164279403386 -0.10951359858736397 0.16754532621966467 0.046935522339033378 0.0067588177105305531 0.050818617129698401 0.043906899420421155 0.080915334011117612 -0.016909501816345648 0.11614398525229522 0.051996794907609001 -0.11165241908568602 -0.20127717543106816 0.19367119483649731 0.028316231232362474 0.13741464871913195 0.025736742870649323 0.0048562815480611542 0.1046963111154343 0.017960648791029536 -0.087735040883223217 0.083936092201620349 -0.064060887903906405
leaf_weight=191 1262 150 88 158 61 150 46 215 9.9999999999999982 27 419 683 24 151 75 56 56 32 12.999999999999998 12.999999999999998 18 272 9.9999999999999982 240 55 38 29 45 20 176
leaf_count=191 1262 150 88 158 61 150 46 215 10 27 419 683 24 151 75 56 56 32 13 13 18 272 10 240 55 38 29 45 20 176
internal_value=0.000667155 0.00785406 0.012116 -0.0493422 -0.0385192 0.0170715 -0.00434054 -0.0455669 0.0562558 0.0789639 0.0296712 0.0184051 0.044209 0.0177605 0.0570717 -0.0750733 0.0450084 -0.0466052 0.00472036 -0.0778167 0.102739 0.00476139 0.000524014 -0.000387375 0.0721451 0.0456511 -0.0225262 -0.0463138 -0.00178228 -0.0848253
internal_weight=4783 4182 3830 601 352 3527 202 303 83 73 1743 982 761 249 512 390 299 119 45 74 93 1784 1512 1502 149 93 98 74 211 334
internal_count=4783 4182 3830 601 352 3527 202 303 83 73 1743 982 761 249 512 390 299 119 45 74 93 1784 1512 1502 149 93 98 74 211 334
is_linear=0
shrinkage=0.05


Tree=43
num_leaves=31
num_cat=0
split_feature=2 15 0 0 14 0 36 5 37 37 8 0 0 2 0 29 28 36 36 38 29 31 29 35 4 36 4 11 37 2
split_gain=620.584 430.185 351.59 440.597 265.51 115.067 101.429 83.4065 143.105 95.7106 81.1944 87.4424 502.756 158.479 81.9679 80.3692 136.042 116.504 79.8581 77.0609 75.9077 73.6326 72.0996 74.7696 67.8473 105.157 82.8429 73.6313 75.2409 67.8027
threshold=3.5000000000000004 1.0000000180025095e-35 1750.0000000000002 1650.0000000000002 1.0000000180025095e-35 1950.0000000000002 1.7225000000000001 0.73030303030303034 8.1000000000000068 7.4000000000000039 14.500000000000002 1350.0000000000002 1250.0000000000002 6.5000000000000009 1500.0000000000002 47.431349206349218 33.500000000000007 1.2666666666666673 0.96666666666666667 0.96875000000000011 41.301785714285721 16.900000000000006 44.988444444444447 2.9161036706349202 0.14835164835164838 0.094999999999999946 0.095454545454545472 0.31009615384615391 4.3444444444444459 6.5000000000000009
decision_type=2 2 2 2 2 2 2 2 2 2 2 2 2 2 2 2 2 2 2 2 2 2 2 2 2 2 2 2 2 2
left_child=4 2 3 10 -1 -3 7 9 19 15 -2 12 29 14 20 16 17 -4 -6 -9 -13 -16 23 -22 25 26 27 -17 -29 -12
right_child=1 5 6 -5 18 -7 -8 8 -10 -11 11 13 -14 -15 21 24 -18 -19 -20 -21 22 -23 -24 -25 -26 -27 -28 28 -30 -31
leaf_value=-0.0016931660954456478 0.023083231591946078 -0.080319248070319496 0.031407606493230565 -0.067983105556909437 -0.080584071474540206 -0.019984065731541215 0.15663797594606876 -0.016708010095492776 0.20336626594265306 0.0036793678461537445 -0.012912014433380177 0.11842213303253457 -0.15655893102288246 -0.011670902669627933 0.02125712508831791 -0.043506782253583273 -0.090595238369244796 -0.098160304046339464 -0.016064026825188194 0.09214971101767308 -0.019684975087228749 -0.065341812372207639 0.063588044272363184 0.12159539352763782 0.068026780947285453 0.090609310284770775 -0.023364082256003338 -0.05218171397080789 0.077080479497921517 0.018126358488784629
leaf_weight=211 579 150 480 215 334 167 15.999999999999998 29 18 331 414 37 55 376 199 21 26 18 56 37 63 28 125 10.999999999999998 241 58 85 12.999999999999998 84 306
leaf_count=211 579 150 480 215 334 167 16 29 18 331 414 37 55 376 199 21 26 18 56 37 63 28 125 11 241 58 85 13 84 306
internal_value=0.000633797 0.00746135 0.012054 0.000323518 -0.0468751 -0.0485338 0.031441 0.0300509 0.0784 0.027058 0.00702025 0.00125787 -0.0108512 0.0124432 0.0320262 0.0346003 0.0209032 0.0267244 -0.0713197 0.0443183 0.052659 0.0105753 0.0404317 0.00131616 0.0488976 0.0312343 0.01427 0.0413793 0.0597567 0.000279294
internal_weight=4783 4182 3865 2408 601 317 1457 1441 84 1357 2193 1614 775 839 463 1026 524 498 390 66 236 227 199 74 502 261 203 118 97 720
internal_count=4783 4182 3865 2408 601 317 1457 1441 84 1357 2193 1614 775 839 463 1026 524 498 390 66 236 227 199 74 502 261 203 118 97 720
is_linear=0
shrinkage=0.05


Tree=44
num_leaves=31
num_cat=0
split_feature=19 26 0 0 0 8 0 7 21 11 35 11 6 24 5 5 11 37 5 35 11 8 34 29 27 34 8 11 28 28
split_gain=357.927 215.743 281.567 294.744 417.55 176.68 171.469 110.275 84.257 120.395 127.587 98.3948 83.1716 84.1541 82.8348 82.4795 78.8446 76.5152 143.652 70.7271 92.0762 70.4372 81.7287 69.42 133.698 90.2854 82.3325 82.5032 77.2714 78.4817
threshold=1.0000000180025095e-35 1.0000000180025095e-35 1850.0000000000002 1750.0000000000002 1650.0000000000002 15.500000000000002 1950.0000000000002 1.5000000000000002 1.0000000180025095e-35 0.48333333333333339 3.1770467687074833 0.31009615384615391 0.75961538461538469 1.0000000180025095e-35 0.68990384615384626 0.27922077922077926 0.68990384615384626 7.4000000000000039 0.69615384615384623 1.9695382395382397 0.17424242424242428 10.500000000000002 90.500000000000014 47.431349206349218 9.5000000000000018 19.500000000000004 9.5000000000000018 0.45804195804195807 1.5000000000000002 2.5000000000000004
decision_type=2 2 2 2 2 2 2 2 2 2 2 2 2 2 2 2 2 2 2 2 2 2 2 2 2 2 2 2 2 2
left_child=1 2 3 4 7 -3 -4 12 9 10 11 14 13 16 -8 -6 -1 23 -19 -9 -21 -17 -23 24 26 -25 -5 -28 -27 -30
right_child=-2 5 6 17 15 -7 8 19 -10 -11 -12 -13 -14 -15 -16 21 -18 18 -20 20 -22 22 -24 25 -26 28 27 -29 29 -31
leaf_value=-0.004259093703019903 -0.056101218206337004 -0.0089073654533926364 -0.076303285139302415 0.085782396139861161 -0.1974775639447299 -0.08837225468150367 -0.029766545742750162 0.062975902537383693 -0.034509905326056724 -0.095095947524532681 -0.060482017219894463 0.15930831786245109 0.098601148870180955 0.028581274994000608 0.1464805656671524 0.018449078973693155 0.13658346027135848 -0.0012909803924889402 0.11315026949470242 -0.11310190959618643 0.02375578308798787 -0.091139086887357751 -0.022202562211224668 -0.032417456136317926 -0.064694873597472904 0.17006948675428119 0.032899379156315356 -0.022100417899439135 -0.04360207993359793 0.055326978243019312
leaf_weight=1571 263 202 150 59 10.999999999999998 107 20.000000000000004 123 116 15.999999999999998 18 28 22 237 9.9999999999999982 27 9.9999999999999982 319 30 12.999999999999998 225 127 65 32 40 13.999999999999998 382 83 21 442
leaf_count=1571 263 202 150 59 11 107 20 123 116 16 18 28 22 237 10 27 10 319 30 13 225 127 65 32 40 14 382 83 21 442
internal_value=0.000602107 0.00390144 0.00686051 0.0108015 0.000224841 -0.0364243 -0.0355552 0.00692347 -0.00616948 0.0295641 0.0558083 0.0918984 0.00196619 0.000796788 0.0289825 -0.0638781 -0.00336825 0.0288831 0.00854638 0.0321905 0.0162804 -0.0571676 -0.0678012 0.0354978 0.0234159 0.0488851 0.030142 0.0230822 0.0543393 0.0508399
internal_weight=4783 4520 4211 3853 2431 309 358 2201 208 92 76 58 1840 1818 30 230 1581 1422 349 361 238 219 192 1073 564 509 524 465 477 463
internal_count=4783 4520 4211 3853 2431 309 358 2201 208 92 76 58 1840 1818 30 230 1581 1422 349 361 238 219 192 1073 564 509 524 465 477 463
is_linear=0
shrinkage=0.05


Tree=45
num_leaves=31
num_cat=0
split_feature=2 15 2 0 0 8 8 0 0 34 34 30 5 30 0 34 35 35 29 35 18 9 32 6 34 8 4 11 29 4
split_gain=449.129 387.149 338.425 228.298 245.69 220.563 196.082 149.484 536.564 94.8539 82.6243 98.9585 107.189 89.7572 105.634 100.266 85.8529 83.9105 81.177 77.7047 76.7446 76.193 73.4617 72.1324 87.3224 71.1481 68.8761 68.6732 68.2876 68.0917
threshold=3.5000000000000004 1.0000000180025095e-35 9.5000000000000018 1075.0000000000002 2250.0000000000005 15.500000000000002 13.500000000000002 1350.0000000000002 1250.0000000000002 124.50000000000001 101.50000000000001 33.550000000000004 0.37980769230769235 37.925000000000011 2250.0000000000005 23.500000000000004 2.8552827380952386 2.662395833333334 46.821666666666673 2.6879075091575095 1.0000000180025095e-35 0.16025641025641027 0.73030303030303034 0.63961038961038974 141.50000000000003 9.5000000000000018 0.24038461538461542 0.20714285714285716 46.591904761904779 0.17424242424242428
decision_type=2 2 2 2 2 2 2 2 2 2 2 2 2 2 2 2 2 2 2 2 2 2 2 2 2 2 2 2 2 2
left_child=3 2 6 25 20 -4 10 8 -8 22 11 12 -2 -13 15 16 28 -17 -3 -12 26 -14 27 -11 -25 -1 -5 -9 -15 -19
right_child=1 18 5 4 -6 -7 7 9 -10 23 19 13 21 14 -16 17 -18 29 -20 -21 -22 -23 -24 24 -26 -27 -28 -29 -30 -31
leaf_value=0.15448843613266947 0.17352300541741508 -0.096525462306496029 -0.010283300331600706 -0.040043938980210587 0.12599859641244013 -0.10033073838268008 7.327644982271725e-05 0.036533249481304729 -0.15513599728544555 0.030649116166732826 0.044667824091655872 -0.044506332354277985 0.064525387322457592 0.025148615682017851 -0.12812507342208515 0.052804246421543549 0.10052780823575125 0.038840761470297976 -0.035128938008375389 0.13365683106498585 -0.10017740707128094 -0.082178547317162162 -0.051386121295544568 0.17768064258914246 0.0095064211278580706 0.013746556724337014 -0.090974588893613845 0.0058781818814234244 -0.04024968345529667 -0.033280334907273453
leaf_weight=9.9999999999999982 21 69 193 291 18 105 774 219 60 322 77 49 77 66 10.999999999999998 352 18 72 245 36 104 9.9999999999999982 49 19 12.999999999999998 88 86 1102 101 60
leaf_count=10 21 69 193 291 18 105 774 219 60 322 77 49 77 66 11 352 18 72 245 36 104 10 49 19 13 88 86 1102 101 60
internal_value=-0.00113178 0.00474124 0.00914365 -0.0416625 -0.0553649 -0.0420114 0.0134892 0.00628526 -0.0110929 0.0146921 0.0328868 0.0274688 0.0721357 0.0208515 0.0255611 0.028088 -0.00322113 0.0400554 -0.0486205 0.0730183 -0.0621519 0.0476629 0.00873038 0.0377642 0.10936 0.028108 -0.0516621 0.0109603 -0.0144036 0.00605844
internal_weight=4717 4120 3806 597 499 298 3508 2558 834 1724 950 837 108 729 680 669 185 484 314 113 481 87 1370 354 32 98 377 1321 167 132
internal_count=4717 4120 3806 597 499 298 3508 2558 834 1724 950 837 108 729 680 669 185 484 314 113 481 87 1370 354 32 98 377 1321 167 132
is_linear=0
shrinkage=0.05


Tree=46
num_leaves=31
num_cat=0
split_feature=2 0 2 0 0 33 0 34 0 34 29 31 30 36 6 7 2 7 35 34 30 27 37 18 30 31 34 36 7 29
split_gain=405.339 283.535 353.022 206.039 221.735 171.122 169.258 145.166 113.124 90.6853 121.157 127.844 86.9511 86.5173 80.9709 92.809 80.3534 100.523 82.6056 78.7233 78.425 77.3456 72.3109 69.262 65.8227 63.533 137.449 106.866 86.1407 84.8201
threshold=3.5000000000000004 1850.0000000000002 9.5000000000000018 1075.0000000000002 2250.0000000000005 14.500000000000002 1650.0000000000002 52.500000000000007 1950.0000000000002 81.500000000000014 46.690972222222221 8.2033333333333314 44.412500000000016 1.3200000000000001 0.48333333333333339 1.5000000000000002 5.5000000000000009 1.5000000000000002 3.1770467687074833 66.500000000000014 41.612500000000004 6.5000000000000009 6.260952380952383 1.0000000180025095e-35 42.910000000000011 1.0000000180025095e-35 24.500000000000004 0.8400000000000003 1.5000000000000002 40.625000000000007
decision_type=2 2 2 2 2 2 2 2 2 2 2 2 2 2 2 2 2 2 2 2 2 2 2 2 2 2 2 2 2 2
left_child=3 2 5 -1 23 9 -4 21 -3 25 13 22 14 -11 -9 24 17 -10 -18 -20 -13 -7 -12 -5 -16 28 -27 29 -2 -28
right_child=1 8 6 4 -6 7 -8 12 16 10 11 20 -14 -15 15 -17 18 -19 19 -21 -22 -23 -24 -25 -26 26 27 -29 -30 -31
leaf_value=0.026702574378459201 0.024814137905195821 -0.071113574524588927 0.013342209223113702 -0.049078968315526099 0.11969866664148868 -0.014284585224215121 -0.069293683773253623 -0.0030810161578752426 -0.068250803033236496 -0.00021146092024680818 0.18689124791417272 0.10923663002506989 0.061244878099094346 0.084138455885879107 0.0073599497923945503 0.10051881327795296 0.050689753208022853 0.040824793119515694 0.024941407827039554 -0.16500990056432785 0.027241341315099216 -0.068763439608737834 0.032855540663003925 -0.095168536546855031 0.089089650235005799 -0.019036877899149356 -0.055108603602275257 -0.029851242350971165 0.090588476688468034 0.030705651045728845
leaf_weight=98 448 151 89 377 18 351 204 690 86 152 32 41 77 38 205 39 65 28 12.000000000000002 9.9999999999999982 101 80 9.9999999999999982 104 28 288 30 92 56 717
leaf_count=98 448 151 89 377 18 351 204 690 86 152 32 41 77 38 205 39 65 28 12 10 101 80 10 104 28 288 30 92 56 717
internal_value=-0.00107519 0.00450417 0.00851321 -0.0395793 -0.0525966 0.0129572 -0.0441927 -1.00441e-06 -0.0384108 0.0224577 0.0446638 0.0735824 0.0101189 0.0166585 0.00602664 0.0291306 -0.013843 -0.0414603 0.0223452 -0.0614001 0.050916 -0.0243967 0.150216 -0.0590443 0.0171815 0.0173657 0.0107664 0.0209969 0.0321224 0.0272593
internal_weight=4717 4120 3768 597 499 3475 293 1470 352 2005 374 184 1039 190 962 272 201 114 87 22 142 431 42 481 233 1631 1127 839 504 747
internal_count=4717 4120 3768 597 499 3475 293 1470 352 2005 374 184 1039 190 962 272 201 114 87 22 142 431 42 481 233 1631 1127 839 504 747
is_linear=0
shrinkage=0.05


Tree=47
num_leaves=31
num_cat=0
split_feature=2 15 2 14 14 8 0 0 8 34 37 24 34 31 2 24 27 7 34 28 37 5 11 27 35 7 8 35 34 35
split_gain=365.818 316.073 274.05 220.401 203.574 167.751 128.407 484.967 103.023 82.7311 117.769 81.2654 70.564 69.3312 75.3606 91.7252 106.641 80.2889 107.583 78.7873 75.3294 101.142 74.3458 67.8042 80.0157 64.9516 72.5455 63.7162 63.6398 113.222
threshold=3.5000000000000004 1.0000000180025095e-35 9.5000000000000018 1.0000000180025095e-35 1.0000000180025095e-35 13.500000000000002 1350.0000000000002 1250.0000000000002 12.500000000000002 124.50000000000001 3.7535714285714277 1.0000000180025095e-35 120.50000000000001 60.32 4.5000000000000009 1.0000000180025095e-35 1.5000000000000002 1.5000000000000002 39.500000000000007 13.500000000000002 5.6500000000000048 0.36931818181818188 0.62019230769230782 5.5000000000000009 2.3292042233560095 1.5000000000000002 10.500000000000002 1.2772662037037044 23.500000000000004 2.5939285714285725
decision_type=2 2 2 2 2 2 2 2 2 2 2 2 2 2 2 2 2 2 2 2 2 2 2 2 2 2 2 2 2 2
left_child=3 2 5 8 -4 12 7 -7 -1 -8 -11 25 13 14 20 22 -17 18 -18 -20 -2 -22 28 -13 -25 26 -3 -28 -16 -30
right_child=1 11 4 -5 -6 6 9 -9 -10 10 -12 23 -14 -15 15 16 17 -19 19 -21 21 -23 -24 24 -26 -27 27 -29 29 -31
leaf_value=0.031237091872049129 0.028848621096800676 0.040918992561372845 0.023103397688333027 -0.061143239840538044 -0.065829000142676869 1.3304243206578362e-05 0.0077279396438129913 -0.14754485584795476 -0.037196999084031616 0.10208474141460928 0.022474151623612864 -0.16065017692744732 0.13106113908921971 0.13869947024754115 0.016109061276350485 0.10169509264047852 -0.053923555678473067 -0.094268194523950424 0.13105019731964504 0.010260134908646622 -0.20345343768596652 -0.022560448615866549 0.14296666981433245 0.053677525122960416 -0.10064099192220187 0.016921469799496911 0.028450395762920379 -0.066447662881094646 0.065047662757315147 0.0060533396109739056
leaf_weight=127 44 22 94 373 204 774 1370 60 97 55 299 24 17 13.999999999999998 232 22 52 27 18 54 9.9999999999999982 34 17 11.999999999999998 28 55 20 153 297 112
leaf_count=127 44 22 94 373 204 774 1370 60 97 55 299 24 17 14 232 22 52 27 18 54 10 34 17 12 28 55 20 153 297 112
internal_value=-0.00102143 0.00427896 0.00825679 -0.0376004 -0.0377765 0.0121673 0.00550403 -0.0106024 0.00160269 0.0132957 0.034843 -0.0439363 0.0301089 0.0282694 0.0265872 0.0312465 -0.00115042 -0.0161345 0.000878435 0.0404577 -0.0174119 -0.0636725 0.0397642 -0.0942097 -0.0543454 -0.0310663 -0.0446014 -0.0554768 0.0370272 0.0488927
internal_weight=4717 4120 3806 597 298 3508 2558 834 224 1724 354 314 950 933 919 831 173 151 124 72 88 44 658 64 40 250 195 173 641 409
internal_count=4717 4120 3806 597 298 3508 2558 834 224 1724 354 314 950 933 919 831 173 151 124 72 88 44 658 64 40 250 195 173 641 409
is_linear=0
shrinkage=0.05


Tree=48
num_leaves=31
num_cat=0
split_feature=2 15 2 8 0 0 8 0 0 5 24 30 5 34 0 5 29 6 33 9 8 3 28 29 18 4 30 30 27 35
split_gain=330.151 285.256 247.33 179.904 166.178 190.627 151.395 115.887 437.683 80.4568 73.3421 66.901 95.3295 95.1221 137.929 106.312 84.3146 70.6908 68.7256 68.5161 64.2112 64.0824 63.8173 61.7295 61.2253 62.4045 61.6019 66.886 61.1933 72.2142
threshold=3.5000000000000004 1.0000000180025095e-35 9.5000000000000018 15.500000000000002 1075.0000000000002 2250.0000000000005 13.500000000000002 1350.0000000000002 1250.0000000000002 0.56696428571428581 1.0000000180025095e-35 33.550000000000004 0.37980769230769235 23.500000000000004 2250.0000000000005 0.54195804195804198 47.515257936507943 -0.16025641025641021 8.5000000000000018 0.16025641025641027 9.5000000000000018 1.0000000180025095e-35 44.500000000000007 45.362326388888896 1.0000000180025095e-35 0.24038461538461542 39.158333333333339 39.516666666666673 5.5000000000000009 2.3292042233560095
decision_type=2 2 2 2 2 2 2 2 2 2 2 2 2 2 2 2 2 2 2 2 2 2 2 2 2 2 2 2 2 2
left_child=4 2 6 -4 20 24 11 8 -8 -9 21 12 -2 15 16 -13 17 -15 -19 -14 -1 -3 -11 -17 25 26 -6 -28 -12 -30
right_child=1 10 3 -5 5 -7 7 9 -10 22 28 13 19 14 -16 23 -18 18 -20 -21 -22 -23 -24 -25 -26 -27 27 -29 29 -31
leaf_value=0.14386703077703716 0.16126584556131138 -0.0018635756859000316 -0.0072327963177867514 -0.08855806699288743 0.0011438230421025675 0.11234197496540017 1.2639108912908601e-05 0.005029602457122217 -0.14016761305431524 0.031081036105978704 -0.15261766674617927 -0.030401812281592618 0.058562978903775091 -0.093058686302258428 -0.15074622333049775 0.10827955431584269 0.059060253800200906 0.11817745125215305 0.020492768841900533 -0.080554109178483491 0.01016224580181932 -0.052689770937842488 -0.062117905601074823 0.0094773171946059831 -0.087352948069859007 -0.081439835418470552 -0.15387241379357874 -0.040545702761700081 0.050993647923072184 -0.095608943341565999
leaf_weight=9.9999999999999982 21 114 193 105 91 18 774 1153 60 552 24 140 77 12.999999999999998 9.9999999999999982 25 248 19 344 9.9999999999999982 88 136 19 43 104 86 13.999999999999998 186 11.999999999999998 28
leaf_count=10 21 114 193 105 91 18 774 1153 60 552 24 140 77 13 10 25 248 19 344 10 88 136 19 43 104 86 14 186 12 28
internal_value=-0.00097036 0.00406502 0.00784395 -0.0358877 -0.0357204 -0.0474108 0.0115589 0.00522883 -0.0100723 0.0126309 -0.0417395 0.0286034 0.0656518 0.0238514 0.0334773 -0.00548914 0.0364296 0.021503 0.0256057 0.0425725 0.0238056 -0.029513 0.0279798 0.0458017 -0.0533891 -0.0440198 -0.0329609 -0.0484786 -0.0894992 -0.0516282
internal_weight=4717 4120 3806 298 597 499 3508 2558 834 1724 314 950 108 842 634 208 624 376 363 87 98 250 571 68 481 377 291 200 64 40
internal_count=4717 4120 3806 298 597 499 3508 2558 834 1724 314 950 108 842 634 208 624 376 363 87 98 250 571 68 481 377 291 200 64 40
is_linear=0
shrinkage=0.05


Tree=49
num_leaves=31
num_cat=0
split_feature=2 15 2 14 14 8 34 32 8 6 16 33 29 30 34 33 35 34 6 35 29 29 5 21 22 9 9 8 32 35
split_gain=297.961 257.444 223.215 179.614 174.735 136.634 95.2997 111.13 88.0237 87.2751 85.1402 78.4134 72.0431 67.2727 63.3072 83.1787 74.1715 137.416 99.5808 71.4404 66.9764 97.6072 65.4078 64.9385 63.73 75.3786 61.8402 59.9349 59.9143 108.043
threshold=3.5000000000000004 1.0000000180025095e-35 9.5000000000000018 1.0000000180025095e-35 1.0000000180025095e-35 13.500000000000002 124.50000000000001 0.78174603174603186 9.5000000000000018 0.63961038961038974 1.0000000180025095e-35 15.500000000000002 46.821666666666673 44.292857142857152 101.50000000000001 8.5000000000000018 2.662395833333334 23.500000000000004 0.29285714285714287 2.6879075091575095 46.766813186813202 47.250075757575765 0.54195804195804198 1.0000000180025095e-35 1.0000000180025095e-35 0.080128205128205135 0.087121212121212141 12.500000000000002 0.53589743589743599 2.5178505291005293
decision_type=2 2 2 2 2 2 2 2 2 2 2 2 2 2 2 2 2 2 2 2 2 2 2 2 2 2 2 2 2 2
left_child=3 2 5 8 -4 14 7 -7 -1 13 -10 -11 -3 -8 15 24 17 22 -18 26 -20 -22 -17 28 -2 -26 27 -16 29 -19
right_child=1 12 4 -5 -6 6 9 -9 10 11 -12 -13 -14 -15 19 16 18 23 20 -21 21 -23 -24 -25 25 -27 -28 -29 -30 -31
leaf_value=0.12284822597035341 0.063212276123852648 -0.084781979969230259 0.022309867784063867 -0.055187448294303977 -0.0600829803421363 0.002163752199111539 0.011101873705087051 -0.063325498697917856 -0.015779909116129594 0.15489192222771439 0.10422141440212727 0.022854750332507223 -0.026942612944474937 0.07024961927284798 -0.053931604356815425 -0.040771400394633117 -0.077213424785023049 0.037786905636280288 0.041443332095558831 0.12044454719871284 -0.17620774924755098 0.0057723171476806914 0.033693583309650423 0.093814478465355941 -0.099900442787579105 0.070875284479310116 0.099741640679538252 0.053746382599430424 0.0025083721884967465 0.1819594802600997
leaf_weight=13.999999999999998 163 69 94 373 204 1954 438 67 194 23 15.999999999999998 22 245 54 24 99 47 181 65 36 9.9999999999999982 28 42 48 14.000000000000002 11.999999999999998 25 28 114 13.999999999999998
leaf_count=14 163 69 94 373 204 1954 438 67 194 23 16 22 245 54 24 99 47 181 65 36 10 28 42 48 14 12 25 28 114 14
internal_value=-0.000921842 0.00386177 0.00745175 -0.0339343 -0.0340933 0.0109809 0.00496739 -7.34122e-06 0.00145587 0.0236898 -0.00663695 0.0903404 -0.0396525 0.0175937 0.0271733 0.0224307 0.0139182 0.0232022 -0.0169044 0.0623016 0.0106152 -0.0421172 -0.0185903 0.0397084 0.0516164 -0.0210809 0.0351179 0.00404885 0.0313036 0.0481378
internal_weight=4717 4120 3806 597 298 3508 2558 2021 224 537 210 45 314 492 950 837 648 498 150 113 103 38 141 357 189 26 77 52 309 195
internal_count=4717 4120 3806 597 298 3508 2558 2021 224 537 210 45 314 492 950 837 648 498 150 113 103 38 141 357 189 26 77 52 309 195
is_linear=0
shrinkage=0.05


Tree=50
num_leaves=31
num_cat=0
split_feature=2 0 8 2 15 14 34 28 0 31 32 24 0 6 35 35 35 7 38 35 7 36 36 32 34 7 9 9 36 36
split_gain=280.059 180.424 180.013 146.578 147.385 127.869 114.988 117.266 102.961 95.2184 86.789 85.5821 106.321 100.603 77.0032 76.0566 95.536 74.8066 74.2715 72.3545 71.4537 71.3948 70.7273 89.1854 136.586 71.0552 86.4796 80.3592 158.859 102.305
threshold=3.5000000000000004 1075.0000000000002 12.500000000000002 9.5000000000000018 1.0000000180025095e-35 1.0000000180025095e-35 120.50000000000001 33.500000000000007 2250.0000000000005 0.80000000000000082 0.70714285714285718 1.0000000180025095e-35 1350.0000000000002 0.24038461538461542 1.6548809523809516 1.4115064102564105 1.7100240384615384 1.5000000000000002 0.96875000000000011 2.2963772239665099 1.5000000000000002 0.72928571428571443 1.2414285714285713 0.17424242424242428 91.500000000000014 1.0000000180025095e-35 0.087121212121212141 0.080128205128205135 -0.81214285714285628 -0.64722222222222092
decision_type=2 2 2 2 2 2 2 2 2 2 2 2 2 2 2 2 2 2 2 2 2 2 2 2 2 2 2 2 2 2
left_child=1 -1 10 4 6 -5 9 18 -3 20 11 15 -13 -14 -12 -2 -17 -6 -8 -15 -4 -16 25 -24 -25 27 -27 29 -29 -18
right_child=2 8 3 5 17 -7 7 -9 -10 -11 14 12 13 19 21 16 22 -19 -20 -21 -22 -23 23 24 -26 26 -28 28 -30 -31
leaf_value=0.029981841893944268 0.011347437858652654 -0.048856096545828252 0.012466155217163651 0.011530451539438219 -0.05818482560278318 -0.065970791424126748 0.15996430186288699 0.0033412799446893762 0.072856428391403633 -0.0067391847036223189 0.10394229988257092 0.12389723900705576 0.029813844682993713 -0.097736573360010015 -0.063596314215101299 0.11823565302924677 -0.0076836305980881054 0.013471981456192831 0.041632046846977154 0.0093579775032897796 0.077944917358616569 0.018067699147428833 0.0957680344581604 -0.14260546291247009 0.07674731287089262 0.045387584018725446 0.12881752307713032 0.097539784098344462 -0.035330357525225092 0.095312109037799991
leaf_weight=96 203 501 367 80 151 159 13.999999999999998 334 18 1768 11.999999999999998 13.999999999999998 54 46 64 44 36 48 251 24 47 46 11.999999999999998 20.000000000000004 10.999999999999998 82 50 31 82 73
leaf_count=96 203 501 367 80 151 159 14 334 18 1768 12 14 54 46 64 44 36 48 251 24 47 46 12 20 11 82 50 31 82 73
internal_value=-0.00151234 -0.0329874 0.00318257 -0.00235397 0.000667614 -0.040029 0.00364212 0.023047 -0.0446349 -0.00168487 0.0228973 0.0290165 -0.00671581 -0.0214624 -0.0163258 0.0366734 0.0483315 -0.0409008 0.0478836 -0.0610184 0.0198997 -0.0294459 0.0405839 -0.0199691 -0.0647706 0.0479392 0.0769898 0.0306658 0.00112074 0.0612952
internal_weight=4738 615 4123 3219 2980 239 2781 599 519 2182 904 782 138 124 122 644 441 199 265 70 414 110 397 43 31 354 132 222 113 109
internal_count=4738 615 4123 3219 2980 239 2781 599 519 2182 904 782 138 124 122 644 441 199 265 70 414 110 397 43 31 354 132 222 113 109
is_linear=0
shrinkage=0.05


Tree=51
num_leaves=31
num_cat=0
split_feature=2 8 2 15 8 14 34 28 14 31 32 24 6 30 35 8 35 35 35 29 38 36 36 5 32 34 32 31 29 38
split_gain=252.753 162.461 132.287 133.015 129.951 115.402 103.777 105.832 90.4133 85.9346 78.3271 77.2378 93.1258 105.577 81.396 75.041 69.4954 68.6411 86.2213 67.8802 67.03 65.2276 64.4338 61.6165 60.7202 67.5303 78.6765 71.2974 68.4291 60.2642
threshold=3.5000000000000004 12.500000000000002 9.5000000000000018 1.0000000180025095e-35 8.5000000000000018 1.0000000180025095e-35 120.50000000000001 33.500000000000007 1.0000000180025095e-35 0.80000000000000082 0.70714285714285718 1.0000000180025095e-35 0.24038461538461542 36.616666666666674 2.5328766788766792 12.500000000000002 1.6548809523809516 1.4115064102564105 1.7100240384615384 52.752083333333339 0.96875000000000011 -0.93666666666666643 0.72928571428571443 0.26969696969696971 0.70714285714285718 56.500000000000007 0.42261904761904767 6.5791666666666666 50.22095238095239 0.96875000000000011
decision_type=2 2 2 2 2 2 2 2 2 2 2 2 2 2 2 2 2 2 2 2 2 2 2 2 2 2 2 2 2 2
left_child=4 10 3 6 -1 -4 9 20 15 -3 11 17 23 -14 -15 -6 -12 -2 -19 -20 -8 -22 -18 -13 25 26 27 -11 -27 -29
right_child=1 2 5 -5 8 -7 7 -9 -10 24 16 12 13 14 -16 -17 22 18 19 -21 21 -23 -24 -25 -26 28 -28 29 -30 -31
leaf_value=0.13158819172531366 0.010780066103282216 0.018904748090862292 0.010953928597737105 -0.038855732573037177 0.018246530001919906 -0.062672251375661514 0.15196608411414284 0.0031742160968011254 -0.048888514792689908 -0.025048878055833907 0.09874518265326819 -0.038836080229116811 0.10791969388723373 -0.10042032034834847 0.024256783806615407 -0.041457875463621396 -0.06041649921098724 0.11232387009500103 0.03475058932266014 0.15092203364922452 -0.030971820064788238 0.048762812512152753 0.017164312939807452 0.070976426714861943 -0.041051687844002906 0.0056896842325365312 -0.043584869350462858 0.01923999650688633 0.091778404607127106 -0.014235694645943806
leaf_weight=11.999999999999998 203 414 80 199 118 159 13.999999999999998 334 390 308 11.999999999999998 18 9.9999999999999982 48 18 95 64 44 384 12.999999999999998 29 222 46 44 118 604 164 316 24 234
leaf_count=12 203 414 80 199 118 159 14 334 390 308 12 18 10 48 18 95 64 44 384 13 29 222 46 44 118 604 164 316 24 234
internal_value=-0.00143673 0.00302344 -0.00223627 0.000634233 -0.031338 -0.0380275 0.00346002 0.0218946 -0.0345803 -0.00160063 0.0217525 0.0275657 -0.00638002 -0.0434784 -0.0664175 -0.0083822 -0.0155095 0.0348398 0.0459149 0.0385547 0.0454894 0.0395504 -0.0279736 0.0390954 -0.00640223 -0.00392426 -0.0118535 -0.00578831 0.0089797 0.00499761
internal_weight=4738 4123 3219 2980 615 239 2781 599 603 2182 904 782 138 76 66 213 122 644 441 397 265 251 110 62 1768 1650 1022 858 628 550
internal_count=4738 4123 3219 2980 615 239 2781 599 603 2182 904 782 138 76 66 213 122 644 441 397 265 251 110 62 1768 1650 1022 858 628 550
is_linear=0
shrinkage=0.05


Tree=52
num_leaves=31
num_cat=0
split_feature=8 19 35 34 33 34 11 32 3 6 0 6 30 32 6 34 7 35 32 31 35 35 30 31 35 31 30 18 35 11
split_gain=184.262 132.048 107.668 98.4243 150.217 93.7293 92.3723 90.3414 87.6349 85.1071 80.475 78.002 77.6703 63.4383 61.5392 103.65 61.8551 60.4459 127.73 90.8877 77.1457 87.9973 77.7169 56.8148 56.5138 83.5576 56.3046 53.0253 52.1631 78.1869
threshold=11.500000000000002 1.0000000180025095e-35 2.5576569264069264 124.50000000000001 14.500000000000002 89.500000000000014 0.087121212121212141 0.70714285714285718 1.5000000000000002 0.63961038961038974 1850.0000000000002 0.74166666666666681 31.300000000000001 0.53589743589743599 0.32291666666666669 111.50000000000001 1.0000000180025095e-35 3.1210388321995461 0.13809523809523813 4.3100000000000032 2.9570740740740744 2.8030158730158736 42.291666666666679 14.612500000000002 3.8422610326181763 1.0000000180025095e-35 39.283333333333346 1.0000000180025095e-35 1.4115064102564105 0.13809523809523813
decision_type=2 2 2 2 2 2 2 2 2 2 2 2 2 2 2 2 2 2 2 2 2 2 2 2 2 2 2 2 2 2
left_child=6 2 3 4 7 8 -1 27 12 -5 -6 -11 -4 14 15 -7 -16 20 -19 -20 21 28 -22 -10 25 -14 -18 -2 -8 -30
right_child=1 -3 5 9 10 13 17 -9 23 11 -12 -13 24 -15 16 -17 26 18 19 -21 22 -23 -24 -25 -26 -27 -28 -29 29 -31
leaf_value=-0.12891492724418641 0.014399379854761064 -0.039990074990917217 -0.095698469008008644 0.021165223163659062 -0.013816442202531526 0.046486714258790023 0.010714743122270403 -0.039578537618887896 -0.048920053474743062 0.18979892412821447 -0.079251001883065331 0.014504680105231024 0.075893736476528237 -0.011427458846005184 0.01425204599010093 -0.11889789248299268 0.1845583669502627 0.12941039970942908 -0.15000762561602254 -0.011372590153233003 0.019183425409229182 -0.053970244572018135 0.15454008043355619 -0.13393562251458999 -0.061727596047863958 -0.012544233789123296 0.056103175221697277 -0.041447325939820576 0.15433583855628968 0.037399411756402851
leaf_weight=9.9999999999999982 1250 260 30 287 780 20 208 89 135 15.000000000000002 50 10.999999999999998 29 458 84 18 10.999999999999998 13.999999999999998 13.999999999999998 76 19 33 24 23 51 338 38 44 14.999999999999998 304
leaf_count=10 1250 260 30 287 780 20 208 89 135 15 50 11 29 458 84 18 11 14 14 76 19 33 24 23 51 338 38 44 15 304
internal_value=-0.00136489 -0.00552862 -0.00314628 0.00276905 -0.000942758 -0.0152452 0.0219857 0.00914899 -0.0292786 0.0290126 -0.0177583 0.115636 -0.0179868 -0.00172491 0.024262 -0.0318534 0.040295 0.0241201 -0.0110834 -0.032938 0.0301916 0.0252359 0.0947313 -0.0612957 -0.0124094 -0.00555595 0.0849401 0.0125004 0.0301957 0.042898
internal_weight=4738 4021 3761 2526 2213 1235 717 1383 606 313 830 26 448 629 171 38 133 707 104 90 603 560 43 158 418 367 49 1294 527 319
internal_count=4738 4021 3761 2526 2213 1235 717 1383 606 313 830 26 448 629 171 38 133 707 104 90 603 560 43 158 418 367 49 1294 527 319
is_linear=0
shrinkage=0.05


Tree=53
num_leaves=31
num_cat=0
split_feature=2 0 33 34 6 11 32 34 6 36 34 28 35 4 11 11 36 27 36 36 28 36 30 35 35 8 35 31 0 0
split_gain=209.476 143.129 135.478 131.591 108.43 98.1111 97.7389 120.965 162.553 97.5795 110.072 89.26 85.9099 79.9453 59.5004 58.813 57.427 56.5302 79.632 131.676 60.4048 56.3367 57.8419 56.1847 54.905 54.6721 65.5305 58.5615 52.5955 61.1097
threshold=3.5000000000000004 1075.0000000000002 14.500000000000002 88.500000000000014 0.69615384615384623 0.069047619047619066 0.70714285714285718 91.500000000000014 0.63961038961038974 1.0000000000000007 30.500000000000004 1.5000000000000002 3.1441143578643573 0.06458333333333334 0.34523809523809529 0.5590277777777779 0.96666666666666667 5.5000000000000009 -0.9211111111111121 0.019999999999998509 23.500000000000004 2.214583333333334 37.425000000000004 2.1751537698412711 2.5178505291005293 12.500000000000002 2.5448406593406596 14.108333333333336 1850.0000000000002 1750.0000000000002
decision_type=2 2 2 2 2 2 2 2 2 2 2 2 2 2 2 2 2 2 2 2 2 2 2 2 2 2 2 2 2 2
left_child=1 -1 4 28 5 -2 7 9 12 16 21 -3 17 23 -14 -15 25 24 -19 20 -20 22 -11 -5 -9 -7 -27 -28 29 -4
right_child=2 11 3 13 -6 6 -8 8 -10 10 -12 -13 14 15 -16 -17 -18 18 19 -21 -22 -23 -24 -25 -26 26 27 -29 -30 -31
leaf_value=0.027566817474629107 -0.12861415612009855 0.046342134242074506 -0.027528223710307706 0.093657685397192839 0.06791613175757702 0.023055853223462486 -0.020559495085504868 0.068056049825002726 -0.13099824363986654 0.10475123144686223 -0.076574119334311588 -0.043936502060814932 -0.091420681967089565 -0.00059352168839872828 0.061679143729535015 -0.097661455383058648 0.11270606347492762 -0.027354546409586202 0.086546650738455355 0.035711678317407285 0.20124776065349581 -0.059455171227455139 -0.0013008180074393751 0.021569690329822894 0.20573433312986578 0.010167187002900896 -0.013137667576572108 -0.1100866718327298 -0.069568552970886238 0.004061238700523973
leaf_weight=96 12.999999999999998 29 565 32 79 610 248 15.000000000000002 11.999999999999998 20 69 490 15.000000000000002 632 10.999999999999998 15.999999999999998 13.999999999999998 23 24 82 22 21 36 174 13.999999999999998 908 186 17 55 210
leaf_count=96 13 29 565 32 79 610 248 15 12 20 69 490 15 632 11 16 14 23 24 82 22 21 36 174 14 908 186 17 55 210
internal_value=-0.00129665 -0.028518 0.00276377 -0.00814393 0.010295 0.00836612 0.00912485 0.0126321 0.0478903 0.00854583 -0.0307122 -0.038892 0.0583109 0.00563523 -0.0266477 -0.00299026 0.0118494 0.0705827 0.0583031 0.0736947 0.141404 0.0103849 0.0365749 0.0327678 0.134521 0.0110289 0.0044255 -0.0212565 -0.0223215 -0.0189685
internal_weight=4738 615 4123 1684 2439 2360 2347 2099 218 1881 146 519 206 854 26 648 1735 180 151 128 46 77 56 206 29 1721 1111 203 830 775
internal_count=4738 615 4123 1684 2439 2360 2347 2099 218 1881 146 519 206 854 26 648 1735 180 151 128 46 77 56 206 29 1721 1111 203 830 775
is_linear=0
shrinkage=0.05


Tree=54
num_leaves=31
num_cat=0
split_feature=2 0 8 2 7 15 14 5 0 33 29 11 0 0 36 34 32 36 24 0 32 4 35 31 30 31 34 31 35 29
split_gain=189.053 129.174 122.809 115.15 112.302 146.706 101.209 98.6551 83.9263 76.5333 97.5355 76.0264 67.0164 402.568 74.7014 64.6585 68.6398 79.1578 63.6124 109.139 76.8049 69.8219 62.1372 70.2068 57.4002 55.7915 88.5204 58.3753 54.9294 78.2683
threshold=3.5000000000000004 1075.0000000000002 12.500000000000002 9.5000000000000018 1.5000000000000002 1.0000000180025095e-35 1.0000000180025095e-35 0.78174603174603186 2250.0000000000005 6.5000000000000009 45.362326388888896 0.13809523809523813 1350.0000000000002 1250.0000000000002 -4.7749999999999995 120.50000000000001 0.68990384615384626 -0.23875000000000027 1.0000000180025095e-35 1350.0000000000002 0.74166666666666681 0.21825396825396828 1.681835016835018 8.3380952380952404 39.487500000000004 1.0000000180025095e-35 83.500000000000014 11.200000000000001 1.4115064102564105 52.752083333333339
decision_type=2 2 2 2 2 2 2 2 2 2 2 2 2 2 2 2 2 2 2 2 2 2 2 2 2 2 2 2 2 2
left_child=1 -1 18 4 5 7 -5 12 -3 -6 11 -11 13 -4 -14 16 -16 -18 20 -20 28 25 -22 -24 -23 -21 27 -27 -2 -30
right_child=2 8 3 6 9 -7 -8 -9 -10 10 -12 -13 14 -15 15 -17 17 -19 19 21 22 24 23 -25 -26 26 -28 -29 29 -31
leaf_value=0.026188477726342779 0.0093123436280417721 -0.040758551585979713 -0.0039452433219521847 0.010530470758094454 0.11397765123031356 -0.051294733818299722 -0.058419529306438733 0.067651655188260176 0.069128803329335325 -0.12395808584988117 0.039460576961996903 0.00094259068485080593 0.12328328794011703 -0.14449777670204642 0.00030434721423210434 0.022961599447802412 0.0062160670550333134 -0.11179204759498439 0.1119475881678655 0.050256619105736415 0.091987327635288246 0.12794111195951702 0.047890740330331028 -0.073704499066503643 -0.002107143362185785 -0.14343979669844403 -0.0016882216383237393 -0.015167353030604623 0.036476546961140714 0.14906954872421921
leaf_weight=96 206 501 691 80 22 151 159 52 18 12.999999999999998 251 194 12.999999999999998 55 1162 319 27 30 17 11.999999999999998 9.9999999999999982 9.9999999999999982 15.999999999999998 46 56 34 32 11.999999999999998 437 15.999999999999998
leaf_count=96 206 501 691 80 22 151 159 52 18 13 251 194 13 55 1162 319 27 30 17 12 10 10 16 46 56 34 32 12 437 16
internal_value=-0.00123181 -0.0270921 0.00262559 -0.00194742 0.000730711 -0.0035224 -0.03534 -0.000451468 -0.0369474 0.0228823 0.0185066 -0.00690141 -0.0019932 -0.0143077 0.00392982 0.00292098 -0.00232344 -0.0558935 0.0189093 -0.00835483 0.0253617 -0.0214647 -0.0236706 -0.0423251 0.0175971 -0.0501101 -0.0655511 -0.109977 0.0307188 0.0404533
internal_weight=4738 615 4123 3219 2980 2500 239 2349 519 480 458 207 2297 746 1551 1538 1219 57 904 173 731 156 72 62 66 90 78 46 659 453
internal_count=4738 615 4123 3219 2980 2500 239 2349 519 480 458 207 2297 746 1551 1538 1219 57 904 173 731 156 72 62 66 90 78 46 659 453
is_linear=0
shrinkage=0.05


Tree=55
num_leaves=31
num_cat=0
split_feature=2 15 2 0 0 8 6 29 0 8 0 4 36 30 0 29 36 30 12 34 37 36 36 29 3 30 35 37 34 5
split_gain=211.916 134.499 135.015 110.489 377.44 107.956 77.4527 76.8894 76.4497 74.8248 73.8607 80.1963 66.0922 60.825 59.2621 56.6713 56.4978 63.484 87.3779 86.632 68.6947 82.7007 74.0411 71.4762 69.3521 75.1731 63.0962 61.3362 63.4921 86.2442
threshold=3.5000000000000004 1.0000000180025095e-35 9.5000000000000018 1350.0000000000002 1250.0000000000002 8.5000000000000018 0.67708333333333337 44.598500000000008 1950.0000000000002 15.500000000000002 1075.0000000000002 0.24038461538461542 -1.1000000000000005 33.550000000000004 2250.0000000000005 46.534259259259265 -4.7749999999999995 40.39500000000001 0.12916666666666668 58.500000000000007 3.8438888888888907 1.168333333333333 1.3499999999999983 50.316944444444452 1.0000000180025095e-35 44.210000000000015 3.3140939153439155 9.5395238095238124 73.500000000000014 0.74166666666666681
decision_type=2 2 2 2 2 2 2 2 2 2 2 2 2 2 2 2 2 2 2 2 2 2 2 2 2 2 2 2 2 2
left_child=5 2 3 4 7 -1 13 -2 -3 -4 -7 14 -9 -5 -12 -10 -15 18 -18 26 24 23 -23 27 -21 -26 -19 28 -22 -30
right_child=1 8 9 6 -6 10 -8 12 15 -11 11 -13 -14 16 -16 -17 17 19 -20 20 21 22 -24 -25 25 -27 -28 -29 29 -31
leaf_value=0.11533967256546021 -0.0054255303589733177 -0.053089769830306367 -0.0071629366114130486 0.034060435925591617 -0.12109264168243571 0.01069654736828099 0.051055035843177048 -0.01460816513642039 -0.06570148516446353 -0.059422837107531018 -0.030738736247619636 -0.074921799729685351 0.041932312519730709 0.080468786075445164 0.077803341012734631 0.010376483164867736 -0.0016784544626137919 -0.00014028630688124778 -0.10133728407242376 0.11568045731633902 0.054480594247579575 -0.15830298376580076 0.010950851227555958 0.083838738395791992 0.062660300413984307 -0.066236303473512337 0.080588753759860993 -0.10365734390914441 0.016172826407268692 -0.13228297673165798
leaf_weight=12.999999999999998 672 150 197 298 65 93 141 71 30 105 385 113 190 28 12.999999999999998 133 503 760 23 40 115 12.000000000000002 13.999999999999998 46 46 14.999999999999998 25 9.9999999999999982 451 9.9999999999999982
leaf_count=13 672 150 197 298 65 93 141 71 30 105 385 113 190 28 13 133 503 760 23 40 115 12 14 46 46 15 25 10 451 10
internal_value=0.000120453 0.00418533 0.00675621 0.00949762 -0.00459621 -0.0272203 0.0150418 0.00351983 -0.0273305 -0.0253328 -0.0302887 -0.0377478 0.0265516 0.0129225 -0.0271934 -0.0036256 0.00992008 0.0089658 -0.00603616 0.0140766 0.0261214 0.0202281 -0.0671663 0.0238234 0.0645153 0.0309644 0.0024307 0.0191123 0.0212437 0.0129525
internal_weight=4767 4150 3837 3535 998 617 2537 933 313 302 604 511 261 2396 398 163 2098 2070 526 1544 759 658 26 632 101 61 785 586 576 461
internal_count=4767 4150 3837 3535 998 617 2537 933 313 302 604 511 261 2396 398 163 2098 2070 526 1544 759 658 26 632 101 61 785 586 576 461
is_linear=0
shrinkage=0.05


Tree=56
num_leaves=31
num_cat=0
split_feature=2 33 14 6 35 34 15 2 28 0 0 28 35 33 2 24 7 12 10 25 29 15 35 28 6 34 35 32 4 6
split_gain=191.254 144.794 113.039 106.023 103.621 96.655 87.7128 80.2643 76.8052 62.985 106.606 67.8477 65.4953 94.698 77.0076 62.4939 61.4761 95.4784 104.682 83.8991 61.0665 62.2944 59.4427 59.7509 59.4012 59.1734 102.187 73.3311 74.6907 75.3987
threshold=3.5000000000000004 14.500000000000002 1.0000000180025095e-35 0.67708333333333337 2.5939285714285725 97.500000000000014 1.0000000180025095e-35 9.5000000000000018 12.500000000000002 1350.0000000000002 1250.0000000000002 19.500000000000004 1.5788653273809532 15.500000000000002 8.5000000000000018 1.0000000180025095e-35 1.5000000000000002 0.12916666666666668 1.5000000000000002 1.0000000180025095e-35 52.752083333333339 1.0000000180025095e-35 2.0271506410256412 25.500000000000004 0.11805555555555557 90.500000000000014 2.6291216931216934 0.70714285714285718 0.20714285714285716 0.22649572649572652
decision_type=2 2 2 2 2 2 2 2 2 2 2 2 2 2 2 2 2 2 2 2 2 2 2 2 2 2 2 2 2 2
left_child=2 3 -1 4 16 6 7 9 -7 10 15 12 -11 -14 -15 -3 20 18 19 -18 21 -2 -20 -24 -4 -6 -27 28 -28 -30
right_child=1 5 24 -5 25 8 -8 -9 -10 11 -12 -13 13 14 -16 -17 17 -19 22 -21 -22 -23 23 -25 -26 26 27 -29 29 -31
leaf_value=0.002095034614556649 0.011981460211224655 -0.026762969056133221 -0.093119240958243615 0.057957929152283164 -0.017397162690551745 0.078934501681257707 -0.078829857339483833 -0.071040158573907386 0.0022066773658097442 -0.015149993145191191 -0.11570252922247165 -0.072111477282258779 -0.006177559301105081 0.068579175680980237 -0.049028986215125775 0.061832223062149506 -0.024568814843315898 -0.094720845909502652 0.089470900701902195 0.096289978942109486 0.061556406173128957 -0.039363057346593955 0.009204051441006493 0.13648489364846186 -0.03474011053956199 -0.12453128310541313 0.080105776699540554 -0.013183067771403687 0.046856231373899118 -0.12616899773478507
leaf_weight=228 1252 209 50 119 450 34 56 58 801 236 32 31 147 107 15.999999999999998 22 71 12.999999999999998 108 18 59 62 57 10.999999999999998 339 11.999999999999998 73 69 17.000000000000004 9.9999999999999982
leaf_count=228 1252 209 50 119 450 34 56 58 801 236 32 31 147 107 16 22 71 13 108 18 59 62 57 11 339 12 73 69 17 10
internal_value=0.000114431 0.00397607 -0.0258593 0.0119472 0.00954787 -0.00696659 -0.0182012 -0.0142441 0.00533092 -0.0101263 -0.0301735 -0.000308096 0.00409093 0.0209089 0.0532806 -0.0183253 0.0161347 0.0375766 0.0440666 -0.000125463 0.0117932 0.00955881 0.0664138 0.0297936 -0.0422439 -0.00768644 0.0164562 0.0264672 0.0538259 -0.0172272
internal_weight=4767 4150 617 2401 2282 1749 914 858 835 800 263 537 506 270 123 231 1651 278 265 89 1373 1314 176 68 389 631 181 169 100 27
internal_count=4767 4150 617 2401 2282 1749 914 858 835 800 263 537 506 270 123 231 1651 278 265 89 1373 1314 176 68 389 631 181 169 100 27
is_linear=0
shrinkage=0.05


Tree=57
num_leaves=31
num_cat=0
split_feature=2 33 14 6 35 34 15 2 3 0 0 0 36 37 32 6 33 29 4 15 36 11 9 36 37 29 34 35 36 32
split_gain=172.607 130.677 102.018 95.6861 93.5175 87.2312 79.1608 72.4385 69.9687 57.2206 56.844 96.2117 64.5595 53.9851 61.1761 53.6096 56.5327 52.6105 73.2168 63.2991 54.3488 52.0268 62.3286 57.058 51.6678 53.5889 51.4136 100.764 69.4661 62.0406
threshold=3.5000000000000004 14.500000000000002 1.0000000180025095e-35 0.67708333333333337 2.5939285714285725 97.500000000000014 1.0000000180025095e-35 9.5000000000000018 1.0000000180025095e-35 2250.0000000000005 1350.0000000000002 1250.0000000000002 -4.7749999999999995 9.7566666666666713 0.39230769230769241 0.11805555555555557 10.500000000000002 52.752083333333339 0.12916666666666668 1.0000000180025095e-35 0.056349206349206336 0.20714285714285716 0.19375000000000003 -0.10000000000000105 3.8749999999999982 46.062012987012999 48.500000000000007 2.6291216931216934 -1.3916666666666659 0.11805555555555557
decision_type=2 2 2 2 2 2 2 2 2 2 2 2 2 2 2 2 2 2 2 2 2 2 2 2 2 2 2 2 2 2
left_child=2 3 -1 4 17 6 7 10 24 26 11 13 -12 14 -3 -4 -17 19 -19 21 -21 22 -2 -24 25 -7 28 -28 -6 -30
right_child=1 5 15 -5 9 8 -8 -9 -10 -11 12 -13 -14 -15 -16 16 -18 18 -20 20 -22 -23 23 -25 -26 -27 27 -29 29 -31
leaf_value=0.0019902830010100287 0.04750271152096941 0.015889667465523321 -0.088463279008865359 0.055060032730875147 0.06990691714576984 0.034679437011642299 -0.074888362412873125 -0.067488150812428579 -0.004995871832504121 -0.11544206862648328 0.12556168794631958 -0.10991740064928308 -0.002680819522903347 -0.13104014700278641 -0.036845155347975257 0.027172833633209978 -0.039931256681264037 0.12440934946330695 0.016088249801825254 -0.047461782680880846 0.077621648162603377 0.011990645787618296 0.043237526230514037 -0.12178430277854205 0.013552761571798294 0.13271542236208916 -0.11979807406663895 0.012588970854656427 0.011487428418624757 -0.045137095763936812
leaf_weight=228 193 103 50 119 19 46 56 58 563 11.999999999999998 9.9999999999999982 32 527 9.9999999999999982 118 35 304 26 39 66 9.9999999999999982 1296 10.000000000000002 10.999999999999998 206 20 14.999999999999998 344 67 174
leaf_count=228 193 103 50 119 19 46 56 58 563 12 10 32 527 10 118 35 304 26 39 66 10 1296 10 11 206 20 15 344 67 174
internal_value=0.000108709 0.00377726 -0.0245663 0.0113498 0.00907048 -0.00661826 -0.0172911 -0.0135319 0.00506438 -0.00730212 -0.00962003 -0.0286648 -0.000292691 -0.0174091 -0.0122674 -0.0401317 -0.0330031 0.015328 0.0594167 0.0135211 -0.0310034 0.015762 0.0386017 -0.0432025 0.0258876 0.0643873 -0.0052057 0.00705748 -0.0221383 -0.029395
internal_weight=4767 4150 617 2401 2282 1749 914 858 835 631 800 263 537 231 221 389 339 1651 65 1586 76 1510 214 21 272 66 619 359 260 241
internal_count=4767 4150 617 2401 2282 1749 914 858 835 631 800 263 537 231 221 389 339 1651 65 1586 76 1510 214 21 272 66 619 359 260 241
is_linear=0
shrinkage=0.05


Tree=58
num_leaves=31
num_cat=0
split_feature=2 33 8 6 35 14 15 2 16 4 37 7 12 4 5 35 8 6 5 16 30 37 35 27 6 27 29 11 6 15
split_gain=155.778 117.936 93.8012 86.3567 84.3996 76.9302 74.9188 86.0013 59.9654 55.766 63.1449 55.6413 83.7326 90.4255 76.7139 58.7646 53.8136 53.5368 84.024 51.6416 55.3421 53.3989 58.5591 56.9503 51.2761 58.6292 50.4328 61.648 79.9631 51.15
threshold=3.5000000000000004 14.500000000000002 8.5000000000000018 0.67708333333333337 2.5939285714285725 1.0000000180025095e-35 1.0000000180025095e-35 8.5000000000000018 1.0000000180025095e-35 0.24038461538461542 3.7250000000000014 1.5000000000000002 0.12916666666666668 0.087121212121212141 0.51666666666666672 2.3360702711640218 15.500000000000002 0.43303571428571436 0.65476190476190488 1.0000000180025095e-35 38.412500000000001 6.6000000000000005 3.019524410774411 11.500000000000002 0.11805555555555557 10.500000000000002 52.752083333333339 0.27922077922077926 0.11805555555555557 1.0000000180025095e-35
decision_type=2 2 2 2 2 2 2 2 2 2 2 2 2 2 2 2 2 2 2 2 2 2 2 2 2 2 2 2 2 2
left_child=2 3 -1 4 11 -4 7 8 24 10 -7 26 13 14 -13 17 -16 -15 -19 20 -6 23 -23 -22 25 -3 29 -28 -29 -2
right_child=1 6 5 -5 19 9 -8 -9 -10 -11 -12 12 -14 15 16 -17 -18 18 -20 -21 21 22 -24 -25 -26 -27 27 28 -30 -31
leaf_value=0.10954769460054546 0.010595958719432455 -0.062995055335904326 -0.0025384938060497384 0.052307031288040623 -0.031381266012477378 0.066642034891992816 -0.043748937488248152 -0.026567494907482926 0.098489896953105935 -0.07740904927337304 -0.035381846273753195 -0.079164495257039877 -0.088932296347159601 0.087366423990216949 0.060833149320269765 0.0028435121969999496 -0.054256463928946431 -0.059601586114834328 0.11320309570680064 -0.10966996196657419 0.02071637115130822 -0.050662911831377416 0.0078001190506313978 -0.095226765424013149 0.003926859868017489 0.018705937660792295 -0.021481761812335916 -0.033423616075888278 0.12917841827917484 -0.035929679516102035
leaf_weight=12.999999999999998 1252 62 219 119 150 15.999999999999998 124 322 15.999999999999998 78 291 24 12.999999999999998 124 37 37 13.999999999999998 17.000000000000004 11.999999999999998 11.999999999999998 285 78 95 10.999999999999998 1191 34 18 9.9999999999999982 31 62
leaf_count=13 1252 62 219 119 150 16 124 322 16 78 291 24 13 124 37 37 14 17 12 12 285 78 95 11 1191 34 18 10 31 62
internal_value=0.000103274 0.0035884 -0.023338 0.0107824 0.00861696 -0.0261981 -0.00628734 -0.00342874 0.00228936 -0.0396565 -0.0300646 0.0145616 0.0349605 0.0410383 -0.00544949 0.0593887 0.0292399 0.0730631 0.0119038 -0.00693701 -0.00494542 0.00350954 -0.0185589 0.0164077 0.00109339 -0.0340593 0.0104313 0.0556546 0.0895194 0.00840069
internal_weight=4767 4150 617 2401 2282 604 1749 1625 1303 385 307 1651 278 265 75 190 51 153 29 631 619 469 173 296 1287 96 1373 59 41 1314
internal_count=4767 4150 617 2401 2282 604 1749 1625 1303 385 307 1651 278 265 75 190 51 153 29 631 619 469 173 296 1287 96 1373 59 41 1314
is_linear=0
shrinkage=0.05


Tree=59
num_leaves=31
num_cat=0
split_feature=2 33 8 6 34 35 15 28 34 11 37 37 2 29 29 29 4 34 37 32 35 34 34 37 8 32 35 37 3 32
split_gain=140.589 106.437 84.6555 77.9369 77.5091 76.2058 68.34 74.7008 79.8258 78.2634 63.7201 55.7533 58.4401 55.1306 66.5064 54.8537 75.8628 54.1083 54.7008 60.573 74.6675 53.7256 52.3752 88.74 75.6306 66.3943 55.4387 54.5951 51.2189 62.2731
threshold=3.5000000000000004 14.500000000000002 8.5000000000000018 0.67708333333333337 47.500000000000007 2.5576569264069264 1.0000000180025095e-35 9.5000000000000018 88.500000000000014 0.39230769230769241 8.0537500000000026 4.9275000000000011 1.5000000000000002 50.150444444444453 47.731734693877563 52.752083333333339 0.12916666666666668 36.500000000000007 6.6225000000000014 0.39230769230769241 2.1536666666666684 139.50000000000003 90.500000000000014 6.868333333333335 9.5000000000000018 0.85164835164835173 2.678101851851852 7.0800000000000027 1.0000000180025095e-35 0.86190476190476206
decision_type=2 2 2 2 2 2 2 2 2 2 2 2 2 2 2 2 2 2 2 2 2 2 2 2 2 2 2 2 2 2
left_child=2 3 -1 5 17 15 7 9 -9 13 28 12 -4 14 -6 -2 -17 -3 19 20 -19 -8 24 25 27 26 -24 -7 29 -10
right_child=1 4 11 -5 6 22 21 8 10 -11 -12 -13 -14 -15 -16 16 -18 18 -20 -21 -22 -23 23 -25 -26 -27 -28 -29 -30 -31
leaf_value=0.10407030972150655 0.012171209204825574 -0.0058933631761582811 0.038434691983275121 0.049691679165894245 0.06201371508890513 0.082217124185990545 -0.064677289089160983 -0.026937063448701282 0.015013720994982547 -0.015163888946033511 0.082686972790039504 -0.037351638761379979 -0.019790896375285073 0.16721001952886583 -0.0381231383420527 0.12740567912161352 0.015257292177136006 -0.026341370825063101 -0.066143230429595024 -0.082214955928233968 0.079355547971014559 0.0099999202868422954 -0.0279161383684438 -0.089811235480010521 -0.022141158949744191 -0.054376383739608264 0.05227502809748763 -0.024782002026117161 -0.005786819338619663 0.11416896126945229
leaf_weight=12.999999999999998 1558 198 56 119 97 32 69 245 231 59 26 361 187 9.9999999999999982 20 25 38 55 113 26 24 37 26 18 418 22 126 19 522 17
leaf_count=13 1558 198 56 119 97 32 69 245 231 59 26 361 187 10 20 25 38 55 113 26 24 37 26 18 418 22 126 19 522 17
internal_value=9.811e-05 0.00340898 -0.0221711 0.0102432 -0.00597298 0.00818611 -9.28992e-05 0.00323464 -0.00198021 0.032421 0.00570124 -0.0248882 -0.00637265 0.0545273 0.0448963 0.0140208 0.0597606 -0.0248147 -0.0420001 -0.0160174 0.00576909 -0.0386107 -0.00612249 0.0158747 -0.0151277 0.0268078 0.0385581 0.0423547 0.00310172 0.0218107
internal_weight=4767 4150 617 2401 1749 2282 1333 1227 1041 186 796 604 243 127 117 1621 63 416 218 105 79 106 661 192 469 174 152 51 770 248
internal_count=4767 4150 617 2401 1749 2282 1333 1227 1041 186 796 604 243 127 117 1621 63 416 218 105 79 106 661 192 469 174 152 51 770 248
is_linear=0
shrinkage=0.05


Tree=60
num_leaves=31
num_cat=0
split_feature=8 2 2 34 15 14 8 2 7 2 37 30 3 7 31 4 30 36 36 11 37 37 8 29 35 7 37 37 37 36
split_gain=138.353 124.507 95.9422 81.279 80.7567 72.1132 64.2141 101.972 69.8247 69.7194 94.8815 69.628 60.0612 58.1705 57.0072 55.8637 60.067 54.6092 104.034 61.9498 53.8202 52.6359 52.1057 51.9805 51.7518 51.549 60.9868 63.8997 57.7323 47.0057
threshold=11.500000000000002 3.5000000000000004 9.5000000000000018 91.500000000000014 1.0000000180025095e-35 1.0000000180025095e-35 8.5000000000000018 7.5000000000000009 2.5000000000000004 8.5000000000000018 5.6500000000000048 41.010000000000005 2.5000000000000004 1.0000000180025095e-35 7.2000000000000073 0.39230769230769241 46.112500000000004 1.1874999999999993 0.68166666666666653 0.32291666666666669 5.9586111111111126 6.868333333333335 12.500000000000002 47.682989417989425 2.0172619047619067 1.5000000000000002 3.6005555555555575 4.8514285714285741 5.1316666666666686 -0.18166666666666803
decision_type=2 2 2 2 2 2 2 2 2 2 2 2 2 2 2 2 2 2 2 2 2 2 2 2 2 2 2 2 2 2
left_child=3 -2 4 6 12 -4 7 13 9 10 17 -12 25 -1 -13 16 24 18 -8 -19 -16 -11 -14 -5 -9 29 -27 -28 -29 -3
right_child=1 2 5 23 -6 -7 8 15 -10 21 11 14 22 -15 20 -17 -18 19 -20 -21 -22 -23 -24 -25 -26 26 27 28 -30 -31
leaf_value=0.14914715028014677 -0.026740942340233921 -0.0033718294698056304 0.0072841648718567345 0.031568791109206594 -0.02544314955209135 -0.047432889753764265 0.0076166585736490537 -0.13367429610628345 0.080296311791866068 0.014591918974039482 0.011687397109527216 -0.023751487102555605 -0.10370919437092894 0.027863302653034529 -0.20002886295318603 0.10987333923578263 0.078014352104880599 -0.11548177967779338 0.10853033922612668 0.018050751217493884 -0.071790523959530728 0.084685238304774507 -0.012981905838816253 0.11079703333812792 -0.0011494410087299698 0.060519926552106411 -0.019389503939463846 0.098995790079236035 0.018939236304538105 0.010926070665760994
leaf_weight=29 507 1190 91 47 245 178 145 13.000000000000002 31 97 51 57 17 14.999999999999998 9.9999999999999982 9.9999999999999982 10.999999999999998 15.999999999999998 31 19 45 37 229 37 17 84 106 25 227 1112
leaf_count=29 507 1190 91 47 245 178 145 13 31 97 51 57 17 15 10 10 11 16 31 19 45 37 229 37 17 84 106 25 227 1112
internal_value=3.63537e-05 -0.00358203 -0.00023113 0.0202499 0.00215466 -0.0289227 0.0141265 0.0520295 0.00744606 0.00300048 -0.00808697 -0.0367401 0.00441602 0.1078 -0.0587919 0.00391343 -0.0219305 0.0140479 0.0253912 -0.0429927 -0.0951066 0.033946 -0.0192517 0.0664669 -0.0585769 0.00653783 0.0221776 0.013181 0.0268814 0.00353489
internal_weight=4729 4011 3504 718 3235 269 634 95 539 508 374 163 2990 44 112 51 41 211 176 35 55 134 246 84 30 2744 442 358 252 2302
internal_count=4729 4011 3504 718 3235 269 634 95 539 508 374 163 2990 44 112 51 41 211 176 35 55 134 246 84 30 2744 442 358 252 2302
is_linear=0
shrinkage=0.05


Tree=61
num_leaves=31
num_cat=0
split_feature=33 2 3 37 2 14 7 0 29 37 27 11 10 0 24 7 34 34 27 34 0 29 29 35 37 28 36 27 34 33
split_gain=133.182 102.315 107.045 68.3605 63.2998 79.3329 60.6118 73.1856 54.3156 74.0386 53.3861 52.8314 60.106 52.2506 51.0369 52.6599 50.1455 48.8752 56.8824 47.3699 44.7279 55.2538 77.6648 71.3704 70.3371 71.349 62.6633 56.4058 57.5489 55.8988
threshold=9.5000000000000018 4.5000000000000009 2.5000000000000004 5.5500000000000016 9.5000000000000018 1.0000000180025095e-35 1.5000000000000002 1850.0000000000002 52.493531746031756 9.5395238095238124 11.500000000000002 0.24038461538461542 3.5000000000000004 2050.0000000000005 1.0000000180025095e-35 2.5000000000000004 63.500000000000007 46.500000000000007 9.5000000000000018 49.500000000000007 1750.0000000000002 47.250075757575765 45.917229437229444 1.724096938775511 4.3000000000000043 24.500000000000004 -0.749999999999999 5.5000000000000009 126.50000000000001 11.500000000000002
decision_type=2 2 2 2 2 2 2 2 2 2 2 2 2 2 2 2 2 2 2 2 2 2 2 2 2 2 2 2 2 2
left_child=13 3 4 10 6 -6 7 20 9 -9 19 12 -4 16 -8 -16 -1 -14 -19 -2 21 22 27 -23 -25 -26 -24 29 -29 -3
right_child=1 2 11 -5 5 -7 14 8 -10 -11 -12 -13 17 -15 15 -17 -18 18 -20 -21 -22 23 26 24 25 -27 -28 28 -30 -31
leaf_value=0.014286790602656611 -0.028872333225413594 -0.046837573701685127 -0.076925827035059541 -0.032408904704312923 0.021658569922007317 -0.041303724134135876 0.028228291642590549 -0.023531313173705715 0.052681156709080648 -0.13870619170367718 -0.046697476921746361 -0.045495467495427211 -0.042546923499968317 0.11591360659804195 -0.053009676377902305 0.04768737476123007 0.064092086934569206 0.11210531556809492 -0.0015952470966360786 0.012035730962304876 0.015404102591000404 -0.053410324926298228 -0.0018766292135285981 0.065534432446866325 0.011766102656044743 -0.087478689628618739 0.053503252378141047 -0.024508197459885306 0.011627745075562707 0.02212765363215316
leaf_weight=623 93 33 18 440 73 159 413 200 21 14.999999999999998 65 176 18 13.999999999999998 41 19 55 22 22 296 711 103 85 33 55 27 128 340 163 268
leaf_count=623 93 33 18 440 73 159 413 200 21 15 65 176 18 14 41 19 55 22 22 296 711 103 85 33 55 27 128 340 163 268
internal_value=3.45361e-05 -0.00343949 0.000805791 -0.0183644 0.00355355 -0.0214923 0.00574211 0.00222473 -0.0240701 -0.0315668 -0.00475305 -0.0301816 0.0035089 0.0203013 0.0219682 -0.0211223 0.018327 0.0268609 0.055255 0.00225565 0.00541362 -0.000337981 0.00455851 -0.0231808 0.00389432 -0.0209121 0.0314033 -0.00255335 -0.0127981 0.0145667
internal_weight=4729 4037 3143 894 2887 232 2655 2182 236 215 454 256 80 692 473 60 678 62 44 389 1946 1235 1017 218 115 82 213 804 503 301
internal_count=4729 4037 3143 894 2887 232 2655 2182 236 215 454 256 80 692 473 60 678 62 44 389 1946 1235 1017 218 115 82 213 804 503 301
is_linear=0
shrinkage=0.05


Tree=62
num_leaves=31
num_cat=0
split_feature=33 2 12 32 34 27 2 14 15 29 11 30 0 4 0 6 32 0 35 33 11 7 35 0 31 34 34 30 28 35
split_gain=120.197 92.3389 96.6084 68.5972 67.7698 58.565 57.128 71.5979 65.8014 61.8373 80.7027 83.1192 58.2554 69.981 55.2059 65.3862 54.6847 59.4021 61.7796 60.8135 50.8272 47.566 60.4503 47.1562 48.1303 48.8771 46.8647 44.5834 70.1803 44.2767
threshold=9.5000000000000018 4.5000000000000009 0.11805555555555557 0.087121212121212141 52.500000000000007 11.500000000000002 9.5000000000000018 1.0000000180025095e-35 1.0000000180025095e-35 52.493531746031756 0.06458333333333334 42.416666666666679 1950.0000000000002 0.19375000000000003 1650.0000000000002 0.25833333333333336 0.07417582417582419 1750.0000000000002 1.5432518638768637 11.500000000000002 0.40833333333333338 1.5000000000000002 1.3941391941391945 2050.0000000000005 19.225000000000005 63.500000000000007 12.500000000000002 44.855000000000011 14.500000000000002 3.295244391025641
decision_type=2 2 2 2 2 2 2 2 2 2 2 2 2 2 2 2 2 2 2 2 2 2 2 2 2 2 2 2 2 2
left_child=23 3 6 -2 -5 14 8 -8 9 10 11 -3 13 29 -6 -16 -11 -18 19 -19 -4 22 -14 24 25 -1 -12 -17 -29 -10
right_child=1 2 20 4 5 -7 7 -9 12 16 26 -13 21 -15 15 27 17 18 -20 -21 -22 -23 -24 -25 -26 -27 -28 28 -30 -31
leaf_value=0.011892277773939877 0.074111547358334071 0.0083556057377295028 -0.020102088176710595 -0.042433508089940869 0.018909999189285064 -0.052268006889100528 0.020575641332615219 -0.039238538615897579 -0.051936525649914189 -0.056620380417867149 -0.080691449840863558 -0.18601886677471074 0.099566287682815044 0.016166049454893385 -0.046044264105148613 -0.009365574366672607 0.019548006682861142 0.14359905144998003 0.20602025934918361 0.00090478984639048583 -0.086587881816155995 0.057139440934406593 -0.023746121759770564 0.11011792445289237 0.12629182517528534 0.062823429584101434 0.0079804192122186254 0.0034809552302414721 0.16323104470968247 -0.14900809505156107
leaf_weight=617 20 11.000000000000002 223 236 164 76 73 159 73 10.999999999999998 14.999999999999998 10.999999999999998 10.999999999999998 35 122 244 41 14.000000000000002 10.999999999999998 15.999999999999998 33 32 103 13.999999999999998 9.9999999999999982 51 2257 22 9.9999999999999982 13.999999999999998
leaf_count=617 20 11 223 236 164 76 73 159 73 11 15 11 11 35 122 244 41 14 11 16 33 32 103 14 10 51 2257 22 10 14
internal_value=3.28093e-05 -0.00326751 0.000765501 -0.0174462 -0.0195414 -0.0110734 0.00337587 -0.0204177 0.00545501 0.00809253 0.00647216 -0.0888316 -0.0180367 -0.0435383 -0.00550261 -0.0155621 0.0480616 0.0621043 0.104661 0.0674954 -0.0286725 0.00327288 -0.0118476 0.0192863 0.0174107 0.0157807 0.007395 -0.00208807 0.0534029 -0.0675572
internal_weight=4729 4037 3143 894 874 638 2887 232 2655 2387 2294 22 268 122 562 398 93 82 41 30 256 146 114 692 678 668 2272 276 32 87
internal_count=4729 4037 3143 894 874 638 2887 232 2655 2387 2294 22 268 122 562 398 93 82 41 30 256 146 114 692 678 668 2272 276 32 87
is_linear=0
shrinkage=0.05


Tree=63
num_leaves=31
num_cat=0
split_feature=8 2 2 15 37 31 20 29 4 9 0 31 31 10 11 3 37 5 11 29 23 0 3 8 7 37 37 37 30 29
split_gain=110.579 95.0125 73.9164 63.4695 62.7955 65.5542 86.9406 66.9638 62.8977 98.9786 54.1013 44.7517 44.6173 43.3482 42.1019 56.9779 68.0937 49.6173 48.2342 46.2912 45.2198 42.9133 42.0372 45.0372 42.6725 54.8421 57.6854 51.648 41.718 51.6382
threshold=11.500000000000002 3.5000000000000004 9.5000000000000018 1.0000000180025095e-35 5.6000000000000041 19.450000000000006 1.0000000180025095e-35 47.825123456790131 0.29285714285714287 0.11805555555555557 1950.0000000000002 6.8750000000000009 17.516666666666673 3.5000000000000004 0.11805555555555557 1.0000000180025095e-35 5.5000000000000036 0.54195804195804198 0.39230769230769241 50.316944444444452 1.0000000180025095e-35 1075.0000000000002 2.5000000000000004 12.500000000000002 1.5000000000000002 3.6005555555555575 4.8514285714285741 5.1316666666666686 48.750000000000007 52.493531746031756
decision_type=2 2 2 2 2 2 2 2 2 2 2 2 2 2 2 2 2 2 2 2 2 2 2 2 2 2 2 2 2 2
left_child=4 -2 3 22 13 6 8 -8 9 -6 11 -5 -12 14 -1 16 17 20 -19 -17 21 -16 24 -24 28 -26 -27 -28 29 -3
right_child=1 2 -4 10 5 -7 7 -9 -10 -11 12 -13 -14 -15 15 19 -18 18 -20 -21 -22 -23 23 -25 25 26 27 -29 -30 -31
leaf_value=-0.036308592793188599 -0.023434460884753681 0.0028628994015417828 -0.025460178280192116 -0.0026290591553385771 0.0075266972974004503 0.11005356028102911 -0.028448073007166383 -0.19338456809520721 0.06082276104063522 -0.087866219574061696 0.0062195027267237697 -0.071397843594624574 -0.10347384013235571 -0.013351363205350936 0.048385731084272271 0.069259718066023199 0.13946762410077182 0.021929237775741114 0.12771138024444764 -0.0026734205392690805 0.049608533550053839 -0.056704057186988059 -0.094498347491025925 -0.010149103798395162 0.056186604140038114 -0.01965046674891744 0.092521599829196943 0.01680097410615353 -0.040563721423623744 0.058829160283009212
leaf_weight=19 507 2206 269 35 181 12.999999999999998 16.000000000000004 9.9999999999999982 41 32 127 73 9.9999999999999982 50 11.999999999999998 160 10.999999999999998 63 12.999999999999998 26 20 51 17 229 84 106 25 227 54 42
leaf_count=19 507 2206 269 35 181 13 16 10 41 32 127 73 10 50 12 160 11 63 13 26 20 51 17 229 84 106 25 227 54 42
internal_value=3.11688e-05 -0.00320371 -0.000276484 0.00181762 0.0181023 0.00029361 -0.00480239 -0.0918852 0.0041116 -0.00680463 -0.0226487 -0.0491117 -0.00178731 0.0303799 0.0362107 0.0400811 0.0191578 0.0108345 0.0400236 0.0592045 -0.0158929 -0.036687 0.00382238 -0.0159781 0.00559749 0.0198271 0.0112958 0.0243129 0.00286531 0.00390853
internal_weight=4729 4011 3504 3235 718 293 280 26 254 213 245 108 137 425 375 356 170 159 76 186 83 63 2990 246 2744 442 358 252 2302 2248
internal_count=4729 4011 3504 3235 718 293 280 26 254 213 245 108 137 425 375 356 170 159 76 186 83 63 2990 246 2744 442 358 252 2302 2248
is_linear=0
shrinkage=0.05


Tree=64
num_leaves=31
num_cat=0
split_feature=37 0 0 2 15 6 30 7 35 30 36 23 29 35 29 7 28 37 29 6 35 37 35 28 30 36 10 31 7 27
split_gain=103.981 94.1236 139.013 126.621 98.5634 80.9045 94.4591 64.9299 62.8771 67.5114 63.9507 62.7438 74.5514 57.972 57.1834 55.3068 54.9297 54.7214 91.6562 76.0019 67.5889 66.8945 57.2992 58.5871 54.7488 54.4385 91.4754 53.7368 52.6785 51.5629
threshold=3.7936111111111117 1750.0000000000002 1650.0000000000002 8.5000000000000018 1.0000000180025095e-35 0.26969696969696971 42.883333333333347 1.0000000180025095e-35 2.9940249433106572 47.716666666666676 -1.0000000000000002 1.0000000180025095e-35 43.530336080586089 3.2129166666666675 48.493599537037049 1.5000000000000002 40.500000000000007 5.8302777777777779 44.967592592592602 0.5590277777777779 2.0792176870748302 4.7000000000000002 1.1862629731379741 43.500000000000007 40.290000000000006 0.60499999999999987 2.5000000000000004 15.124999999999998 2.5000000000000004 10.500000000000002
decision_type=2 2 2 2 2 2 2 2 2 2 2 2 2 2 2 2 2 2 2 2 2 2 2 2 2 2 2 2 2 2
left_child=5 2 7 4 11 -1 -7 -2 9 14 -10 25 -13 17 -4 -14 -12 18 21 20 -19 29 -20 -24 -22 -3 -27 -21 -17 -9
right_child=1 3 8 -5 -6 6 -8 13 10 -11 16 12 15 -15 -16 28 -18 19 22 27 24 -23 23 -25 -26 26 -28 -29 -30 -31
leaf_value=-0.0029566457523699987 -0.010868389322925887 -0.0057830608023595881 -0.053403884670697156 0.033187956216920965 -0.030085057599295164 0.018288541388100443 0.081759788493554184 -0.015241464950144291 0.056586212651996787 -0.15871483431412625 -0.013069344324439597 -0.095695956474678087 0.025136269595178246 0.088202394091564676 0.00046115142308295732 0.14792440827935935 -0.09219041876494885 0.0044567674469155596 -0.05073873980078273 0.084379543017210637 -0.024614864025027196 0.027515328174387371 0.068817584075369559 -0.057068629264831541 -0.10655493293888868 0.079575387785705387 -0.035041603280438316 -0.041428444534540178 0.021466212999075654 -0.10947665771883396
leaf_weight=450 1003 674 240 323 249 597 65 75 29 12.999999999999998 179 10.999999999999998 148 23 62 20 25 79 12.999999999999998 29 47 87 122 9.9999999999999982 36 49 27 11.999999999999998 13.999999999999998 18
leaf_count=450 1003 674 240 323 249 597 65 75 29 13 179 11 148 23 62 20 25 79 13 29 47 87 122 10 36 49 27 12 14 18
internal_value=2.96104e-05 -0.00408132 -0.0109289 0.00541937 -0.00210517 0.0134012 0.0245206 -0.00329322 -0.0325818 -0.047148 -0.0128892 0.00528294 0.0307074 0.0104961 -0.0423455 0.0383472 -0.0227656 0.00711112 0.0198326 -0.0132558 -0.0286469 -0.0039992 0.0494169 0.0592807 -0.0601551 -0.00125962 0.0388562 0.0475577 0.0958534 -0.0334805
internal_weight=4729 3617 2102 1515 1192 1112 662 1554 548 315 233 943 193 551 302 182 204 528 325 203 162 180 145 132 83 750 76 41 34 93
internal_count=4729 3617 2102 1515 1192 1112 662 1554 548 315 233 943 193 551 302 182 204 528 325 203 162 180 145 132 83 750 76 41 34 93
is_linear=0
shrinkage=0.05


Tree=65
num_leaves=31
num_cat=0
split_feature=8 30 2 34 27 27 38 31 31 23 8 7 32 31 4 37 30 27 30 5 31 31 30 4 6 30 6 9 30 37
split_gain=92.3711 83.871 74.2899 57.6187 84.7865 78.7818 69.5572 58.4522 55.172 49.9364 78.7118 57.0387 48.9533 47.8421 53.2265 95.5394 47.6733 47.5327 52.5962 48.697 43.2347 62.3965 65.4334 55.7112 91.1104 50.5912 49.1032 47.2188 48.2893 87.8035
threshold=11.500000000000002 35.516666666666673 3.5000000000000004 88.500000000000014 8.5000000000000018 6.5000000000000009 0.96875000000000011 12.595000000000001 8.9999999999999982 1.0000000180025095e-35 9.5000000000000018 1.0000000180025095e-35 0.46410256410256417 16.725000000000005 0.087121212121212141 5.1316666666666686 38.378571428571433 11.500000000000002 40.016666666666673 0.42261904761904767 7.0666666666666673 6.0999999999999988 46.716666666666676 0.19375000000000003 0.37980769230769235 42.51250000000001 0.07417582417582419 0.06458333333333334 46.00714285714286 5.400000000000003
decision_type=2 2 2 2 2 2 2 2 2 2 2 2 2 2 2 2 2 2 2 2 2 2 2 2 2 2 2 2 2 2
left_child=1 9 16 5 6 20 -5 -7 -3 11 -11 -1 -9 14 15 -10 -2 18 -14 -20 21 23 -23 -4 25 -25 -22 -27 -29 -30
right_child=2 8 3 4 -6 7 -8 12 13 10 -12 -13 17 -15 -16 -17 -18 -19 19 -21 26 22 -24 24 -26 27 -28 28 29 -31
leaf_value=0.0081766395772598227 0.0049515074673038735 0.02368198421972699 -0.0099500804334014606 0.095863818968920156 -0.00067554014163327453 -0.041523750588075142 0.021064983980541907 -0.046522114787022679 0.0061272302740498601 0.22078910307450725 0.044699157625436775 0.10508797600103373 0.0021106637735932095 0.045509526888398752 -0.00495210468420401 -0.15703188952277691 -0.029890093588021895 -0.083163341088220488 0.15115619175709208 0.024158995950387587 -0.040030061814696621 -0.056011075099695079 0.055764394998550418 0.03120307051954237 0.12702921612395182 -0.094902860943008871 0.010539429775754679 -0.046911700579027334 0.16442705512046815 -0.013040532754815143
leaf_weight=49 133 329 695 34 822 230 362 49 19 11 15 22 92 38 203 17 375 11.999999999999998 13.000000000000002 18 51 103 14.999999999999998 111 18 17 817 30 9.9999999999999982 23
leaf_count=49 133 329 695 34 822 230 362 49 19 11 15 22 92 38 203 17 375 12 13 18 51 103 15 111 18 17 817 30 10 23
internal_value=2.41769e-05 0.0167484 -0.00289322 -0.000314999 0.00848079 -0.00496486 0.0274871 -0.0247196 0.00983883 0.059915 0.119199 0.0382055 -0.00371451 -0.00660303 -0.0148887 -0.0709201 -0.0207682 0.0118231 0.02109 0.0774159 -0.000637616 -0.00760692 -0.0418023 -0.00314336 0.0194914 0.00935696 0.00756818 -0.0209545 -0.0010002 0.0407375
internal_weight=4733 703 4030 3522 1218 2304 396 414 606 97 26 71 184 277 239 36 508 135 123 31 1890 1022 118 904 209 191 868 80 63 33
internal_count=4733 703 4030 3522 1218 2304 396 414 606 97 26 71 184 277 239 36 508 135 123 31 1890 1022 118 904 209 191 868 80 63 33
is_linear=0
shrinkage=0.05


Tree=66
num_leaves=31
num_cat=0
split_feature=8 11 37 2 36 33 34 27 27 35 29 15 34 27 27 29 2 37 29 8 37 35 34 2 0 37 10 37 11 2
split_gain=83.3649 81.6088 84.8514 67.0466 63.7937 58.0192 96.2122 63.1418 65.0545 71.9974 62.2598 55.3993 69.9758 85.2692 70.9012 72.351 65.8499 55.1691 97.3664 55.0936 50.5668 55.8329 48.7765 48.4426 50.8918 85.9198 47.6517 43.415 47.6335 44.7646
threshold=11.500000000000002 0.72077922077922085 4.3814285714285726 3.5000000000000004 -1.4000000000000015 10.500000000000002 81.500000000000014 3.5000000000000004 4.5000000000000009 1.9622539682539684 46.251875000000005 1.0000000180025095e-35 52.500000000000007 6.5000000000000009 8.5000000000000018 50.633385416666677 6.5000000000000009 9.2933333333333312 46.621527777777786 14.500000000000002 3.0564285714285719 3.3883531746031754 51.500000000000007 8.5000000000000018 1350.0000000000002 4.9666666666666686 2.5000000000000004 5.5301785714285741 0.40833333333333338 1.5000000000000002
decision_type=2 2 2 2 2 2 2 2 2 2 2 2 2 2 2 2 2 2 2 2 2 2 2 2 2 2 2 2 2 2
left_child=1 2 4 27 -1 6 7 26 9 -9 -8 12 13 22 15 17 -15 19 -19 20 -14 -22 -5 -16 -25 -26 -6 29 -29 -2
right_child=3 -3 -4 11 5 -7 10 8 -10 -11 -12 -13 14 16 23 -17 -18 18 -20 -21 21 -23 -24 24 25 -27 -28 28 -30 -31
leaf_value=-0.076012832942334088 0.03417912676398243 -0.089181142429717711 0.0052475920881577022 -0.00094776542788031651 0.09376292020315305 0.0058774560660360357 0.036783737614750865 0.027376631684601301 0.04126705857501789 -0.16235663145780566 0.18724940759553152 -0.024134608629831571 -0.043365117162466049 -0.078359670456109656 0.0049039197056782594 0.091578403566822869 -0.014040719177954051 0.051927472154299409 -0.13915471682945887 0.00887818416285918 0.049871696048491711 -0.04979893947641055 -0.068788733636891405 0.010840225853025914 -0.1007234103445496 -0.013136839471934808 0.0016777428280976084 -0.048585202725930407 -0.00034901349184413753 -0.016315487711093955
leaf_weight=10.999999999999998 56 18 433 1417 64 63 9.9999999999999982 10.000000000000002 44 9.9999999999999982 22 228 18 67 673 33 98 12.000000000000002 14.999999999999998 501 222 14.999999999999998 27 70 42 84 18 177 72 203
leaf_count=11 56 18 433 1417 64 63 10 10 44 10 22 228 18 67 673 33 98 12 15 501 222 15 27 70 42 84 18 177 72 203
internal_value=2.29681e-05 0.0159109 0.0186725 -0.00274856 0.0417398 0.0471144 0.0617096 0.0444998 0.00728048 -0.06749 0.140229 -0.000299249 0.00135056 -0.00610713 0.00847187 0.0190562 -0.0401581 0.0159997 -0.0542293 0.0185078 0.0374273 0.0435634 -0.00221626 -0.00146689 -0.0233422 -0.0423324 0.0735491 -0.0197298 -0.0346374 -0.00539773
internal_weight=4733 703 685 4030 252 241 178 146 64 20 32 3522 3294 1609 1685 816 165 783 27 756 255 237 1444 869 196 126 82 508 249 259
internal_count=4733 703 685 4030 252 241 178 146 64 20 32 3522 3294 1609 1685 816 165 783 27 756 255 237 1444 869 196 126 82 508 249 259
is_linear=0
shrinkage=0.05


Tree=67
num_leaves=31
num_cat=0
split_feature=3 37 34 32 28 33 38 37 4 36 31 32 25 34 33 30 30 30 6 35 30 31 34 32 32 36 37 29 36 4
split_gain=62.0866 71.4887 56.1856 80.7266 68.6253 64.3984 89.2394 60.8666 60.4052 59.7972 50.5837 62.9873 49.7455 94.5544 77.4365 74.5597 47.8132 44.6202 80.8591 60.4967 89.3709 87.992 78.9691 60.4169 74.8401 58.8775 50.7558 65.7978 47.5077 47.3658
threshold=2.5000000000000004 4.100000000000005 88.500000000000014 0.77350427350427364 11.500000000000002 8.5000000000000018 0.32291666666666669 8.0537500000000026 0.19375000000000003 1.1874999999999993 10.779999999999999 0.13809523809523813 1.0000000180025095e-35 17.500000000000004 14.500000000000002 38.125000000000007 40.183333333333344 43.906250000000007 0.37980769230769235 2.2442433608058616 40.016666666666673 16.825000000000006 115.50000000000001 0.48333333333333339 0.69615384615384623 0.23666666666666639 6.0000000000000044 46.821666666666673 -0.95000000000000007 0.18465909090909094
decision_type=2 2 2 2 2 2 2 2 2 2 2 2 2 2 2 2 2 2 2 2 2 2 2 2 2 2 2 2 2 2
left_child=1 -1 3 5 8 6 -3 17 -4 12 11 -8 -7 -14 16 -16 -15 19 23 21 25 26 -23 -19 -25 -21 28 -28 -6 -30
right_child=-2 2 4 -5 7 9 10 -9 -10 -11 -12 -13 13 14 15 -17 -18 18 -20 20 -22 22 -24 24 -26 -27 27 -29 29 -31
leaf_value=0.011841181998833003 -0.020150246035202775 -0.11238461598753929 0.085272156581916711 -0.077090579774230727 -0.038399694270143912 -0.0096837039135186549 0.075343117419452904 0.06244417247037555 -0.044887315685098822 -0.062624310981482273 0.12894599040349325 -0.0073421470984969487 -0.070309913734672588 -0.0079560486789868809 0.079810631126165391 -0.043346920132856161 0.048065999161441164 -0.039295312017202377 -0.0097682082339600532 -0.016187291375392085 -0.030050508594017866 0.041252289576963933 -0.13512526154518129 0.11436003110701005 0.014789539435878397 0.038761416737522397 0.0044096716369191793 0.15396060060317582 0.073524051143063443 -0.013455085766812168
leaf_weight=1235 353 9.9999999999999982 47 40 24 1668 42 43 10.999999999999998 48 14.999999999999998 51 32 49 14.999999999999998 68 171 13.999999999999998 93 91 304 11.000000000000002 14.999999999999998 46 32 105 12.000000000000002 19 45 24
leaf_count=1235 353 10 47 40 24 1668 42 43 11 48 15 51 32 49 15 68 171 14 93 91 304 11 15 46 32 105 12 19 45 24
internal_value=2.18196e-05 0.00164756 -0.00235534 -0.00670557 0.00791139 -0.00540756 0.0305111 0.0044317 0.0605867 -0.00747406 0.0437421 0.0299996 -0.00615243 0.0114301 0.0200627 -0.0210895 0.0355884 0.00144423 0.0231095 -0.00472203 -0.0130769 0.0231275 -0.060504 0.0563445 0.0735106 0.0132495 0.0406632 0.0960699 0.0221943 0.0432704
internal_weight=4733 4380 3145 2209 936 2169 118 878 58 2051 108 93 2003 335 303 83 220 835 185 650 500 150 26 92 78 196 124 31 93 69
internal_count=4733 4380 3145 2209 936 2169 118 878 58 2051 108 93 2003 335 303 83 220 835 185 650 500 150 26 92 78 196 124 31 93 69
is_linear=0
shrinkage=0.05


Tree=68
num_leaves=31
num_cat=0
split_feature=2 0 0 15 0 0 7 4 6 34 2 24 29 29 32 29 29 11 27 11 5 22 31 24 31 29 36 2 5 36
split_gain=59.0315 66.5534 60.8107 55.7353 54.9367 78.7668 71.926 61.0811 50.6753 48.3657 62.1238 62.8998 47.238 106.314 56.7608 48.3979 46.521 72.9548 81.665 64.9645 70.4398 63.0517 83.9542 60.7409 59.8118 55.7154 70.587 65.4118 55.1629 66.6446
threshold=3.5000000000000004 1075.0000000000002 2250.0000000000005 1.0000000180025095e-35 1750.0000000000002 1650.0000000000002 1.5000000000000002 0.11805555555555557 0.095454545454545472 83.500000000000014 5.5000000000000009 1.0000000180025095e-35 45.090787037037039 42.230977182539696 0.20714285714285716 47.129345238095247 47.452250000000006 0.45804195804195807 9.5000000000000018 0.60769230769230786 0.24038461538461542 1.0000000180025095e-35 4.6150000000000029 1.0000000180025095e-35 11.454166666666667 48.386458333333344 0.27999999999999997 6.5000000000000009 0.36931818181818188 -3.6999999999999988
decision_type=2 2 2 2 2 2 2 2 2 2 2 2 2 2 2 2 2 2 2 2 2 2 2 2 2 2 2 2 2 2
left_child=1 -1 8 4 5 6 7 9 -3 -2 -11 -12 13 -8 -15 -14 17 18 23 20 -18 22 -19 -6 -24 26 -22 -28 -27 -30
right_child=3 2 -4 -5 16 -7 12 -9 -10 10 11 -13 15 14 -16 -17 19 21 -20 -21 25 -23 24 -25 -26 28 27 -29 29 -31
leaf_value=0.022830665519802215 0.0008056129963547404 -0.065226020744598628 0.068793201446533211 -0.018517924409879503 0.021143909347277563 -0.030636819630704526 0.058021909067354785 -0.0082044409378394991 -0.018527245774195965 0.066652149085390883 -0.013032112027593384 0.068952705792617058 0.067094007103044667 -0.099292581776777911 -0.0048906755085319177 0.010084902910591609 0.094940972546565125 0.057844096546371786 -0.061941990860410634 0.12750119604170324 0.023868349175200209 -0.089254210506166734 -0.074222187546276783 -0.028712632123913086 0.04816935635530032 -0.036688536187777156 0.015370313472186143 0.15808090993336268 -0.051922106556594377 0.019392845153797082
leaf_weight=101 361 67 18 301 480 202 71 1267 437 77 87 32 89 18 138 64 29 30 37 13.999999999999998 153 35 43 70 12.999999999999998 65 12.999999999999998 21 36 364
leaf_count=101 361 67 18 301 480 202 71 1267 437 77 87 32 89 18 138 64 29 30 37 14 153 35 43 70 13 65 13 21 36 364
internal_value=2.07286e-05 -0.0143216 -0.0215101 0.00219476 0.00383155 -0.000753846 0.00198497 -0.00213777 -0.0247352 0.011662 0.0316577 0.00901423 0.0217741 0.00730122 -0.0157832 0.0432471 0.011695 0.00267431 0.00996139 0.0208845 0.0186927 -0.0326771 -0.00965151 0.0147985 -0.0458099 0.0153013 0.0383496 0.103515 0.00603235 0.0129745
internal_weight=4733 623 522 4110 3809 2406 2204 1824 504 557 196 119 380 227 156 153 1403 708 587 695 681 121 86 550 56 652 187 34 465 400
internal_count=4733 623 522 4110 3809 2406 2204 1824 504 557 196 119 380 227 156 153 1403 708 587 695 681 121 86 550 56 652 187 34 465 400
is_linear=0
shrinkage=0.05


Tree=69
num_leaves=31
num_cat=0
split_feature=37 2 37 5 5 34 29 28 37 28 33 28 34 36 36 5 33 37 24 30 30 5 3 21 31 9 36 29 34 28
split_gain=54.4355 55.4692 70.8847 70.8354 74.5535 65.8372 62.9932 58.3328 55.4768 60.4208 56.7924 51.3474 81.0259 45.2479 56.8642 52.0628 44.9271 59.9672 58.9458 49.3582 43.7879 42.8546 63.0252 69.2379 52.4932 71.8747 61.354 117.634 45.8537 44.8846
threshold=4.100000000000005 3.5000000000000004 4.9000000000000057 0.81534090909090928 0.69615384615384623 21.500000000000004 49.196231060606067 1.5000000000000002 5.8116666666666683 46.500000000000007 8.5000000000000018 41.500000000000007 139.50000000000003 1.086607142857144 0.63000000000000089 0.39230769230769241 13.500000000000002 4.361250000000001 1.0000000180025095e-35 45.105000000000011 36.725000000000009 0.36931818181818188 1.0000000180025095e-35 1.0000000180025095e-35 2.103750000000002 0.07417582417582419 -0.69999999999999885 49.025833333333345 31.500000000000004 14.500000000000002
decision_type=2 2 2 2 2 2 2 2 2 2 2 2 2 2 2 2 2 2 2 2 2 2 2 2 2 2 2 2 2 2
left_child=11 20 5 4 8 -3 7 -6 21 10 -10 12 -1 14 16 -16 17 18 -7 -19 -2 22 -4 -24 28 29 -27 -28 -23 -26
right_child=1 2 3 -5 6 13 -8 -9 9 -11 -12 -13 -14 -15 15 -17 -18 19 -20 -21 -22 24 23 -25 25 26 27 -29 -30 -31
leaf_value=0.0098744068165886045 0.022527621914115219 -0.076388664543628693 0.11916757232763552 -0.10168345775455237 0.12001116265143669 -0.081086857700720438 0.11513289213180543 0.011039218053221703 0.041706132891750528 0.078708792647177533 -0.0067968580553705044 -0.016371553774295344 0.085047693064474073 -0.053800643996842083 0.11001362898113097 0.01088956566527486 -0.026086277013055756 0.0063420183733915508 0.059086658135056494 0.08019615347186726 -0.025461549856540373 0.016345125250518323 0.0025674384545593984 0.1385211630301042 0.043006376467727044 -0.053850000742517536 -0.010883393882670338 0.15001883667248947 -0.0948991383002563 0.0058595022275334321
leaf_weight=1149 54 42 22 15.999999999999998 13.999999999999998 30 23 100 63 22 1436 181 37 57 17 60 276 92 9.9999999999999982 30 397 15.999999999999998 63 10.999999999999998 182 61 90 12.999999999999998 22 147
leaf_count=1149 54 42 22 16 14 30 23 100 63 22 1436 181 37 57 17 60 276 92 10 30 397 16 63 11 182 61 90 13 22 147
internal_value=1.96923e-05 -0.00339751 -0.000872816 0.00315484 0.00388894 -0.0159667 0.0396506 0.0244217 0.00160805 -0.00355109 -0.00475837 0.00843395 0.0122196 -0.0115301 -0.00685164 0.0327741 -0.0138178 0.00708402 -0.0460435 0.0245029 -0.0197156 0.0141233 0.0448663 0.0227768 0.00856523 0.0129298 -0.0141104 0.00942465 -0.0480594 0.0264088
internal_weight=4733 3366 2915 2301 2285 614 137 114 2148 1521 1499 1367 1186 572 515 77 438 162 40 122 451 627 96 74 531 493 164 103 38 329
internal_count=4733 3366 2915 2301 2285 614 137 114 2148 1521 1499 1367 1186 572 515 77 438 162 40 122 451 627 96 74 531 493 164 103 38 329
is_linear=0
shrinkage=0.05


Tree=70
num_leaves=31
num_cat=0
split_feature=0 0 15 37 6 8 6 2 35 34 37 34 11 6 4 32 9 37 31 6 11 9 11 9 0 29 9 24 11 34
split_gain=77.1811 144.634 106.441 63.3226 62.2199 64.9918 57.0026 50.7624 48.8109 46.9178 44.8939 58.9597 44.2777 69.343 49.8759 86.3533 53.0919 68.192 42.9678 43.2804 57.3527 39.0756 39.0529 51.1737 39.402 38.4171 36.4663 54.5453 44.4146 43.9701
threshold=1750.0000000000002 1650.0000000000002 1.0000000180025095e-35 11 0.51666666666666672 11.500000000000002 0.069047619047619066 8.5000000000000018 2.2373970734126991 141.50000000000003 7.7886904761904754 13.500000000000002 0.31009615384615391 0.68990384615384626 0.080128205128205135 0.17424242424242428 0.095454545454545472 4.1275000000000022 13.800000000000002 0.55050505050505061 0.29285714285714287 0.087121212121212141 0.63068181818181823 0.10555555555555557 1250.0000000000002 53.587500000000013 1.0000000180025095e-35 1.0000000180025095e-35 0.12916666666666668 36.500000000000007
decision_type=2 2 2 2 2 2 2 2 2 2 2 2 2 2 2 2 2 2 2 2 2 2 2 2 2 2 2 2 2 2
left_child=1 4 7 6 5 22 -3 -2 -6 -7 11 -10 13 18 15 -14 17 -16 19 20 -9 -13 23 -1 -25 -8 27 29 -28 -4
right_child=2 3 26 -5 8 9 25 12 10 -11 -12 21 14 -15 16 -17 -18 -19 -20 -21 -22 -23 -24 24 -26 -27 28 -29 -30 -31
leaf_value=0.060890821063484271 0.010824558535429307 -0.076281385739212448 0.069990273391635258 -0.14386291735890239 0.036765352295090752 -0.0064693630088621112 -0.02039803576625504 0.03914924074119578 -0.12234036087989808 0.0240672821750837 0.076420983132955284 0.0076117615795605852 0.1238575544494849 0.12070207570034724 -0.026613283496011386 -0.022815052521499721 0.020270489169875297 0.10681075572753579 -0.10015039145946503 -0.056006289167063572 -0.08832600802183152 -0.093949274420738221 -0.054115295639404884 0.031341480196286471 -0.052344019203023479 0.066583306571611989 -0.13423914954066277 -0.06006887673303999 -0.025602188895737649 -0.00034911610578235831
leaf_weight=87 1119 46 29 10.999999999999998 210 1675 540 75 9.9999999999999982 136 19 179 12.999999999999998 12.999999999999998 10.999999999999998 44 41 74 9.9999999999999982 21 9.9999999999999982 9.9999999999999982 12.999999999999998 39 22 12.999999999999998 9.9999999999999982 29 159 95
leaf_count=87 1119 46 29 11 210 1675 540 75 10 136 19 179 13 13 11 44 41 74 10 21 10 10 13 39 22 13 10 29 159 95
internal_value=0.00161251 -0.00324476 0.00995274 -0.0249849 0.00228085 -0.00146972 -0.0228018 0.0157972 0.0195615 -0.00417616 0.00298903 -0.00402207 0.0336316 0.0111971 0.049446 0.0106366 0.0670027 0.0895441 -0.00107503 0.00827171 0.0241522 0.00223816 0.0289736 0.036272 0.00115982 -0.0183533 -0.0160205 0.00166375 -0.0320304 0.0161012
internal_weight=4763 3010 1753 610 2400 1972 599 1431 428 1811 218 199 312 129 183 57 126 85 116 106 85 189 161 148 61 553 322 153 169 124
internal_count=4763 3010 1753 610 2400 1972 599 1431 428 1811 218 199 312 129 183 57 126 85 116 106 85 189 161 148 61 553 322 153 169 124
is_linear=0
shrinkage=0.05


Tree=71
num_leaves=31
num_cat=0
split_feature=7 29 6 4 36 33 11 30 2 6 11 23 14 36 35 11 25 35 4 15 7 4 35 11 33 30 30 4 2 35
split_gain=112.695 88.3858 81.6505 63.2658 61.5811 61.5257 51.1697 108.602 59.1789 50.3282 45.2957 50.5422 77.7188 44.8401 44.4242 49.2171 43.5329 85.4985 43.1756 42.8153 44.1036 49.2089 84.8154 66.8487 66.3365 81.6728 103.419 57.3646 46.3159 43.8611
threshold=1.5000000000000002 50.633385416666677 0.40833333333333338 0.10555555555555557 2.214583333333334 9.5000000000000018 0.20714285714285716 48.414999999999999 5.5000000000000009 0.080128205128205135 0.24038461538461542 1.0000000180025095e-35 1.0000000180025095e-35 -1.5999999999999999 2.1356790123456793 0.32291666666666669 1.0000000180025095e-35 1.1862629731379741 0.16025641025641027 1.0000000180025095e-35 1.0000000180025095e-35 0.20714285714285716 2.6167685185185192 0.30384615384615393 14.500000000000002 46.314285714285717 45.612500000000004 1.0000000180025095e-35 2.5000000000000004 2.4073952696608947
decision_type=2 2 2 2 2 2 2 2 2 2 2 2 2 2 2 2 2 2 2 2 2 2 2 2 2 2 2 2 2 2
left_child=1 4 3 -3 5 -1 7 -4 -8 13 11 -2 -13 -7 15 -15 -12 -18 -5 20 -11 24 29 -24 25 26 27 -22 -29 -23
right_child=10 2 6 18 -6 9 8 -9 -10 19 16 12 -14 14 -16 -17 17 -19 -20 -21 21 22 23 -25 -26 -27 -28 28 -30 -31
leaf_value=0.012316256174545764 0.03068919154644317 0.1373015077577697 0.16084517637888587 -0.0077525482114747567 -0.073919729335654175 -0.073935914747416981 -0.10375725044011092 -0.062260156646370891 -0.0028962342248808957 -0.0056648341206383852 0.006907710149436583 0.029446343119655334 0.20704618482427162 -0.042164569483288838 -0.03144529978259622 0.034029813220641067 0.15859265652086055 0.02339610669394614 0.054771041233867113 -0.028013559008318496 -0.022855508951721965 -0.005613504524987478 -0.033613231018758738 -0.17247748443713556 -0.0013748108714991556 0.12918314029063499 -0.12343717691573231 -0.022289121354168114 0.055236396158654846 0.098428308094541228
leaf_weight=548 147 18 12.000000000000002 38 31 40 19 9.9999999999999982 62 2055 491 14 11 31 192 67 13.999999999999998 71 101 170 37 65 26 12.999999999999998 259 21 10.999999999999998 22 155 11.999999999999998
leaf_count=548 147 18 12 38 31 40 19 10 62 2055 491 14 11 31 192 67 14 71 101 170 37 65 26 13 259 21 11 22 155 12
internal_value=0.00153189 -0.00178774 0.026405 0.0491 -0.00373984 -0.00315563 -0.00818848 0.0594337 -0.026555 -0.00582521 0.0193505 0.0418667 0.10759 -0.0243092 -0.0174641 0.00992751 0.0126269 0.0456638 0.0376783 -0.00368195 -0.00213622 0.00954058 -0.0198266 -0.0799013 0.0162863 0.0348807 0.0260792 0.0337646 0.0456005 0.0106008
internal_weight=4763 4015 260 157 3755 3724 103 22 81 3176 748 172 25 330 290 98 576 85 139 2846 2676 621 116 39 505 246 225 214 177 77
internal_count=4763 4015 260 157 3755 3724 103 22 81 3176 748 172 25 330 290 98 576 85 139 2846 2676 621 116 39 505 246 225 214 177 77
is_linear=0
shrinkage=0.05


Tree=72
num_leaves=31
num_cat=0
split_feature=7 8 35 5 29 29 35 31 37 29 4 5 2 15 29 4 35 35 9 33 32 37 22 33 11 37 25 11 29 5
split_gain=101.707 80.2622 61.4274 59.9959 56.273 52.1654 50.5886 57.3427 50.0865 49.7454 55.8027 78.4974 49.4037 51.0205 77.9424 62.5245 47.1237 48.8154 43.4772 42.7724 44.4881 58.4473 61.7039 55.8089 59.327 49.3021 59.5159 44.0847 48.4127 42.7499
threshold=1.5000000000000002 12.500000000000002 3.8422610326181763 0.51666666666666672 52.120833333333344 44.901026785714301 1.6680902777777784 0.55833333333333013 5.3887500000000008 52.493531746031756 0.21825396825396828 0.54195804195804198 9.5000000000000018 1.0000000180025095e-35 50.633385416666677 0.18465909090909094 1.5432518638768637 2.0070259353741506 0.06458333333333334 9.5000000000000018 0.36038961038961043 8.8449999999999971 1.0000000180025095e-35 11.500000000000002 0.26969696969696971 5.3499999999999988 1.0000000180025095e-35 0.29285714285714287 47.731734693877563 0.21825396825396828
decision_type=2 2 2 2 2 2 2 2 2 2 2 2 2 2 2 2 2 2 2 2 2 2 2 2 2 2 2 2 2 2
left_child=1 9 12 4 6 -4 8 -8 -2 19 11 -11 13 14 -3 -16 18 -18 -5 29 21 22 23 24 -21 26 -22 -28 -29 -1
right_child=3 2 5 16 -6 -7 7 -9 -10 10 -12 -13 -14 -15 15 -17 17 -19 -20 20 25 -23 -24 -25 -26 -27 27 28 -30 -31
leaf_value=-0.053979148960206662 0.075168000868692686 -0.0030852219759777977 -0.11259011172729989 -0.029663108733995837 -0.10647579905661671 -0.022916739515282891 0.11605125933885574 -0.0057484996847431942 -0.00076684957035841089 0.1482037569841613 -0.027330267908317704 0.0039902174845337871 -0.030359992211296982 -0.029912647271029109 0.010156586365774274 0.082817875666969881 0.09033702292844005 0.033809111671936183 0.045269389729946853 -0.073610495811416987 -0.0039781849732469414 -0.034614611004252692 0.13178970734278361 0.065098156514935765 0.024249585351701512 -0.029325782827942112 -7.3953966299692797e-05 0.039772102507677931 0.19177891552448273 0.030355704000393148
leaf_weight=15.999999999999998 49 2554 23 49 10.999999999999998 55 9.9999999999999982 287 39 23 13.999999999999998 15.999999999999998 173 164 80 47 46 225 32 21 219 37 14.999999999999998 52 59 164 14.999999999999998 11.000000000000002 9.9999999999999982 247
leaf_count=16 49 2554 23 49 11 55 10 287 39 23 14 16 173 164 80 47 46 225 32 21 219 37 15 52 59 164 15 11 10 247
internal_value=0.00145529 -0.00169836 -0.00554995 0.018383 0.00503228 -0.0493589 0.00821823 -0.0016475 0.0415151 0.0112772 0.0583001 0.0890392 -0.00441771 -0.0028402 -0.00118414 0.037047 0.0334025 0.0434043 -6.01464e-05 0.00839934 0.00106076 0.021555 0.0356929 0.0247728 -0.00143869 -0.00793909 0.00581549 0.0653937 0.112156 0.0252251
internal_weight=4763 4015 3096 748 396 78 385 297 88 919 53 39 3018 2845 2681 127 352 271 81 866 603 184 147 132 80 419 255 36 21 263
internal_count=4763 4015 3096 748 396 78 385 297 88 919 53 39 3018 2845 2681 127 352 271 81 866 603 184 147 132 80 419 255 36 21 263
is_linear=0
shrinkage=0.05


Tree=73
num_leaves=31
num_cat=0
split_feature=7 8 35 5 38 6 5 38 28 11 29 36 5 30 29 26 34 28 0 30 36 31 31 35 35 32 29 34 29 28
split_gain=91.7907 72.4367 55.4382 54.3395 77.0829 60.0022 59.4155 62.5643 49.8945 47.8283 48.3293 93.5393 54.9821 58.7941 47.0793 44.5868 43.9054 82.4758 63.4715 74.5462 56.6111 55.417 74.6186 55.5998 66.4614 77.6068 53.144 60.447 72.0845 51.172
threshold=1.5000000000000002 12.500000000000002 3.8422610326181763 0.53589743589743599 0.92582417582417598 0.13809523809523813 0.55050505050505061 0.85164835164835173 1.5000000000000002 0.080128205128205135 52.493531746031756 -2.2100000000000004 0.57738095238095244 47.716666666666676 44.901026785714301 1.0000000180025095e-35 117.50000000000001 5.5000000000000009 1850.0000000000002 46.622222222222227 2.1166666666666685 12.595000000000001 12.800000000000002 3.1935007440476197 2.2442433608058616 0.45804195804195807 46.793614718614727 40.500000000000007 47.330301587301598 22.500000000000004
decision_type=2 2 2 2 2 2 2 2 2 2 2 2 2 2 2 2 2 2 2 2 2 2 2 2 2 2 2 2 2 2
left_child=1 9 15 4 5 -2 -5 -8 -7 -1 -11 -12 13 -13 -4 16 17 20 19 21 -3 29 -23 24 25 26 -24 -28 -29 -19
right_child=3 2 14 6 -6 8 7 -9 -10 10 11 12 -14 -15 -16 -17 -18 18 -20 -21 -22 22 23 -25 -26 -27 27 28 -30 -31
leaf_value=-0.092920469695871533 0.10760423311820398 0.0067446080060632879 -0.10696060565482501 0.12675429806113245 -0.0073037057225878764 0.08612361790358343 -0.02327442268282175 0.037797640870468552 -0.00099040489213971005 0.0091256708691574463 -0.070696405795487499 0.055275611579418175 -0.008439569175243378 0.19306382146896794 -0.021770902142267335 -0.02884199163483488 0.0083529105921661805 -0.016547368144531428 -0.065539291651983717 0.086266120180095496 -0.10738251317631116 0.092614137452273149 -0.049464768368000199 0.077309282273054128 -0.034027421117551922 0.037623343821002797 0.092005963623523715 0.089687789163806222 -0.061371628790428602 -0.054337981513414825
leaf_weight=10.999999999999998 26 891 23 15.999999999999998 309 22 50 260 65 856 10.999999999999998 15.000000000000002 9.9999999999999982 15.999999999999998 55 173 683 646 58 19 10.999999999999998 21 67 20 152 116 18 10.999999999999998 28 104
leaf_count=11 26 891 23 16 309 22 50 260 65 856 11 15 10 16 55 173 683 646 58 19 11 21 67 20 152 116 18 11 28 104
internal_value=0.00138253 -0.00161344 -0.00527245 0.0174638 0.00561898 0.0409562 0.0327967 0.0279473 0.0210384 0.0107133 0.0119688 0.0587711 0.0935063 0.126392 -0.0468909 -0.00419682 -0.00269819 -0.00618935 -0.0144521 -0.011987 0.00535281 -0.013565 0.000677483 -0.00400861 -0.00815748 0.00822682 -0.0192732 0.0162152 -0.0187651 -0.0217877
internal_weight=4763 4015 3096 748 422 113 326 310 87 919 908 52 41 31 78 3018 2845 2162 1260 1202 902 1183 433 412 392 240 124 57 39 750
internal_count=4763 4015 3096 748 422 113 326 310 87 919 908 52 41 31 78 3018 2845 2162 1260 1202 902 1183 433 412 392 240 124 57 39 750
is_linear=0
shrinkage=0.05


Tree=74
num_leaves=31
num_cat=0
split_feature=7 29 6 5 8 3 35 37 34 16 4 5 38 5 34 29 30 8 38 35 2 14 7 27 35 37 29 27 35 31
split_gain=82.8411 67.3293 66.3341 75.3638 55.1253 55.2752 66.4902 57.9257 59.6826 59.2512 53.9024 49.3285 57.4737 65.721 48.1561 46.3159 45.6105 50.2776 45.148 42.7436 42.1772 47.4015 45.2268 40.5097 46.8086 40.3676 50.841 39.661 38.3529 67.5575
threshold=1.5000000000000002 50.633385416666677 0.40833333333333338 0.73030303030303034 9.5000000000000018 1.0000000180025095e-35 2.6363961038961041 8.300000000000006 26.500000000000004 1.0000000180025095e-35 0.10555555555555557 0.51666666666666672 0.92582417582417598 0.37980769230769235 31.500000000000004 52.120833333333344 38.225000000000009 14.500000000000002 0.96875000000000011 2.8282833436404871 5.5000000000000009 1.0000000180025095e-35 1.0000000180025095e-35 1.5000000000000002 2.7117708333333339 8.0014285714285744 44.625166666666672 1.0000000180025095e-35 2.322488839285715 7.5083333333333302
decision_type=2 2 2 2 2 2 2 2 2 2 2 2 2 2 2 2 2 2 2 2 2 2 2 2 2 2 2 2 2 2
left_child=1 4 10 20 28 7 -7 9 -9 25 -3 12 13 14 -2 18 17 -13 -14 -20 21 -4 -22 -15 -25 -6 -27 -8 -1 -30
right_child=11 2 3 -5 5 6 27 8 -10 -11 -12 16 15 23 -16 -17 -18 -19 19 -21 22 -23 -24 24 -26 26 -28 -29 29 -31
leaf_value=0.0063144000446689989 0.042654900794679471 0.12494290822909937 -0.15089198102553683 0.10967078345517318 0.0046562538985102783 -0.0036717719802049653 -0.11241185211886962 0.023615674611011689 -0.045656703089205726 0.10037011219298138 0.032986873703030536 0.061932567781523652 -0.051730070232481856 0.069310384724093108 0.15883704940478008 -0.11276546925306322 0.038936231151027123 -0.034161674677549554 0.017438936145882006 -0.031059695783330774 0.016921463305199589 -0.0071965024552562012 -0.083925240912607738 -0.043641110313566107 0.069634225778281697 0.15491349935531618 0.01987106399205716 -0.020689736558036229 0.10530969369309871 -0.0036570197492837909
leaf_weight=91 22 18 12 11.999999999999998 1083 1651 11.999999999999998 44 106 17 139 19 41 19 14.999999999999998 9.9999999999999982 285 48 178 61 54 11 13.999999999999998 38 11.999999999999998 9.9999999999999982 23 660 33 25
leaf_count=91 22 18 12 12 1083 1651 12 44 106 17 139 19 41 19 15 10 285 48 178 61 54 11 14 38 12 10 23 660 33 25
internal_value=0.0013134 -0.00153277 0.0230736 -0.0081069 -0.00323654 -0.004468 -0.00906856 0.00386178 -0.0253368 0.00772744 0.0435296 0.0165906 0.00448488 0.0359916 0.0897558 -0.00703137 0.0302096 -0.00691107 -0.00325516 0.00506062 -0.023638 -0.0821681 -0.00384109 0.00716153 -0.016455 0.00631621 0.060793 -0.0223276 0.0265665 0.0583413
internal_weight=4763 4015 260 103 3755 3606 2323 1283 150 1133 157 748 396 106 37 290 352 67 280 239 91 23 68 69 50 1116 33 672 149 58
internal_count=4763 4015 260 103 3755 3606 2323 1283 150 1133 157 748 396 106 37 290 352 67 280 239 91 23 68 69 50 1116 33 672 149 58
is_linear=0
shrinkage=0.05


Tree=75
num_leaves=31
num_cat=0
split_feature=2 14 7 2 0 34 35 22 36 32 38 3 36 36 31 6 32 32 23 32 38 29 28 32 31 3 36 6 29 36
split_gain=44.1077 46.9705 42.2614 50.0802 57.411 48.1163 47.2297 82.8583 59.3758 52.4998 99.7674 40.8754 39.4893 76.5776 38.441 48.2939 53.6424 56.7973 37.409 49.7046 53.0329 51.2008 47.0995 65.2603 53.6514 45.0543 59.8866 42.6419 53.4478 37.3431
threshold=9.5000000000000018 1.0000000180025095e-35 1.5000000000000002 3.5000000000000004 1850.0000000000002 154.50000000000003 2.7943461920024428 1.0000000180025095e-35 0.038749999999999139 0.17424242424242428 0.91987179487179505 1.5000000000000002 -0.29499999999999915 -0.64722222222222092 9.1000000000000068 0.40833333333333338 0.75961538461538469 0.27922077922077926 1.0000000180025095e-35 0.26969696969696971 0.86190476190476206 41.833571428571439 9.5000000000000018 0.34523809523809529 13.625000000000002 1.0000000180025095e-35 0.26666666666666539 0.24038461538461542 47.911850649350662 2.214583333333334
decision_type=2 2 2 2 2 2 2 2 2 2 2 2 2 2 2 2 2 2 2 2 2 2 2 2 2 2 2 2 2 2
left_child=2 -2 3 11 5 29 7 8 -6 -8 -11 14 13 -12 -1 -16 17 -17 19 -4 -21 -22 24 -24 27 26 -25 -23 -29 -5
right_child=1 -3 18 4 6 -7 9 -9 -10 10 12 -13 -14 -15 15 16 -18 -19 -20 20 21 22 23 25 -26 -27 -28 28 -30 -31
leaf_value=-0.023679714352333334 0.010843011618493811 -0.031558787924990631 0.026405534383519433 0.0033694965218962879 -0.025409389285883613 0.060315335984971075 0.064904490755870944 0.1133913531500314 0.064835816550822489 -0.19746559299528599 -0.015796116520376765 -0.03682962021382611 -0.016130585807331954 -0.17700361125171185 0.029229109501515485 -0.099443775644669163 -0.12338680123740978 0.016008466823910505 0.040430502429857712 -0.10664482937815289 0.097627310913342702 -0.006621366468342868 0.12581699029965834 -0.015839015627279879 0.02974157279187983 -0.013542826106598557 0.065883254215997819 -0.057951752870792045 -0.19326919794082642 -0.070952613827060251
leaf_weight=169 95 209 226 2904 138 37 9.9999999999999982 13.999999999999998 21 10.999999999999998 17.000000000000004 153 64 12.999999999999998 118 12.999999999999998 10.999999999999998 59 103 11.999999999999998 12.999999999999998 22 10.999999999999998 40 22 172 51 27 9.9999999999999982 17
leaf_count=169 95 209 226 2904 138 37 10 14 21 11 17 153 64 13 118 13 11 59 103 12 13 22 11 40 22 172 51 27 10 17
internal_value=0.000121871 -0.0183082 0.00137304 -0.000733691 0.00157979 0.00365466 -0.0197308 -0.00322234 -0.0134902 -0.0445653 -0.054991 -0.0150923 -0.0383185 -0.0856527 -0.00610368 0.00867418 -0.0205485 -0.00483708 0.0125723 0.00783734 -0.00320585 0.000167164 -0.0034018 0.00650039 -0.0368981 0.00150996 0.0299614 -0.0617468 -0.094524 0.00293695
internal_weight=4782 304 4478 3769 3246 2958 288 173 159 115 105 523 94 30 370 201 83 72 709 606 380 368 355 274 81 263 91 59 37 2921
internal_count=4782 304 4478 3769 3246 2958 288 173 159 115 105 523 94 30 370 201 83 72 709 606 380 368 355 274 81 263 91 59 37 2921
is_linear=0
shrinkage=0.05


Tree=76
num_leaves=31
num_cat=0
split_feature=8 26 7 24 31 31 11 36 31 27 28 8 34 29 36 28 34 0 29 38 27 36 32 35 30 11 20 31 35 32
split_gain=63.0568 40.3804 45.0561 60.1018 60.8756 53.7593 52.9836 71.3106 51.9967 51.9851 51.1495 48.0466 45.483 40.9619 40.8536 39.6367 83.3638 96.5435 61.9617 61.851 57.099 102.51 56.6436 60.7512 50.642 40.7484 40.6925 58.4713 61.7897 46.8218
threshold=8.5000000000000018 1.0000000180025095e-35 1.5000000000000002 1.0000000180025095e-35 8.0775000000000059 8.5071428571428616 0.18465909090909094 -0.29999999999999921 8.8266666666666698 6.5000000000000009 27.500000000000004 13.500000000000002 142.50000000000003 45.14083333333334 2.214583333333334 5.5000000000000009 52.500000000000007 1850.0000000000002 51.875493551587304 0.96875000000000011 10.500000000000002 -1.5253968253968246 0.57738095238095244 3.1095357142857147 42.469047619047622 0.51666666666666672 1.0000000180025095e-35 4.3100000000000032 2.1666751700680273 0.34523809523809529
decision_type=2 2 2 2 2 2 2 2 2 2 2 2 2 2 2 2 2 2 2 2 2 2 2 2 2 2 2 2 2 2
left_child=-1 2 12 5 -5 6 7 -4 -7 -6 -8 -11 14 -12 15 -2 26 20 19 -19 -18 -22 23 -21 25 -23 27 28 -17 -28
right_child=1 -3 3 4 9 8 10 -9 -10 11 13 -13 -14 -15 -16 16 17 18 -20 22 21 24 -24 -25 -26 -27 29 -29 -30 -31
leaf_value=0.036530292526304985 0.0044710676904995833 -0.018565716573199175 0.027733342784146471 -0.087150891048127219 0.085705727232354034 -0.074772198759019373 0.018854102507265061 0.17819354970540321 0.0083997529551051442 -0.10265190670123465 0.03056431977078318 0.02867784331242243 0.020269230547869069 0.17367601275444033 -0.071095909313722103 0.12065052929023899 0.0074976194730827367 -0.16156535694996518 0.065260972827672958 0.014352286426464515 0.13336286612532355 -0.037673242278356056 -0.090114526303583076 -0.097861426929011952 0.024448750783898396 0.030835107589761421 -0.0012570476453555258 -0.02306733657853537 -0.020604317216202619 -0.098751572774989263
leaf_weight=116 1225 299 18 29 13.999999999999998 20 237 13.999999999999998 311 13 10.000000000000002 15 220 9.9999999999999982 22 15.000000000000002 1197 11.999999999999998 11.999999999999998 49 10.999999999999998 227 38 15.999999999999998 49 24 19 489 15.999999999999998 35
leaf_count=116 1225 299 18 29 14 20 237 14 311 13 10 15 220 10 22 15 1197 12 12 49 11 227 38 16 49 24 19 489 16 35
internal_value=0.000115778 -0.000789512 0.00042759 0.0121416 -0.0314338 0.0171316 0.0328884 0.0935597 0.00337426 0.00703745 0.025334 -0.0322967 -0.00177435 0.10212 -0.00317759 -0.00274247 -0.00674274 -0.000987571 -0.0428545 -0.0541361 0.00253836 -0.0165492 -0.0416201 -0.0132696 -0.022046 -0.0311226 -0.0231359 -0.0188458 0.0477448 -0.0644479
internal_weight=4782 4666 4367 691 71 620 289 32 331 42 257 28 3676 20 3456 3434 2209 1635 127 115 1508 311 103 65 300 251 574 520 31 54
internal_count=4782 4666 4367 691 71 620 289 32 331 42 257 28 3676 20 3456 3434 2209 1635 127 115 1508 311 103 65 300 251 574 520 31 54
is_linear=0
shrinkage=0.05


Tree=77
num_leaves=31
num_cat=0
split_feature=8 18 2 14 7 24 31 6 34 31 27 31 9 31 34 5 7 32 32 8 9 9 6 2 35 31 9 28 35 29
split_gain=56.9088 37.7385 40.4957 44.6238 40.6298 58.2191 54.9402 47.1701 51.6586 48.5779 46.9165 46.503 49.7425 49.4211 47.4062 45.9249 45.6637 44.2195 69.0909 43.3621 43.079 63.2901 41.7651 80.8739 68.043 75.6618 54.1062 52.4709 44.9514 66.0765
threshold=8.5000000000000018 1.0000000180025095e-35 9.5000000000000018 1.0000000180025095e-35 1.5000000000000002 1.0000000180025095e-35 8.0775000000000059 0.12916666666666668 154.50000000000003 19.050000000000004 6.5000000000000009 8.5071428571428616 0.087121212121212141 8.8266666666666698 19.500000000000004 0.40833333333333338 2.5000000000000004 0.27922077922077926 0.51666666666666672 13.500000000000002 0.12916666666666668 0.24038461538461542 0.24038461538461542 7.5000000000000009 0.6742788461538457 7.400000000000003 0.16025641025641027 7.5000000000000009 1.9320970695970696 46.156845238095251
decision_type=2 2 2 2 2 2 2 2 2 2 2 2 2 2 2 2 2 2 2 2 2 2 2 2 2 2 2 2 2 2
left_child=-1 2 4 -4 7 11 -7 9 22 15 -8 12 -6 -13 -14 -2 17 -16 -19 -12 -17 -22 23 -9 -25 -26 -24 -27 -29 -30
right_child=1 -3 3 -5 5 6 10 8 -10 -11 19 13 14 -15 16 20 -18 18 -20 -21 21 -23 26 24 25 27 -28 28 29 -31
leaf_value=0.034703778404068075 -0.024424892158462556 -0.023462104894728823 0.011336615285836162 -0.03051478447187872 0.019489689984826933 -0.082793346895226119 0.081420442036220009 0.001076466281911437 0.058761913463091245 0.055647024609472441 -0.097519311308860768 -0.073254235794669706 0.0042810814793814321 0.0099765065621536253 0.20918387120420281 -0.031304375734180212 0.034241760132664986 -0.004103812507607719 0.16615835978434637 0.027243949870268503 0.11211784730354944 -0.040712334886193274 1.207581917043569e-05 0.12324156087636949 -0.038635942978518356 0.14926031959744601 -0.036294406106712938 -0.02019471423256965 0.00024060609147829169 0.13592925107314888
leaf_weight=116 407 176 92 207 192 29 13.999999999999998 284 39 23 13 19 22 291 10.999999999999998 20 22 11.000000000000002 12.999999999999998 15 21.000000000000004 9.9999999999999982 2505 25 28 12.999999999999998 107 21 17 19
leaf_count=116 407 176 92 207 192 29 14 284 39 23 13 19 22 291 11 20 22 11 13 15 21 10 2505 25 28 13 107 21 17 19
internal_value=0.000109989 -0.000750037 0.000140236 -0.0176374 0.00140855 0.0128782 -0.0298622 -0.00070453 0.00158484 -0.0152594 0.00668558 0.0181012 0.0332305 0.00487527 0.0666258 -0.0188202 0.0906887 0.12617 0.0881215 -0.0306818 0.0259071 0.0628178 0.00084622 0.0157444 0.049612 0.0308289 -0.00147521 0.0586149 0.0379414 0.0718541
internal_weight=4782 4666 4490 299 4191 652 71 3539 3058 481 42 581 271 310 79 458 57 35 24 28 51 31 3019 407 123 98 2612 70 57 36
internal_count=4782 4666 4490 299 4191 652 71 3539 3058 481 42 581 271 310 79 458 57 35 24 28 51 31 3019 407 123 98 2612 70 57 36
is_linear=0
shrinkage=0.05


Tree=78
num_leaves=31
num_cat=0
split_feature=8 11 36 36 18 26 14 6 7 11 27 6 6 37 11 30 30 33 6 34 36 34 36 33 36 36 34 6 36 21
split_gain=51.3602 39.1125 45.1559 68.93 34.059 36.5474 40.273 37.1798 42.4803 51.6407 69.6206 39.3386 40.3426 52.6539 36.104 42.7506 35.8562 35.249 56.6104 33.7814 33.5269 52.8599 51.4453 39.3095 33.5043 63.4836 47.0351 48.0414 50.0192 47.6258
threshold=8.5000000000000018 0.62019230769230782 -0.69999999999999885 -1.8949999999999987 1.0000000180025095e-35 1.0000000180025095e-35 1.0000000180025095e-35 0.080128205128205135 1.0000000180025095e-35 0.17424242424242428 2.5000000000000004 0.77350427350427364 0.80625000000000013 6.3200000000000021 0.06458333333333334 42.416666666666679 36.525000000000006 14.500000000000002 -0.12916666666666662 142.50000000000003 -0.67321428571428577 39.500000000000007 -0.033333333333332611 14.500000000000002 0.52361111111111136 0.3000000000000031 82.500000000000014 0.40833333333333338 0.60499999999999987 1.0000000180025095e-35
decision_type=2 2 2 2 2 2 2 2 2 2 2 2 2 2 2 2 2 2 2 2 2 2 2 2 2 2 2 2 2 2
left_child=1 2 3 -1 5 7 -7 17 11 10 -10 14 -13 -14 15 -9 -6 -2 -19 -20 21 -12 -22 -24 25 -16 27 28 -26 -28
right_child=4 -3 -4 -5 16 6 -8 8 9 -11 20 12 13 -15 24 -17 -18 18 19 -21 22 -23 23 -25 26 -27 29 -29 -30 -31
leaf_value=0.049914037386576321 -0.0024063585170855124 0.12266957935961811 0.044793896565868241 -0.099279236342408705 0.0295967211813799 0.01076978439083652 -0.028989044821636691 0.0098491533913395591 0.11806942628075678 0.0071496519704688137 -0.028478057831525794 0.12138063477782102 0.077535563707351665 -0.07507246665118146 -0.00026279524069718426 -0.12408113193053466 -0.032105217412970739 0.062061127381665374 -0.053794875429435209 0.023961783549748362 -0.056057276953166972 0.11231427058577537 -0.010972214098039427 0.093684843379785041 -0.085780042103108245 0.038067224896310467 0.0063540703706013715 -0.055998772898726547 0.0079914605030897024 -0.051134233431118295
leaf_weight=15.000000000000002 270 10.999999999999998 74 15.999999999999998 28 92 207 11.000000000000002 24 1170 10.000000000000002 12.999999999999998 13.000000000000002 9.9999999999999982 1781 12.999999999999998 148 13.999999999999998 110 15.999999999999998 24 20 19 17 17 115 297 99 87 41
leaf_count=15 270 11 74 16 28 92 207 11 24 1170 10 13 13 10 1781 13 148 14 110 16 24 20 19 17 17 115 297 99 87 41
internal_value=0.000104489 0.0329686 0.0235713 -0.0270889 -0.000712535 0.000133224 -0.0167556 0.00133813 0.00288892 0.0102796 0.0424032 -0.000911519 0.0509774 0.0111842 -0.00167056 -0.0626964 -0.022289 -0.0129632 -0.0333228 -0.043921 0.0222256 0.0653835 0.000646594 0.0384492 -0.00106957 0.00206207 -0.0120448 -0.0310684 -0.00733657 -0.000619363
internal_weight=4782 116 105 31 4666 4490 299 4191 3781 1284 114 2497 36 23 2461 24 176 410 140 126 90 30 60 36 2437 1896 541 203 104 338
internal_count=4782 116 105 31 4666 4490 299 4191 3781 1284 114 2497 36 23 2461 24 176 410 140 126 90 30 60 36 2437 1896 541 203 104 338
is_linear=0
shrinkage=0.05


Tree=79
num_leaves=31
num_cat=0
split_feature=30 28 34 7 35 9 34 27 4 38 11 30 28 0 34 35 2 6 0 31 5 28 32 6 34 28 30 4 30 23
split_gain=35.1373 41.8317 63.2835 51.7132 51.2318 63.2084 46.5785 91.6141 48.1776 43.3191 55.0574 42.6943 87.008 60.9457 67.4697 91.3298 63.515 58.7295 53.0474 49.5516 82.4117 48.7051 50.5318 47.0583 43.587 45.961 56.7442 42.5104 41.6146 40.4018
threshold=56.350000000000001 3.5000000000000004 14.500000000000002 1.0000000180025095e-35 1.8333333333333333 0.07417582417582419 56.500000000000007 6.5000000000000009 0.43303571428571436 0.68990384615384626 0.19375000000000003 42.605555555555561 10.500000000000002 1850.0000000000002 88.500000000000014 2.582737351190477 6.5000000000000009 0.63068181818181823 1650.0000000000002 20.300000000000011 0.62019230769230782 56.500000000000007 0.45804195804195807 0.069047619047619066 147.50000000000003 41.500000000000007 39.82500000000001 0.34523809523809529 43.408333333333339 1.0000000180025095e-35
decision_type=2 2 2 2 2 2 2 2 2 2 2 2 2 2 2 2 2 2 2 2 2 2 2 2 2 2 2 2 2 2
left_child=1 3 -3 -1 -5 9 7 8 27 -6 -11 12 -8 17 16 -16 -15 21 24 -20 -21 22 23 -13 25 -14 -27 -4 -19 -24
right_child=-2 2 6 4 5 -7 11 -9 -10 10 -12 13 18 14 15 -17 -18 28 19 20 -22 -23 29 -25 -26 26 -28 -29 -30 -31
leaf_value=0.0012221184789815262 -0.08535184219945223 -0.075840918257318701 -0.0034528404326326294 0.0088545248387286619 -0.029132224845467139 0.10669980010784724 0.029088028532524526 -0.036995903752196135 -0.088966652454109868 0.14497555941343307 0.029832719292419103 -0.10507054979150945 0.0018483956407133772 -0.13462627104630595 0.09585242047905923 -0.016744418850684738 -0.02048834201277179 0.13939421828836204 -0.025760073302799558 -0.01148870665794955 0.15741104602813721 -0.063606358907724689 0.021416255902142529 0.0019532075160813909 0.031519183443125452 -0.0027017974690801798 -0.065300964589621271 0.052623610882354635 0.038310715477980144 0.068893991442970356
leaf_weight=747 11.999999999999998 29 983 221 25 34 195 243 15.999999999999998 11.999999999999998 77 10.999999999999998 696 19 23 83 34 15.999999999999998 409 26 9.9999999999999982 19 324 155 99 87 62 35 28 52
leaf_count=747 12 29 983 221 25 34 195 243 16 12 77 11 696 19 23 83 34 16 409 26 10 19 324 155 99 87 62 35 28 52
internal_value=9.9265e-05 0.000314236 -0.00227345 0.00878682 0.0241007 0.046867 -0.00168491 -0.00937023 -0.00287793 0.0290221 0.0453576 0.00249489 -0.00218758 0.012203 -0.0153439 0.00768697 -0.0614057 0.0194427 -0.00657833 -0.02081 0.0354279 0.0150799 0.0178382 -0.00513873 0.000130473 -0.00354702 -0.0287498 -0.00152487 0.0750684 0.0279823
internal_weight=4782 4770 3654 1116 369 148 3625 1277 1034 114 89 2348 1584 764 159 106 53 605 1389 445 36 561 542 166 944 845 149 1018 44 376
internal_count=4782 4770 3654 1116 369 148 3625 1277 1034 114 89 2348 1584 764 159 106 53 605 1389 445 36 561 542 166 944 845 149 1018 44 376
is_linear=0
shrinkage=0.05


Tree=80
num_leaves=31
num_cat=0
split_feature=8 11 29 27 30 7 34 36 36 36 34 29 35 34 32 5 8 4 32 32 35 10 30 35 34 36 27 13 31 30
split_gain=50.4939 45.4851 65.3121 63.7294 60.1291 57.3149 56.4339 44.6415 55.4822 53.9449 56.628 74.6724 60.6907 53.7677 71.1572 58.8222 54.525 50.5497 55.8325 68.5576 61.9916 46.5135 41.2316 40.8448 42.4416 42.0674 50.972 41.1428 51.8863 44.7654
threshold=13.500000000000002 0.20714285714285716 51.875493551587304 10.500000000000002 40.361904761904768 1.0000000180025095e-35 128.50000000000003 2.214583333333334 2.0000000000000013 1.168333333333333 85.500000000000014 42.502187500000012 3.2129166666666675 23.500000000000004 0.16025641025641027 0.44949494949494956 12.500000000000002 0.095454545454545472 0.095454545454545472 0.36038961038961043 1.0000000180025095e-35 1.0000000180025095e-35 41.741666666666681 0.6742788461538457 88.500000000000014 -1.0200000000000007 7.5000000000000009 1.0000000180025095e-35 5.7583333333333373 46.07500000000001
decision_type=2 2 2 2 2 2 2 2 2 2 2 2 2 2 2 2 2 2 2 2 2 2 2 2 2 2 2 2 2 2
left_child=7 2 3 5 -5 6 -2 8 9 13 11 -11 -13 16 15 -15 17 18 20 -20 21 -1 -6 -3 -25 26 -26 28 -27 -30
right_child=1 23 -4 4 22 -7 -8 -9 -10 10 -12 12 -14 14 -16 -17 -18 -19 19 -21 -22 -23 -24 24 25 27 -28 -29 29 -31
leaf_value=0.09685772543942385 -0.0077582221371175226 0.011516101600296081 0.10608499944210054 -0.079241585144056728 0.070071926247328525 0.037308450422916604 0.05902184505636493 -0.088483045871059096 0.11542007898290951 0.027727486594535767 0.0091858676072306827 -0.043683699496528686 -0.15525507228939159 -0.039648277461528783 0.01350838217594837 0.093652959839285677 -0.055253003688994801 -0.0098966553478639519 -0.049589532447446676 0.089354182894413298 0.14647943187091086 -0.045485371925557648 -0.041757945190457738 -0.01344023077900724 0.11036719320451512 -0.0812440421964441 0.014476866296802957 0.0064048696148857071 -0.014169516366579244 0.077098808570631921
leaf_weight=11 261 292 17 39 15.999999999999998 162 36 11.999999999999998 11.999999999999998 21 77 34 19 9.9999999999999982 888 48 48 234 28 12.999999999999998 18 12 17 1516 17 28 75 473 333 13.999999999999998
leaf_count=11 261 292 17 39 16 162 36 12 12 21 77 34 19 10 888 48 48 234 28 13 18 12 17 1516 17 28 75 473 333 14
internal_value=-9.06731e-05 -0.00353972 0.00961341 0.00652487 -0.0372105 0.0133853 0.000336331 0.00756459 0.00834706 0.00746761 -0.0208311 -0.0520651 -0.083681 0.0107295 0.017013 0.07067 -0.00560061 0.00194152 0.0357236 -0.00553421 0.0769815 0.0225918 0.0124626 -0.00616269 -0.00826457 8.25657e-05 0.0321957 -0.00340141 -0.0157704 -0.0104872
internal_weight=4781 3296 548 531 72 459 297 1485 1473 1461 151 74 53 1310 946 58 364 316 82 41 41 23 33 2748 2456 940 92 848 375 347
internal_count=4781 3296 548 531 72 459 297 1485 1473 1461 151 74 53 1310 946 58 364 316 82 41 41 23 33 2748 2456 940 92 848 375 347
is_linear=0
shrinkage=0.05


Tree=81
num_leaves=31
num_cat=0
split_feature=8 20 30 33 7 11 0 27 30 7 34 28 34 9 30 36 0 36 37 11 34 32 4 7 37 4 30 34 14 4
split_gain=45.5707 44.0084 52.0602 48.9264 46.9672 41.0503 63.0584 49.6772 64.4958 55.3247 50.5895 46.2652 83.1828 56.957 42.1677 40.9762 70.0724 64.4925 115.523 56.4855 48.9013 72.4137 52.3864 88.5756 55.2795 51.803 47.4938 58.1276 58.6283 46.5306
threshold=13.500000000000002 1.0000000180025095e-35 43.053571428571438 10.500000000000002 1.0000000180025095e-35 0.20714285714285716 2250.0000000000005 10.500000000000002 40.983333333333341 1.0000000180025095e-35 125.50000000000001 15.500000000000002 53.500000000000007 0.13809523809523813 41.741666666666681 1.2211111111111104 2250.0000000000005 1.3499999999999983 4.1591666666666685 0.40833333333333338 23.500000000000004 0.16025641025641027 0.095454545454545472 1.0000000180025095e-35 3.3887500000000013 0.087121212121212141 36.425000000000004 89.500000000000014 1.0000000180025095e-35 0.24038461538461542
decision_type=2 2 2 2 2 2 2 2 2 2 2 2 2 2 2 2 2 2 2 2 2 2 2 2 2 2 2 2 2 2
left_child=1 15 3 -3 -4 6 7 9 -9 10 11 12 -2 -14 -10 16 20 18 -17 -18 22 -22 23 25 -24 -1 -19 -28 -29 -26
right_child=5 2 4 -5 -6 -7 -8 8 14 -11 -12 -13 13 -15 -16 17 19 26 -20 -21 21 -23 24 -25 29 -27 27 28 -30 -31
leaf_value=0.038485885054493948 -0.01884885153957996 0.056371099477552845 -0.15338077453466559 -0.032027571085764442 -0.016205726346621912 -0.0058545569736397369 0.13353901132941245 -0.072029282897710808 0.087222840690187042 0.035945898076117845 0.052246170151047412 -0.052465175332811975 0.029312392865430636 0.15941202241927388 -0.027137695625424386 -0.013309017103165389 0.017033447387317813 0.079962040418211158 -0.2089847293767062 0.16746750428126411 0.075481069598346953 0.01349502305864702 0.015799625136557666 -0.040248759754467761 -0.052578907165337696 0.15100339358815781 -0.050035098963912499 -0.012195245462159316 0.10632207179442049 0.0018683774198298574
leaf_weight=48 145 23 13.000000000000002 49 11.999999999999998 2748 9.9999999999999982 42 13.999999999999998 167 40 48 53 9.9999999999999982 19 24 12.000000000000002 17 10.999999999999998 12.999999999999998 50 817 87 32 110 12.999999999999998 47 30 15.999999999999998 61
leaf_count=48 145 23 13 49 12 2748 10 42 14 167 40 48 53 10 19 24 12 17 11 13 50 817 87 32 110 13 47 30 16 61
internal_value=-8.61395e-05 0.00718636 -0.0253736 -0.00378911 -0.0875368 -0.00336274 0.00913274 0.00682035 -0.0309297 0.0129354 -4.6919e-05 -0.00821771 0.00199324 0.0499631 0.0213789 0.0094618 0.012396 -0.0156914 -0.0748071 0.0952592 0.0106952 0.0170698 -0.00505053 0.0271226 -0.0166478 0.062465 0.00311819 -0.0109285 0.0290282 -0.0331562
internal_weight=4781 1485 97 72 25 3296 548 538 75 463 296 256 208 63 33 1388 1243 145 35 25 1218 867 351 93 258 61 110 93 46 171
internal_count=4781 1485 97 72 25 3296 548 538 75 463 296 256 208 63 33 1388 1243 145 35 25 1218 867 351 93 258 61 110 93 46 171
is_linear=0
shrinkage=0.05


Tree=82
num_leaves=31
num_cat=0
split_feature=0 24 0 32 6 35 6 0 11 34 37 28 22 27 35 7 31 6 27 5 32 37 11 11 37 25 6 32 9 37
split_gain=42.2781 110.139 88.5804 68.8922 64.0966 100.383 100.116 82.569 64.0088 56.0317 52.8414 51.1147 48.5428 47.0834 56.1872 41.3301 37.4836 49.9196 39.183 37.3676 36.515 38.7556 47.8174 62.1519 44.4595 36.1777 39.8453 46.4205 39.0271 39.2166
threshold=1750.0000000000002 1.0000000180025095e-35 1650.0000000000002 0.87083333333333346 0.22649572649572652 2.7258506944444449 0.13809523809523813 1850.0000000000002 0.5590277777777779 141.50000000000003 11 35.500000000000007 1.0000000180025095e-35 8.5000000000000018 2.2963772239665099 1.0000000180025095e-35 12.595000000000001 0.095454545454545472 11.500000000000002 0.53589743589743599 0.68990384615384626 7.8500000000000032 0.42261904761904767 0.24038461538461542 4.0333333333333377 1.0000000180025095e-35 -1.0000000180025095e-35 0.36931818181818188 0.087121212121212141 10.850000000000001
decision_type=2 2 2 2 2 2 2 2 2 2 2 2 2 2 2 2 2 2 2 2 2 2 2 2 2 2 2 2 2 2
left_child=2 25 9 10 6 13 8 -7 -3 12 16 -11 -1 19 -15 -8 17 -4 -18 -6 21 24 23 -23 -19 26 27 -2 29 -27
right_child=1 4 3 -5 5 7 15 -9 -10 11 -12 -13 -14 14 -16 -17 18 20 -20 -21 -22 22 -24 -25 -26 28 -28 -29 -30 -31
leaf_value=0.0014043943017789024 -0.0038573111345370607 -0.0030738996169888057 -0.075730988942086699 -0.14514412175525318 -0.093726452453061937 0.090161729728182163 0.12178718615323306 -0.047395721711218364 -0.13349370902234858 0.079241528989453081 -0.13274846440879629 0.013487354828450912 -0.019753231907770324 0.087997429800981797 -0.055437542498111725 -0.00080613993108272556 0.01060092526500764 0.02013983702467334 -0.091705981940031059 -0.036486341412882727 0.025084165980418523 0.05280304771402608 0.073491264781669563 -0.046203563815238435 -0.044255796172703157 0.040527915280744842 0.0053344236645876718 0.11523950210668975 0.0028388463080663124 -0.060538269579410553
leaf_weight=1908 14.999999999999998 65 43 10.999999999999998 75 24 22 20 10.999999999999998 38 9.9999999999999982 133 316 11.000000000000002 18 9.9999999999999982 146 31 9.9999999999999982 46 42 23 19 51 198 239 1086 18 132 9.9999999999999982
leaf_count=1908 15 65 43 11 75 24 22 20 11 38 10 133 316 11 18 10 146 31 10 46 42 23 19 51 198 239 1086 18 132 10
internal_value=-8.18325e-05 0.00596359 -0.00373871 -0.0211989 -0.0215853 -0.0387721 0.00928724 0.0276356 -0.0219505 0.000518814 -0.0188195 0.0280994 -0.00160182 -0.0582517 -0.00103117 0.0834768 -0.0167959 -0.0247833 0.00404279 -0.0719657 -0.0187647 -0.0244841 0.00273572 -0.0154312 -0.0355385 0.0115101 0.00697912 0.0611046 0.0248176 0.036469
internal_weight=4781 1802 2979 584 302 194 108 44 76 2395 573 171 2224 150 29 32 563 407 156 121 364 322 93 74 229 1500 1119 33 381 249
internal_count=4781 1802 2979 584 302 194 108 44 76 2395 573 171 2224 150 29 32 563 407 156 121 364 322 93 74 229 1500 1119 33 381 249
is_linear=0
shrinkage=0.05


Tree=83
num_leaves=31
num_cat=0
split_feature=8 20 30 33 31 6 34 24 0 31 34 33 0 31 28 34 35 38 11 38 0 10 6 34 30 5 33 9 30 5
split_gain=40.3688 40.0882 47.0593 44.113 43.0557 39.4469 45.4906 39.2037 86.6399 70.2509 55.4738 56.7338 45.7654 46.5118 56.9248 48.1274 45.5298 102.365 67.1361 57.8758 54.443 45.168 39.9178 38.9589 80.9689 74.2502 44.716 39.8581 38.6676 38.1437
threshold=13.500000000000002 1.0000000180025095e-35 43.053571428571438 10.500000000000002 6.208333333333333 0.69615384615384623 120.50000000000001 1.0000000180025095e-35 1350.0000000000002 1.0000000180025095e-35 88.500000000000014 11.500000000000002 1750.0000000000002 15.600000000000007 25.500000000000004 39.500000000000007 3.1341330891330892 0.83974358974358987 0.095454545454545472 0.91987179487179505 2250.0000000000005 1.5000000000000002 0.22649572649572652 13.500000000000002 42.581250000000004 0.44949494949494956 1.5000000000000002 0.10555555555555557 45.583333333333336 0.67708333333333337
decision_type=2 2 2 2 2 2 2 2 2 2 2 2 2 2 2 2 2 2 2 2 2 2 2 2 2 2 2 2 2 2
left_child=1 5 3 -3 -4 6 7 12 -9 -10 21 -12 -1 14 16 -15 18 -18 -14 -19 23 28 -13 24 25 27 -27 -20 -11 -2
right_child=29 2 4 -5 -6 -7 -8 8 9 10 11 22 13 15 -16 -17 17 19 20 -21 -22 -23 -24 -25 -26 26 -28 -29 -30 -31
leaf_value=-0.00044622489960427741 -0.0050539381263765386 0.053337085425205856 -0.0093851309946992156 -0.030600678331541772 -0.14157403249825751 0.053001853747635476 0.07703786241295546 0.076038999871040389 0.057141916162293895 -0.063961812201887375 0.066697895255955791 0.044155453094704589 -0.078446074525515247 -0.022225190699100495 -0.071673468831512668 0.098094534085077401 0.088804292927185696 -0.15072357017885557 0.027780836075544352 -0.024045343164354565 0.12994246868273387 -0.034483920122586088 -0.070142407581210139 0.033191217197342464 -0.12068321587374578 -0.085833324754939364 0.030625899916049096 0.16294114470481874 -0.17184631939117725 0.012127734212680739
leaf_weight=542 2933 23 11.000000000000002 49 13.999999999999998 49 23 24 23 23 22 10.999999999999998 14.999999999999998 10.999999999999998 18 34 18 10.999999999999998 12.000000000000002 50 12.999999999999998 73 25 322 12.999999999999998 17 15.999999999999998 9.9999999999999982 12.999999999999998 363
leaf_count=542 2933 23 11 49 14 49 23 24 23 23 22 11 15 11 18 34 18 11 12 50 13 73 25 322 13 17 16 10 13 363
internal_value=-7.77408e-05 0.00676711 -0.0243088 -0.00378723 -0.0834109 0.00893884 0.00732638 0.00610801 -0.0134755 -0.0247825 -0.0360655 0.00343972 0.00991097 0.0199353 0.0156757 0.068683 0.0188393 -0.0159715 0.0254184 -0.046889 0.0292843 -0.0570867 -0.0352181 0.025929 -0.00845959 0.018066 -0.0293682 0.0892173 -0.10292 -0.00316166
internal_weight=4781 1485 97 72 25 1388 1339 1316 214 190 167 58 1102 560 515 45 497 79 418 61 403 109 36 390 68 55 33 22 36 3296
internal_count=4781 1485 97 72 25 1388 1339 1316 214 190 167 58 1102 560 515 45 497 79 418 61 403 109 36 390 68 55 33 22 36 3296
is_linear=0
shrinkage=0.05


Tree=84
num_leaves=31
num_cat=0
split_feature=11 29 28 35 34 32 0 35 35 35 37 28 29 7 29 30 30 7 11 8 35 37 34 29 32 29 29 37 11 34
split_gain=36.6815 52.4759 54.6088 83.6815 75.8676 67.9804 52.9826 50.6015 72.8396 70.6239 48.3084 47.0081 46.0922 41.0215 76.9745 44.766 47.9221 45.5541 40.9391 37.456 44.2395 97.6004 64.6246 72.6588 64.5269 56.9761 76.0606 56.8844 55.2779 55.1966
threshold=0.20714285714285716 60.043507936507943 15.500000000000002 1.724096938775511 91.500000000000014 0.48333333333333339 1750.0000000000002 2.4706264172335604 2.6167685185185192 3.0314748677248677 5.3499999999999988 20.500000000000004 45.242291666666681 1.0000000180025095e-35 49.111666666666672 43.053571428571438 42.210000000000008 2.5000000000000004 0.17424242424242428 13.500000000000002 3.2129166666666675 8.6062500000000028 23.500000000000004 52.493531746031756 0.53589743589743599 46.565833333333337 47.197569444444454 6.5329166666666652 0.24038461538461542 83.500000000000014
decision_type=2 2 2 2 2 2 2 2 2 2 2 2 2 2 2 2 2 2 2 2 2 2 2 2 2 2 2 2 2 2
left_child=1 2 5 -4 -5 13 7 11 12 -10 -11 -6 -9 -1 15 16 17 -15 -16 20 22 25 28 24 29 27 -27 -22 -2 -24
right_child=19 -3 3 4 6 -7 -8 8 9 10 -12 -13 -14 14 18 -17 -18 -19 -20 -21 21 -23 23 -25 -26 26 -28 -29 -30 -31
leaf_value=0.0016204964090138674 -0.10506340498725573 0.12347113132476806 0.12629004039547662 -0.065233792904924995 -0.1516918955743313 0.082479517573588776 0.033541702529465832 0.16448668658733365 -0.065124635096337355 0.092524177975514335 -0.045972264111042022 -0.033499716222286223 0.019140194034359109 0.054635035904583996 -0.10500653567058699 0.087936871974832492 -0.07053699683059346 -0.046554999103626385 0.020848611618081728 -0.0052897448460686699 0.030361464239124742 0.058521576349933949 0.019562533125462106 0.083440899633263288 -0.0018144374117127883 -0.17308399081230164 -0.039567315633757975 -0.067274735079934964 -0.0064961295275186952 0.074627587494422817
leaf_weight=295 14.999999999999998 9.9999999999999982 10.999999999999998 58 9.9999999999999982 38 74 10.000000000000002 37 17.000000000000004 9.9999999999999982 53 11.999999999999998 77 14.000000000000002 45 10.999999999999998 12.999999999999998 11.999999999999998 2748 35 30 322 38 384 15.999999999999998 32 26 275 53
leaf_count=295 15 10 11 58 10 38 74 10 37 17 10 53 12 77 14 45 11 13 12 2748 35 30 322 38 384 16 32 26 275 53
internal_value=-7.38538e-05 0.00964491 0.00821673 -0.00899507 -0.0142909 0.0181689 -0.00104122 -0.0182166 0.0067224 -0.0202566 0.0412292 -0.0522604 0.0852068 0.0129359 0.0323432 0.0464585 0.027978 0.0400187 -0.0469195 -0.00204744 0.00521997 -0.0213406 0.00861639 0.0159704 0.0125924 -0.043321 -0.0840729 -0.011254 -0.0115944 0.0273451
internal_weight=4781 807 797 292 281 505 223 149 86 64 27 63 22 467 172 146 101 90 26 3974 1226 139 1087 797 759 109 48 61 290 375
internal_count=4781 807 797 292 281 505 223 149 86 64 27 63 22 467 172 146 101 90 26 3974 1226 139 1087 797 759 109 48 61 290 375
is_linear=0
shrinkage=0.05


Tree=85
num_leaves=31
num_cat=0
split_feature=9 34 15 27 11 34 5 7 8 34 11 32 31 30 29 31 28 34 29 35 30 37 37 37 31 28 10 4 28 11
split_gain=41.1768 82.8757 61.7217 53.2555 83.8329 59.1608 71.5322 58.1683 55.0857 50.2271 58.9271 58.6962 55.9445 49.3937 63.6243 56.355 51.6453 49.1761 55.6313 53.4391 57.3486 51.0774 88.6282 60.5267 58.5003 54.078 65.7977 53.9402 67.1508 54.258
threshold=1.0000000180025095e-35 122.50000000000001 1.0000000180025095e-35 6.5000000000000009 0.06458333333333334 54.500000000000007 0.17424242424242428 1.0000000180025095e-35 8.5000000000000018 38.500000000000007 0.17424242424242428 0.37980769230769235 5.8025000000000064 48.812500000000007 46.741666666666667 7.7666666666666702 3.5000000000000004 110.50000000000001 56.70000000000001 3.1935007440476197 37.162500000000009 5.7316666666666682 4.8811111111111138 3.8749999999999982 2.103750000000002 11.500000000000002 2.5000000000000004 0.17424242424242428 26.500000000000004 0.48333333333333339
decision_type=2 2 2 2 2 2 2 2 2 2 2 2 2 2 2 2 2 2 2 2 2 2 2 2 2 2 2 2 2 2
left_child=1 17 3 4 -2 6 -5 8 -6 11 12 13 -11 14 15 -9 -17 18 21 20 -19 22 23 -1 -24 26 -26 28 29 -25
right_child=2 -3 -4 5 7 -7 -8 9 -10 10 -12 -13 -14 -15 -16 16 -18 19 -20 -21 -22 -23 24 27 25 -27 -28 -29 -30 -31
leaf_value=0.015628388153580839 -0.11734145975538664 0.033409216517272099 -0.032708490965615587 0.095282679647207269 0.061655671553065387 -0.0048308210590041929 -0.042089338971813883 0.0019986122846603394 -0.0040625633477484662 0.17713663302935082 0.025108493456065164 -0.073224587220212689 0.041016686190333634 0.10509572013352926 -0.04074316728731682 0.14115467478831609 0.031984453242367664 -0.12603232548995452 0.088923271098419243 -0.14406652808189394 -0.0021524621016015453 -0.0070568735599198587 -0.027321916099252375 -0.010129684064991949 0.053920388580621065 0.0083202924989899136 0.16520529031753539 0.035060911491099335 -0.15804570198059084 -0.084893124699592593
leaf_weight=272 13.999999999999998 240 171 9.9999999999999982 33 1141 181 137 945 13.000000000000002 256 23 18 12.999999999999998 58 14.999999999999998 39 10.999999999999998 19 9.9999999999999982 62 671 29 127 116 57 14.999999999999998 36 9.9999999999999982 30
leaf_count=272 14 240 171 10 33 1141 181 137 945 13 256 23 18 13 58 15 39 11 19 10 62 671 29 127 116 57 15 36 10 30
internal_value=-5.55533e-05 0.00617377 -0.00351855 -0.00179497 0.00446233 -0.00914212 -0.0348971 0.00556249 -0.00184508 0.0182279 0.0329925 0.00335965 0.0980992 0.0100827 0.00512217 0.0190499 0.0623095 0.00171199 0.00395697 -0.0356684 -0.0208193 0.00277256 0.0123037 0.00020925 0.0387777 0.0489739 0.0666629 -0.0204509 -0.0324175 -0.0244157
internal_weight=4772 1705 3067 2896 1564 1332 191 1550 978 572 287 285 31 262 249 191 54 1465 1382 83 73 1363 692 475 217 188 131 203 167 157
internal_count=4772 1705 3067 2896 1564 1332 191 1550 978 572 287 285 31 262 249 191 54 1465 1382 83 73 1363 692 475 217 188 131 203 167 157
is_linear=0
shrinkage=0.05


Tree=86
num_leaves=31
num_cat=0
split_feature=3 34 25 29 30 29 29 6 35 29 5 37 37 28 5 37 37 35 36 28 29 28 21 33 23 29 36 30 24 29
split_gain=37.1621 74.7953 46.1078 45.3768 62.0078 49.0294 76.9646 43.3048 43.2038 41.8696 45.8295 44.0147 65.9272 65.8239 82.5988 52.6808 49.526 55.8678 50.2234 53.1482 48.6778 66.4631 52.1572 88.4566 48.3217 47.516 46.5855 41.9782 58.8127 51.0402
threshold=1.0000000180025095e-35 122.50000000000001 1.0000000180025095e-35 47.795833333333341 39.958333333333343 49.111666666666672 50.756250000000001 0.31009615384615391 -0.59333333333333227 41.716388888888893 0.74166666666666681 5.7316666666666682 4.9000000000000057 1.5000000000000002 0.40833333333333338 5.0666666666666655 4.0725000000000025 3.1210388321995461 0.37000000000000072 20.500000000000004 44.625166666666672 1.5000000000000002 1.0000000180025095e-35 14.500000000000002 1.0000000180025095e-35 48.832458333333342 -1.8499999999999985 45.583333333333336 1.0000000180025095e-35 49.652777777777793
decision_type=2 2 2 2 2 2 2 2 2 2 2 2 2 2 2 2 2 2 2 2 2 2 2 2 2 2 2 2 2 2
left_child=1 2 9 4 7 -5 -7 -4 -2 10 -1 12 16 -14 -15 -16 -11 18 19 -18 22 26 24 -24 -13 -17 -22 -23 29 -29
right_child=8 -3 3 5 -6 6 -8 -9 -10 11 -12 20 13 14 15 25 17 -19 -20 -21 21 27 23 -25 -26 -27 -28 28 -30 -31
leaf_value=0.011437406258717661 0.10041545771062375 0.031738755763896433 0.11821913698067268 0.09363003421182696 -0.01833342511765659 -0.057847574980635398 0.084468402997835701 0.022559772485068866 -0.0036820294654605575 0.010387276578373865 0.0996238254942 -0.090414288415220284 -0.096135087758302692 0.11268956805097646 0.078708400134928524 -0.011531534704586698 -0.017008572528253735 -0.10787858188152313 0.038646388091146948 -0.10802450053393842 0.0059678191025006148 -0.0065589211335073732 0.12081044207919725 -0.068661485186644972 0.0054448185598149025 0.073670525029301645 0.12384025623401007 -0.082422620700351126 -0.16021979242563247 0.0030175955765033989
leaf_weight=186 9.9999999999999982 240 14.999999999999998 38 100 19 19 56 3057 152 15.999999999999998 58 9.9999999999999982 29 30 90 81 20 30 20 19 317 11.000000000000002 13.999999999999998 17 20 14.999999999999998 29 9.9999999999999982 44
leaf_count=186 10 240 15 38 100 19 19 56 3057 152 16 58 10 29 30 90 81 20 30 20 19 317 11 14 17 20 15 29 10 44
internal_value=-5.27758e-05 0.00586508 0.00162639 0.021324 0.00703679 0.0534702 0.0133104 0.0427695 -0.00334262 -0.00236812 0.0184225 -0.00650168 0.00445223 0.028511 0.0358865 0.0199773 -0.00976072 -0.0300421 -0.0181587 -0.0350315 -0.0163889 -0.00914255 -0.0478381 0.0147062 -0.0686862 0.00395975 0.0579704 -0.0148471 -0.0465022 -0.0309244
internal_weight=4772 1705 1465 247 171 76 38 71 3067 1218 202 1016 482 179 169 140 303 151 131 101 534 434 100 25 75 110 34 400 83 73
internal_count=4772 1705 1465 247 171 76 38 71 3067 1218 202 1016 482 179 169 140 303 151 131 101 534 434 100 25 75 110 34 400 83 73
is_linear=0
shrinkage=0.05


Tree=87
num_leaves=31
num_cat=0
split_feature=7 36 36 36 24 38 2 37 34 32 5 5 5 0 28 24 3 4 2 36 8 2 38 36 36 37 3 4 35 2
split_gain=38.467 48.1567 43.363 52.4495 51.1779 49.4968 47.1205 54.4873 44.9348 44.1279 41.0654 48.955 40.8436 40.4905 61.0671 67.4933 53.4924 61.7581 62.0421 50.6191 49.9095 64.7158 46.8865 40.0415 54.1434 38.8219 50.6785 44.6877 62.4947 38.7131
threshold=1.5000000000000002 2.214583333333334 1.6200000000000012 1.1874999999999993 1.0000000180025095e-35 0.91287878787878796 3.5000000000000004 3.9525000000000023 30.500000000000004 0.27922077922077926 0.54195804195804198 0.75961538461538469 0.72077922077922085 1850.0000000000002 32.500000000000007 1.0000000180025095e-35 1.0000000180025095e-35 0.19375000000000003 5.5000000000000009 -0.81214285714285628 8.5000000000000018 8.5000000000000018 0.96875000000000011 -0.331666666666666 -0.60000000000000175 5.8116666666666683 1.0000000180025095e-35 0.16025641025641027 2.0940133477633487 9.5000000000000018
decision_type=2 2 2 2 2 2 2 2 2 2 2 2 2 2 2 2 2 2 2 2 2 2 2 2 2 2 2 2 2 2
left_child=1 2 3 6 9 8 7 -1 -5 -4 -9 12 -12 20 15 16 17 18 -15 -18 21 -8 -20 24 -21 26 27 28 -2 -22
right_child=25 -3 4 5 -6 -7 13 10 -10 -11 11 -13 -14 14 -16 -17 19 -19 22 23 29 -23 -24 -25 -26 -27 -28 -29 -30 -31
leaf_value=0.026503622927702964 -0.02054408279860892 -0.063122349465265876 0.065608572892167358 -0.034275383651256555 0.12569724197189014 -0.017332670121203837 0.087205075590234049 -0.011052592636294756 -0.16732274889945986 -0.0032353102382791199 -0.046491631957408242 0.055069025334986782 -0.15187945961952209 -0.019165174462097256 0.066157517693936838 -0.082360966113351641 0.0067385651730000971 -0.10301973059773446 0.0004115528920117547 -0.040920143201947201 0.0033706296388658938 -0.022165327004733542 0.10434553491572539 -0.034327713625971229 -0.19111919378240905 -0.0030304024158387755 0.0078074032508626285 0.096832616879574729 0.055703476085685766 -0.019928921509719411
leaf_weight=62 41 32 33 15.000000000000002 11.999999999999998 205 38 222 10.999999999999998 79 114 10.999999999999998 9.9999999999999982 38 20 42 40 9.9999999999999982 17 12.000000000000002 2677 21 30 40 11.999999999999998 326 302 31 78 191
leaf_count=62 41 32 33 15 12 205 38 222 11 79 114 11 10 38 20 42 40 10 17 12 2677 21 30 40 12 326 302 31 78 191
internal_value=-5.01369e-05 -0.00203144 -0.00153802 -0.00247824 0.0275634 -0.0255752 -0.000999063 -0.0167626 -0.0905647 0.017049 -0.0242766 -0.0460228 -0.0549907 0.00107275 -0.0177975 -0.0247648 -0.0126088 0.0145146 0.0283422 -0.037385 0.00275541 0.0482766 0.0667524 -0.0649622 -0.11602 0.0101212 0.0196067 0.0433625 0.0294333 0.00181895
internal_weight=4772 3994 3962 3838 124 231 3607 419 26 112 357 135 124 3188 261 241 199 95 85 104 2927 59 47 64 24 778 452 150 119 2868
internal_count=4772 3994 3962 3838 124 231 3607 419 26 112 357 135 124 3188 261 241 199 95 85 104 2927 59 47 64 24 778 452 150 119 2868
is_linear=0
shrinkage=0.05


Tree=88
num_leaves=31
num_cat=0
split_feature=7 15 0 0 5 36 24 5 36 36 4 0 36 9 37 9 31 34 5 35 37 37 31 0 31 36 5 4 24 8
split_gain=34.7165 47.5429 72.889 82.9348 44.2578 42.4972 41.464 43.054 39.1742 62.3046 56.1674 36.4613 46.9632 36.4332 35.0367 47.1478 51.1026 64.3198 50.3503 43.9399 38.5776 55.2446 49.4271 38.4799 58.0477 39.5018 36.367 43.979 49.4965 39.7849
threshold=1.5000000000000002 1.0000000180025095e-35 1750.0000000000002 1650.0000000000002 0.81534090909090928 1.4999999999999998 1.0000000180025095e-35 0.20714285714285716 1.3666666666666669 0.60499999999999987 0.13809523809523813 1350.0000000000002 0.23666666666666639 0.19375000000000003 5.8116666666666683 0.10555555555555557 8.2500000000000053 16.500000000000004 0.51666666666666672 2.9479635734635736 4.8811111111111138 3.8999999999999986 14.249999999999998 1350.0000000000002 11.700000000000008 0.70500000000000085 0.56696428571428581 0.24038461538461542 1.0000000180025095e-35 12.500000000000002
decision_type=2 2 2 2 2 2 2 2 2 2 2 2 2 2 2 2 2 2 2 2 2 2 2 2 2 2 2 2 2 2
left_child=1 2 3 6 5 -4 7 13 9 11 -11 -8 -13 -1 15 20 17 -17 -19 -18 21 -2 -23 24 -16 26 27 28 -25 -28
right_child=14 -3 4 -5 -6 -7 8 -9 -10 10 -12 12 -14 -15 23 16 19 18 -20 -21 -22 22 -24 25 -26 -27 29 -29 -30 -31
leaf_value=0.070272704621501203 0.040445984073448932 -0.022906810709867966 0.0090840301976285766 -0.023864775230271779 -0.07897672993796212 0.074950618088245394 0.056525588988689847 -0.0048583719611731482 0.082003908401185821 0.016697029557464452 -0.081710465111095337 -0.0029954603967371953 0.11128482095897199 -0.034413439170880751 -0.093923211287563813 -0.050343488069141622 -0.018618532548157068 0.02673986577987671 0.15133786238729954 -0.13120167464017871 0.052712063291970104 -0.026592610360134439 0.066988655048258169 -0.011475625337033276 0.024895704406149247 -0.093786611258983618 -0.041215987304846449 0.032329516305967615 -0.11814572916676601 0.047888083574607186
leaf_weight=34 112 253 1198 490 13.999999999999998 25 66 1724 22 29 29 89 9.9999999999999982 10.999999999999998 26 17 65 25 11.999999999999998 9.9999999999999982 111 83 17 116 17 9.9999999999999982 14.999999999999998 54 11.999999999999998 76
leaf_count=34 112 253 1198 490 14 25 66 1724 22 29 29 89 10 11 26 17 65 25 12 10 111 83 17 116 17 10 15 54 12 76
internal_value=-4.76301e-05 -0.00192986 -0.000511214 -0.00541662 0.00941856 0.0104304 -0.000928238 -0.00359814 0.0183495 0.0120697 -0.0325067 0.027739 0.008548 0.0446828 0.00961515 0.0186263 -0.00692643 0.0301613 0.06715 -0.0336296 0.0288316 0.0163282 -0.0106838 -0.00287888 -0.0469483 0.00381718 0.00739241 -0.00551169 -0.0214759 0.0332006
internal_weight=4772 3994 3741 2504 1237 1223 2014 1769 245 223 58 165 99 45 778 452 129 54 37 75 323 212 100 326 43 283 273 182 128 91
internal_count=4772 3994 3741 2504 1237 1223 2014 1769 245 223 58 165 99 45 778 452 129 54 37 75 323 212 100 326 43 283 273 182 128 91
is_linear=0
shrinkage=0.05


Tree=89
num_leaves=31
num_cat=0
split_feature=3 15 27 31 30 2 35 35 5 37 35 30 35 9 36 38 4 5 30 36 38 35 5 37 29 35 8 0 35 0
split_gain=31.5994 47.3003 47.2524 50.8473 51.735 47.5578 46.5672 74.5566 64.1585 61.2915 54.3249 53.0491 52.522 52.1172 61.9254 44.8832 60.9494 54.8396 90.4579 68.9602 55.2097 50.9708 49.9208 49.5957 49.1336 46.6994 48.9784 45.2598 43.7934 43.234
threshold=1.0000000180025095e-35 1.0000000180025095e-35 8.5000000000000018 6.650000000000003 43.906250000000007 8.5000000000000018 1.5290527065527064 1.1078925241425239 0.67708333333333337 6.6500000000000004 1.7380128205128209 50.95000000000001 0.95166666666666688 0.16025641025641027 -0.749999999999999 0.44097222222222227 0.20714285714285716 0.48333333333333339 46.716666666666676 1.8333333333333359 0.96875000000000011 2.0070259353741506 0.73030303030303034 7.75 43.289814814814825 2.7703203463203461 15.500000000000002 1750.0000000000002 0.6742788461538457 1250.0000000000002
decision_type=2 2 2 2 2 2 2 2 2 2 2 2 2 2 2 2 2 2 2 2 2 2 2 2 2 2 2 2 2 2
left_child=-1 2 6 -4 -5 -6 7 8 9 11 13 -2 28 -8 -15 16 -12 19 20 25 22 -22 24 -23 -19 26 -17 -20 -11 -9
right_child=1 -3 3 4 5 -7 10 29 -10 12 15 -13 -14 14 -16 17 -18 18 27 -21 21 23 -24 -25 -26 -27 -28 -29 -30 -31
leaf_value=0.0054117539048714998 0.014339637439467312 -0.028632150772871852 -0.060447226233780384 -0.012214828553719418 0.060358957494509979 -0.039443774809478784 0.051081488168110027 0.0095031381966437893 -0.063787618761553491 -0.019666443692118514 -0.092095240291494587 0.13127068370580672 0.039515708905199301 -0.11680157834833316 0.050971797379580408 0.012402309955670043 0.044133650014797854 -0.030232160127277231 0.050916948318481439 0.11876110610636799 0.073862316358358937 0.0092986077206660411 -0.10016709461521645 0.065687890346769404 0.01561304664870874 -0.032075066275027549 -0.024809820877271706 0.18444453423673454 -0.099401245223215001 -0.04740915140449601
leaf_weight=1705 323 171 50 729 47 15.999999999999998 115 43 34 51 26 9.9999999999999982 23 11.000000000000002 10.999999999999998 286 11.999999999999998 88 15 10.999999999999998 47 256 12.999999999999998 46 174 145 128 11 26 149
leaf_count=1705 323 171 50 729 47 16 115 43 34 51 26 10 23 11 11 286 12 88 15 11 47 256 13 46 174 145 128 11 26 149
internal_value=-4.52486e-05 -0.00307889 -0.00157005 -0.0115454 -0.00845813 0.0350122 0.00251915 -0.00843438 0.00234919 0.00754238 0.00769361 0.0178511 -0.0267856 0.037593 -0.0329149 0.00443748 -0.0490756 0.00610428 0.0160313 -0.00521598 0.0122239 0.0254258 -0.00453066 0.0178877 0.000214657 -0.0076556 0.00089711 0.107409 -0.0465899 -0.0346632
internal_weight=4772 3067 2896 842 792 63 2054 659 467 433 1395 333 100 137 22 1258 38 1220 650 570 624 349 275 302 262 559 414 26 77 192
internal_count=4772 3067 2896 842 792 63 2054 659 467 433 1395 333 100 137 22 1258 38 1220 650 570 624 349 275 302 262 559 414 26 77 192
is_linear=0
shrinkage=0.05


Tree=90
num_leaves=31
num_cat=0
split_feature=2 32 6 34 6 8 2 37 14 35 35 36 36 8 9 4 29 29 9 37 36 36 37 11 35 31 34 35 29 31
split_gain=46.0683 45.0458 64.6492 51.0251 36.4744 33.8053 31.9182 48.3337 43.7681 51.7191 84.4039 68.917 86.3413 69.1699 62.0458 58.6496 52.5953 54.6871 51.8511 60.2998 82.1788 71.4606 49.1238 57.9784 63.5498 59.2429 52.5107 63.7545 50.1037 68.0052
threshold=4.5000000000000009 0.087121212121212141 0.20714285714285716 52.500000000000007 0.48333333333333339 13.500000000000002 9.5000000000000018 10.250000000000002 1.0000000180025095e-35 1.5290527065527064 1.4794801587301591 -1.2000000000000017 -0.95000000000000007 15.500000000000002 0.22649572649572652 0.29285714285714287 44.598500000000008 43.588750000000012 1.0000000180025095e-35 3.363333333333332 -0.4100000000000012 -0.75000000000000122 4.9666666666666686 0.27922077922077926 2.5264985014985029 6.4944444444444374 42.500000000000007 2.3779564780457645 47.452250000000006 4.2083333333333366
decision_type=2 2 2 2 2 2 2 2 2 2 2 2 2 2 2 2 2 2 2 2 2 2 2 2 2 2 2 2 2 2
left_child=1 2 -1 4 -3 -4 8 -8 -2 10 14 -11 13 15 18 -13 17 -14 -10 20 -20 -21 28 24 26 -26 -24 -28 29 -18
right_child=6 3 5 -5 -6 -7 7 -9 9 11 -12 12 16 -15 -16 -17 22 -19 19 21 -22 -23 23 -25 25 -27 27 -29 -30 -31
leaf_value=-0.08501767903566361 -0.0010078591971636758 -0.020596799544704659 0.10920720205952723 -0.0051085969119895628 -0.0643578311719466 0.024467185965263261 -0.0084422138132876808 -0.10049511395394801 0.019119432480414218 0.044485984843977068 -0.090644510864978656 -0.11155545014668913 0.0083400356508791448 0.022801375320112265 0.10712950977696373 0.017017968992392222 0.082455403464181093 -0.081062025003708335 0.15020857710729948 -0.016987993534866391 0.0058493111772756831 -0.1229839101433754 -0.13489201322197916 0.050504105748408502 0.1329414940838303 0.014851862242953344 0.026173832424517193 -0.10349645856767893 0.026777836481519674 -0.035665025783980148
leaf_weight=9.9999999999999982 1979 186 18 631 64 34 289 14.999999999999998 233 193 25 34 50 27 13.999999999999998 11.999999999999998 13.999999999999998 26 10.999999999999998 246 95 17 9.9999999999999982 207 13.999999999999998 44 35 12.999999999999998 118 94
leaf_count=10 1979 186 18 631 64 34 289 15 233 193 25 34 50 27 14 12 14 26 11 246 95 17 10 207 14 44 35 13 118 94
internal_value=0.000112123 -0.00978366 0.0314103 -0.0126827 -0.0317996 0.0538003 0.00255819 -0.0129843 0.00390393 0.0102489 -0.000582318 0.018041 0.0107288 -0.0407265 0.0030728 -0.0780146 0.0167388 -0.0222449 0.00065288 -0.0110076 0.02083 -0.0238394 0.0221355 0.0346462 0.00634804 0.0433563 -0.0306602 -0.0089452 0.00425508 -0.0203531
internal_weight=4758 943 62 881 250 52 3815 304 3511 1532 641 891 698 73 616 46 625 76 602 369 106 263 549 323 116 58 58 48 226 108
internal_count=4758 943 62 881 250 52 3815 304 3511 1532 641 891 698 73 616 46 625 76 602 369 106 263 549 323 116 58 58 48 226 108
is_linear=0
shrinkage=0.05


Tree=91
num_leaves=31
num_cat=0
split_feature=34 27 28 5 11 8 32 5 28 37 6 35 32 0 32 28 6 2 34 29 8 11 6 37 0 6 33 32 6 6
split_gain=42.0468 83.0989 82.967 63.4572 61.1695 57.7118 54.2135 51.7714 50.34 48.8334 46.3499 43.4587 42.1914 49.0956 41.479 38.5947 47.1879 41.5462 58.2039 57.9998 84.4545 67.2724 63.718 58.2469 55.3771 53.0536 51.8976 50.5617 58.9825 58.3459
threshold=88.500000000000014 6.5000000000000009 14.500000000000002 0.24038461538461542 0.06458333333333334 12.500000000000002 0.62019230769230782 0.18465909090909094 6.5000000000000009 8.0014285714285744 0.27922077922077926 1.8168239795918371 0.81534090909090928 1350.0000000000002 0.26969696969696971 14.500000000000002 0.40833333333333338 4.5000000000000009 28.500000000000004 48.025892857142871 11.500000000000002 0.54195804195804198 0.54195804195804198 4.4680555555555577 1850.0000000000002 0.36931818181818188 13.500000000000002 0.087121212121212141 0.48333333333333339 0.20714285714285716
decision_type=2 2 2 2 2 2 2 2 2 2 2 2 2 2 2 2 2 2 2 2 2 2 2 2 2 2 2 2 2 2
left_child=1 4 5 11 -1 -2 7 8 14 -4 -8 -3 -5 -14 -6 17 -17 27 19 20 22 -21 23 25 26 -19 -20 29 -29 -9
right_child=2 3 9 12 6 -7 10 15 -10 -11 -12 -13 13 -15 -16 16 -18 18 24 21 -22 -23 -24 -25 -26 -27 -28 28 -30 -31
leaf_value=-0.078721552373220538 0.10610034938516288 0.12004329853860492 0.0013770719884883265 -0.02058740982035354 -0.081481423974037154 0.027240072389871913 0.12241512357312088 -0.080766794979572301 -0.14795855845917355 0.05326099690604718 -0.0093051306607032369 0.0091769934119656695 -0.008928742662537844 -0.11075864656635658 0.047430121495078012 -0.0047144580083206683 -0.09629573710262776 0.088296777556339912 0.030880788900661905 -0.038678173692956286 -0.0064080979865186807 0.0950727878510952 0.12979051135480404 -0.0087430247258561758 -0.017595824466920214 -0.0064462260427800098 0.0078828658839245978 -0.0072186404574062493 -0.053830544069245624 0.051110255148691636
leaf_weight=24 29 10.999999999999998 1293 502 13.000000000000002 116 17.000000000000004 9.9999999999999982 10.999999999999998 47 10.999999999999998 45 20 29 11.999999999999998 39 22 45 397 157 608 9.9999999999999982 15.999999999999998 67 133 22 642 267 91 52
leaf_count=24 29 11 1293 502 13 116 17 10 11 47 11 45 20 29 12 39 22 45 397 157 608 10 16 67 133 22 642 267 91 52
internal_value=0.000106517 -0.00305951 0.00708457 -0.0197562 0.000742027 0.0430121 0.00146388 0.000722594 -0.0588234 0.00319688 0.0706679 0.0309543 -0.0249101 -0.0691954 -0.0196039 0.00155411 -0.0377438 0.0025065 0.00538138 -0.0039951 0.00188164 -0.0306691 0.0354827 0.0242221 0.0127818 0.0571871 0.0166703 -0.0118474 -0.0190669 0.0298398
internal_weight=4758 3273 1485 607 2666 145 2642 2614 36 1340 28 56 551 49 25 2578 61 2517 2097 925 758 167 150 134 1172 67 1039 420 358 62
internal_count=4758 3273 1485 607 2666 145 2642 2614 36 1340 28 56 551 49 25 2578 61 2517 2097 925 758 167 150 134 1172 67 1039 420 358 62
is_linear=0
shrinkage=0.05


Tree=92
num_leaves=31
num_cat=0
split_feature=34 27 28 30 5 11 8 6 31 32 5 27 28 6 35 32 0 0 31 32 28 37 0 35 36 37 37 11 36 37
split_gain=37.9472 74.9968 74.8777 63.2551 57.2701 55.2055 52.0849 48.9909 55.5668 48.9277 46.7237 45.5433 45.4319 41.8308 39.2214 38.0777 44.3088 37.7656 40.3118 37.4348 35.9725 61.2978 67.8587 58.5138 46.7679 41.5538 52.5285 45.7961 57.2917 110.354
threshold=88.500000000000014 6.5000000000000009 14.500000000000002 43.960000000000015 0.24038461538461542 0.06458333333333334 12.500000000000002 0.12916666666666668 5.7583333333333373 0.62019230769230782 0.18465909090909094 5.5000000000000009 6.5000000000000009 0.27922077922077926 1.8168239795918371 0.81534090909090928 1350.0000000000002 2250.0000000000005 5.9999999999999973 0.26969696969696971 12.500000000000002 6.3200000000000021 1250.0000000000002 3.3883531746031754 -0.84999999999999909 5.8999999999999995 4.9666666666666686 0.36931818181818188 -0.10000000000000105 3.3277777777777753
decision_type=2 2 2 2 2 2 2 2 2 2 2 2 2 2 2 2 2 2 2 2 2 2 2 2 2 2 2 2 2 2
left_child=1 5 6 -4 14 -1 -2 -5 -9 10 12 -10 19 -11 -3 -6 -17 18 -8 -7 25 22 -22 24 -23 26 27 -12 29 -29
right_child=2 4 3 7 15 9 17 8 11 13 20 -13 -14 -15 -16 16 -18 -19 -20 -21 21 23 -24 -25 -26 -27 -28 28 -30 -31
leaf_value=-0.074785475929578155 0.10079533144317826 0.11404113390228965 -0.0016063566409858622 -0.038715661317110066 -0.019558039321520077 -0.077407352339762897 -0.027393738393272672 -0.032003272652626036 0.15149324715137483 0.11629436774288904 0.012169384452246244 0.041242953793246405 -0.14056063037027011 -0.0088398709750353282 0.0087181430879152474 -0.0084823053528089078 -0.10522071350494336 -0.067006200551986694 0.049966900784741433 0.045058615372181525 0.013265915947655839 0.0044306827709078792 -0.0793614859500065 -0.07893220730125905 0.12783670432399957 -0.0040449029967739346 0.024822706935022792 0.11246330155567691 0.0025843967395845092 -0.05349987210107169
leaf_weight=24 29 10.999999999999998 1133 24 502 13.000000000000002 21 25 9.9999999999999982 17.000000000000004 528 148 10.999999999999998 10.999999999999998 45 20 29 9.9999999999999982 85 11.999999999999998 30 17 58 9.9999999999999982 14.000000000000002 1158 373 10.999999999999998 267 112
leaf_count=24 29 11 1133 24 502 13 21 25 10 17 528 148 11 11 45 20 29 10 85 12 30 17 58 10 14 1158 373 11 267 112
internal_value=0.000101191 -0.00290653 0.00673034 0.00303704 -0.0187684 0.000704926 0.0408615 0.0284523 0.0372612 0.00139068 0.000686464 0.0482208 -0.0558822 0.0671345 0.0294066 -0.0236646 -0.0657356 0.0258781 0.0346407 -0.0186237 0.00147641 -0.0242579 -0.047784 0.0262369 0.0601624 0.00283195 0.00900035 0.00257144 -0.0104227 -0.0386576
internal_weight=4758 3273 1485 1340 607 2666 145 207 183 2642 2614 158 36 28 56 551 49 116 106 25 2578 129 88 41 31 2449 1291 918 390 123
internal_count=4758 3273 1485 1340 607 2666 145 207 183 2642 2614 158 36 28 56 551 49 116 106 25 2578 129 88 41 31 2449 1291 918 390 123
is_linear=0
shrinkage=0.05


Tree=93
num_leaves=31
num_cat=0
split_feature=34 27 28 30 5 8 36 30 35 32 5 28 4 35 35 30 29 5 36 5 30 31 31 6 7 35 31 32 0 32
split_gain=34.2474 67.6846 67.5771 57.0877 51.6863 47.0066 44.2332 44.129 68.2467 50.3555 42.1842 41.0023 37.9604 35.9453 53.8184 42.5793 41.0359 46.1002 40.3584 75.2058 41.6913 38.8416 83.762 35.5943 38.9536 35.3973 34.9665 34.3652 39.9887 33.7849
threshold=88.500000000000014 6.5000000000000009 14.500000000000002 43.960000000000015 0.24038461538461542 12.500000000000002 -1.0200000000000007 44.815000000000005 3.0314748677248677 0.57738095238095244 0.18465909090909094 6.5000000000000009 0.18465909090909094 2.2442433608058616 1.7100240384615384 39.116666666666674 44.988444444444447 0.59166666666666679 1.1400000000000003 0.36931818181818188 39.312500000000007 16.825000000000006 14.249999999999998 0.30384615384615393 1.0000000180025095e-35 1.8168239795918371 10.900000000000004 0.81534090909090928 1350.0000000000002 0.26969696969696971
decision_type=2 2 2 2 2 2 2 2 2 2 2 2 2 2 2 2 2 2 2 2 2 2 2 2 2 2 2 2 2 2
left_child=1 10 5 13 25 -2 -5 9 -9 12 11 29 -8 14 -4 -15 -16 21 20 -20 -17 22 -18 -7 -25 -3 -19 -6 -29 -1
right_child=2 4 3 6 27 23 7 8 -10 -11 -12 -13 -14 15 16 18 17 26 19 -21 -22 -23 -24 24 -26 -27 -28 28 -30 -31
leaf_value=-0.073536984851727091 0.095755565860148134 0.10833907466043124 -0.057611802285132199 0.083171319263055932 -0.018580136969810781 -0.044658115739002829 0.14181625176635052 -0.030055357782091476 0.070733345909552145 0.015672732324085455 0.0014055270734280719 -0.13353259888562291 0.023919520052996551 0.0089426657447757418 -0.01730324363266118 -0.10644162722996303 0.0086490664118900901 0.016378142767482336 -0.077690746945639461 0.025071292727166773 -0.018761359045763953 -0.039837819609480601 0.12543467063652844 0.013264831291356437 0.079141594129888457 0.0082822371025880175 0.10213403663464955 -0.0080581902401172557 -0.099959678074409225 0.042805683442081022
leaf_weight=13.000000000000002 29 10.999999999999998 23 30 502 15.999999999999998 18.000000000000004 71 22 55 2630 10.999999999999998 10.999999999999998 303 50 13.999999999999998 80 18 21 117 429 24 19 66 34 45 35 20 29 11.999999999999998
leaf_count=13 29 11 23 30 502 16 18 71 22 55 2630 11 11 303 50 14 80 18 21 117 429 24 19 66 34 45 35 20 29 12
internal_value=9.61318e-05 -0.00276121 0.00639382 0.00288519 -0.01783 0.0388184 0.0270297 0.0175142 -0.00621287 0.0437834 0.000669679 -0.0530881 0.0970968 -0.00152604 0.0152544 -0.00625265 0.02267 0.034026 -0.0141772 0.00943359 -0.0215323 0.0172283 0.0310625 0.0245842 0.0356629 0.0279363 0.0730094 -0.0224813 -0.0624489 -0.0176925
internal_weight=4758 3273 1485 1340 607 145 207 177 93 84 2666 36 29 1133 249 884 226 176 581 138 443 123 99 116 100 56 53 551 49 25
internal_count=4758 3273 1485 1340 607 145 207 177 93 84 2666 36 29 1133 249 884 226 176 581 138 443 123 99 116 100 56 53 551 49 25
is_linear=0
shrinkage=0.05


Tree=94
num_leaves=31
num_cat=0
split_feature=2 0 6 28 34 30 18 3 6 2 5 31 36 2 37 14 30 2 0 34 0 6 37 38 38 38 5 23 8 36
split_gain=35.9407 58.1715 48.3918 51.486 43.1119 56.3282 38.8136 35.3171 33.899 37.5205 30.8833 30.0077 28.0909 27.9003 43.3442 34.9704 42.8906 39.0321 402.905 99.87 59.6192 52.7857 49.7403 56.1455 61.5153 79.3569 48.9614 48.8351 57.6991 47.5962
threshold=4.5000000000000009 1075.0000000000002 0.17424242424242428 1.5000000000000002 52.500000000000007 46.210000000000015 1.0000000180025095e-35 1.0000000180025095e-35 0.46410256410256417 3.5000000000000004 0.34523809523809529 7.1666666666666687 -0.44722222222222169 9.5000000000000018 10.250000000000002 1.0000000180025095e-35 56.350000000000001 5.5000000000000009 1350.0000000000002 38.500000000000007 2050.0000000000005 0.77350427350427364 8.4066666666666716 0.79285714285714304 0.90454545454545465 0.91987179487179505 0.36038961038961043 1.0000000180025095e-35 15.500000000000002 -1.8499999999999985
decision_type=2 2 2 2 2 2 2 2 2 2 2 2 2 2 2 2 2 2 2 2 2 2 2 2 2 2 2 2 2 2
left_child=1 -1 7 -4 8 6 10 -3 9 -5 -6 12 -11 15 -15 17 -17 18 -2 26 -21 22 23 -19 29 -26 -20 28 -24 -25
right_child=13 2 3 4 5 -7 -8 -9 -10 11 -12 -13 -14 14 -16 16 -18 21 19 20 -22 -23 27 24 25 -27 -28 -29 -30 -31
leaf_value=0.027407169357407841 -0.099613495602491595 -0.10851214989088476 0.043858247890096645 0.010556042390660597 -0.068124281521886584 0.10421075001358987 -0.045306513083805511 -0.030067896225787833 -0.057509547935144324 -0.14443065297197208 0.0028042577005219348 -0.0010744872846101461 -0.039235047797362012 -0.0079782260625959941 -0.095150341875851155 0.009924895670640246 -0.084975509345531469 -0.025887938050565568 -0.017746041142023529 0.032320103214329314 -0.018902991021876731 0.085714656580239537 -0.12200774641500578 0.11172772468999029 -0.14340100795030594 -0.0018563526202887812 0.085714624990758159 0.00018817076246098927 -0.025315530132502317 0.020918237389426452
leaf_weight=100 68 15.999999999999998 46 65 15.999999999999998 11.999999999999998 54 139 74 11.000000000000002 376 19 14.999999999999998 289 14.999999999999998 1520 11.999999999999998 226 12.999999999999998 180 83 15.999999999999998 27 15.999999999999998 9.9999999999999982 1014 95 48 36 147
leaf_count=100 68 16 46 65 16 12 54 139 74 11 376 19 15 289 15 1520 12 226 13 180 83 16 27 16 10 1014 95 48 36 147
internal_value=9.13253e-05 -0.0086493 -0.0129265 -0.00724037 -0.0109016 -0.00268911 -0.00556533 -0.0381654 -0.0313437 -0.0137412 -9.07847e-05 -0.0488373 -0.0837409 0.00225185 -0.0122795 0.00351005 0.00918155 -0.000880424 0.0122714 0.0327786 0.0161546 -0.00462955 -0.00557804 -0.00304629 0.00130267 -0.00323862 0.073261 -0.0378066 -0.0667551 0.0298321
internal_weight=4758 943 843 688 642 458 446 155 184 110 392 45 26 3815 304 3511 1532 1979 439 371 263 1540 1524 1413 1187 1024 108 111 63 163
internal_count=4758 943 843 688 642 458 446 155 184 110 392 45 26 3815 304 3511 1532 1979 439 371 263 1540 1524 1413 1187 1024 108 111 63 163
is_linear=0
shrinkage=0.05


Tree=95
num_leaves=31
num_cat=0
split_feature=34 12 37 29 30 7 34 35 5 31 38 29 6 11 11 35 15 29 0 0 0 21 35 38 11 35 37 29 30 30
split_gain=44.6001 46.9973 51.8821 41.6809 40.233 56.5093 50.6471 70.3341 60.0422 50.659 56.7814 61.2152 45.8045 44.0893 60.6113 53.5502 39.9385 70.1047 42.8977 46.1046 166.175 76.8055 66.3801 47.9886 49.3126 67.0315 85.7548 45.476 41.1291 55.4733
threshold=143.50000000000003 1.0000000180025095e-35 4.8000000000000034 47.071111111111122 35.516666666666673 1.5000000000000002 15.500000000000002 0.51366931216931222 0.55050505050505061 0.55833333333333013 0.44097222222222227 46.996809523809539 0.73030303030303034 0.43303571428571436 0.36931818181818188 2.9940249433106572 1.0000000180025095e-35 46.534259259259265 1750.0000000000002 1250.0000000000002 1350.0000000000002 1.0000000180025095e-35 2.4834027777777785 0.79285714285714304 0.24038461538461542 1.5644039987789986 4.1591666666666685 50.031250000000007 42.51250000000001 47.716666666666676
decision_type=2 2 2 2 2 2 2 2 2 2 2 2 2 2 2 2 2 2 2 2 2 2 2 2 2 2 2 2 2 2
left_child=4 -2 3 -3 5 12 7 8 -6 10 11 -9 13 14 -1 -15 18 -18 19 -8 -21 28 23 -23 -25 27 -27 -26 -22 -30
right_child=1 2 -4 -5 6 -7 16 9 -10 -11 -12 -13 -14 15 -16 -17 17 -19 -20 20 21 22 -24 24 25 26 -28 -29 29 -31
leaf_value=0.0043551497936172604 0.034749557520959998 -0.00447643154260257 -0.058794557689415189 0.094054171070456508 -0.19648379087448115 0.046785745132057105 0.003474915782384601 0.0140105570830843 -0.027201502257958057 -0.041995794973289126 0.048375623772682792 -0.14189342021942139 0.084246568995363577 0.014596116562043468 -0.037107665851954526 0.12024567442444654 -0.081370529532432567 -0.010492595928400142 0.0062140934305657362 -0.10582278694543575 -0.024647818251092794 -0.093643746181176268 0.05507603968408975 -0.029311394323320951 -0.037624668524490285 -0.024453131496906283 0.052049214278014691 0.045500106843454499 0.0024353432857121033 -0.087837122877438875
leaf_weight=311 167 46 34 13.999999999999998 11.000000000000002 85 849 17.000000000000004 9.9999999999999982 99 44 9.9999999999999982 17 155 123 12.999999999999998 42 206 1135 45 573 12.999999999999998 66 85 76 50 137 21 312 18
leaf_count=311 167 46 34 14 11 85 849 17 10 99 44 10 17 155 123 13 42 206 1135 45 573 13 66 85 76 50 137 21 312 18
internal_value=-0.00126576 0.0188314 -0.00944864 0.018514 -0.00242546 0.00855793 -0.00445016 -0.0295453 -0.115873 -0.0188812 0.0133489 -0.0437317 0.00330855 0.00102292 -0.00739583 0.0227714 -0.003129 -0.0224961 -0.00170798 -0.00571313 -0.011301 -0.00815259 0.00877298 0.000772974 0.00409931 0.014099 0.031594 -0.0196286 -0.0165498 -0.00248861
internal_weight=4784 261 94 60 4523 704 3819 191 21 170 71 27 619 602 434 168 3628 248 3380 2245 1396 1351 448 382 369 284 187 97 903 330
internal_count=4784 261 94 60 4523 704 3819 191 21 170 71 27 619 602 434 168 3628 248 3380 2245 1396 1351 448 382 369 284 187 97 903 330
is_linear=0
shrinkage=0.05


Tree=96
num_leaves=31
num_cat=0
split_feature=34 9 35 31 30 29 34 35 5 31 7 30 29 35 35 0 15 29 23 31 29 34 35 0 6 28 29 28 37 37
split_gain=40.2516 56.6642 40.2239 48.4311 37.6015 36.5487 58.7891 59.2967 54.1881 49.4241 48.2669 58.3292 38.3881 36.8219 44.638 37.3275 35.9803 64.4728 43.3078 52.6874 53.6611 48.4968 38.8135 35.6061 35.2183 32.9689 65.5621 41.2768 36.0457 46.4181
threshold=143.50000000000003 0.06458333333333334 2.5939285714285725 8.6000000000000068 41.158333333333339 37.850000000000001 15.500000000000002 0.51366931216931222 0.55050505050505061 0.55833333333333013 1.5000000000000002 34.95000000000001 42.095833333333339 2.6456721230158724 1.7955388558201062 1750.0000000000002 1.0000000180025095e-35 46.534259259259265 1.0000000180025095e-35 19.650000000000002 47.731734693877563 112.50000000000001 1.3612329931972791 1950.0000000000002 0.73030303030303034 26.500000000000004 45.064226190476191 14.500000000000002 5.4785714285714304 7.0800000000000027
decision_type=2 2 2 2 2 2 2 2 2 2 2 2 2 2 2 2 2 2 2 2 2 2 2 2 2 2 2 2 2 2
left_child=5 -2 3 -3 -4 10 7 8 -7 13 11 24 -11 14 -9 -15 18 -18 -8 20 25 22 -22 -19 -1 27 -27 28 -20 -30
right_child=1 2 4 -5 -6 6 16 9 -10 12 -12 -13 -14 15 -16 -17 17 23 19 -21 21 -23 -24 -25 -26 26 -28 -29 29 -31
leaf_value=0.00028156076696273977 0.036700093538111336 0.09947771404736809 -0.0051216381264786275 -0.0093095238063190325 -0.091807271955026831 -0.18665960051796648 -0.0031561413775138165 0.025206376095302404 -0.02584142977022566 -0.10507575191557408 0.06448915577851809 0.12546499401330949 -0.027908479956438744 0.0070506614260375496 -0.088896294210474791 0.11588224249963577 -0.077302002374614986 -0.032167886908567374 -0.017988442134442211 0.077765646042923131 0.058644923766454062 0.12266134827087323 -0.0066676991303329883 0.0093990242100533174 0.081043733869280141 -0.010880845288435619 0.12237235531210899 -0.037030583708871932 0.064955079682214673 -0.011432629914299863
leaf_weight=377 158 13.999999999999998 29 38 22 11.000000000000002 3221 20 9.9999999999999982 20 39 9.9999999999999982 83 20 14.999999999999998 12.999999999999998 42 94 79 30 45 14.999999999999998 46 114 13.999999999999998 24 14.999999999999998 86 43 37
leaf_count=377 158 14 29 38 22 11 3221 20 10 20 39 10 83 20 15 13 42 94 79 30 45 15 46 114 14 24 15 86 43 37
internal_value=-0.00120247 0.0178899 -0.0109647 0.0199793 -0.0425154 -0.00230419 -0.00377966 -0.0307887 -0.11008 -0.0210512 0.0113875 0.00622297 -0.0428924 0.0120318 -0.0236948 0.0499237 -0.00244691 -0.0207959 -0.00118702 0.0139143 0.00900261 0.0393606 0.0256298 -0.00938602 0.0031733 -0.00232821 0.0403704 -0.00912513 0.00596839 0.0296258
internal_weight=4784 261 103 52 51 4523 4083 192 21 171 440 401 103 68 35 33 3891 250 3641 420 390 106 91 208 391 284 39 245 159 80
internal_count=4784 261 103 52 51 4523 4083 192 21 171 440 401 103 68 35 33 3891 250 3641 420 390 106 91 208 391 284 39 245 159 80
is_linear=0
shrinkage=0.05


Tree=97
num_leaves=31
num_cat=0
split_feature=34 28 37 3 34 35 33 7 38 3 31 7 2 6 0 15 23 31 34 28 29 37 28 31 29 37 30 8 35 37
split_gain=36.327 42.1668 47.2767 38.2441 48.8062 39.096 34.1536 50.3226 46.9782 35.5105 34.0148 33.26 35.3002 35.135 39.7187 31.8877 43.1255 48.2017 46.4587 45.3523 71.0755 51.3718 37.422 38.1181 35.1328 43.632 34.8967 35.7785 53.8923 49.6949
threshold=143.50000000000003 36.500000000000007 4.2116666666666669 1.0000000180025095e-35 148.50000000000003 2.582737351190477 1.5000000000000002 1.5000000000000002 0.34523809523809529 1.0000000180025095e-35 7.4550000000000027 1.0000000180025095e-35 9.5000000000000018 0.39230769230769241 1750.0000000000002 1.0000000180025095e-35 1.0000000180025095e-35 19.650000000000002 8.5000000000000018 26.500000000000004 45.064226190476191 4.8207142857142875 14.500000000000002 9.6449999999999978 47.197569444444454 9.3733333333333331 56.350000000000001 10.500000000000002 0.51366931216931222 4.5000000000000062
decision_type=2 2 2 2 2 2 2 2 2 2 2 2 2 2 2 2 2 2 2 2 2 2 2 2 2 2 2 2 2 2
left_child=6 2 -2 4 -3 -5 7 11 9 -8 -7 12 -1 14 -13 16 26 18 -18 21 -21 -20 -23 -24 -17 -26 27 28 -10 -30
right_child=1 3 -4 5 -6 10 8 -9 15 -11 -12 13 -14 -15 -16 24 17 -19 19 20 -22 22 23 -25 25 -27 -28 -29 29 -31
leaf_value=0.019181307923064193 0.11088541540361585 0.1424080076813698 0.024592265443733108 0.015553571119577298 0.013099720080693565 -0.12251837372779846 -0.10587492357743414 0.080062879607654541 -0.093709681047634649 -0.017314184211759964 -0.022126911684042877 -0.020608623948646709 -0.068684403427566085 0.022420524656772616 -0.13889568336307997 -0.049049766433157338 0.11489086508750918 0.073877364595731104 -0.024035196264407466 -0.010336803862204154 0.11012581223621964 0.02448914709107522 -0.082358641501438498 0.0080952808035142498 -0.013881741777019528 0.093272817702963959 -0.085397517330084868 -0.0047935147832134407 0.047768198508573209 0.0016692735891985268
leaf_weight=241 21 9.9999999999999982 65 74 27 9.9999999999999982 19 26 10.999999999999998 28 54 20 11.999999999999998 20 11.000000000000002 73 9.9999999999999982 30 140 24 25 187 18 33 190 9.9999999999999982 12.999999999999998 3135 95 152
leaf_count=241 21 10 65 74 27 10 19 26 11 28 54 20 12 20 11 73 10 30 140 24 25 187 18 33 190 10 13 3135 95 152
internal_value=-0.00114234 0.0169954 0.0456638 0.00290686 0.0480479 -0.00919618 -0.00218898 0.0132985 -0.00340789 -0.0531153 -0.0378131 0.00758838 0.0150138 -0.0292473 -0.0625815 -0.00284439 -0.0016802 0.0125686 0.00835973 0.00586486 0.0511237 -2.03241e-06 0.0141351 -0.0238296 -0.0193606 -0.00852401 -0.00363386 -0.00332059 0.0145771 0.0193996
internal_weight=4784 261 86 175 37 138 4523 330 4193 47 64 304 253 51 31 4146 3873 467 437 427 49 378 238 51 273 200 3406 3393 258 247
internal_count=4784 261 86 175 37 138 4523 330 4193 47 64 304 253 51 31 4146 3873 467 437 427 49 378 238 51 273 200 3406 3393 258 247
is_linear=0
shrinkage=0.05


Tree=98
num_leaves=31
num_cat=0
split_feature=34 28 37 3 34 35 7 34 24 15 24 32 31 16 33 29 30 31 37 30 5 4 29 33 28 6 5 31 2 28
split_gain=32.7852 38.0555 42.6672 34.5153 44.0476 35.2841 31.8922 71.8019 33.9455 32.8817 38.5328 35.0889 30.6983 30.5697 83.2033 32.1636 29.8593 29.6659 29.1234 28.9621 28.6942 66.278 34.5727 32.6415 29.2151 28.2857 27.8146 26.7 26.5628 28.2408
threshold=143.50000000000003 36.500000000000007 4.2116666666666669 1.0000000180025095e-35 148.50000000000003 2.582737351190477 1.5000000000000002 7.5000000000000009 1.0000000180025095e-35 1.0000000180025095e-35 1.0000000180025095e-35 0.65476190476190488 7.4550000000000027 1.0000000180025095e-35 10.500000000000002 72.43189814814815 56.350000000000001 9.0000000000000053 5.1511111111111116 40.080357142857146 0.55050505050505061 0.16025641025641027 52.752083333333339 13.500000000000002 7.5000000000000009 0.77350427350427364 0.75961538461538469 11.800000000000002 9.5000000000000018 2.5000000000000004
decision_type=2 2 2 2 2 2 2 2 2 2 2 2 2 2 2 2 2 2 2 2 2 2 2 2 2 2 2 2 2 2
left_child=6 2 27 4 -3 19 9 -8 25 13 20 -12 -7 15 -15 16 28 -10 -17 -5 22 23 -11 -22 -25 26 -9 -2 -1 -30
right_child=1 3 -4 5 -6 12 7 8 17 10 11 -13 -14 14 -16 18 -18 -19 -20 -21 21 -23 -24 24 -26 -27 -28 -29 29 -31
leaf_value=-0.0022914886770041896 0.04621052011847495 0.13528760708868504 0.023362652412973917 -0.038443952132212494 0.012444734573364258 -0.11639245569705964 0.079391873897772969 0.0074702749634656535 -0.068011858111953941 -0.0035141888266298341 -0.086078620168405617 0.0094134259109313681 -0.021020565689023999 -0.067553304250423732 0.083147027782134481 0.12024540096521373 -0.082414758671075117 -0.00086191378925976015 -0.0004265126585960388 0.03316092968198725 0.037097162674539365 -0.10486396055506625 0.091025885804132983 -0.083453104338225198 0.010680893750395626 -0.06864186829576889 0.087660618261857476 0.15909625616940587 -0.059628451095379301 -0.01202542269508209
leaf_weight=3252 10.000000000000002 9.9999999999999982 65 19 27 9.9999999999999982 33 638 29 80 37 12.999999999999998 54 12.999999999999998 31 10.000000000000002 11.999999999999998 38 9.9999999999999982 55 26 23 10.999999999999998 17 15.999999999999998 11.999999999999998 10.999999999999998 10.999999999999998 38 173
leaf_count=3252 10 10 65 19 27 10 33 638 29 80 37 13 54 13 31 10 12 38 10 55 26 23 11 17 16 12 11 11 38 173
internal_value=-0.00108523 0.0161456 0.0433807 0.00276151 0.0456455 -0.00873637 -0.00207953 0.0072555 0.00398558 -0.00396788 -0.0225899 -0.0612507 -0.0359224 -0.00279447 0.0386219 -0.00331588 -0.00367976 -0.0299268 0.0599094 0.0147759 -0.0114162 -0.0328677 0.00791373 -0.00480139 -0.0378124 0.007423 0.00882943 0.105341 -0.00340693 -0.0205985
internal_weight=4784 261 86 175 37 138 4523 761 728 3762 223 50 64 3539 44 3495 3475 67 20 74 173 82 91 59 33 661 649 21 3463 211
internal_count=4784 261 86 175 37 138 4523 761 728 3762 223 50 64 3539 44 3495 3475 67 20 74 173 82 91 59 33 661 649 21 3463 211
is_linear=0
shrinkage=0.05


Tree=99
num_leaves=31
num_cat=0
split_feature=12 8 6 37 7 34 34 0 28 36 31 0 0 24 6 36 36 2 2 11 34 37 37 37 35 30 33 33 37 0
split_gain=34.4716 37.1218 37.3408 34.4758 70.3856 52.5757 31.3845 51.9271 46.4581 43.799 35.9376 35.254 72.1481 64.9921 50.493 61.424 51.7319 47.6294 45.6929 50.5165 43.5113 55.6351 42.806 43.4826 63.4999 52.8614 86.1513 51.8304 53.047 49.9646
threshold=0.080128205128205135 10.500000000000002 -0.18465909090909088 2.6744047619047637 1.5000000000000002 5.5000000000000009 88.500000000000014 2250.0000000000005 11.500000000000002 1.168333333333333 10.129166666666661 1250.0000000000002 1350.0000000000002 1.0000000180025095e-35 0.18465909090909094 -0.89374999999999927 -0.4316666666666667 6.5000000000000009 4.5000000000000009 0.12916666666666668 43.500000000000007 5.2483333333333286 11.500000000000004 4.9666666666666686 2.3360702711640218 39.890000000000008 13.500000000000002 6.5000000000000009 6.6750000000000025 2050.0000000000005
decision_type=2 2 2 2 2 2 2 2 2 2 2 2 2 2 2 2 2 2 2 2 2 2 2 2 2 2 2 2 2 2
left_child=3 -2 -3 4 -1 -5 9 8 -8 11 -9 17 -13 18 20 -16 -17 -7 19 -14 21 -15 23 24 -20 26 -26 -25 29 -29
right_child=1 2 -4 5 -6 6 7 10 -10 -11 -12 12 13 14 15 16 -18 -19 22 -21 -22 -23 -24 27 25 -27 -28 28 -30 -31
leaf_value=0.006072816308991597 0.027148127699127569 0.043484326824545866 -0.020492571197786982 -0.076511687785387042 0.065194363780156306 -0.0033973768203042426 0.045847424097883054 0.15104770153760905 0.0020789477500802985 -0.032635985473577406 0.026943631150892808 -0.079936795658431953 0.093495987057685859 -0.12237986217845567 -0.023122191265325196 -0.15544296667911114 -0.050155673455446963 0.028250572139591867 -0.022859181348966168 -0.020543447395070441 0.055064209206746179 0.021932234264471953 -0.055871312847981851 0.11305883219465614 -0.13809226453304288 0.066946649719483969 0.057113703168355505 0.025476161709526685 -0.0020603462377573644 -0.053612902552066813
leaf_weight=431 52 24 459 23 57 291 64 10.000000000000002 1151 126 13.999999999999998 32 9.9999999999999982 11.000000000000002 84 20 28 201 252 336 26 17 30 11.999999999999998 10.000000000000002 41 12.999999999999998 407 531 21
leaf_count=431 52 24 459 23 57 291 64 10 1151 126 14 32 10 11 84 20 28 201 252 336 26 17 30 12 10 41 13 407 531 21
internal_value=-0.00103097 -0.0129921 -0.0173136 0.000475082 0.0129784 -0.00114726 -0.000683539 0.00582308 0.00438445 -0.00390951 0.0786537 -0.00238421 -0.00550104 -0.00421281 -0.0322427 -0.0489052 -0.0940254 0.00953197 -0.00107777 -0.0172475 0.00848776 -0.0347618 0.00317031 0.00454658 -0.0115638 0.032912 -0.0277585 0.00978948 0.00849727 0.0215956
internal_weight=4784 535 483 4249 488 3761 3738 1239 1215 2499 24 2373 1881 1849 186 132 48 492 1663 346 54 28 1317 1287 316 64 23 971 959 428
internal_count=4784 535 483 4249 488 3761 3738 1239 1215 2499 24 2373 1881 1849 186 132 48 492 1663 346 54 28 1317 1287 316 64 23 971 959 428
is_linear=0
shrinkage=0.05


Tree=100
num_leaves=31
num_cat=0
split_feature=19 0 0 11 21 0 2 7 35 0 36 34 8 32 32 35 35 27 3 34 37 32 36 36 37 34 35 36 32 32
split_gain=49.3973 34.6388 235.937 87.7669 73.2369 124.73 66.1828 59.7514 56.738 54.3096 48.9654 48.7251 57.364 55.3079 51.6825 43.4296 47.3173 42.3604 41.3855 42.3744 40.3595 37.4279 55.3672 39.2515 37.6468 37.2539 44.1182 42.217 38.8139 50.7242
threshold=1.0000000180025095e-35 1250.0000000000002 1350.0000000000002 0.72077922077922085 1.0000000180025095e-35 1500.0000000000002 7.5000000000000009 1.5000000000000002 3.2779563492063502 1750.0000000000002 0.59999999999999931 95.500000000000014 11.500000000000002 0.80625000000000013 0.43303571428571436 2.8650174362674359 2.678101851851852 9.5000000000000018 1.5000000000000002 26.500000000000004 10.850000000000001 0.55050505050505061 -0.67321428571428577 1.0275000000000003 4.4680555555555577 45.500000000000007 3.1580385487528351 1.4999999999999998 0.37980769230769235 0.48333333333333339
decision_type=2 2 2 2 2 2 2 2 2 2 2 2 2 2 2 2 2 2 2 2 2 2 2 2 2 2 2 2 2 2
left_child=1 6 8 4 9 15 25 17 -3 11 -8 13 -13 20 -14 16 -6 21 19 -9 -4 23 -23 -7 -24 28 -27 -28 -1 -30
right_child=-2 2 3 -5 5 7 10 18 -10 -11 -12 12 14 -15 -16 -17 -18 -19 -20 -21 -22 22 24 -25 -26 26 27 -29 29 -31
leaf_value=-0.005422484301379882 -0.023463450177301479 -0.10834808699285181 -0.017543446532469156 -0.1265416211315564 0.03870783390380287 -0.0086058998357532307 0.041198246141321421 0.12703239603766375 0.019584480598568918 0.00053810926744112528 0.0051488575113066678 0.12084638565778733 0.11037401050329208 -0.11347445771098137 -0.0054936934602324078 0.10506163576374883 -0.052829620043436692 -0.065015001477939746 -0.035841908492147925 0.030577717635963786 -0.10049581209818521 -0.049746172536503187 0.030537057610658492 -0.091712493300437931 0.1595775479078293 0.0032252449886108676 0.12924530870680295 -0.0016497975045984441 -0.092089956516728688 -0.0090238018892705441
leaf_weight=224 261 65 653 13.999999999999998 240 269 193 13.999999999999998 9.9999999999999982 1631 184 9.9999999999999982 9.9999999999999982 15.999999999999998 256 23 14.999999999999998 35 18 61 14.999999999999998 10.999999999999998 13.000000000000002 14.999999999999998 9.9999999999999982 408 14.000000000000002 10.999999999999998 34 40
leaf_count=224 261 65 653 14 240 269 193 14 10 1631 184 10 10 16 256 23 15 35 18 61 15 11 13 15 10 408 14 11 34 40
internal_value=-0.00231444 -0.00109106 -0.00359049 -0.00161468 -0.00108708 0.012972 0.00658772 -0.0034128 -0.0912904 -0.0050156 0.0236038 -0.0144511 0.00328195 -0.0216066 -0.00113776 0.0392585 0.0333233 -0.0128064 0.0322424 0.0485826 -0.0194061 -0.00706014 0.0425162 -0.0129953 0.0866416 -0.00218804 0.00717595 0.0716515 -0.0157941 -0.0471893
internal_weight=4773 4512 3404 3329 3315 724 1108 446 75 2591 377 960 276 684 266 278 255 353 93 75 668 318 34 284 23 731 433 25 298 74
internal_count=4773 4512 3404 3329 3315 724 1108 446 75 2591 377 960 276 684 266 278 255 353 93 75 668 318 34 284 23 731 433 25 298 74
is_linear=0
shrinkage=0.05


Tree=101
num_leaves=31
num_cat=0
split_feature=19 0 0 22 21 0 7 0 35 34 28 32 5 31 31 35 29 29 5 37 37 31 35 36 27 37 31 32 36 29
split_gain=44.581 31.2615 212.933 71.0369 67.6353 115.653 55.606 52.3501 51.2061 48.5591 51.1015 48.1277 49.1736 46.6856 40.8872 39.1952 47.4818 120.199 60.4249 45.5817 42.6547 39.2814 37.7601 37.7109 37.225 36.9995 35.1951 34.8313 49.9689 43.6191
threshold=1.0000000180025095e-35 1250.0000000000002 1350.0000000000002 1.0000000180025095e-35 1.0000000180025095e-35 1500.0000000000002 1.5000000000000002 1750.0000000000002 3.2779563492063502 89.500000000000014 14.500000000000002 0.80625000000000013 0.22649572649572652 13.100000000000007 4.5383333333333313 2.8650174362674359 44.988444444444447 43.530336080586089 0.51666666666666672 5.8116666666666683 5.746666666666667 12.606250000000005 2.1006946624803771 -1.0000000180025095e-35 9.5000000000000018 10.850000000000001 11.500000000000005 0.55050505050505061 -0.67321428571428577 51.251000000000005
decision_type=2 2 2 2 2 2 2 2 2 2 2 2 2 2 2 2 2 2 2 2 2 2 2 2 2 2 2 2 2 2
left_child=1 3 8 -1 7 15 24 9 -3 11 -11 12 -4 14 23 16 17 20 -19 21 -6 26 -21 -8 27 -14 -18 29 -29 -7
right_child=-2 2 4 -5 5 6 13 -9 -10 10 -12 -13 25 -15 -16 -17 19 18 -20 22 -22 -23 -24 -25 -26 -27 -28 28 -30 -31
leaf_value=0.015077487846581146 -0.02229027777402421 -0.10293068164243149 -0.10948480680584907 -0.011915952394953133 0.025873334619861382 -0.0072192972112033104 -0.043129669036716216 0.0001408507543752288 0.018605254963040354 0.079273742847144613 -0.0034252267836859655 -0.10780073562636971 -0.015991506555053308 -0.024757066865762078 0.085017097734380515 0.099808555063994039 0.064294084005577623 -0.13784168283455075 -0.014934333525598049 0.049651308840623611 0.11517604705360202 0.10973083515388844 -0.040992645546793938 0.080644459873437879 -0.061764251249177116 -0.09547102217252057 -0.035931240022182467 -0.047258866239677781 0.082309538903443724 -0.07765691786468476
leaf_weight=746 261 65 14.999999999999998 362 52 261 16.000000000000004 1640 9.9999999999999982 20 283 15.999999999999998 615 27 40 23 43 14.999999999999998 30 27 18 39 20 9.9999999999999982 35 14.999999999999998 10.999999999999998 10.999999999999998 23 24
leaf_count=746 261 65 15 362 52 261 16 1640 10 20 283 16 615 27 40 23 43 15 30 27 18 39 20 10 35 15 11 11 23 24
internal_value=-0.00219872 -0.00103651 -0.00341097 0.00625833 -0.00153394 0.0119728 -0.00377599 -0.00529447 -0.0867259 -0.0145413 0.00203345 -0.0221391 -0.0200141 0.0306302 0.0532887 0.0372955 0.0316571 0.00785154 -0.0559034 0.0512117 0.0488369 0.0714936 0.0110794 0.00447577 -0.0128149 -0.0178839 0.0438778 -0.0074443 0.0403903 -0.0131509
internal_weight=4773 4512 3404 1108 3329 725 447 2604 75 964 303 661 645 93 66 278 255 115 45 140 70 93 47 26 354 630 54 319 34 285
internal_count=4773 4512 3404 1108 3329 725 447 2604 75 964 303 661 645 93 66 278 255 115 45 140 70 93 47 26 354 630 54 319 34 285
is_linear=0
shrinkage=0.05


Tree=102
num_leaves=31
num_cat=0
split_feature=3 2 0 37 6 34 37 35 32 0 28 32 27 28 38 34 33 32 36 36 37 35 35 34 25 7 35 35 11 14
split_gain=35.754 37.0681 61.8423 59.4911 48.9439 49.5565 36.7548 45.9363 41.9636 34.9329 30.7263 81.2486 41.2215 31.6506 28.762 28.3583 42.902 40.2173 40.0111 61.9845 36.7024 36.5642 39.9072 35.5453 34.2894 44.0427 62.5344 71.4019 69.991 59.0816
threshold=2.5000000000000004 4.5000000000000009 2250.0000000000005 5.7316666666666682 0.62019230769230782 107.50000000000001 6.7550000000000017 1.6130809294871795 0.16025641025641027 1750.0000000000002 15.500000000000002 0.51666666666666672 6.5000000000000009 19.500000000000004 0.96875000000000011 23.500000000000004 14.500000000000002 0.85164835164835173 -0.17142857142857029 -0.12928571428571442 3.0564285714285719 3.0935153388278391 3.019524410774411 122.50000000000001 1.0000000180025095e-35 1.0000000180025095e-35 1.8065476190476202 2.1751537698412711 0.21825396825396828 1.0000000180025095e-35
decision_type=2 2 2 2 2 2 2 2 2 2 2 2 2 2 2 2 2 2 2 2 2 2 2 2 2 2 2 2 2 2
left_child=1 3 15 -1 5 -4 10 14 9 -9 11 12 -5 -12 -8 -3 17 18 24 -20 23 22 -22 -21 25 26 -17 -28 -29 -30
right_child=-2 2 4 6 -6 -7 7 8 -10 -11 13 -13 -14 -15 -16 16 -18 -19 19 20 21 -23 -24 -25 -26 -27 27 28 29 -31
leaf_value=0.0014564210273049496 -0.017127511806224717 -0.0078637056265417182 0.19073096420615906 -0.059308181771202319 -0.018661983078345656 0.048842587182298308 0.0023771086335182194 -0.0055482514295727009 -0.012357930739502384 0.12357383155348625 0.053249113404980078 -0.19044522534717212 0.049519561529159546 -0.039267700178606903 -0.099194572752584587 0.0092176762058825048 -0.0028418830542650741 -0.029312309167451329 0.11105878545265449 -0.02029088113638686 0.029131367139169018 -0.0047962984126179095 0.11017494010739029 0.079559171143919236 0.024351520286645834 0.015032165684796713 -0.071643704568890673 -0.09343964488882768 -0.037698412292143879 0.04808386555131601
leaf_weight=486 365 753 10.000000000000002 67 11.999999999999998 15.999999999999998 9.9999999999999982 10 192 11 12.999999999999998 10.999999999999998 9.9999999999999982 32 23 162 1447 63 19 82 300 79 15.999999999999998 9.9999999999999982 164 235 73 19 34 49
leaf_count=486 365 753 10 67 12 16 10 10 192 11 13 11 10 32 23 162 1447 63 19 82 300 79 16 10 164 235 73 19 34 49
internal_value=-0.00208878 -0.000843514 0.00142203 -0.0101231 0.0648644 0.103415 -0.0249717 -0.0135228 -0.00501828 0.0620871 -0.046148 -0.0633335 -0.0451747 -0.0125406 -0.0684153 0.000734208 0.00308676 0.00966052 0.0116374 0.0224608 0.0190042 0.0256286 0.0332348 -0.00943761 0.00419632 -0.00158244 -0.0131683 -0.0338913 -0.00687245 0.0129441
internal_weight=4773 4408 3543 865 38 26 379 246 213 21 133 88 77 45 33 3505 2752 1305 1242 506 487 395 316 92 736 572 337 175 102 83
internal_count=4773 4408 3543 865 38 26 379 246 213 21 133 88 77 45 33 3505 2752 1305 1242 506 487 395 316 92 736 572 337 175 102 83
is_linear=0
shrinkage=0.05


Tree=103
num_leaves=31
num_cat=0
split_feature=19 36 36 3 34 37 7 37 37 31 34 34 38 34 35 35 31 31 28 6 9 31 11 37 35 31 32 10 6 5
split_gain=38.5342 28.1421 41.5931 64.3773 58.8789 37.2854 62.2796 39.3471 39.2432 35.8649 35.1118 47.256 32.9969 50.0473 45.5203 37.3427 32.8313 31.1926 33.8837 31.0712 35.3469 48.3201 47.133 92.2531 42.6843 35.8893 34.3824 32.6399 37.3714 76.8132
threshold=1.0000000180025095e-35 0.15857142857142839 1.1874999999999993 1.0000000180025095e-35 31.500000000000004 3.2958333333333316 1.5000000000000002 3.8749999999999982 3.9902380952380967 3.524999999999999 27.500000000000004 23.500000000000004 0.86190476190476206 67.500000000000014 3.1341330891330892 2.2442433608058616 253.03500000000005 13.800000000000002 24.500000000000004 -0.12916666666666662 0.17424242424242428 3.1999999999999997 0.21825396825396828 4.9666666666666686 0.56802083333333331 6.333333333333333 0.30384615384615393 5.5000000000000009 0.25833333333333336 0.46410256410256417
decision_type=2 2 2 2 2 2 2 2 2 2 2 2 2 2 2 2 2 2 2 2 2 2 2 2 2 2 2 2 2 2
left_child=1 19 3 5 10 6 -3 17 -9 -6 11 -5 -10 14 -14 -15 -11 18 -7 26 27 -22 23 -23 -24 -25 -1 28 29 -21
right_child=-2 2 -4 4 9 7 -8 8 12 16 -12 -13 13 15 -16 -17 -18 -19 -20 20 21 22 24 25 -26 -27 -28 -29 -30 -31
leaf_value=-0.043299877135591081 -0.020663680270014483 -0.043674977533519267 -0.0086476371447439023 -0.040147264263096956 0.085821371046560152 0.079710804585080897 0.070567014994209296 -0.058831965235563423 0.099718138296157124 0.0064267010267823558 -0.10646279575924078 0.068252355357011171 0.016740661481504934 0.12045613980064025 -0.081592148873541104 0.031971079188062711 -0.080713456259532412 0.12632881419526207 -0.019153537429296055 0.0017450538797739654 -0.074408665113151071 -0.090867822989821434 0.070494735538959505 0.1390659972280264 -0.03664762327442242 0.03316323539242149 0.056515306707005955 -0.069837844392491716 -0.0057792723019583006 0.054095124267041689
leaf_weight=10.999999999999998 261 40 423 62 13.999999999999998 26 17 12.999999999999998 15.999999999999998 623 14.999999999999998 11.999999999999998 34 12.999999999999998 18 144 10.999999999999998 18 12.999999999999998 620 38 13.999999999999998 9.9999999999999982 9.9999999999999982 132 40 40 18 1988 79
leaf_count=11 261 40 423 62 14 26 17 13 16 623 15 12 34 13 18 144 11 18 13 620 38 14 10 10 132 40 40 18 1988 79
internal_value=-0.00198434 -0.000903821 0.0046584 0.00982686 0.00142529 0.0274176 -0.0096028 0.0345707 0.0256343 0.00666279 -0.0367084 -0.0225689 0.0305146 0.0252167 -0.0172976 0.0392979 0.00491481 0.0718843 0.046756 -0.00370718 -0.00437635 -0.0226026 -0.0130461 0.0225787 -0.0291024 0.0543438 0.0349865 -0.00273228 -0.00228275 0.00766159
internal_weight=4773 4512 1512 1089 737 352 57 295 238 648 89 74 225 209 52 157 634 57 39 3000 2949 244 206 64 142 50 51 2705 2687 699
internal_count=4773 4512 1512 1089 737 352 57 295 238 648 89 74 225 209 52 157 634 57 39 3000 2949 244 206 64 142 50 51 2705 2687 699
is_linear=0
shrinkage=0.05


Tree=104
num_leaves=31
num_cat=0
split_feature=19 0 0 22 35 2 2 5 4 30 36 31 36 9 5 36 36 9 28 32 32 4 37 36 36 37 32 30 30 30
split_gain=34.7771 29.0906 190.704 63.3514 46.6045 28.0544 49.9151 45.6132 43.0526 66.0119 103.493 50.2683 41.5069 38.9333 45.6413 44.9643 56.5943 54.0133 45.1032 41.1326 45.6027 35.543 46.5883 33.5249 33.2294 49.5409 40.4198 39.2095 58.5939 37.378
threshold=1.0000000180025095e-35 1250.0000000000002 1350.0000000000002 1.0000000180025095e-35 3.2779563492063502 4.5000000000000009 7.5000000000000009 0.32291666666666669 0.25833333333333336 43.207142857142863 -0.9211111111111121 15.600000000000007 -1.8499999999999985 0.17424242424242428 0.44949494949494956 1.2211111111111104 0.70500000000000085 0.087121212121212141 33.500000000000007 0.62019230769230782 0.53589743589743599 0.12916666666666668 5.364523809523809 1.3499999999999983 0.37000000000000072 6.8071428571428578 0.32291666666666669 46.210000000000015 48.125000000000007 45.583333333333336
decision_type=2 2 2 2 2 2 2 2 2 2 2 2 2 2 2 2 2 2 2 2 2 2 2 2 2 2 2 2 2 2
left_child=1 3 4 -1 -3 7 8 -4 13 11 12 -10 -11 15 -15 16 -7 18 19 20 21 22 -18 -17 27 26 -26 29 -29 -9
right_child=-2 2 5 -5 -6 6 -8 24 9 10 -12 -13 -14 14 -16 23 17 -19 -20 -21 -22 -23 -24 -25 25 -27 -28 28 -30 -31
leaf_value=0.014506788935041651 -0.019630496237675439 -0.097455024270054244 -0.069701491815574251 -0.010984656376280509 0.018491523787379265 0.0035920153282605069 -0.0072785387047448157 -0.018203608092565941 -0.008886364817011114 0.049516102205961948 0.11841457806436756 0.086700164526700985 -0.061745953013499583 0.02470145839102128 -0.077243193707639171 -0.098057253834079303 -0.035840611946251648 0.11623065009713174 -0.065023053375383222 0.11017998456954957 -0.071867282891815362 0.11508222619692486 0.098761327192187318 -0.013584078144968341 0.12884108513593673 -0.043478629103413338 0.021471768392013833 0.10075747384689747 -0.053527261018753047 -0.09699577819555999
leaf_weight=746 261 65 33 362 9.9999999999999982 1281 1220 254 98 19 41 15.999999999999998 14.999999999999998 17 31 17 18.000000000000004 20 11.999999999999998 15.999999999999998 10.999999999999998 11.999999999999998 9.9999999999999982 38 9.9999999999999982 27 71 16.000000000000004 9.9999999999999982 15.999999999999998
leaf_count=746 261 65 33 362 10 1281 1220 254 98 19 41 16 15 17 31 17 18 20 12 16 11 12 10 38 10 27 71 16 10 16
internal_value=-0.00188512 -0.00085863 -0.00314917 0.00617836 -0.0819955 -0.00137281 0.000411435 -0.0131807 0.00602254 0.0284971 0.0649282 0.00452929 0.000429901 0.00315828 -0.0411378 0.00463996 0.0064069 0.0428297 0.0242472 0.0402359 0.0182927 0.0430867 0.0122315 -0.039694 -0.00856391 0.0151758 0.0347272 -0.0172257 0.0414172 -0.0228728
internal_weight=4773 4512 3404 1108 75 3329 2892 437 1672 189 75 114 34 1483 48 1435 1380 99 79 67 51 40 28 55 404 108 81 296 26 270
internal_count=4773 4512 3404 1108 75 3329 2892 437 1672 189 75 114 34 1483 48 1435 1380 99 79 67 51 40 28 55 404 108 81 296 26 270
is_linear=0
shrinkage=0.05


Tree=105
num_leaves=31
num_cat=0
split_feature=3 29 34 0 36 32 36 11 15 29 21 0 29 5 35 34 33 4 11 38 29 0 27 5 34 30 36 29 34 35
split_gain=41.0197 47.1495 56.6529 36.3735 35.2351 31.0633 34.8494 29.8652 44.1477 34.2547 30.7243 220.588 86.4186 82.1 59.5158 57.1813 72.3471 49.745 37.7625 76.8499 84.1918 59.2581 57.4682 54.9496 54.6631 50.2786 42.4259 38.5134 36.9717 35.9047
threshold=1.5000000000000002 49.652777777777793 27.500000000000004 1075.0000000000002 -0.59499999999999764 0.88194444444444453 0.93999999999999961 0.14835164835164838 1.0000000180025095e-35 48.52272727272728 1.0000000180025095e-35 1350.0000000000002 43.435894001831507 0.37980769230769235 0.92689484126984178 41.500000000000007 15.500000000000002 0.26969696969696971 0.26969696969696971 0.79285714285714304 47.540833333333339 1500.0000000000002 8.5000000000000018 0.59166666666666679 37.500000000000007 46.405000000000008 0.54000000000000037 48.970833333333339 72.500000000000014 2.8030158730158736
decision_type=2 2 2 2 2 2 2 2 2 2 2 2 2 2 2 2 2 2 2 2 2 2 2 2 2 2 2 2 2 2
left_child=3 -2 -3 -1 -4 7 -7 8 -5 -10 -9 29 13 -13 -14 -15 -17 18 25 -20 22 -22 24 27 -21 -16 28 -23 -26 -12
right_child=1 2 4 5 -6 6 -8 10 9 -11 11 12 14 15 17 16 -18 -19 19 20 21 23 -24 -25 26 -27 -28 -29 -30 -31
leaf_value=0.030365877606479144 -0.01027247027218013 -0.060129083430065837 0.064835551272739073 0.029965614896371135 0.0027045549490512947 -0.0064325232058763506 -0.095018788295633649 -0.0006012064403398893 0.028450894132256502 -0.092712555845667219 -0.1380959234454415 -0.052397240139544013 -0.053652808931656186 0.1139607513007128 -0.021259968538876052 -0.050070257484912867 0.10522202213605243 0.098450435904992958 -0.099707602461179101 0.11017429612576962 0.076065484858363092 -0.079782472675045346 0.10755819884177886 0.062304933287668979 0.0056282037450950976 0.091148073361678572 -0.078438712954521192 -0.005948456847353986 0.079393262301500026 -0.050514237701892853
leaf_weight=120 1138 17 55 180 39 32 17 2567 10.000000000000002 13.999999999999998 22 12.999999999999998 32 53 104 15 15 18 11.999999999999998 20 19 33 38 15.999999999999998 49 10.999999999999998 9.9999999999999982 38 26 25
leaf_count=120 1138 17 55 180 39 32 17 2567 10 14 22 13 32 53 104 15 15 18 12 20 19 33 38 16 49 11 10 38 26 25
internal_value=0.000543069 -0.00723846 0.023867 0.00331284 0.0390578 0.00235493 -0.0371665 0.00293473 0.0214723 -0.0422278 0.00172885 0.0122407 0.0215822 0.0644378 0.0119246 0.0827373 0.0275759 0.0172507 0.0133635 0.0238816 0.0298377 -0.00393151 0.0548694 -0.0214021 0.035801 -0.0105079 0.0183014 -0.0402657 0.0312001 -0.0915099
internal_weight=4758 1249 111 3509 94 3389 49 3340 204 24 3136 569 522 96 426 83 30 394 376 261 249 106 143 87 105 115 85 71 75 47
internal_count=4758 1249 111 3509 94 3389 49 3340 204 24 3136 569 522 96 426 83 30 394 376 261 249 106 143 87 105 115 85 71 75 47
is_linear=0
shrinkage=0.05


Tree=106
num_leaves=31
num_cat=0
split_feature=12 0 38 32 31 36 32 32 30 30 36 5 4 36 33 2 9 33 11 36 32 9 34 14 32 11 28 31 30 31
split_gain=37.1844 32.3594 89.7119 43.8393 42.4878 28.1828 62.3475 52.8505 38.3257 37.3247 37.5469 42.3463 33.341 47.6758 66.4632 47.6255 66.1319 54.4824 51.2393 47.183 46.1055 42.864 40.0301 39.8123 39.7527 39.2692 37.6696 37.3566 36.5421 48.0149
threshold=0.10555555555555557 2250.0000000000005 0.91987179487179505 0.36038961038961043 11.700000000000008 -4.7749999999999995 0.18465909090909094 0.32291666666666669 56.350000000000001 50.525000000000006 -3.3000000000000003 0.62019230769230782 0.19375000000000003 0.019999999999998509 10.500000000000002 5.5000000000000009 0.12916666666666668 1.0000000180025095e-35 0.087121212121212141 -0.17142857142857029 0.42261904761904767 1.0000000180025095e-35 53.500000000000007 1.0000000180025095e-35 0.59166666666666679 0.20714285714285716 10.500000000000002 2.6583333333333319 47.112500000000004 9.7750000000000039
decision_type=2 2 2 2 2 2 2 2 2 2 2 2 2 2 2 2 2 2 2 2 2 2 2 2 2 2 2 2 2 2
left_child=1 5 -3 -4 -5 6 -1 -8 9 12 -11 -12 15 19 24 17 28 -7 -19 -14 21 -21 -16 26 27 -18 -24 -15 -17 -30
right_child=-2 2 3 4 -6 8 7 -9 -10 10 11 -13 13 14 22 16 25 18 -20 20 -22 -23 23 -25 -26 -27 -28 -29 29 -31
leaf_value=-0.040757635006537812 -0.014256152616994804 -0.092844104766845709 0.14598401955195836 0.093053892552852624 -0.03317181592186292 0.056714403870351177 0.16809858257571852 0.012460713982582092 -0.084714826081807804 -0.040384773015975955 0.10360346648555536 -0.013426125862381675 0.010308433614526781 0.057410848106850279 -0.050125642605125913 -0.0030902073702478378 0.040412245132029061 0.08316471047699453 0.00240175531865883 -0.07185682319104672 0.09412097411558909 0.038017841162678756 0.087442089218114111 -0.030066490640725804 0.076272440482588383 -0.065807200842467481 0.0017077414800385198 -0.027226960228290409 -0.021949722602859968 -0.13261235755952924
leaf_weight=12.999999999999998 391 9.9999999999999982 13.999999999999998 15.000000000000002 11.999999999999998 51 12.000000000000002 9.9999999999999982 12.999999999999998 9.9999999999999982 26 10.999999999999998 545 22 65 1790 9.9999999999999982 20 1088 9.9999999999999982 34 79 13.999999999999998 108 34 67 151 32 90 10.999999999999998
leaf_count=13 391 10 14 15 12 51 12 10 13 10 26 11 545 22 65 1790 10 20 1088 10 34 79 14 108 34 67 151 32 90 11
internal_value=0.000515915 0.00183853 0.041433 0.0741835 0.0369536 0.00137067 0.0460555 0.0973541 0.00100534 0.00126644 0.0455778 0.0688109 0.000773039 0.00828592 -0.00478463 -0.00185539 -0.00659077 0.00618537 0.00385957 0.0166213 0.0445931 0.0256724 -0.0148618 -0.00646565 0.0339209 -0.0520125 0.00898217 0.00725511 -0.00474124 -0.0340021
internal_weight=4758 4367 51 41 27 4316 35 22 4281 4268 47 37 4221 1094 426 3127 1968 1159 1108 668 123 89 338 273 88 77 165 54 1891 101
internal_count=4758 4367 51 41 27 4316 35 22 4281 4268 47 37 4221 1094 426 3127 1968 1159 1108 668 123 89 338 273 88 77 165 54 1891 101
is_linear=0
shrinkage=0.05


Tree=107
num_leaves=31
num_cat=0
split_feature=12 29 34 0 32 6 32 35 30 0 37 30 11 29 6 34 4 35 7 9 32 28 29 4 31 31 30 28 35 14
split_gain=34.9133 41.7793 51.1584 32.7322 30.6556 28.4049 28.1753 27.3605 36.0043 26.5165 60.0473 54.1056 31.7186 27.4568 55.5684 64.0755 58.4834 58.0367 57.16 55.5165 54.1718 53.7367 52.4839 51.1258 54.0832 50.7345 49.6903 47.7702 49.8377 53.2381
threshold=1.0000000180025095e-35 49.652777777777793 27.500000000000004 1075.0000000000002 0.63068181818181823 0.5590277777777779 0.88194444444444453 2.8282833436404871 39.683333333333344 2250.0000000000005 6.9886904761904782 44.058333333333344 0.72077922077922085 48.025892857142871 0.36931818181818188 28.500000000000004 0.24038461538461542 0.40584656084656118 1.0000000180025095e-35 1.0000000180025095e-35 0.14835164835164838 3.5000000000000004 48.386458333333344 0.21825396825396828 4.900000000000003 7.0666666666666673 48.250000000000007 5.5000000000000009 2.4483386243386254 1.0000000180025095e-35
decision_type=2 2 2 2 2 2 2 2 2 2 2 2 2 2 2 2 2 2 2 2 2 2 2 2 2 2 2 2 2 2
left_child=3 5 -3 -1 -4 -2 9 8 -8 12 11 -11 13 -5 15 18 19 -16 23 25 -19 -22 -18 24 -15 -17 -23 -21 -29 -30
right_child=1 2 4 6 -6 -7 7 -9 -10 10 -12 -13 -14 14 17 16 22 20 -20 27 21 26 -24 -25 -26 -27 -28 28 29 -31
leaf_value=0.028708643411155213 -0.0084883351544801679 -0.057227373561438394 0.054214259396320665 0.0050707637620707249 -0.010409809753298761 -0.068605977296829226 0.047221738000710806 -0.091753417352835348 -0.056403205543756489 0.069081926579881256 0.14207567247477446 -0.050242461460201365 -0.070396618414670237 0.13968366902321572 -0.077725935967302776 -0.034271653567751248 0.16224743927066976 0.030037582270575292 -0.088257788321762176 0.039576327258890327 -0.083300642926866814 -0.018443882791549328 0.042785359047619362 -0.054258306875177055 -0.0039722095586751643 0.071076218799377477 0.061014720946106882 -0.068695213053036816 -0.084045501177509641 0.038936012605148736
leaf_weight=120 1118 17 69 2480 25 20 14.999999999999998 14.999999999999998 19 19 10.999999999999998 19 14.999999999999998 10.000000000000002 36 14.999999999999998 10.999999999999998 66 27 33 30 312 56 23 19 48 21 44 11.999999999999998 33
leaf_count=120 1118 17 69 2480 25 20 15 15 19 19 11 19 15 10 36 15 11 66 27 33 30 312 56 23 19 48 21 44 12 33
internal_value=0.00049012 -0.00668888 0.0225917 0.00304542 0.037027 -0.00954488 0.00213672 -0.0355028 -0.0106863 0.00268892 0.0391996 0.00941973 0.00214531 0.00247746 -0.00560218 0.010056 0.0223732 -0.0167481 -0.0292346 0.0078776 -0.0116311 -0.0192072 0.0623985 0.00141199 0.0455643 0.0459934 -0.013433 -0.0118051 -0.0308567 0.00614094
internal_weight=4758 1249 111 3509 94 1138 3389 49 34 3340 49 38 3291 3276 796 331 252 465 79 185 429 363 67 52 29 63 333 122 89 45
internal_count=4758 1249 111 3509 94 1138 3389 49 34 3340 49 38 3291 3276 796 331 252 465 79 185 429 363 67 52 29 63 333 122 89 45
is_linear=0
shrinkage=0.05


Tree=108
num_leaves=31
num_cat=0
split_feature=3 16 33 36 36 32 32 30 30 29 35 21 6 27 11 34 29 35 35 36 5 29 31 35 31 30 36 6 33 29
split_gain=32.6928 26.3145 46.9705 37.0528 25.6093 56.0989 48.007 33.7023 34.3873 35.0046 33.6562 26.2439 42.709 42.274 42.0355 41.9742 63.3349 56.3146 73.9128 65.7555 47.7584 51.2935 39.1577 33.963 32.1941 31.8589 28.5562 27.7373 90.1249 41.885
threshold=2.5000000000000004 1.0000000180025095e-35 10.500000000000002 -0.81214285714285628 -4.7749999999999995 0.18465909090909094 0.32291666666666669 56.350000000000001 50.525000000000006 53.587500000000013 1.4115064102564105 1.0000000180025095e-35 0.06458333333333334 3.5000000000000004 0.13809523809523813 100.50000000000001 47.224047619047631 2.3437475198412705 2.4341432178932183 0.9800000000000012 0.56696428571428581 46.500694444444456 13.912500000000007 2.695718344155845 12.330952380952381 42.105555555555561 -2.9875000000000003 0.31009615384615391 1.0000000180025095e-35 40.11041666666668
decision_type=2 2 2 2 2 2 2 2 2 2 2 2 2 2 2 2 2 2 2 2 2 2 2 2 2 2 2 2 2 2
left_child=1 4 -3 -4 5 -1 -7 8 11 10 -10 -6 -13 14 -14 26 17 20 -19 22 24 -22 -20 27 -17 -18 -15 29 -29 -16
right_child=-2 2 3 -5 7 6 -8 -9 9 -11 -12 12 13 15 23 16 25 18 19 -21 21 -23 -24 -25 -26 -27 -28 28 -30 -31
leaf_value=-0.038505315780639648 -0.013849408104326119 -0.036964729030927027 0.15013848751783374 0.036886666543208636 -0.0011062603868904044 0.15992765799164768 0.011592940539121629 -0.079484838132674873 0.13081288774808245 -0.0051895512711434139 0.018469286834200224 0.085432516369554734 -0.053255542043916651 0.042527910172939304 -0.096995060044256121 0.059436006741108084 -0.059413169498244926 -0.11608126705343075 0.030634751288514384 -0.056163611809412643 -0.03027099625844705 0.095858659036457544 0.15287128001451494 0.080098468959331523 0.15148020010245475 0.0044396283071754241 -0.019697705066320882 0.12380518606337516 0.015831708523237016 0.017065179509421189
leaf_weight=12.999999999999998 368 14.999999999999998 9.9999999999999982 26 3526 12.000000000000002 9.9999999999999982 12.999999999999998 15.000000000000002 21 11.999999999999998 18 15.999999999999998 20 10.999999999999998 19 30 10.999999999999998 19.000000000000004 14.999999999999998 19 13.999999999999998 9.9999999999999982 30 19 56 236 23 121 30
leaf_count=13 368 15 10 26 3526 12 10 13 15 21 12 18 16 20 11 19 30 11 19 15 19 14 10 30 19 56 236 23 121 30
internal_value=0.000465614 0.0016656 0.0373719 0.0683455 0.00124591 0.0438426 0.0925028 0.000899515 0.00114305 0.0432259 0.0808824 0.000666974 0.00938723 0.00742898 0.0249309 -0.00120977 0.0152449 0.0378231 -0.00015591 0.0288254 0.0672434 0.0232386 0.0727853 0.0307494 0.105458 -0.0178346 -0.0148363 0.0227468 0.0330775 -0.0135363
internal_weight=4758 4390 51 36 4339 35 22 4304 4291 48 27 4243 717 699 231 468 212 126 55 44 71 33 29 215 38 86 256 185 144 41
internal_count=4758 4390 51 36 4339 35 22 4304 4291 48 27 4243 717 699 231 468 212 126 55 44 71 33 29 215 38 86 256 185 144 41
is_linear=0
shrinkage=0.05


Tree=109
num_leaves=31
num_cat=0
split_feature=12 29 29 4 8 36 35 36 32 32 38 32 23 35 35 36 14 4 36 36 5 11 6 6 35 30 29 5 9 37
split_gain=29.7042 37.9649 42.7452 26.7891 39.1373 34.1935 44.385 41.5579 31.5452 37.596 31.4729 27.0759 25.5116 37.209 54.0193 33.0827 24.9989 24.1998 29.6443 55.1794 49.1659 38.3562 54.1656 36.9779 55.1696 49.5033 45.9007 39.0522 80.1406 52.6327
threshold=1.0000000180025095e-35 47.300833333333337 47.197569444444454 0.27922077922077926 11.500000000000002 -1.3499999999999994 1.8333333333333333 -1.7899999999999989 0.65476190476190488 0.48333333333333339 0.92582417582417598 0.45804195804195807 1.0000000180025095e-35 0.86989583333333476 1.8452170138888886 0.68166666666666653 1.0000000180025095e-35 0.19375000000000003 -0.25000000000000261 -0.44722222222222169 0.78174603174603186 0.29285714285714287 0.27922077922077926 0.55050505050505061 2.7379212454212465 36.425000000000004 47.250075757575765 0.34523809523809529 0.095454545454545472 4.7354166666666684
decision_type=2 2 2 2 2 2 2 2 2 2 2 2 2 2 2 2 2 2 2 2 2 2 2 2 2 2 2 2 2 2
left_child=17 2 12 4 -3 7 -7 10 9 -8 -6 16 -2 -14 -15 -16 -12 18 19 23 -20 -21 -23 27 25 -25 -26 29 -29 -1
right_child=1 3 -4 -5 5 6 8 -9 -10 -11 11 -13 13 14 15 -17 -18 -19 20 21 -22 22 -24 24 26 -27 -28 28 -30 -31
leaf_value=-0.077665750546888873 -0.0071259601647801546 -0.082781690465552477 -0.092573035275563598 0.028013104459803019 0.089100437238812447 -0.071147801041603093 -0.011970766769671763 0.095008293892207898 -0.028527303609997036 0.060318259756479947 -0.092433383518999268 0.063155922517180441 -0.10142589834902216 0.069265040329524449 -0.065832235681868731 0.0068140366971492774 -0.0007882589879243271 0.011354519359514073 0.0040225771524586154 -0.079194787775890702 0.052238697951490234 -0.080094121163710952 0.0045861373183088026 0.074439066942585147 -0.08733195587992669 0.01303617906888572 0.022945857705781239 -0.007429916407467832 -0.13250298396899149 0.038895145518544283
leaf_weight=10.999999999999998 789 13.999999999999998 15.999999999999998 112 9.9999999999999982 25 37 19 50 35 10.999999999999998 9.9999999999999982 17 13.999999999999998 42 25 23 669 1366 36 55 26 69 38 23 241 15.999999999999998 865 12.999999999999998 81
leaf_count=11 789 14 16 112 10 25 37 19 50 35 11 10 17 14 42 25 23 669 1366 36 55 26 69 38 23 241 16 865 13 81
internal_value=0.000442333 -0.00617948 -0.0115755 0.0079032 -0.00172205 0.00343629 -0.0104547 0.0314085 0.00198242 0.0231697 0.00903086 -0.00916677 -0.0101144 -0.0341748 -0.0200604 -0.0387254 -0.0304382 0.00279931 0.000784022 -0.00432794 0.00588879 -0.0352444 -0.0185895 -0.00118349 0.0136129 0.0213993 -0.0420898 -0.00603426 -0.0092818 0.0249585
internal_weight=4758 1249 903 346 234 220 147 73 122 72 54 44 887 98 81 67 34 3509 2840 1419 1421 131 95 1288 318 279 39 970 878 92
internal_count=4758 1249 903 346 234 220 147 73 122 72 54 44 887 98 81 67 34 3509 2840 1419 1421 131 95 1288 318 279 39 970 878 92
is_linear=0
shrinkage=0.05


Tree=110
num_leaves=31
num_cat=0
split_feature=33 34 32 36 36 36 29 11 29 34 32 37 31 36 6 29 7 10 30 34 34 35 38 10 34 11 11 34 31 29
split_gain=28.2452 34.4232 46.911 33.9833 63.1156 32.0723 38.4789 53.9061 50.1639 29.9583 50.5543 48.1605 39.5709 36.1499 38.9014 47.7728 35.4749 35.8897 35.0993 34.9829 53.7904 53.6584 79.2983 34.6949 41.9987 74.0687 45.8953 39.3527 56.0816 100.02
threshold=13.500000000000002 88.500000000000014 0.89444444444444449 -1.6049999999999995 -1.6887499999999998 1.168333333333333 46.651666666666678 0.43303571428571436 47.330301587301598 31.500000000000004 0.14835164835164838 4.0725000000000025 0.80000000000000082 -0.7333333333333335 0.48333333333333339 47.391071428571443 1.5000000000000002 3.5000000000000004 40.290000000000006 19.500000000000004 21.500000000000004 2.2696165674603184 0.92582417582417598 3.5000000000000004 75.500000000000014 0.48333333333333339 0.21825396825396828 39.500000000000007 8.1899999999999995 49.802797619047624
decision_type=2 2 2 2 2 2 2 2 2 2 2 2 2 2 2 2 2 2 2 2 2 2 2 2 2 2 2 2 2 2
left_child=1 5 -3 4 -2 9 7 -7 -8 12 -11 13 19 -12 15 16 17 18 -15 -1 -21 22 -22 24 27 26 -26 28 -13 -30
right_child=3 2 -4 -5 -6 6 8 -9 -10 10 11 23 -14 14 -16 -17 -18 -19 -20 20 21 -23 -24 -25 25 -27 -28 -29 29 -31
leaf_value=0.0026083456388016433 -0.01276902737297033 0.025797711028588546 -0.033894920359189444 -0.00056062763169540352 -0.13402518264271998 -0.024614930694066995 -0.13939244938748221 0.049959637903638429 -0.0055429520351546156 0.053254288012305133 0.10257318688227851 -0.048380192528877944 -0.013098584739828473 0.022002542321570218 -0.053654381419931146 -0.031975336018062774 0.12503870789493834 -0.03060966287429134 0.10515003996816548 0.12911230203296459 0.12562489381936545 -0.068771280462925258 -0.032102351014812784 -0.029649996097329295 -0.071671239967997138 -0.12245562821626664 0.017867060047213053 0.021737053537348543 0.050947103500366214 -0.11558475548570807
leaf_weight=457 440 298 37 2041 10.999999999999998 111 14.000000000000002 31 13.999999999999998 65 17 56 442 30 13.999999999999998 21 13.999999999999998 14.999999999999998 22 13.999999999999998 17 12.999999999999998 14.999999999999998 79 19 15.999999999999998 58 313 50 10.999999999999998
leaf_count=457 440 298 37 2041 11 111 14 31 14 65 17 56 442 30 14 21 14 15 22 14 17 13 15 79 19 16 58 313 50 11
internal_value=0.000366943 0.00441083 0.0192048 -0.00330533 -0.0157265 0.0018403 -0.0188977 -0.00833457 -0.0724677 0.00384568 0.0109883 0.00725048 -0.00211892 0.0344803 0.0245011 0.0352284 0.0526515 0.0375259 0.0571803 0.00728614 0.0435192 0.0168903 0.0516902 0.00123459 0.00589976 -0.0245672 -0.00422681 0.0124891 -0.012251 0.0209168
internal_weight=4755 2263 335 2492 451 1928 170 142 28 1758 800 735 958 133 116 102 81 67 52 516 59 45 32 602 523 93 77 430 117 61
internal_count=4755 2263 335 2492 451 1928 170 142 28 1758 800 735 958 133 116 102 81 67 52 516 59 45 32 602 523 93 77 430 117 61
is_linear=0
shrinkage=0.05


Tree=111
num_leaves=31
num_cat=0
split_feature=0 2 0 0 21 35 35 35 28 28 4 29 11 29 5 9 0 5 29 38 23 37 11 4 34 9 31 31 35 11
split_gain=27.2078 56.731 45.9307 150.335 74.884 45.7125 40.2573 43.8313 40.1733 53.464 39.9962 50.1101 45.5575 64.8413 38.516 37.7516 37.489 42.954 61.2119 44.6899 35.2212 55.9921 38.2928 34.9076 34.4776 34.8281 76.6566 64.5568 35.2419 35.0451
threshold=1750.0000000000002 8.5000000000000018 1250.0000000000002 1350.0000000000002 1.0000000180025095e-35 2.9383751144688648 3.019524410774411 3.0569510582010593 40.500000000000007 26.500000000000004 0.26969696969696971 47.100234487734497 0.19375000000000003 45.77652777777778 0.5590277777777779 0.069047619047619066 1500.0000000000002 0.5590277777777779 49.196231060606067 0.96875000000000011 1.0000000180025095e-35 10.850000000000001 0.12916666666666668 1.0000000180025095e-35 6.5000000000000009 1.0000000180025095e-35 8.8266666666666698 11.978333333333333 2.3670856227106234 0.21825396825396828
decision_type=2 2 2 2 2 2 2 2 2 2 2 2 2 2 2 2 2 2 2 2 2 2 2 2 2 2 2 2 2 2
left_child=2 20 -1 5 6 -4 23 -8 9 24 11 -6 -12 -14 -7 -11 -13 -18 19 -19 -2 22 -22 -5 -3 -26 29 28 -28 -27
right_child=1 8 3 4 10 14 7 -9 -10 15 12 16 13 -15 -16 -17 17 18 -20 -21 21 -23 -24 -25 25 26 27 -29 -30 -31
leaf_value=0.0048940394157803808 -0.0040048614994813124 0.10150509689535414 -0.11604177915025503 -0.050447928086903543 0.015489640176079421 -0.086704166854421283 0.084093579463660723 -0.0011155532999489372 0.12104541189968586 0.001913669109344482 0.13273027310004601 0.025192398979113653 -0.084840054064989096 0.06420402151566966 0.046161075234413151 -0.12003645273772152 -0.06195855280492945 0.031381341665493029 0.085542005474368743 -0.065425899834372109 -0.059843413573172355 0.13115558713674544 0.015191732538433242 -0.014890574578206956 0.039642825156349593 0.036434307738783811 0.050804602879065054 -0.00099079742334609827 0.14445119649171831 -0.035781000157640803
leaf_weight=1220 1047 13.999999999999998 40 76 378 12.000000000000002 15.999999999999998 266 9.9999999999999982 15.000000000000002 12.999999999999998 39 9.9999999999999982 27 9.9999999999999982 10.999999999999998 59 19 14.999999999999998 32 18 9.9999999999999982 307 752 148 21 27 43 15.999999999999998 84
leaf_count=1220 1047 14 40 76 378 12 16 266 10 15 13 39 10 27 10 11 59 19 15 32 18 10 307 752 148 21 27 43 16 84
internal_value=0.000348596 0.00525803 -0.00256515 -0.00772399 -0.00493808 -0.0842018 -0.0125973 0.00371901 0.0221255 0.0195155 0.00942294 0.00547561 0.052212 0.0239218 -0.0263109 -0.0496806 -0.0176055 -0.0309585 -0.00324626 -0.0293605 0.000510236 0.0146216 0.0110359 -0.0181543 0.0246121 0.0214366 0.00732909 0.0423295 0.0856498 -0.0213379
internal_weight=4755 1771 2984 1764 1702 62 1110 282 389 379 592 542 50 37 22 26 164 125 66 51 1382 335 325 828 353 339 191 86 43 105
internal_count=4755 1771 2984 1764 1702 62 1110 282 389 379 592 542 50 37 22 26 164 125 66 51 1382 335 325 828 353 339 191 86 43 105
is_linear=0
shrinkage=0.05


Tree=112
num_leaves=31
num_cat=0
split_feature=35 6 0 34 35 29 9 8 28 37 35 30 2 30 5 6 37 25 28 5 28 27 6 32 8 36 30 32 11 11
split_gain=25.5202 75.8522 55.813 48.5392 42.3211 40.927 34.2593 39.2706 30.7296 28.0298 26.6007 51.0811 33.4071 27.5525 28.4095 26.0228 41.8881 26.6899 35.4346 54.5504 52.1971 51.2484 42.7715 63.3924 44.5056 42.5442 44.2158 41.0154 37.0808 35.3945
threshold=2.9669553099017381 0.74166666666666681 2250.0000000000005 150.50000000000003 2.9066319444444448 72.43189814814815 0.06458333333333334 11.500000000000002 9.5000000000000018 2.4999999999999969 3.0675649350649352 41.562500000000007 4.5000000000000009 39.516666666666673 0.46410256410256417 0.81534090909090928 4.9000000000000057 1.0000000180025095e-35 14.500000000000002 0.67708333333333337 17.500000000000004 6.5000000000000009 0.62019230769230782 0.32291666666666669 9.5000000000000018 -0.62999999999999956 44.815000000000005 0.74166666666666681 0.32291666666666669 0.26969696969696971
decision_type=2 2 2 2 2 2 2 2 2 2 2 2 2 2 2 2 2 2 2 2 2 2 2 2 2 2 2 2 2 2
left_child=4 2 3 9 5 15 -6 -8 -9 -2 11 13 -13 14 -11 17 -17 -1 22 20 -20 -22 24 -24 -19 -23 27 -27 -29 -26
right_child=1 -3 -4 -5 6 -7 7 8 -10 10 -12 12 -14 -15 -16 16 -18 18 19 -21 21 25 23 -25 29 26 -28 28 -30 -31
leaf_value=-0.0022604738742925201 -0.047848132317480835 0.10732183968158145 0.09314917715059387 -0.06444152757525444 -0.0050782003863291307 0.088139218471657788 -0.15080993589013816 0.035913388133049014 -0.064886439134997712 0.070334138195030399 0.003483148997393647 0.12538237478584052 0.04019510964067971 -0.035818512278298541 -0.010353644968320926 0.017829108536243431 -0.12356406206434423 -0.033438583331493042 -0.056302721966879778 -0.097728342376649388 0.12198962986469269 0.072998177789543803 0.027192345929556879 0.16816121780059556 -0.0090537361456541812 0.038535738892333457 -0.10317090505903417 0.026278611904892488 -0.062991255248586342 0.027088874315300451
leaf_weight=3218 23 19 18 25 55 12.999999999999998 9.9999999999999982 9.9999999999999982 31 20 555 15.999999999999998 41 30 24 10.000000000000002 10.999999999999998 48 34 15.999999999999998 9.9999999999999982 19 29 10.999999999999998 91 43 10.999999999999998 19 30 265
leaf_count=3218 23 19 18 25 55 13 10 10 31 20 555 16 41 30 24 10 11 48 34 16 10 19 29 11 91 43 11 19 30 265
internal_value=0.000331166 0.0086578 0.00616495 0.00403183 -0.00128024 -0.000428241 -0.0324504 -0.0619695 -0.0403011 0.00644626 0.00826663 0.0285325 0.0641073 0.00113027 0.0263226 -0.000726139 -0.056234 -0.000422897 0.00902331 -0.00955699 -0.00105854 0.013171 0.0166396 0.0659588 0.0117565 0.00425146 -0.00842997 0.00289775 -0.0283764 0.0178502
internal_weight=4755 771 752 734 3984 3878 106 51 41 709 686 131 57 74 44 3865 21 3844 626 182 166 132 444 40 404 122 103 92 49 356
internal_count=4755 771 752 734 3984 3878 106 51 41 709 686 131 57 74 44 3865 21 3844 626 182 166 132 444 40 404 122 103 92 49 356
is_linear=0
shrinkage=0.05


Tree=113
num_leaves=31
num_cat=0
split_feature=0 2 7 11 9 29 6 8 7 35 35 32 31 31 15 23 36 36 34 29 37 6 34 32 11 8 34 2 5 11
split_gain=23.8781 49.0012 45.2723 37.1235 76.6776 61.9786 68.3864 51.3317 50.7461 49.0438 41.5675 104.897 40.3643 54.4032 36.243 48.2104 47.5844 39.5698 54.0843 40.755 41.6183 44.9189 35.6719 73.9584 59.7795 48.2015 56.1712 49.144 40.3489 48.1275
threshold=1750.0000000000002 8.5000000000000018 1.0000000180025095e-35 0.25833333333333336 0.095454545454545472 44.340357142857151 0.080128205128205135 14.500000000000002 1.0000000180025095e-35 1.0431547619047621 1.6261140873015882 0.32291666666666669 6.650000000000003 5.3125000000000009 1.0000000180025095e-35 1.0000000180025095e-35 1.415476190476191 -2.3000000000000029 95.500000000000014 46.854490740740751 6.260952380952383 0.30384615384615393 38.500000000000007 0.32291666666666669 0.12916666666666668 13.500000000000002 51.500000000000007 7.5000000000000009 0.36038961038961043 0.29285714285714287
decision_type=2 2 2 2 2 2 2 2 2 2 2 2 2 2 2 2 2 2 2 2 2 2 2 2 2 2 2 2 2 2
left_child=2 14 -1 -3 9 -6 -7 8 -8 -5 11 -11 13 -12 15 16 22 -17 -19 -20 21 -21 -2 25 -25 26 -24 -27 -26 -30
right_child=1 3 -4 4 5 6 7 -9 -10 10 12 -13 -14 -15 -16 17 -18 18 19 20 -22 -23 23 24 28 27 -28 -29 29 -31
leaf_value=-0.007093860410792182 -0.016429036491081801 -0.0040093202905898745 0.005691523736000792 0.098032628110534439 0.08523304554132316 0.043225411060388741 -0.159220383523239 0.015444922447204591 -0.0229072724215009 0.045967572826892143 0.042819073219453135 -0.13387499526143073 0.066824477448473488 -0.082565696987633913 -0.016161422783889892 0.077721634892125926 0.081723485361127293 0.001479589566588402 -0.028797993267124351 0.04016750693321227 0.02795877109535716 0.17697473913431169 0.16879749343945427 0.061874510913059635 -0.053475783134882271 0.035298543941568249 0.026797424713149665 -0.041136350575834514 -0.030372188591087857 0.010416862570199666
leaf_weight=1892 306 110 1092 37 12.999999999999998 19 18.000000000000004 11.999999999999998 10.999999999999998 25 31 11.999999999999998 89 11.999999999999998 264 30 17 160 10.999999999999998 10.000000000000002 22 14.999999999999998 13.000000000000002 29 52 110 14.999999999999998 26 120 182
leaf_count=1892 306 110 1092 37 13 19 18 12 11 25 31 12 89 12 264 30 17 160 11 10 22 15 13 29 52 110 15 26 120 182
internal_value=0.000314608 0.00491383 -0.00241503 0.0205901 0.0302888 -0.0137438 -0.0351888 -0.071527 -0.107515 0.0458926 0.0344773 -0.0123597 0.0476059 0.00782797 0.000501334 0.00443601 -0.00110751 0.023883 0.0164741 0.0578381 0.0781147 0.122252 -0.00275831 0.00488931 -0.00714145 0.0329855 0.092726 0.020686 -0.0127953 -0.00579071
internal_weight=4755 1771 2984 389 279 73 60 41 29 206 169 37 132 43 1382 1118 870 248 218 58 47 25 853 547 383 164 28 136 354 302
internal_count=4755 1771 2984 389 279 73 60 41 29 206 169 37 132 43 1382 1118 870 248 218 58 47 25 853 547 383 164 28 136 354 302
is_linear=0
shrinkage=0.05


Tree=114
num_leaves=31
num_cat=0
split_feature=33 34 32 28 36 36 36 28 37 29 11 29 37 5 34 36 35 37 29 28 28 29 30 36 29 29 29 37 37 29
split_gain=23.1006 31.5684 40.8546 31.4074 29.9071 56.6548 29.1331 37.0098 67.3861 29.4521 34.502 29.5918 28.6958 74.9795 42.742 40.0729 34.1244 36.7902 28.2981 28.2463 36.3726 32.4967 43.126 36.1609 31.8469 55.5594 42.5203 29.2662 52.9306 36.8529
threshold=13.500000000000002 88.500000000000014 0.89444444444444449 8.5000000000000018 -1.6049999999999995 -1.6887499999999998 1.168333333333333 15.500000000000002 3.5225 46.690972222222221 0.43303571428571436 47.330301587301598 8.0014285714285744 0.67708333333333337 91.500000000000014 -1.2612500000000011 2.2746081349206348 9.1083333333333361 46.891590909090915 5.5000000000000009 2.5000000000000004 46.951540404040415 41.780000000000008 -2.2100000000000004 46.741666666666667 43.777500000000011 51.875493551587304 7.0500000000000034 7.4361111111111118 47.250075757575765
decision_type=2 2 2 2 2 2 2 2 2 2 2 2 2 2 2 2 2 2 2 2 2 2 2 2 2 2 2 2 2 2
left_child=1 6 3 -3 5 19 -1 9 -9 10 -8 -11 -6 14 15 -14 -17 -18 -16 20 24 22 -22 -24 25 -2 -26 -21 29 -29
right_child=4 2 -4 -5 12 -7 7 8 -10 11 -12 -13 13 -15 18 16 17 -19 -20 27 21 -23 23 -25 26 -27 -28 28 -30 -31
leaf_value=0.0034056371414335779 -0.010109456131855647 0.097385172812002041 -0.031430394106821434 0.020671875345107484 -0.0020807747107601674 -0.12675514684312725 -0.012422254843935977 -0.0031376469661207754 -0.15436124618236835 -0.12431346118450159 0.051859831627182384 -0.0054716690020127738 0.062323348224163057 0.11361295143632513 0.00032850250601768483 -0.09633317968020072 0.020600794307714287 -0.053867062677939739 0.10891428264478842 -0.049646261864380606 0.015189183470995529 -0.0068963173566989507 0.17036722570657725 0.035903717912733557 0.045426376032022139 -0.13870001584291458 -0.061885851547122006 0.0072091151155870073 -0.026867303069058449 0.11929615498943763
leaf_weight=1758 21 13.999999999999998 37 284 1897 10.999999999999998 92 17.000000000000004 12.999999999999998 10.000000000000002 27 10.999999999999998 17 19 10.000000000000002 12.999999999999998 43 27 14.999999999999998 75 46 71 10.000000000000002 9.9999999999999982 24 13.999999999999998 14.999999999999998 22 121 10.999999999999998
leaf_count=1758 21 14 37 284 1897 11 92 17 13 10 27 11 17 19 10 13 43 27 15 75 46 71 10 10 24 14 15 22 121 11
internal_value=0.000298877 0.00395599 0.0181232 0.0242759 -0.00302217 -0.0146746 0.00149436 -0.0182705 -0.0686679 -0.00747111 0.00216276 -0.062063 -0.000447327 0.0210711 0.00700471 -0.00761411 -0.0219386 -0.00812252 0.06548 -0.0118726 0.00132521 0.0165823 0.0418396 0.103135 -0.026921 -0.0615457 0.00415244 -0.024033 -0.011559 0.0445715
internal_weight=4755 2263 335 298 2492 451 1928 170 30 140 119 21 2041 144 125 100 83 70 25 440 211 137 66 20 74 35 39 229 154 33
internal_count=4755 2263 335 298 2492 451 1928 170 30 140 119 21 2041 144 125 100 83 70 25 440 211 137 66 20 74 35 39 229 154 33
is_linear=0
shrinkage=0.05


Tree=115
num_leaves=31
num_cat=0
split_feature=15 35 30 32 34 34 30 24 34 37 36 11 7 0 30 5 21 0 0 35 30 34 34 30 11 30 36 34 9 35
split_gain=36.8444 29.2932 30.9966 28.9401 32.305 30.4623 21.9844 21.2313 20.7107 25.9306 35.6171 34.804 31.1436 20.2001 19.191 18.6596 17.4656 194.067 70.03 43.3395 45.696 43.8597 62.9406 42.324 51.6654 39.9902 75.6761 40.2947 41.6933 38.9795
threshold=1.0000000180025095e-35 0.76038690476190562 49.01250000000001 0.67708333333333337 140.50000000000003 97.500000000000014 54.625000000000007 1.0000000180025095e-35 144.50000000000003 5.1511111111111116 -1.0399999999999996 0.22649572649572652 1.5000000000000002 2050.0000000000005 44.855000000000011 0.5590277777777779 1.0000000180025095e-35 1350.0000000000002 1500.0000000000002 1.5432518638768637 35.916666666666679 36.500000000000007 24.500000000000004 37.225000000000009 0.31009615384615391 40.416666666666679 -0.69499999999999873 125.50000000000001 0.07417582417582419 1.4254382086167803
decision_type=2 2 2 2 2 2 2 2 2 2 2 2 2 2 2 2 2 2 2 2 2 2 2 2 2 2 2 2 2 2
left_child=6 -2 3 7 5 -5 16 8 9 14 11 -11 13 -13 -3 -4 -1 -18 23 29 -21 22 -22 24 -19 26 -25 28 -28 -20
right_child=1 2 15 4 -6 -7 -8 -9 -10 10 -12 12 -14 -15 -16 -17 17 18 19 20 21 -23 -24 25 -26 -27 27 -29 -30 -31
leaf_value=0.00029751949492585702 -0.080350444334394797 0.054832517275852824 0.090276592428033986 0.040681566934411717 0.071083341549254137 -0.069792219079457804 -0.063508302145279374 -0.057789805647917095 -0.087509423494338989 -0.057981637772172689 -0.047107741597888844 0.033887443546619676 0.093040127593737393 -0.049861628158638864 -0.015524174148837725 -0.0018191597678444604 -0.074986856863383328 0.14712598464068247 -0.0067587573909097254 -0.054063678085803993 0.0019973324735959373 0.013649088728674492 0.14067627638578414 -0.083288994360537771 0.04569249780227741 0.043837696954918404 -0.031466651468404702 0.10915224794298412 0.067800568044185647 -0.077204949284593261
leaf_weight=3756 17 21 11.000000000000002 12.000000000000002 18 12.999999999999998 12.999999999999998 40 9.9999999999999982 15.999999999999998 74 18 12.999999999999998 12.000000000000002 18 10.999999999999998 62 17 108 20 14.999999999999998 142 18 21 48 120 28 11.999999999999998 17 24
leaf_count=3756 17 21 11 12 18 13 13 40 10 16 74 18 13 12 18 11 62 17 108 20 15 142 18 21 48 120 28 12 17 24
internal_value=0.000259546 -0.016578 -0.0128005 -0.017535 0.0200088 -0.0167648 0.00141734 -0.024807 -0.0175581 -0.0134911 -0.0240039 0.00497373 0.028399 0.000387815 0.0223602 0.0442287 0.00160882 0.00916286 0.0180057 0.00255708 0.0175335 0.025716 0.0776404 0.0372137 0.0722213 0.0257213 -0.00214998 0.0277433 0.0060343 -0.0195672
internal_weight=4725 304 287 265 43 25 4421 222 182 172 133 59 43 30 39 22 4408 652 590 327 195 175 33 263 65 198 78 57 45 132
internal_count=4725 304 287 265 43 25 4421 222 182 172 133 59 43 30 39 22 4408 652 590 327 195 175 33 263 65 198 78 57 45 132
is_linear=0
shrinkage=0.05


Tree=116
num_leaves=31
num_cat=0
split_feature=15 28 28 29 35 29 30 30 11 29 29 29 30 35 11 30 36 33 5 38 11 12 36 7 33 4 4 6 28 32
split_gain=33.2521 44.384 28.7207 26.4897 33.1009 21.8261 21.6955 26.7526 24.1326 20.8182 60.9084 55.711 55.2472 61.0559 37.283 30.5675 25.349 38.8382 24.7018 24.4129 35.0806 48.9603 42.2798 42.2589 46.4104 49.6809 46.9185 34.696 26.7489 26.6368
threshold=1.0000000180025095e-35 32.500000000000007 24.500000000000004 47.197569444444454 0.92689484126984178 47.566770833333344 49.01250000000001 46.405000000000008 0.31009615384615391 49.861458333333339 50.031250000000007 49.60208333333334 46.405000000000008 2.7888066893424042 0.62019230769230782 45.055000000000007 -4.7749999999999995 15.500000000000002 0.43303571428571436 0.96875000000000011 0.14835164835164838 0.087121212121212141 -3.3000000000000003 1.5000000000000002 15.500000000000002 0.095454545454545472 0.18465909090909094 0.51666666666666672 3.5000000000000004 0.32291666666666669
decision_type=2 2 2 2 2 2 2 2 2 2 2 2 2 2 2 2 2 2 2 2 2 2 2 2 2 2 2 2 2 2
left_child=9 2 3 -2 -5 -6 7 -7 -9 11 15 16 13 18 19 -11 17 -1 -13 -12 -21 22 28 24 25 27 -26 -24 -22 -27
right_child=1 -3 -4 4 5 6 -8 8 -10 10 14 12 -14 -15 -16 -17 -18 -19 -20 20 21 -23 23 -25 26 29 -28 -29 -30 -31
leaf_value=0.11579608532289663 -0.042480333613575963 0.044233041296580011 -0.068021250388701451 -0.094318678900599487 0.045739528833126486 6.4881225390469327e-05 0.039289914923054836 -0.086366491609563445 -0.0074697956856754101 0.023195565616091086 0.02472236817990808 -0.003522997628897428 0.037341688516048285 -0.18812259379774332 0.10204894930124282 0.12876260983757676 0.00064946135420651909 -0.011414773327608901 -0.098422257788479336 0.058821502290666107 -0.092261290118882539 -0.081105185571041974 0.16691401729529551 -0.048691364677829876 -0.055937645476191282 0.058009970366954801 0.054344025882892312 0.048249913219894684 -0.0059290060006520328 -0.0077812748728320006
leaf_weight=12 69 28 30 9.9999999999999982 22 85 21 21 18 12.000000000000002 101 16.000000000000004 12.999999999999998 9.9999999999999982 9.9999999999999982 15.999999999999998 3967 12 11.999999999999998 20 19 22 11.000000000000002 27 31 25 13.999999999999998 13.999999999999998 17 40
leaf_count=12 69 28 30 10 22 85 21 21 18 12 101 16 13 10 10 16 3967 12 12 20 19 22 11 27 31 25 14 14 17 40
internal_value=0.000246569 -0.0157491 -0.0218342 -0.0162017 -0.00595744 -0.000666347 -0.00770724 -0.0156664 -0.0499526 0.00134647 0.0125514 0.000295836 -0.0516317 -0.08207 0.00689014 0.0835196 0.000959406 0.0521907 -0.0441941 0.00409956 -0.0045792 -0.0103429 -0.00248042 0.00841132 0.0198319 0.0405617 -0.0216278 0.100462 -0.0514933 0.0175231
internal_weight=4725 304 276 246 177 167 145 124 39 4421 379 4042 51 38 351 28 3991 24 28 341 240 220 198 162 135 90 45 25 36 65
internal_count=4725 304 276 246 177 167 145 124 39 4421 379 4042 51 38 351 28 3991 24 28 341 240 220 198 162 135 90 45 25 36 65
is_linear=0
shrinkage=0.05


Tree=117
num_leaves=31
num_cat=0
split_feature=34 28 29 30 32 36 27 24 30 30 34 2 31 28 36 36 36 34 5 7 34 29 32 0 34 34 34 0 5 31
split_gain=18.8456 42.4925 40.1749 56.5942 46.7892 43.193 35.4218 34.6754 34.3985 41.5377 30.1888 29.9997 39.387 29.6321 31.1628 50.9535 43.9205 34.7567 34.4941 33.1374 27.8293 27.0935 39.0616 23.9245 66.0765 45.1887 40.5306 69.4976 46.896 25.0415
threshold=124.50000000000001 43.500000000000007 47.911850649350662 43.506250000000001 0.48333333333333339 1.0000000180025095e-35 11.500000000000002 1.0000000180025095e-35 39.56333333333334 40.39500000000001 148.50000000000003 9.5000000000000018 8.4700000000000042 33.500000000000007 -1.0000000180025095e-35 0.45500000000000118 -0.331666666666666 129.50000000000003 0.59166666666666679 1.0000000180025095e-35 138.50000000000003 45.298535353535364 0.73030303030303034 1850.0000000000002 113.50000000000001 85.500000000000014 69.500000000000014 2250.0000000000005 0.63068181818181823 7.400000000000003
decision_type=2 2 2 2 2 2 2 2 2 2 2 2 2 2 2 2 2 2 2 2 2 2 2 2 2 2 2 2 2 2
left_child=6 2 3 11 -4 -5 23 -3 -9 -10 -11 12 -2 14 16 -16 19 -17 -19 20 -14 -15 -23 -1 25 26 27 29 -28 -25
right_child=1 7 4 5 -6 -7 -8 8 9 10 -12 -13 13 21 15 17 -18 18 -20 -21 -22 22 -24 24 -26 -27 28 -29 -30 -31
leaf_value=0.00081243374076894195 -0.027724581170918014 -0.020534944877028467 -0.077500351773280851 0.17386261658235025 0.0066276965545505051 0.041463168923343931 -0.029862104833591731 0.086046904651448139 -0.083867139843377209 -0.0093746570531617526 0.084547677183789874 0.092353401545967384 0.055564785705736031 0.031561172128422188 0.11525238755814456 -0.0306096981279552 -0.062821459175708402 0.016748777156074843 0.10831281137135294 0.11635126430541276 -0.055381652563810349 -0.069763315080300634 0.027115553735118165 -0.0045015653756884291 -0.10679521987007723 0.030488959612169617 -0.029978808857224606 0.074659985507076435 -0.15245498053052209 -0.045307253491225059
leaf_weight=3645 41 175 19 11.000000000000002 127 13.999999999999998 104 15.999999999999998 10.999999999999998 22 13.999999999999998 13.999999999999998 13.000000000000002 40 27 15.999999999999998 14.999999999999998 24 18 9.9999999999999982 9.9999999999999982 23 19 98 18 60 27 22 10.999999999999998 61
leaf_count=3645 41 175 19 11 127 14 104 16 11 22 14 14 13 40 27 16 15 24 18 10 10 23 19 98 18 60 27 22 11 61
internal_value=0.00023424 0.00794243 0.0171313 0.0277481 -0.00432047 0.0997189 -0.00105935 -0.00908394 0.0227244 0.0011678 0.0271507 0.0210841 0.0171865 0.025751 0.0403261 0.0585137 0.00811909 0.0321008 0.0559905 0.0403648 0.0073272 0.00211081 -0.0259372 -0.000299458 -0.0139454 -0.00795509 -0.0184877 -0.00863191 -0.0654324 -0.0201566
internal_weight=4725 679 441 295 146 25 4046 238 63 47 36 270 256 215 133 85 48 58 42 33 23 82 42 3942 297 279 219 181 38 159
internal_count=4725 679 441 295 146 25 4046 238 63 47 36 270 256 215 133 85 48 58 42 33 23 82 42 3942 297 279 219 181 38 159
is_linear=0
shrinkage=0.05


Tree=118
num_leaves=31
num_cat=0
split_feature=31 7 4 32 3 34 33 32 30 35 35 30 33 8 4 28 32 23 6 33 5 33 30 35 27 34 6 5 35 5
split_gain=18.6573 24.1938 49.1801 28.4626 72.1533 53.7931 42.7553 27.0625 25.6948 40.774 28.0088 43.4709 62.089 29.3553 38.9868 36.1501 48.891 46.5529 32.3546 28.2712 29.6931 27.9421 27.8562 27.596 26.6815 65.3439 25.3145 36.5129 26.28 30.6862
threshold=6.650000000000003 1.5000000000000002 0.07417582417582419 0.16025641025641027 1.5000000000000002 33.500000000000007 6.5000000000000009 0.30384615384615393 37.712500000000006 4.164435232426305 0.11578869047619018 49.875000000000007 11.500000000000002 10.500000000000002 0.36931818181818188 10.500000000000002 0.36931818181818188 1.0000000180025095e-35 0.11805555555555557 14.500000000000002 0.36038961038961043 8.5000000000000018 38.910000000000004 1.5141145833333345 1.0000000180025095e-35 27.500000000000004 0.69615384615384623 0.69615384615384623 2.5528940070346322 0.56696428571428581
decision_type=2 2 2 2 2 2 2 2 2 2 2 2 2 2 2 2 2 2 2 2 2 2 2 2 2 2 2 2 2 2
left_child=1 8 7 4 5 6 -4 -3 9 24 -10 13 21 15 18 16 17 23 19 20 -15 -13 -20 -12 26 -26 27 28 29 -1
right_child=-2 2 3 -5 -6 -7 -8 -9 10 -11 11 12 -14 14 -16 -17 -18 -19 22 -21 -22 -23 -24 -25 25 -27 -28 -29 -30 -31
leaf_value=-0.0016305525763088775 0.0024452524923547709 -0.03740351671352983 0.12732796277850864 0.0085632324780754998 -0.014338281616568567 0.18251436402400334 0.0024765659705735747 0.035782034019939603 -0.064613305338813612 -0.09594149351119996 -0.00085368984463539974 0.018385620008815412 -0.023761456918257935 -0.014240320239748276 0.051422174984500524 0.059257484475771588 -0.074119190597220483 -0.058249015267938381 -0.063229140878788059 -0.11114531439108154 -0.10652176168831913 0.11852080876889981 -0.012307617903667953 0.10202340558171273 0.14240682522455853 -0.0038544087005513055 0.070875794497820041 -0.071654242058010673 -0.046918963089895745 0.034976618227205783
leaf_weight=232 3149 60 12.000000000000002 87 25 11.999999999999998 15.999999999999998 15.999999999999998 24 9.9999999999999982 11.000000000000002 11.000000000000002 26 42 21 30 19 11.999999999999998 28 14.999999999999998 10.999999999999998 19 658 15.999999999999998 11.999999999999998 21 12.999999999999998 17 24 76
leaf_count=232 3149 60 12 87 25 12 16 16 24 10 11 11 26 42 21 30 19 12 28 15 11 19 658 16 12 21 13 17 24 76
internal_value=0.000222528 -0.00421869 0.0108446 0.027265 0.0522966 0.0939433 0.0559843 -0.021996 -0.00676649 0.00376708 -0.0112905 -0.00989791 0.0327918 -0.012668 -0.0157755 0.0146984 -0.00834946 0.0236922 -0.017647 -0.0505443 -0.0333931 0.0818046 -0.014386 0.0601105 0.00629135 0.0493315 0.0023678 -0.000184076 0.00347554 0.00740239
internal_weight=4725 1576 228 152 65 40 28 76 1348 405 943 919 56 863 775 88 58 39 754 68 53 30 686 27 395 33 362 349 332 308
internal_count=4725 1576 228 152 65 40 28 76 1348 405 943 919 56 863 775 88 58 39 754 68 53 30 686 27 395 33 362 349 332 308
is_linear=0
shrinkage=0.05


Tree=119
num_leaves=31
num_cat=0
split_feature=15 29 30 31 32 34 34 36 11 30 29 29 29 9 11 37 5 9 34 4 32 36 34 2 29 29 5 36 37 37
split_gain=26.42 31.2244 27.4662 45.6109 35.797 28.9963 26.3363 22.292 20.4911 18.2833 25.9906 50.7214 50.3493 59.3387 42.5574 69.5237 35.0155 34.4404 32.3064 32.2786 37.2576 30.8912 38.965 28.6218 26.2153 42.9349 64.6735 58.0617 37.7833 92.9651
threshold=1.0000000180025095e-35 47.197569444444454 44.855000000000011 19.050000000000004 0.16025641025641027 137.50000000000003 11.500000000000002 -1.2999999999999976 0.44949494949494956 54.625000000000007 49.861458333333339 50.031250000000007 49.295416666666675 0.11805555555555557 0.40833333333333338 6.6750000000000025 0.24038461538461542 0.21825396825396828 14.500000000000002 0.069047619047619066 0.12916666666666668 -0.25000000000000261 50.500000000000007 6.5000000000000009 49.065324074074077 48.751672077922088 0.67708333333333337 -2.2874999999999974 6.1699999999999999 7.7000000000000046
decision_type=2 2 2 2 2 2 2 2 2 2 2 2 2 2 2 2 2 2 2 2 2 2 2 2 2 2 2 2 2 2
left_child=9 6 3 5 7 8 -2 -4 -3 10 12 23 24 14 15 -14 -13 18 -18 -20 -21 22 -16 -12 25 -1 27 -27 -26 -30
right_child=1 2 4 -5 -6 -7 -8 -9 -10 -11 11 16 13 -15 21 -17 17 -19 19 20 -22 -23 -24 -25 28 26 -28 -29 29 -31
leaf_value=0.001455370901998934 0.028400220857425169 0.022985943079355264 -0.025646593519063149 -0.071523007537637448 -0.036172623975955429 0.077024780692798764 -0.055652584195839329 0.066816774150356653 -0.04398704678086298 -0.058017002848478466 0.12934777805847777 0.10093577980995179 -0.042942170463427298 0.02073220091972601 0.011816963287336483 -0.17127700923010708 -0.054092664399037239 -0.077183813850084937 -0.019263023779284759 0.083500058847394865 0.015169455178917568 0.060466154329478744 -0.11393555836244063 0.028243482432195117 0.0016181216555389952 0.050941343605518344 0.082161238654093305 -0.063632859795580851 0.18168131075799462 0.0039174508499471771
leaf_weight=3747 10.999999999999998 62 11.000000000000002 13.999999999999998 94 21 61 15.999999999999998 13.999999999999998 12.999999999999998 14.000000000000002 9.9999999999999982 31 37 14.000000000000002 15.999999999999998 19 11.999999999999998 61 22 214 9.9999999999999982 10.999999999999998 13.999999999999998 47 12.999999999999998 10.999999999999998 74 12.000000000000002 19
leaf_count=3747 11 62 11 14 94 21 61 16 14 13 14 10 31 37 14 16 19 12 61 22 214 10 11 14 47 13 11 74 12 19
internal_value=0.000211402 -0.0140466 -0.00511967 0.0128424 -0.0215973 0.0250189 -0.0428112 0.0291465 0.0106488 0.00119182 0.00136644 0.0141254 0.000211126 -0.0318297 -0.0555467 -0.0866306 0.00876808 0.00595809 0.00911538 0.013159 0.0215393 -0.0138055 -0.0435141 0.0787956 0.00118305 0.000600898 -0.0320696 -0.0465126 0.0298802 0.0727293
internal_weight=4725 304 232 111 121 97 72 27 76 4421 4408 366 4042 119 82 47 338 328 316 297 236 35 25 28 3923 3845 98 87 78 31
internal_count=4725 304 232 111 121 97 72 27 76 4421 4408 366 4042 119 82 47 338 328 316 297 236 35 25 28 3923 3845 98 87 78 31
is_linear=0
shrinkage=0.05


Tree=120
num_leaves=31
num_cat=0
split_feature=2 10 9 6 6 36 37 29 35 28 35 35 30 30 13 33 36 30 36 9 3 21 0 0 36 36 29 4 29 11
split_gain=26.3305 27.1886 29.2721 23.5609 25.1545 25.088 58.6903 22.9076 22.416 29.7132 24.8682 38.1764 32.2942 30.391 27.9577 22.3105 20.7108 29.1963 25.9402 25.2006 32.3572 22.0598 175.225 53.9657 44.9339 43.3379 40.3968 43.1197 38.4612 48.9807
threshold=1.5000000000000002 3.5000000000000004 0.16025641025641027 0.81534090909090928 0.74166666666666681 -0.49999999999999961 6.868333333333335 47.540833333333339 4.0431944444444445 8.5000000000000018 3.0314748677248677 3.3883531746031754 40.75833333333334 42.653571428571439 1.0000000180025095e-35 12.500000000000002 -4.7749999999999995 41.891666666666673 -3.9000000000000017 0.12916666666666668 1.0000000180025095e-35 1.0000000180025095e-35 1350.0000000000002 1500.0000000000002 1.0275000000000003 0.68166666666666653 47.700586419753094 0.26969696969696971 49.652777777777793 0.39230769230769241
decision_type=2 2 2 2 2 2 2 2 2 2 2 2 2 2 2 2 2 2 2 2 2 2 2 2 2 2 2 2 2 2
left_child=1 8 -3 4 16 6 -6 -7 9 15 13 -12 -13 14 -11 -1 17 -2 19 20 -18 -20 -23 -24 25 26 -25 28 -28 -30
right_child=3 2 -4 -5 5 7 -8 -9 -10 10 11 12 -14 -15 -16 -17 18 -19 21 -21 -22 22 23 24 -26 -27 27 -29 29 -31
leaf_value=0.038469186724562732 0.080118089443758922 -0.066254735014894428 0.024057596274896675 -0.052979781274639426 -0.057740712636395498 0.079051614122401026 0.091908858865499501 -0.00082399286329746255 -0.031973846314045103 -0.062748633511364463 0.13981850519776345 0.11504336971789596 0.002977069715658824 0.098638739301399755 0.032905860856175424 -0.049294422150899964 0.0041109668711821236 -0.0087449959168831512 -0.0018100435699762874 0.029096700365726764 -0.080171376178341525 -0.071288267371710387 0.033392561296475873 0.018999021517010321 -0.069004643671214588 0.10567419109019367 -0.044888549762587236 0.063786105765029785 0.036394343568488606 -0.061843082143200771
leaf_weight=14 19 17 19 21 19.000000000000004 29 9.9999999999999982 12.999999999999998 12.999999999999998 10.999999999999998 15.999999999999998 10.000000000000002 18 10.999999999999998 25 15 18 18 3640 12.999999999999998 31 64 255 218 20 10.999999999999998 83 15.999999999999998 43 18
leaf_count=14 19 17 19 21 19 29 10 13 13 11 16 10 18 11 25 15 18 18 3640 13 31 64 255 218 20 11 83 16 43 18
internal_value=0.000577544 0.0199575 -0.0185899 -0.000140861 0.000103656 0.029631 -0.00613741 0.0543282 0.0303913 0.0371476 0.0511929 0.0782072 0.0430007 0.0259029 0.0036781 -0.00692578 -0.000365661 0.0368874 -0.000676804 -0.0327913 -0.0492105 -0.000220967 0.00772441 0.0153401 0.00408489 0.0078427 0.00499576 -0.0140837 -0.0227359 0.00740625
internal_weight=4728 169 36 4559 4538 71 29 42 133 120 91 44 28 47 36 29 4467 37 4430 62 49 4368 728 664 409 389 378 160 144 61
internal_count=4728 169 36 4559 4538 71 29 42 133 120 91 44 28 47 36 29 4467 37 4430 62 49 4368 728 664 409 389 378 160 144 61
is_linear=0
shrinkage=0.05


Tree=121
num_leaves=31
num_cat=0
split_feature=2 32 34 11 6 6 36 34 29 35 30 30 36 7 36 32 31 36 11 3 3 33 21 36 36 31 4 11 30 6
split_gain=23.7632 29.7087 48.777 27.5925 21.2637 22.7019 22.6419 59.8483 20.6741 20.4729 20.2093 30.3864 27.9744 19.4474 18.6915 29.6745 45.6485 23.4111 23.3676 25.4539 26.1781 20.4807 19.909 26.2236 47.9054 41.7877 34.8845 23.4427 42.4447 79.0838
threshold=1.5000000000000002 0.42261904761904767 79.500000000000014 0.40833333333333338 0.81534090909090928 0.74166666666666681 -0.49999999999999961 34.500000000000007 47.540833333333339 2.4545507369614517 43.053571428571438 38.910000000000004 0.34722222222222049 1.0000000180025095e-35 -4.7749999999999995 0.18465909090909094 12.800000000000002 -3.9000000000000017 0.24038461538461542 1.0000000180025095e-35 1.5000000000000002 12.500000000000002 1.0000000180025095e-35 1.0275000000000003 0.68166666666666653 6.5149999999999944 0.14835164835164838 0.16025641025641027 34.95000000000001 0.31009615384615391
decision_type=2 2 2 2 2 2 2 2 2 2 2 2 2 2 2 2 2 2 2 2 2 2 2 2 2 2 2 2 2 2
left_child=1 2 3 -1 5 14 7 -7 -8 -6 11 -3 -13 -12 15 -2 -17 18 -16 -20 21 -21 -19 24 27 -25 -26 -24 29 -29
right_child=4 10 -4 -5 9 6 8 -9 -10 -11 13 12 -14 -15 17 16 -18 22 19 20 -22 -23 23 25 26 -27 -28 28 -30 -31
leaf_value=-0.070579997820779686 -0.022350170303668298 0.065502153158187873 0.084670157730579385 0.017092559832547392 -0.097401773658665716 0.093178255185484851 0.075099033226483869 -0.057940437017302761 -0.00078279298658554377 0.0014472810761071743 0.040760051421821125 -0.035406960906653566 0.032912823335537987 0.12326218888163568 0.025686232426336837 0.15029197737574573 0.0081980513838621292 -0.0017195413911120162 0.0014385874657069937 -0.059319134462963413 -0.0081087929755449296 -0.1581870085000992 -0.026589813412224151 0.033845834477859382 0.025068929994648156 -0.064274327854315444 0.12395388146241507 -0.03046298271417618 0.0041267590525840385 0.076789545565843595
leaf_weight=25 13.999999999999998 25 9.9999999999999982 13.999999999999998 11.000000000000002 10.000000000000002 29 19 12.999999999999998 9.9999999999999982 25 29 31 9.9999999999999982 13.999999999999998 10.000000000000002 12.999999999999998 3640 17 11.000000000000005 9.9999999999999982 9.9999999999999982 49 17 22 30 14.999999999999998 25 515 55
leaf_count=25 14 25 10 14 11 10 29 19 13 10 25 29 31 10 14 10 13 3640 17 11 10 10 49 17 22 30 15 25 515 55
internal_value=0.000548666 0.0189596 -0.013847 -0.0391078 -0.000133818 9.8473e-05 0.0281494 -0.00583054 0.0516118 -0.0503308 0.0323556 0.0191888 -0.000108406 0.0643321 -0.000347378 0.035043 0.069978 -0.000642964 -0.0311517 -0.0477294 -0.0746925 -0.106399 -0.000209919 0.00733819 0.00983121 -0.0287841 0.0651574 0.00665253 0.00939014 0.0432731
internal_weight=4728 169 49 39 4559 4538 71 29 42 21 120 85 60 35 4467 37 23 4430 62 48 31 21 4368 728 681 47 37 644 595 80
internal_count=4728 169 49 39 4559 4538 71 29 42 21 120 85 60 35 4467 37 23 4430 62 48 31 21 4368 728 681 47 37 644 595 80
is_linear=0
shrinkage=0.05


Tree=122
num_leaves=31
num_cat=0
split_feature=2 10 12 35 28 35 35 30 30 13 33 2 14 35 28 36 37 37 30 37 11 33 5 5 28 36 36 30 7 3
split_gain=21.4463 24.0941 25.4148 19.9417 24.4275 21.7777 34.3951 28.9459 26.1577 23.7822 20.2311 17.4386 21.4424 20.3985 27.149 73.9678 28.1937 41.5843 25.1956 22.8429 20.2955 24.0919 19.2544 17.6812 29.1865 15.6092 32.9585 25.6109 15.4042 18.9198
threshold=1.5000000000000002 3.5000000000000004 0.080128205128205135 4.0431944444444445 8.5000000000000018 3.0314748677248677 3.3883531746031754 40.75833333333334 42.653571428571439 1.0000000180025095e-35 12.500000000000002 9.5000000000000018 1.0000000180025095e-35 3.3140939153439155 6.5000000000000009 -1.6049999999999995 4.9666666666666686 5.8116666666666683 39.283333333333346 5.0816666666666679 0.39230769230769241 14.500000000000002 0.48333333333333339 0.14835164835164838 11.500000000000002 -4.7749999999999995 -3.9000000000000017 41.891666666666673 1.5000000000000002 1.5000000000000002
decision_type=2 2 2 2 2 2 2 2 2 2 2 2 2 2 2 2 2 2 2 2 2 2 2 2 2 2 2 2 2 2
left_child=1 3 -3 4 10 8 -7 -8 9 -6 -1 23 -13 14 15 -14 22 -18 -19 -17 21 -15 -16 24 -2 27 28 -25 29 -27
right_child=11 2 -4 -5 5 6 7 -9 -10 -11 -12 12 13 20 16 19 17 18 -20 -21 -22 -23 -24 25 -26 26 -28 -29 -30 -31
leaf_value=0.037472511375589025 -0.080690611219581432 -0.062689288420712239 0.021462527486054522 -0.030988770952591529 -0.058610076677392833 0.13070173105224966 0.107009477391839 0.00091174112425910104 0.090754858133467772 0.029612799137830739 -0.046101061267157392 0.0073754770489236751 0.11364983266050166 -0.052824615091085436 -0.054965519718825809 0.015510893962346013 0.031235821172595025 -0.11375102847814561 -0.034314492392505329 -0.073548464725414917 0.05881129629336871 0.02147920750624811 -0.14580538392066955 0.073780254392247446 0.018832846788259652 -0.06664646085765627 0.0012012995145204838 -0.0094479084842734873 0.02011921063065529 0.0037261636784443491
leaf_weight=14 17.000000000000004 17 19 12.999999999999998 10.999999999999998 15.999999999999998 10.000000000000002 18 10.999999999999998 25 15 97 10.999999999999998 20 14.000000000000002 12.000000000000002 20 12.999999999999998 43 18 12.999999999999998 24 9.9999999999999982 19 12.999999999999998 36 4138 18 9.9999999999999982 12.999999999999998
leaf_count=14 17 17 19 13 11 16 10 18 11 25 15 97 11 20 14 12 20 13 43 18 13 24 10 19 13 36 4138 18 10 13
internal_value=0.000521233 0.0180116 -0.0182758 0.0278338 0.0342062 0.0469412 0.0722212 0.0388038 0.0232747 0.00265581 -0.0057552 -0.000127127 -0.0118839 -0.0213191 -0.0315229 0.00274162 -0.0455714 -0.0306522 -0.0527551 -0.0379247 0.00392203 -0.0122953 -0.0928155 0.000686254 -0.0375638 0.000957274 0.000672227 0.0332909 -0.0364346 -0.0479762
internal_weight=4728 169 36 133 120 91 44 28 47 36 29 4559 295 198 141 41 100 76 56 30 57 44 24 4264 30 4234 4197 37 59 49
internal_count=4728 169 36 133 120 91 44 28 47 36 29 4559 295 198 141 41 100 76 56 30 57 44 24 4264 30 4234 4197 37 59 49
is_linear=0
shrinkage=0.05


Tree=123
num_leaves=31
num_cat=0
split_feature=6 5 29 30 30 14 17 32 34 29 21 0 0 36 36 31 31 29 29 36 34 34 31 30 4 4 31 0 0 5
split_gain=19.667 25.7593 28.5306 26.373 28.4957 27.8792 17.3303 33.0272 33.3755 17.8677 17.3015 152.446 50.4556 37.2126 36.7736 35.7141 69.0138 37.0565 36.3996 38.6696 29.0657 48.0688 28.8842 35.4885 25.1625 26.1384 25.8118 24.6233 72.5554 54.216
threshold=0.81534090909090928 0.77350427350427364 49.111666666666672 42.210000000000008 43.552777777777784 1.0000000180025095e-35 1.0000000180025095e-35 0.42261904761904767 76.500000000000014 46.500694444444456 1.0000000180025095e-35 1350.0000000000002 1500.0000000000002 1.0275000000000003 0.68166666666666653 8.2500000000000053 6.0999999999999988 43.479629629629635 44.625166666666672 -0.10000000000000105 49.500000000000007 34.500000000000007 16.825000000000006 39.283333333333346 0.22649572649572652 0.06458333333333334 13.100000000000007 1750.0000000000002 1350.0000000000002 0.19375000000000003
decision_type=2 2 2 2 2 2 2 2 2 2 2 2 2 2 2 2 2 2 2 2 2 2 2 2 2 2 2 2 2 2
left_child=1 6 3 5 -5 -3 10 8 -8 -9 27 -12 15 14 22 16 20 -17 19 -19 21 -13 -14 -24 25 26 -20 28 -1 -30
right_child=-2 2 -4 4 -6 -7 7 9 -10 -11 11 12 13 -15 -16 17 -18 18 24 -21 -22 -23 23 -25 -26 -27 -28 -29 29 -31
leaf_value=0.0030898371181457811 -0.047784288917734688 0.059431052698116549 -0.038682528757132018 0.1377722896635532 0.034399723211924235 -0.025145566947758199 -0.041209522161532092 0.014706465316056792 0.061741880401968957 0.054599782654448696 -0.065324579631047916 0.044023276660591366 0.0086137010244729788 -0.063667831756174562 0.096380108120766556 0.10207108988737067 -0.06507441994547844 -0.084618933809300245 0.1158970372422653 0.039850414257783157 0.099392444583085882 -0.06362435503729752 0.0084539394739650848 -0.081447519007183264 0.099207038628427613 0.018639062376614141 0.0287666256813442 0.0029062326052294819 -0.11694908421128417 -0.014135445444579378
leaf_weight=1160 21 19 12.999999999999998 12.000000000000002 14.999999999999998 20 37 72 9.9999999999999982 46 67 40 338 20 10.999999999999998 24 25 12.000000000000002 17 12.999999999999998 12.999999999999998 13.999999999999998 23 21 19 68 17 1610 12.999999999999998 938
leaf_count=1160 21 19 13 12 15 20 37 72 10 46 67 40 338 20 11 24 25 12 17 13 13 14 23 21 19 68 17 1610 13 938
internal_value=0.000495171 0.000710567 0.0290211 0.0423567 0.0803431 0.0160584 0.000227306 0.0161401 -0.019305 0.0302581 -0.000361002 0.0066105 0.0137507 0.00286271 0.00624849 0.0309139 0.00581991 0.0444942 0.0350295 -0.0198949 0.032273 0.0161146 0.00365307 -0.0344536 0.0463775 0.0365367 0.0723318 -0.00175118 -0.00530326 -0.0155409
internal_weight=4728 4707 79 66 27 39 4628 165 47 118 4463 742 675 413 393 262 92 170 146 25 67 54 382 44 121 102 34 3721 2111 951
internal_count=4728 4707 79 66 27 39 4628 165 47 118 4463 742 675 413 393 262 92 170 146 25 67 54 382 44 121 102 34 3721 2111 951
is_linear=0
shrinkage=0.05


Tree=124
num_leaves=31
num_cat=0
split_feature=6 5 35 35 32 14 11 2 32 34 11 35 6 30 30 34 28 21 30 30 5 35 31 34 34 34 36 34 30 35
split_gain=17.7494 23.2478 28.9861 18.2967 17.9628 41.8914 17.4941 15.6406 29.8071 30.1214 30.2561 16.246 18.0416 22.0478 20.6252 19.5226 16.7104 15.6146 23.7932 68.6258 44.5799 45.2709 40.4235 39.4511 43.0027 37.7357 58.2058 34.4011 32.9762 32.2437
threshold=0.81534090909090928 0.77350427350427364 2.6227670940170942 2.4545507369614517 0.63068181818181823 1.0000000180025095e-35 0.11805555555555557 1.5000000000000002 0.42261904761904767 76.500000000000014 0.40833333333333338 3.983160052910053 0.27922077922077926 40.183333333333344 42.883333333333347 84.500000000000014 28.500000000000004 1.0000000180025095e-35 39.216666666666676 39.56333333333334 0.39230769230769241 1.9622539682539684 17.710000000000012 124.50000000000001 36.500000000000007 31.500000000000004 -0.06999999999999991 138.50000000000003 34.175000000000004 1.8065476190476202
decision_type=2 2 2 2 2 2 2 2 2 2 2 2 2 2 2 2 2 2 2 2 2 2 2 2 2 2 2 2 2 2
left_child=1 7 4 -2 5 -3 -7 8 9 10 -1 12 15 -14 -15 -10 -17 -9 20 -20 -19 29 23 24 25 26 -21 -25 -23 -22
right_child=3 2 -4 -5 -6 6 -8 17 11 -11 -12 -13 13 14 -16 16 -18 18 19 22 21 28 -24 27 -26 -27 -28 -29 -30 -31
leaf_value=-0.074424768028699836 -0.089894134483554128 0.054327671577533092 0.069601239429579839 0.0035538949072360993 0.056646046844812538 -0.10269760876893995 -0.016109671510223831 -0.0016636208682106234 0.04404583033573415 0.058654787503182898 0.01880392666373934 -0.019870373159646987 0.12236061990261078 -0.010963561634222664 0.074652092509409962 -0.063790813200175753 0.016822372969343431 -0.03849313909123684 -0.095664717670944005 -0.013879153896671007 0.041542807671912881 -0.050995195178048951 -0.074431335646659144 0.071101442935469092 -0.011111468980156809 0.072324220490671928 0.083155106417834759 0.0063114036451138202 0.018973513362271821 0.12903431405623753
leaf_weight=23 11.000000000000002 14.999999999999998 27 9.9999999999999982 12.999999999999998 10.000000000000002 13.999999999999998 3721 35 9.9999999999999982 13.999999999999998 14.999999999999998 10.999999999999998 12.000000000000002 17 10.000000000000002 18 29 18 68 86 21 15.999999999999998 40 274 31 20 42 85 11.999999999999998
leaf_count=23 11 15 27 10 13 10 14 3721 35 10 14 15 11 12 17 10 18 29 18 68 86 21 16 40 274 31 20 42 85 12
internal_value=0.000470413 0.000675039 0.0275701 -0.0453951 0.0057462 -0.0112204 -0.052188 0.000215941 0.0153331 -0.0183397 -0.039149 0.0287452 0.0358251 0.0620872 0.0392249 0.0191508 -0.0119681 -0.000342952 0.00627997 0.000222197 0.0195135 0.0277595 0.0037374 0.00637045 -0.000211634 0.0248855 0.00817409 0.0379163 0.00511179 0.0522561
internal_weight=4728 4707 79 21 52 39 24 4628 165 47 37 118 103 40 29 63 28 4463 742 509 233 204 491 475 393 119 88 82 106 98
internal_count=4728 4707 79 21 52 39 24 4628 165 47 37 118 103 40 29 63 28 4463 742 509 233 204 491 475 393 119 88 82 106 98
is_linear=0
shrinkage=0.05


Tree=125
num_leaves=31
num_cat=0
split_feature=8 35 11 30 34 31 3 31 11 31 36 36 29 29 35 35 35 8 30 3 18 29 35 30 2 29 34 11 27 38
split_gain=23.1827 56.6038 64.0589 44.2882 48.0725 41.7592 36.9709 34.3282 38.8454 58.0316 61.7407 44.6211 42.241 35.7089 32.0894 30.0494 26.2202 25.4641 55.6416 33.3416 24.456 27.7248 24.1348 26.0783 23.4894 23.3178 20.5385 46.848 35.4759 51.2435
threshold=10.500000000000002 0.11578869047619018 0.27922077922077926 46.716666666666676 8.5000000000000018 4.7166666666666659 1.0000000180025095e-35 19.450000000000006 0.42261904761904767 9.5999999999999996 -0.86666666666666592 -1.9999999999999993 46.821666666666673 45.100173611111124 3.1341330891330892 2.322488839285715 2.9669553099017381 9.5000000000000018 47.616666666666674 1.0000000180025095e-35 1.0000000180025095e-35 43.62968750000001 2.7888066893424042 43.408333333333339 6.5000000000000009 48.718888888888891 47.500000000000007 0.51666666666666672 4.5000000000000009 0.91287878787878796
decision_type=2 2 2 2 2 2 2 2 2 2 2 2 2 2 2 2 2 2 2 2 2 2 2 2 2 2 2 2 2 2
left_child=1 2 -1 4 -3 24 -4 8 11 12 -11 -7 -10 15 16 -13 22 18 -5 -19 26 -22 23 -15 -6 -23 27 28 -2 -30
right_child=20 3 6 17 5 7 -8 -9 9 10 -12 13 -14 14 -16 -17 -18 19 -20 -21 21 25 -24 -25 -26 -27 -28 -29 29 -31
leaf_value=-0.15306004866957668 0.0011358652599339717 0.09740009848028422 -0.058660558983683588 0.10635213442146776 0.016217761716017357 -0.075784042494540863 0.038735282695607137 0.092490501701831818 0.065033154409717436 0.037155843526124957 -0.10984495805948974 -0.081640113579730195 -0.051587296649813652 0.085838260268792516 -0.01112796312570572 0.018442151816561819 0.11082525621168315 0.16240649480711325 -0.032911350764334206 0.039299676982177928 0.013937018184285416 -0.046979979193933749 -0.028027333437719126 0.027318888565802831 -0.064247347748993586 0.015665114174286524 0.001548004140919188 -0.033273189986523774 0.012936250346939307 -0.026974416853204588
leaf_weight=9.9999999999999982 1216 14.999999999999998 20 13.000000000000002 12.999999999999998 10.999999999999998 19 12.999999999999998 22 9.9999999999999982 25 11.999999999999998 11.999999999999998 32 25 20 15.999999999999998 11.000000000000002 15.999999999999998 10.999999999999998 38 85 10.999999999999998 47 30 18 2465 140 111 292
leaf_count=10 1216 15 20 13 13 11 19 13 22 10 25 12 12 32 25 20 16 11 16 11 38 85 11 47 30 18 2465 140 111 292
internal_value=-0.00100851 0.0102992 -0.04016 0.0170732 0.010054 0.0056721 -0.0112113 0.0133303 0.00909535 -0.0226505 -0.0678447 0.0216842 0.023873 0.0282618 0.0398284 -0.0190887 0.0518464 0.0602895 0.0295171 0.100853 -0.00208099 -0.0225654 0.0413612 0.0510229 -0.0399207 -0.0360323 -0.00139721 -0.00552453 -0.00312501 -0.0159817
internal_weight=4779 414 49 365 314 299 39 256 243 69 35 174 34 163 131 32 106 51 29 22 4365 141 90 79 43 103 4224 1759 1619 403
internal_count=4779 414 49 365 314 299 39 256 243 69 35 174 34 163 131 32 106 51 29 22 4365 141 90 79 43 103 4224 1759 1619 403
is_linear=0
shrinkage=0.05


Tree=126
num_leaves=31
num_cat=0
split_feature=8 35 11 30 34 31 9 31 11 28 31 36 29 32 35 27 8 30 3 18 29 4 0 29 35 35 2 29 4 4
split_gain=20.9224 51.0849 57.8132 39.9701 43.3854 37.6877 37.6614 30.9812 35.058 58.1967 98.5555 40.2706 32.2272 36.2476 27.1196 25.5484 22.9813 50.2166 30.0908 22.0716 25.0216 22.0346 21.8784 21.0444 19.5667 21.8251 19.7954 27.2464 26.4094 19.6033
threshold=10.500000000000002 0.11578869047619018 0.27922077922077926 46.716666666666676 8.5000000000000018 4.7166666666666659 0.10555555555555557 19.450000000000006 0.42261904761904767 3.5000000000000004 8.5645833333333332 -1.9999999999999993 45.100173611111124 0.85164835164835173 2.322488839285715 5.5000000000000009 9.5000000000000018 47.616666666666674 1.0000000180025095e-35 1.0000000180025095e-35 43.62968750000001 0.11805555555555557 1750.0000000000002 48.718888888888891 3.1341330891330892 2.9669553099017381 6.5000000000000009 47.649702380952391 0.24038461538461542 0.13809523809523813
decision_type=2 2 2 2 2 2 2 2 2 2 2 2 2 2 2 2 2 2 2 2 2 2 2 2 2 2 2 2 2 2
left_child=1 2 -1 4 -3 22 -4 8 11 -10 21 -7 14 24 -13 -12 17 -5 -18 -2 -21 -11 -6 -22 25 26 27 -14 29 -28
right_child=19 3 6 16 5 7 -8 -9 9 10 15 12 13 -15 -16 -17 18 -19 -20 20 23 -23 -24 -25 -26 -27 28 -29 -30 -31
leaf_value=-0.14540704868733884 -0.0013273483838626514 0.092530091839532064 -0.047419591695070269 0.10103452809584826 0.0021594665846542309 -0.071994841052219274 0.055007928955767837 0.087865976645396304 0.083923751318996598 -0.0038198518877228093 -0.064526956116780651 -0.077558107577109098 0.037922994742790851 -0.044987201131880289 0.017520043831318617 -0.15596703507683496 0.15428616946393789 -0.031265781819820405 0.037334692918441513 0.013240167577015727 -0.044630980057477516 0.096674878746271134 -0.069657914627653861 0.014881859305832121 0.0036163704300468621 0.11129744537174702 0.031129337508570068 0.14152527681805871 0.073289612849198646 -0.046314229873510512
leaf_weight=9.9999999999999982 4224 14.999999999999998 25 13.000000000000002 19 10.999999999999998 13.999999999999998 12.999999999999998 10.999999999999998 12.000000000000002 25 11.999999999999998 15.000000000000002 11.999999999999998 20 10.999999999999998 11.000000000000002 15.999999999999998 10.999999999999998 38 85 9.9999999999999982 24 18 22 14.999999999999998 22 10.999999999999998 21 12.999999999999998
leaf_count=10 4224 15 25 13 19 11 14 13 11 12 25 12 15 12 20 11 11 16 11 38 85 10 24 18 22 15 22 11 21 13
internal_value=-0.00095808 0.00978427 -0.038152 0.0162196 0.00955131 0.00538849 -0.0106507 0.0126637 0.00864058 -0.021518 -0.0415155 0.0206 0.0268487 0.037837 -0.0181343 -0.092467 0.057275 0.0280413 0.0958104 -0.00197694 -0.0214371 0.0418596 -0.0379247 -0.0342307 0.046189 0.0558446 0.0457008 0.0817547 0.0289615 0.00236458
internal_weight=4779 414 49 365 314 299 39 256 243 69 58 174 163 131 32 36 51 29 22 4365 141 22 43 103 119 97 82 26 56 35
internal_count=4779 414 49 365 314 299 39 256 243 69 58 174 163 131 32 36 51 29 22 4365 141 22 43 103 119 97 82 26 56 35
is_linear=0
shrinkage=0.05


Tree=127
num_leaves=31
num_cat=0
split_feature=8 30 31 29 32 30 31 31 28 36 38 38 11 3 28 11 36 8 30 11 2 36 33 3 4 0 0 22 36 4
split_gain=18.8825 31.9966 27.8166 29.431 35.3743 41.6578 27.6759 33.8058 41.0832 38.2155 31.6109 53.6842 41.601 40.2555 35.2528 33.4371 27.6446 28.5963 22.7833 24.0062 21.8088 21.1924 32.6498 30.3079 17.8497 16.7442 96.9433 43.3649 39.382 35.8109
threshold=10.500000000000002 46.07500000000001 16.725000000000005 48.718888888888891 0.42261904761904767 44.210000000000015 5.4535714285714301 6.0999999999999988 8.5000000000000018 -0.67321428571428577 0.88194444444444453 0.10555555555555557 0.32291666666666669 1.0000000180025095e-35 9.5000000000000018 0.32291666666666669 -0.69999999999999885 9.5000000000000018 38.910000000000004 0.32291666666666669 3.5000000000000004 -2.2000000000000015 9.5000000000000018 1.0000000180025095e-35 0.11805555555555557 1250.0000000000002 1350.0000000000002 1.0000000180025095e-35 0.10500000000000044 0.17424242424242428
decision_type=2 2 2 2 2 2 2 2 2 2 2 2 2 2 2 2 2 2 2 2 2 2 2 2 2 2 2 2 2 2
left_child=1 2 3 6 -5 -6 10 -8 18 -10 11 12 -1 -14 15 -12 21 -18 -9 -20 -11 22 -3 -23 -4 27 29 -2 -29 -27
right_child=25 16 24 4 5 -7 7 8 9 20 14 -13 13 -15 -16 -17 17 -19 19 -21 -22 23 -24 -25 -26 26 -28 28 -30 -31
leaf_value=-0.11513995602726937 0.0093841675172342421 0.11625482894480227 0.0057416784763336167 0.031684634089469914 0.0062686943195082905 -0.11723633652759924 0.081771117490198886 -0.020145372611780964 -0.081380603209254332 0.053520494787816834 -0.027222142154898717 0.07212121725259793 -0.052738542109727851 0.072061408869922169 0.025259110704064371 -0.12964321747422219 0.038424053560528498 0.14075139212337404 0.10474008321762085 0.031215859088115396 -0.010190467856591568 0.034366335204014407 -0.011514119058847427 -0.078401586684313684 0.09459593069668 -0.035711572880391028 -0.0025166658880569643 -0.026703689815934961 0.0070787129478188798 -0.11296757770081362
leaf_weight=9.9999999999999982 835 10 10.000000000000002 11.999999999999998 11.000000000000002 18 18 11.999999999999998 15.999999999999998 17 17 21 14.000000000000002 11.999999999999998 11.999999999999998 14.999999999999998 18 11.000000000000002 17 32 64 13 10 11 12.999999999999998 40 3117 193 156 24
leaf_count=10 835 10 10 12 11 18 18 12 16 17 17 21 14 12 12 15 18 11 17 32 64 13 10 11 13 40 3117 193 156 24
internal_value=-0.000910176 0.00929505 0.00286364 -0.000976923 -0.0405142 -0.0703896 0.00487517 0.0168477 0.00945135 -0.0107673 -0.0159878 0.00858848 -0.0284723 0.00486144 -0.0478253 -0.075232 0.0393377 0.0772379 0.0416024 0.0567243 0.00318097 0.014358 0.0523704 -0.017319 0.0559636 -0.0018781 -0.00376741 0.00319784 -0.0116032 -0.0646826
internal_weight=4779 414 341 318 41 29 277 176 158 97 101 57 36 26 44 32 73 29 61 49 81 44 20 24 23 4365 3181 1184 349 64
internal_count=4779 414 341 318 41 29 277 176 158 97 101 57 36 26 44 32 73 29 61 49 81 44 20 24 23 4365 3181 1184 349 64
is_linear=0
shrinkage=0.05


Tree=128
num_leaves=31
num_cat=0
split_feature=34 32 28 38 36 35 34 35 4 29 37 25 4 11 4 29 29 33 31 33 31 33 37 31 6 37 28 31 11 36
split_gain=20.0119 46.0822 36.1186 50.943 47.999 96.6858 75.4319 47.7672 44.6528 41.7665 63.8608 80.7943 52.3049 40.9393 38.139 36.9958 39.3281 36.0055 34.74 59.4332 43.5349 50.9514 43.1745 42.978 38.4198 37.3502 34.7229 43.7293 47.4648 50.5462
threshold=47.500000000000007 0.32291666666666669 11.500000000000002 0.96875000000000011 -0.20500000000000182 3.1935007440476197 50.500000000000007 1.4115064102564105 0.12916666666666668 46.500694444444456 4.5000000000000062 1.0000000180025095e-35 0.13809523809523813 0.36931818181818188 0.06458333333333334 45.717234848484857 50.031250000000007 12.500000000000002 7.718333333333331 14.500000000000002 6.0999999999999988 13.500000000000002 6.7550000000000017 6.5791666666666666 0.5590277777777779 4.8357142857142863 7.5000000000000009 12.000000000000005 0.19375000000000003 -0.02500000000000013
decision_type=2 2 2 2 2 2 2 2 2 2 2 2 2 2 2 2 2 2 2 2 2 2 2 2 2 2 2 2 2 2
left_child=1 18 3 9 5 6 7 -5 -9 -2 -11 12 14 15 -12 -8 17 -17 20 -20 -1 23 25 -22 -24 -21 -6 28 -28 -30
right_child=2 -3 -4 4 26 -7 13 8 -10 10 11 -13 -14 -15 -16 16 -18 -19 19 22 21 -23 24 -25 -26 -27 27 -29 29 -31
leaf_value=-0.0014894953831165226 0.0095359910338456873 -0.017725333275808261 -0.001601839223525723 -0.0083427769893949684 0.013966771646549829 -0.10413067722693087 0.063998457187643423 0.19312034466049882 0.063834030356477292 -0.11993704582838452 -0.062974517115799253 0.087486032024025925 -0.084150274567946326 -0.018894296196895172 0.040868397701221214 0.046360804614695633 0.071481087823447434 -0.028417238068456453 0.027337084145125642 -0.045240461081266406 -0.11928100565617734 0.00468654864281416 -0.049915538471494172 -0.034312661401117626 0.033438734710216522 0.03773698052867655 0.16547401134784406 0.011683403902376693 0.15906441049142317 0.041828381170385648
leaf_weight=984 158 505 2004 10.999999999999998 76 18 39 11.000000000000002 17 17 13.999999999999998 15.999999999999998 32 103 24 22 19 60 251 18 22 50 74 46 17 55 12.999999999999998 36 10.999999999999998 56
leaf_count=984 158 505 2004 11 76 18 39 11 17 17 14 16 32 103 24 22 19 60 251 18 22 50 74 46 17 55 13 36 11 56
internal_value=-0.000864668 -0.00464277 0.00190621 0.0112424 0.0207146 0.00822084 0.0153922 0.0799418 0.114625 -0.00661332 -0.0313861 -0.0138818 -0.0370516 0.00503239 0.00261048 0.0226356 0.0066638 -0.00835484 -0.000287659 0.0120422 -0.00493094 -0.0336291 -0.0113664 -0.0618024 -0.0343439 0.0172768 0.0402361 0.0574471 0.0780408 0.0610761
internal_weight=4779 2022 2757 753 492 300 282 39 28 261 103 86 70 243 38 140 101 82 1517 415 1102 118 164 68 91 73 192 116 80 67
internal_count=4779 2022 2757 753 492 300 282 39 28 261 103 86 70 243 38 140 101 82 1517 415 1102 118 164 68 91 73 192 116 80 67
is_linear=0
shrinkage=0.05


Tree=129
num_leaves=31
num_cat=0
split_feature=29 33 0 11 30 37 37 34 34 33 2 35 2 37 11 4 29 35 31 2 37 31 36 36 30 37 21 30 35 34
split_gain=18.7494 58.9336 47.8903 50.8571 47.0505 89.6558 44.917 41.467 45.4482 36.7037 50.4016 72.2478 47.7872 44.8173 34.628 42.9194 34.347 47.0793 40.9199 43.8609 35.0459 54.7362 55.683 60.6247 42.9529 36.7344 45.3825 50.4153 43.9819 40.6668
threshold=47.515257936507943 14.500000000000002 2250.0000000000005 0.06458333333333334 45.775000000000013 4.442222222222223 8.4066666666666716 25.500000000000004 22.500000000000004 10.500000000000002 7.5000000000000009 1.3612329931972791 8.5000000000000018 6.847083333333333 0.46410256410256417 0.12916666666666668 46.591904761904779 1.4115064102564105 17.710000000000012 2.5000000000000004 4.8357142857142863 14.800000000000002 -0.749999999999999 -0.08611111111111093 32.550000000000004 5.8116666666666683 1.0000000180025095e-35 35.516666666666673 2.5328766788766792 69.500000000000014
decision_type=2 2 2 2 2 2 2 2 2 2 2 2 2 2 2 2 2 2 2 2 2 2 2 2 2 2 2 2 2 2
left_child=4 6 3 -3 14 -6 7 8 9 10 13 -12 -11 -2 15 16 18 -18 19 -1 21 22 -21 -24 -22 28 27 -27 -26 -28
right_child=1 2 -4 -5 5 -7 -8 -9 -10 12 11 -13 -14 -15 -16 -17 17 -19 -20 20 24 -23 23 -25 25 26 29 -29 -30 -31
leaf_value=-0.053190972221394385 0.052557422782949829 -0.12235234409570694 0.099784377366304411 -0.0085419262573297721 -0.16977972326179347 -0.014392749020239202 -0.016119736468638568 0.022205170966325096 -0.10717233907092701 0.0013262562777685083 -0.011980708315968511 -0.17151416084644469 0.12803457921201533 -0.063574807749440285 -0.013705496232113611 -0.0050366406689636781 -0.036588809918612242 0.03897737950526739 -0.041058611303257449 0.095626695052935529 0.074584253408735798 0.074773464080962276 -0.067898398647084843 -0.0029678474960874927 0.011036753696812826 -0.11588739097118378 0.079117256933541019 -0.0011744667769518439 0.066018114518374207 -0.012707099181256796
leaf_weight=30 27 9.9999999999999982 9.9999999999999982 533 11.999999999999998 41 119 611 10.999999999999998 23 20.000000000000004 10.999999999999998 10.999999999999998 11.999999999999998 538 1642 24 146 48 12.999999999999998 31 22 40 355 88 9.9999999999999982 33 227 62 19
leaf_count=30 27 10 10 533 12 41 119 611 11 23 20 11 11 12 538 1642 24 146 48 13 31 22 40 355 88 10 33 227 62 19
internal_value=-0.000821434 0.00404897 -0.0086411 -0.0106379 -0.00283528 -0.0495747 0.0123538 0.017021 -0.0105229 -0.000300317 -0.0210017 -0.0685894 0.0423201 0.0168244 -0.00209093 0.000148719 0.00756541 0.0283092 0.00395964 0.00628316 0.00826563 -0.00204967 -0.0061921 -0.00954309 0.017703 0.0136864 0.00326629 -0.00601467 0.0337624 0.045566
internal_weight=4779 1398 553 543 3381 53 845 726 115 104 70 31 34 39 3328 2790 1148 170 978 930 900 430 408 395 470 439 289 237 150 52
internal_count=4779 1398 553 543 3381 53 845 726 115 104 70 31 34 39 3328 2790 1148 170 978 930 900 430 408 395 470 439 289 237 150 52
is_linear=0
shrinkage=0.05


Tree=130
num_leaves=31
num_cat=0
split_feature=8 31 31 8 0 35 29 11 30 29 5 5 36 31 11 2 2 11 2 36 8 30 30 30 7 4 8 29 36 2
split_gain=19.1579 32.4517 55.7594 36.263 48.7362 50.6414 48.1692 30.8801 24.8221 46.4535 42.4928 35.8662 41.3745 28.6177 24.5888 35.5198 28.33 33.5155 27.4339 23.5218 64.9003 36.7979 53.0424 43.1461 40.2529 35.852 54.5985 37.2418 33.5883 33.5223
threshold=13.500000000000002 13.550000000000002 13.199999999999999 12.500000000000002 1750.0000000000002 1.6680902777777784 43.359219104308401 0.57738095238095244 52.466666666666676 51.104166666666679 0.44949494949494956 0.53589743589743599 -1.8000000000000023 10.400000000000004 0.44949494949494956 9.5000000000000018 1.5000000000000002 0.72077922077922085 9.5000000000000018 -2.2874999999999974 10.500000000000002 45.583333333333336 42.605555555555561 46.622222222222227 1.0000000180025095e-35 0.22649572649572652 9.5000000000000018 46.115641025641033 -3.5999999999999992 5.5000000000000009
decision_type=2 2 2 2 2 2 2 2 2 2 2 2 2 2 2 2 2 2 2 2 2 2 2 2 2 2 2 2 2 2
left_child=1 2 8 6 5 -5 -3 -8 9 14 -10 13 -13 -11 18 16 -16 -18 19 20 -1 22 24 29 -21 27 -27 -26 -22 -23
right_child=-2 3 -4 4 -6 -7 7 -9 10 11 -12 12 -14 -15 15 -17 17 -19 -20 21 28 23 -24 -25 25 26 -28 -29 -30 -31
leaf_value=-0.047622758256586489 -0.0016910769228760327 0.097683994392199186 -0.075098624809280701 -0.072987171736630538 0.10528344934185346 0.051886276834674422 -0.007100847125508067 0.073808715721735585 -0.015212778214897424 0.023844157780210179 0.10406627992633731 -0.029027112706431313 -0.15860951597040351 -0.068266772937316159 0.044386628982611004 0.059804819855425101 -0.013471481287892249 -0.10280165794220837 -0.026553446185939453 -0.010461307635251811 0.0071939638039718078 -0.0011486252671793888 0.032038746750608547 0.014310668295492296 0.067234020676862988 -0.11179150022566318 0.015398657604776048 -0.012250599464168774 0.089765985080829044 -0.086027108232180294
leaf_weight=17 3289 13.999999999999998 23 10.999999999999998 27 31 127 12.999999999999998 14.000000000000002 24 15.999999999999998 14.000000000000002 10.999999999999998 12.999999999999998 20 18 231 10.999999999999998 51 247 18 19 229 46 56 9.9999999999999982 54 20 39 30
leaf_count=17 3289 14 23 11 27 31 127 13 14 24 16 14 11 13 20 18 231 11 51 247 18 19 229 46 56 10 54 20 39 30
internal_value=0.000421769 0.0052011 0.00202181 0.0227513 0.0528735 0.0191813 0.00925508 0.000412184 0.00349017 0.00234638 0.0484027 -0.0397789 -0.0860434 -0.00851914 0.00468668 -0.00813754 -0.0128053 -0.0175319 0.00898187 0.0112905 0.0381186 0.0084983 0.0129653 -0.0204668 0.00167897 0.0230979 -0.0044748 0.046317 0.0636906 -0.053115
internal_weight=4743 1454 1231 223 69 42 154 140 1208 1178 30 62 25 37 1116 280 262 242 836 785 74 711 616 95 387 140 64 76 57 49
internal_count=4743 1454 1231 223 69 42 154 140 1208 1178 30 62 25 37 1116 280 262 242 836 785 74 711 616 95 387 140 64 76 57 49
is_linear=0
shrinkage=0.05


Tree=131
num_leaves=31
num_cat=0
split_feature=34 29 35 35 37 36 38 37 6 5 9 33 30 29 33 33 32 34 32 5 33 35 36 38 30 29 37 37 36 37
split_gain=20.555 45.3508 46.7914 28.9237 53.0449 59.7285 43.8725 38.7122 39.1258 47.7945 43.6274 35.7267 42.9836 35.0212 31.4123 31.404 29.666 31.8324 28.9459 28.4315 28.2581 33.1897 36.3788 30.1976 32.3375 33.6854 34.3888 30.9153 29.1996 48.0008
threshold=23.500000000000004 37.850000000000001 2.0863797313797323 2.8949032738095237 2.9400000000000004 -0.4100000000000012 0.54195804195804198 3.9112500000000017 0.21825396825396828 0.39230769230769241 0.06458333333333334 8.5000000000000018 42.768333333333338 50.22095238095239 8.5000000000000018 12.500000000000002 0.19375000000000003 20.500000000000004 0.17424242424242428 0.48333333333333339 13.500000000000002 1.1078925241425239 -1.7000000000000013 0.86190476190476206 46.405000000000008 48.072500000000005 9.1999999999999993 1.9033333333333315 -0.95000000000000007 4.8000000000000034
decision_type=2 2 2 2 2 2 2 2 2 2 2 2 2 2 2 2 2 2 2 2 2 2 2 2 2 2 2 2 2 2
left_child=3 2 -2 4 5 -1 -5 -6 9 13 11 12 -10 -9 18 -16 17 -13 -12 -18 21 22 -3 24 25 26 -23 -25 29 -22
right_child=1 20 -4 6 7 -7 -8 8 10 -11 14 16 -14 -15 15 -17 19 -19 -20 -21 28 23 -24 27 -26 -27 -28 -29 -30 -31
leaf_value=0.1237162782251835 0.11762659981408537 0.0098359724446865082 -0.011328036586443584 -0.027743033323204148 -0.06986490242183209 -0.00014336674703820928 0.035524144687357991 -0.031866750057394568 0.09741397127509116 0.062356576683192423 -0.053832444424430519 -0.027937951680035034 -0.036413720250129698 0.051847572252154354 -0.021659932535378235 -0.093574453108012684 -0.1183303226501896 0.041893679171800619 -0.16901443600654603 -0.026519615777457758 -0.06881807727569883 -0.020943652379304865 0.066706782357489822 -0.055391300900986318 0.060676008348281567 -0.095389485465628768 0.075304248034954072 0.0089430732441776479 0.0019575559299358112 -0.0071709886384756401
leaf_weight=9.9999999999999982 17.000000000000004 70 11.999999999999998 40 40 365 87 57 15.000000000000002 29 12.000000000000002 47 9.9999999999999982 15.999999999999998 63 20 12.999999999999998 25 9.9999999999999982 24 33 129 47 19 12.999999999999998 13.999999999999998 9.9999999999999982 1087 1677 732
leaf_count=10 17 70 12 40 40 365 87 57 15 29 12 47 10 16 63 20 13 25 10 24 33 129 47 19 13 14 10 1087 1677 732
internal_value=0.00040068 0.00197499 0.0642661 -0.00648133 -0.0101903 0.00315956 0.0155975 -0.02333 -0.0178714 0.00805389 -0.0289357 -0.0100256 0.0438829 -0.0135184 -0.0530686 -0.0389887 -0.02239 -0.00369086 -0.106188 -0.0587774 0.00150345 0.00719731 0.0326815 0.00485325 -0.0150322 -0.021465 -0.0140193 0.00783787 -0.00173519 -0.00983027
internal_weight=4743 3860 29 883 756 375 127 381 341 102 239 134 25 73 105 83 109 72 22 37 3831 1389 117 1272 166 153 139 1106 2442 765
internal_count=4743 3860 29 883 756 375 127 381 341 102 239 134 25 73 105 83 109 72 22 37 3831 1389 117 1272 166 153 139 1106 2442 765
is_linear=0
shrinkage=0.05


Tree=132
num_leaves=31
num_cat=0
split_feature=34 29 35 0 29 31 29 6 6 6 6 6 2 5 8 5 30 37 37 33 28 31 29 6 4 5 31 38 27 5
split_gain=18.5509 40.9291 42.2292 29.3948 33.4716 41.48 33.4638 30.972 43.9526 31.9335 42.6021 59.1989 28.9118 58.9101 46.8689 43.0348 40.4933 28.3406 45.6085 33.007 28.0705 26.9315 53.8236 40.0705 36.9909 36.8547 26.9891 51.3976 35.1551 26.1648
threshold=23.500000000000004 37.850000000000001 2.0863797313797323 2050.0000000000005 41.638041666666673 10.1 54.675000000000004 0.74166666666666681 0.63961038961038974 0.62019230769230782 0.45804195804195807 0.43303571428571436 5.5000000000000009 0.36931818181818188 13.500000000000002 0.42261904761904767 38.516666666666673 8.9000000000000021 8.6062500000000028 8.5000000000000018 2.5000000000000004 5.1083333333333352 51.411666666666669 0.34523809523809529 0.32291666666666669 0.54195804195804198 7.8000000000000016 0.96875000000000011 3.5000000000000004 0.34523809523809529
decision_type=2 2 2 2 2 2 2 2 2 2 2 2 2 2 2 2 2 2 2 2 2 2 2 2 2 2 2 2 2 2
left_child=3 2 -2 4 5 7 17 8 9 10 11 12 14 29 -1 -16 -15 18 21 -19 -21 23 24 -6 26 -25 27 -23 -28 -14
right_child=1 -3 -4 -5 6 -7 -8 -9 -10 -11 -12 -13 13 16 15 -17 -18 19 -20 20 -22 22 -24 25 -26 -27 28 -29 -30 -31
leaf_value=-0.06476109244606712 0.1117452673614025 0.0014282807783343706 -0.010761636495590211 0.068472620099782944 -0.035191095679894917 0.097931589541787462 0.058337945703949248 0.082515561851588162 -0.064225053870015675 0.075849930622747974 -0.031227336906724509 0.081637204527854931 0.021462772023387075 -0.028880809279354783 -0.0048552225627329047 0.083699973962981913 0.074990883627906443 0.067200316477786098 -0.13252997279167175 -0.05582794074131095 0.011129609639851415 -0.04097185874978701 -0.15082283377647401 0.097408151378234234 0.027239165600875151 0.0016785938518061754 0.010571551701758762 -0.16732218333266 -0.056651605738372336 0.11166595466434957
leaf_weight=10.999999999999998 17.000000000000004 3831 11.999999999999998 12.999999999999998 72 10.999999999999998 13.999999999999998 10.999999999999998 27 13.999999999999998 90 25 41 152 23 34 9.9999999999999982 17 9.9999999999999982 23 49 30 9.9999999999999982 11.999999999999998 23 62 37 10.999999999999998 41 9.9999999999999982
leaf_count=11 17 3831 12 13 72 11 14 11 27 14 90 25 41 152 23 34 10 17 10 23 49 30 10 12 23 62 37 11 41 10
internal_value=0.000380646 0.00187624 0.0610528 -0.00615727 -0.00727243 0.0020079 -0.0176366 -0.000347367 -0.00243316 0.00163606 -0.000987662 0.00790636 0.00134668 -0.00771522 0.0297317 0.0479672 -0.022469 -0.0203158 -0.027497 0.00453611 -0.0102596 -0.0239724 -0.0387039 -0.00863554 -0.0308082 0.0172023 -0.0420275 -0.0748707 -0.0247637 0.0391497
internal_weight=4743 3860 29 883 870 459 411 448 437 410 396 306 281 213 68 57 162 397 308 89 72 298 152 146 142 74 119 41 78 51
internal_count=4743 3860 29 883 870 459 411 448 437 410 396 306 281 213 68 57 162 397 308 89 72 298 152 146 142 74 119 41 78 51
is_linear=0
shrinkage=0.05


Tree=133
num_leaves=31
num_cat=0
split_feature=34 29 0 29 29 34 4 37 37 37 30 37 36 34 36 5 9 30 28 5 37 34 36 4 34 21 29 29 36 36
split_gain=16.7422 36.9385 26.5288 30.2081 30.2011 30.1239 25.8605 25.5774 41.1616 24.4445 46.4436 50.2949 38.4765 55.4077 46.0717 40.7403 40.1561 35.607 39.2445 45.8851 46.3771 46.2594 39.8296 38.6373 35.748 51.3839 36.057 35.1285 50.3184 34.5391
threshold=23.500000000000004 37.850000000000001 2050.0000000000005 41.638041666666673 54.675000000000004 19.500000000000004 0.06458333333333334 8.9000000000000021 8.6062500000000028 3.9112500000000017 41.355000000000011 4.1591666666666685 0.80000000000000115 74.500000000000014 0.64999999999999958 0.65476190476190488 0.07417582417582419 41.612500000000004 27.500000000000004 0.62019230769230782 4.7000000000000002 139.50000000000003 0.29999999999999821 0.11805555555555557 37.500000000000007 1.0000000180025095e-35 48.832458333333342 45.858928571428571 -1.4000000000000015 0.38571428571428668
decision_type=2 2 2 2 2 2 2 2 2 2 2 2 2 2 2 2 2 2 2 2 2 2 2 2 2 2 2 2 2 2
left_child=2 6 3 5 7 -1 -2 8 -5 29 11 -11 14 16 17 -15 -14 -12 24 20 -20 -21 23 -22 25 26 27 28 -19 -3
right_child=1 9 -4 4 -6 -7 -8 -9 -10 10 12 -13 13 15 -16 -17 -18 18 19 21 22 -23 -24 -25 -26 -27 -28 -29 -30 -31
leaf_value=-0.00096651380732485032 0.0018017696216702456 0.028882139137813026 0.06504898892285732 -0.022773808158286411 0.055421049254281186 0.058996006135236138 0.097669543588862706 0.0043093034872010855 -0.12590347409248354 -0.039799394306557427 0.035582138805760333 -0.0045781293132273809 -0.13288483670912685 -0.015738639952703321 0.0544156386256218 0.071753738058032465 -0.026612015273422003 -0.096201878843399202 0.094613139966019888 0.033194600128465229 0.090407075635764916 -0.076039071168218342 -0.060240686971407678 0.019203728008679713 -0.0048358510558328544 0.059363606334146529 -0.015249052304508431 0.041153128836411 0.026867279248393102 0.0035487891896077458
leaf_weight=437 12.000000000000002 175 12.999999999999998 298 13.999999999999998 22 17 89 9.9999999999999982 110 93 1290 15.999999999999998 79 50 15.999999999999998 20 12.999999999999998 27 18 23 21 12.999999999999998 111 898 54 112 87 23 582
leaf_count=437 12 175 13 298 14 22 17 89 10 110 93 1290 16 79 50 16 20 13 27 18 23 21 13 111 898 54 112 87 23 582
internal_value=0.000361614 0.00178242 -0.0058494 -0.00690881 -0.0167548 0.00190751 0.0580001 -0.0193 -0.0261222 0.00135687 -0.000625118 -0.00734551 0.00499528 -0.0210205 0.00720402 -0.00100308 -0.0738444 0.00562292 0.00363277 0.0233948 0.0343816 -0.0256235 0.0233187 0.0314252 8.6598e-05 0.015382 0.00527554 0.0239646 -0.0175744 0.00940524
internal_weight=4743 3860 883 870 411 459 29 397 308 3831 3074 1400 1674 131 1543 95 36 1493 1400 213 174 39 147 134 1187 289 235 123 36 757
internal_count=4743 3860 883 870 411 459 29 397 308 3831 3074 1400 1674 131 1543 95 36 1493 1400 213 174 39 147 134 1187 289 235 123 36 757
is_linear=0
shrinkage=0.05


Tree=134
num_leaves=31
num_cat=0
split_feature=31 11 36 37 36 31 31 37 30 31 28 5 35 2 35 35 11 30 31 28 28 2 37 28 37 28 31 31 35 8
split_gain=16.5579 56.7033 44.086 29.0966 31.6826 39.1889 28.3541 42.2166 37.8927 37.5323 49.4463 57.2057 35.9094 26.8131 24.115 46.4343 26.9053 54.4979 32.1614 28.5361 28.7094 24.5865 23.8218 31.2634 23.6588 23.336 22.9839 22.9455 54.4388 27.0718
threshold=13.550000000000002 0.57738095238095244 -3.6999999999999988 3.9112500000000017 1.1874999999999993 14.249999999999998 14.483333333333336 7.0050000000000043 43.053571428571438 14.200000000000001 8.5000000000000018 0.43303571428571436 3.5604444444444447 5.5000000000000009 2.0735631613756618 1.3400961538461542 0.31009615384615391 41.995000000000005 15.7125 22.500000000000004 8.5000000000000018 6.5000000000000009 5.2483333333333286 6.5000000000000009 4.1591666666666685 48.500000000000007 16.25833333333334 13.000000000000005 1.9433705357142859 14.500000000000002
decision_type=2 2 2 2 2 2 2 2 2 2 2 2 2 2 2 2 2 2 2 2 2 2 2 2 2 2 2 2 2 2
left_child=27 2 -2 4 5 -4 7 8 9 10 -5 -12 14 -13 15 21 -17 18 -18 20 22 -8 -20 -24 -3 -7 -26 -1 29 -29
right_child=1 24 3 6 -6 25 12 -9 -10 -11 11 13 -14 -15 -16 16 17 -19 19 -21 -22 -23 23 -25 26 -27 -28 28 -30 -31
leaf_value=-0.00044190709065199997 -0.052217728118686114 0.00307311662896113 -0.038582007758892506 0.057515949116398894 -0.010078663011535823 0.064733253150070849 -0.045811084539116344 0.072801818477455524 0.073508349723286112 0.056287363328431789 0.042366196108715878 -0.033262565676122902 0.069152017901925475 -0.11415549067869074 -0.013008324754303375 0.049791935663986008 -0.067125633772876531 0.090255836068707351 0.050913178459741165 -0.060055371574484387 0.055444822111918084 0.0063223965510371188 0.015318513593890446 -0.1068336808681488 0.13491479403206277 -0.013318136673082005 0.044313812947699004 -0.017236330220475795 -0.042806215086537931 0.07103626767271444
leaf_weight=3636 34 10.999999999999998 12.999999999999998 14.999999999999998 41 74 49 32 18 19 13.999999999999998 20 17 21 354 59 18 17 10.000000000000002 12.999999999999998 31 42 11.000000000000002 9.9999999999999982 14.000000000000002 10.999999999999998 13.999999999999998 15.999999999999998 90 19
leaf_count=3636 34 11 13 15 41 74 49 32 18 19 14 20 17 21 354 59 18 17 10 13 31 42 11 10 14 11 14 16 90 19
internal_value=0.000343533 0.00612506 0.00368165 0.0057725 0.0268271 0.0422673 0.00197173 0.0224145 0.00734542 -0.00603585 -0.0229522 -0.044898 -0.00253151 -0.0746955 -0.00451624 0.00704607 0.0225514 0.00794051 -0.00710638 0.00729824 0.0214208 -0.0217495 -0.0126033 -0.0428492 0.0652053 0.0546325 0.0896143 -0.00116603 -0.0222292 0.0306831
internal_weight=4743 982 943 909 139 98 770 139 107 89 70 55 631 41 614 260 169 110 93 75 62 91 31 21 39 85 28 3761 125 35
internal_count=4743 982 943 909 139 98 770 139 107 89 70 55 631 41 614 260 169 110 93 75 62 91 31 21 39 85 28 3761 125 35
is_linear=0
shrinkage=0.05


Tree=135
num_leaves=31
num_cat=0
split_feature=6 34 9 0 8 20 29 29 36 38 38 10 36 10 30 36 4 28 29 9 32 37 34 36 8 34 30 7 34 32
split_gain=23.7283 38.6917 43.5806 39.0997 34.1244 29.9899 47.7112 34.9985 54.4818 37.6248 32.882 66.169 38.3662 37.3086 36.8213 32.4092 32.2743 34.0619 30.7201 27.8544 26.7191 25.8575 24.7597 24.2515 23.2752 57.0932 28.1537 39.0705 26.1771 54.095
threshold=0.21825396825396828 6.5000000000000009 0.12916666666666668 1750.0000000000002 14.500000000000002 1.0000000180025095e-35 49.536748866213159 46.591904761904779 0.80000000000000115 0.79285714285714304 0.92582417582417598 3.5000000000000004 -0.95000000000000007 1.5000000000000002 43.463333333333345 -1.4000000000000015 0.39230769230769241 11.500000000000002 48.461805555555564 0.069047619047619066 0.59166666666666679 8.1624999999999996 54.500000000000007 1.3499999999999983 10.500000000000002 26.500000000000004 39.516666666666673 1.5000000000000002 74.500000000000014 0.63961038961038974
decision_type=2 2 2 2 2 2 2 2 2 2 2 2 2 2 2 2 2 2 2 2 2 2 2 2 2 2 2 2 2 2
left_child=1 2 3 -1 -4 7 15 16 9 -9 11 -11 13 -12 20 -7 24 -18 -16 -17 -15 -20 -21 -10 25 -3 -26 28 -28 -30
right_child=-2 5 4 -5 -6 6 -8 8 23 10 12 -13 -14 14 18 19 17 -19 21 22 -22 -23 -24 -25 26 -27 27 -29 29 -31
leaf_value=-0.025644557252526286 -0.0013710515101939928 -0.035324642543370526 0.036921423870851011 0.063310643285512933 0.14038972059885663 0.073229050114750865 -0.12683595806360246 -0.072682668184861549 -0.075737344118810834 0.13905867975619104 0.095953059196472179 0.0052805520790187941 0.035944933546509926 0.006961390803284619 -0.081047223439734237 -0.076350053384279221 -0.089662880301475525 -0.0074297098223777384 0.0098095581239583535 -0.073010798841714866 0.083807348919411495 -0.060265974338269905 0.015662127320428151 0.0059717199997976426 0.010103350717618786 0.076630237049633454 -0.0065515755415633996 0.031130419105927395 -0.094756507780402899 -0.012428937623725397
leaf_weight=30 3495 18 17 21 14.999999999999998 9.9999999999999982 9.9999999999999982 9.9999999999999982 21 18 9.9999999999999982 19 189 46 19 18 20 34 49 9.9999999999999982 14.999999999999998 18 37 15.999999999999998 283 31 111 41 32 53
leaf_count=30 3495 18 17 21 15 10 10 10 21 18 10 19 189 46 19 18 20 34 49 10 15 18 37 16 283 31 111 41 32 53
internal_value=0.000725236 0.00672566 0.0396831 0.0109841 0.0854222 0.00432192 -0.0242468 0.00662803 0.0176001 0.0230611 0.0255609 0.0703618 0.0207701 0.00250222 -0.00385498 -0.0105683 -0.000945017 -0.0378864 -0.0249304 -0.0234602 0.0258579 -0.0090167 -0.00320445 -0.0404037 0.00256085 0.035504 -0.000543407 -0.0132566 -0.0225417 -0.0434228
internal_weight=4716 1221 83 51 32 1138 85 1053 430 393 383 37 346 157 147 75 623 54 86 65 61 67 47 37 569 49 520 237 196 85
internal_count=4716 1221 83 51 32 1138 85 1053 430 393 383 37 346 157 147 75 623 54 86 65 61 67 47 37 569 49 520 237 196 85
is_linear=0
shrinkage=0.05


Tree=136
num_leaves=31
num_cat=0
split_feature=4 35 36 0 32 9 36 35 30 30 8 36 5 27 5 36 2 35 35 34 7 30 37 10 36 36 34 4 37 33
split_gain=21.2079 57.5604 35.2891 43.4276 41.5798 29.7413 29.704 29.4823 28.7288 30.4073 37.0442 25.0115 39.7567 40.9463 38.5917 31.3562 31.5557 27.6689 39.6191 33.37 63.4154 34.8076 30.8342 26.0108 40.3375 41.0498 49.4724 35.848 34.7868 33.2859
threshold=0.19375000000000003 0.30782106782106816 -2.3000000000000029 1500.0000000000002 0.27922077922077926 0.18465909090909094 2.0000000000000013 3.8014841269841257 45.890000000000015 40.610000000000007 14.500000000000002 0.39999999999999919 0.59166666666666679 12.500000000000002 0.60769230769230786 0.37000000000000072 3.5000000000000004 3.2129166666666675 3.1095357142857147 53.500000000000007 1.0000000180025095e-35 42.416666666666679 5.6000000000000041 3.5000000000000004 -0.010555555555555625 -0.83166666666666678 45.500000000000007 0.32291666666666669 5.5929166666666648 13.500000000000002
decision_type=2 2 2 2 2 2 2 2 2 2 2 2 2 2 2 2 2 2 2 2 2 2 2 2 2 2 2 2 2 2
left_child=-1 8 3 4 -3 -5 11 -8 9 10 -2 15 13 -13 -14 16 -4 18 19 23 -21 -22 -23 -18 25 29 27 28 -27 -25
right_child=1 2 6 5 -6 -7 7 -9 -10 -11 -12 12 14 -15 -16 -17 17 -19 -20 20 21 22 -24 24 -26 26 -28 -29 -30 -31
leaf_value=-0.0015529456041991482 -0.00070571795105934144 0.08730189891961905 -0.014896826506189004 -0.072172998765017843 -0.021537913429481841 0.016215231517950693 0.12607409000396724 0.0046609587175771598 -0.024772194586694243 0.10843018407330794 0.062778719193819499 -0.017302991591789055 0.092593346693013848 0.034569888295562463 -0.0011541787391671767 0.08935507433488965 0.016600649365715273 0.059241357396046329 -0.083968148041855206 0.039174329385642664 -0.029874471426763406 0.067194194119909539 -0.016604907952603842 -0.069669748398084805 -0.082018850871214743 0.054637190001085391 -0.045188998705462412 0.093655926796297237 -0.064241563379764555 -0.0029249146659957605
leaf_weight=3259 40 12.999999999999998 127 46 27 11.999999999999998 10.000000000000002 9.9999999999999982 15.999999999999998 17 54 330 19 43 26 11.999999999999998 127 30 10.999999999999998 209 68 23 21 31 19 16.000000000000004 19 24 9.9999999999999982 47
leaf_count=3259 40 13 127 46 27 12 10 10 16 17 54 330 19 43 26 12 127 30 11 209 68 23 21 31 19 16 19 24 10 47
internal_value=0.000688974 0.00570367 0.00263268 -0.0262446 0.013835 -0.0538858 0.00492974 0.0653675 0.0378644 0.0468931 0.0357641 0.00393242 -0.00596703 -0.011323 0.0384281 0.00914397 0.00791311 0.0123358 0.0100843 0.0117693 0.0229057 -0.00745268 0.0271992 -0.000431325 -0.0134618 -0.0046007 0.0234917 0.0495904 0.00891459 -0.0294517
internal_weight=4716 1457 1330 98 40 58 1232 20 127 111 94 1212 418 373 45 794 782 655 625 614 321 112 44 293 166 147 69 50 26 78
internal_count=4716 1457 1330 98 40 58 1232 20 127 111 94 1212 418 373 45 794 782 655 625 614 321 112 44 293 166 147 69 50 26 78
is_linear=0
shrinkage=0.05


Tree=137
num_leaves=31
num_cat=0
split_feature=0 0 21 0 22 34 7 30 30 30 37 28 34 30 36 36 12 30 30 31 33 0 30 34 0 2 31 32 32 30
split_gain=20.8853 155.744 45.018 49.5018 39.1407 36.6831 35.7046 40.5075 52.506 44.9643 50.8725 41.8317 32.4944 31.8818 30.9552 31.8765 30.1489 30.1632 29.7005 32.4603 28.5242 27.3433 30.1297 39.7944 29.9679 42.9407 34.7987 32.5751 36.753 29.7168
threshold=1250.0000000000002 1350.0000000000002 1.0000000180025095e-35 1500.0000000000002 1.0000000180025095e-35 147.50000000000003 2.5000000000000004 37.925000000000011 32.050000000000004 40.88333333333334 3.8749999999999982 3.5000000000000004 152.50000000000003 41.815000000000012 0.89999999999999936 -0.20500000000000182 0.06458333333333334 46.112500000000004 41.114285714285721 7.2833333333333359 15.500000000000002 1750.0000000000002 40.39500000000001 17.500000000000004 1850.0000000000002 8.5000000000000018 7.8416666666666659 0.13809523809523813 0.67708333333333337 47.616666666666674
decision_type=2 2 2 2 2 2 2 2 2 2 2 2 2 2 2 2 2 2 2 2 2 2 2 2 2 2 2 2 2 2
left_child=4 -2 21 6 -1 13 7 8 -4 10 -9 -10 -7 -6 15 -5 17 -17 -11 -20 -15 22 -3 -24 -23 27 -27 -26 -29 -25
right_child=1 2 3 14 5 12 -8 9 11 18 -12 -13 -14 20 -16 16 -18 -19 19 -21 -22 24 23 29 25 26 -28 28 -30 -31
leaf_value=0.01229074198012374 -0.075661702535074704 -0.018848234377088244 0.012068385980091989 -0.0061450556522501852 -0.017144919233867014 0.11566371673887424 -0.042889984729973712 0.08436531630846171 0.18574287652969362 0.12360242873430252 -0.02277445597698291 0.07080809126951193 -0.0033100318784515062 0.062489973266841851 -0.061826571626098538 0.0060460353708442528 0.090555056333541883 0.086915729825313273 0.07183139451286373 0.010494449658919189 -0.031291448945800465 0.0043420905741195564 -0.053168820827785471 0.0025721818529214568 0.028375671509032446 -0.010317122761625797 0.064337862365775642 -0.044579855872833175 0.017302217540042155 -0.068655669788519544
leaf_weight=836 69 444 32 276 297 11.000000000000002 17 12.999999999999998 9.9999999999999982 9.9999999999999982 75 38 11.999999999999998 25 19 102 14.999999999999998 12.999999999999998 34 59 11.999999999999998 1374 36 616 24 37 27 139 29 14.999999999999998
leaf_count=836 69 444 32 276 297 11 17 13 10 10 75 38 12 25 19 102 15 13 34 59 12 1374 36 616 24 37 27 139 29 15
internal_value=0.000654525 -0.00128175 0.000204125 0.0113962 0.00637247 -0.00748658 0.0274004 0.0318098 0.0616791 0.0192991 -0.00694699 0.0947528 0.0535905 -0.0116925 0.000551025 0.00347017 0.023884 0.0151878 0.041723 0.0329187 0.0320744 -0.00270721 -0.00875613 -0.00203815 0.00141571 -0.0142907 0.0211779 -0.0261136 -0.0338978 0.000878968
internal_weight=4716 3523 3454 713 1193 357 288 271 80 191 88 48 23 334 425 406 130 115 103 93 37 2741 1111 667 1630 256 64 192 168 631
internal_count=4716 3523 3454 713 1193 357 288 271 80 191 88 48 23 334 425 406 130 115 103 93 37 2741 1111 667 1630 256 64 192 168 631
is_linear=0
shrinkage=0.05


Tree=138
num_leaves=31
num_cat=0
split_feature=6 34 9 0 34 35 11 20 35 29 35 36 29 36 4 28 6 33 37 11 0 38 38 10 11 6 37 28 36 11
split_gain=20.0778 32.157 37.8854 35.1473 27.2054 28.049 45.8125 27.293 49.6579 53.0451 28.7972 30.9665 26.0141 35.0253 29.8898 31.7745 29.4515 30.4948 32.4661 27.0679 24.181 23.7756 23.3111 50.0352 32.6981 23.2712 22.003 21.8316 22.3983 25.2601
threshold=0.21825396825396828 6.5000000000000009 0.12916666666666668 1750.0000000000002 13.500000000000002 0.30782106782106816 0.43303571428571436 1.0000000180025095e-35 2.1438113275613282 48.236130952380961 0.86989583333333476 0.39999999999999919 46.591904761904779 -0.1999999999999966 0.39230769230769241 11.500000000000002 -0.11805555555555554 10.500000000000002 5.9400000000000004 0.59166666666666679 1500.0000000000002 0.96875000000000011 0.92582417582417598 3.5000000000000004 0.19375000000000003 0.12916666666666668 7.1000000000000041 63.500000000000007 1.6200000000000012 0.40833333333333338
decision_type=2 2 2 2 2 2 2 2 2 2 2 2 2 2 2 2 2 2 2 2 2 2 2 2 2 2 2 2 2 2
left_child=1 2 3 -1 -3 6 -6 10 21 -10 20 12 14 22 16 -16 -12 18 -18 -19 -7 -9 23 -14 -24 -4 -26 28 29 -13
right_child=-2 4 25 -5 5 7 -8 8 9 -11 11 27 13 -15 15 -17 17 19 -20 -21 -22 -23 24 -25 26 -27 -28 -29 -30 -31
leaf_value=-0.025299127002557122 -0.0013065027712085865 -0.040102615864837876 0.11643679804272122 0.059040338581516631 0.11425176918506619 0.020146027097807214 -0.013988234675847568 -0.010033470094203948 -0.025659223903408825 -0.15160173356533052 -0.067179035519560185 -0.025113789843490875 0.12787216284445355 0.06141335225797126 -0.11097431778907772 0.0044898052771504115 0.097556544840335824 0.0026299020799831685 -0.0093870719725435425 0.066220492890311608 -0.051894817641004926 0.098997618854045857 0.068522476269440219 0.0018397022142178485 -0.008469403450995559 0.03048511844660555 0.028874683856837832 0.049531119585865077 0.031207274428486604 0.0052578224388302348
leaf_weight=30 3495 34 18 21 15.000000000000002 17 12.999999999999998 10 51 9.9999999999999982 11.999999999999998 156 13.999999999999998 56 11.000000000000002 12.999999999999998 20.000000000000004 238 10.999999999999998 18 37 10 22 18 119 13.999999999999998 59 18 34 122
leaf_count=30 3495 34 18 21 15 17 13 10 51 10 12 156 14 56 11 13 20 238 11 18 37 10 22 18 119 14 59 18 34 122
internal_value=0.000621799 0.00614139 0.0361871 0.00942889 0.00395 0.0053067 0.0547118 0.00402106 -0.0238888 -0.0463055 0.00629313 0.0083308 0.0149967 0.0259226 0.00525468 -0.0484313 0.00956391 0.0127727 0.0596088 0.00710112 -0.0292153 0.0444821 0.0173559 0.0569789 0.0110162 0.0788329 0.00390869 -0.00401118 -0.00710016 -0.0117852
internal_weight=4716 1221 83 51 1138 1104 28 1076 81 61 995 941 611 288 323 24 299 287 31 256 54 20 232 32 200 32 178 330 312 278
internal_count=4716 1221 83 51 1138 1104 28 1076 81 61 995 941 611 288 323 24 299 287 31 256 54 20 232 32 200 32 178 330 312 278
is_linear=0
shrinkage=0.05


Tree=139
num_leaves=31
num_cat=0
split_feature=0 0 21 0 35 22 34 11 11 7 36 29 9 37 29 29 37 37 34 36 36 8 31 32 7 37 11 29 0 29
split_gain=19.2394 139.658 40.9643 44.6075 38.7122 35.5391 32.8204 31.8914 32.4631 43.2371 34.2894 30.377 30.2812 30.0931 31.229 43.756 65.1302 46.6 29.1964 27.7123 28.3258 35.138 41.7694 36.0304 30.0762 25.5521 25.5375 25.008 24.4354 31.5164
threshold=1250.0000000000002 1350.0000000000002 1.0000000180025095e-35 1500.0000000000002 2.8650174362674359 1.0000000180025095e-35 147.50000000000003 0.46410256410256417 0.40833333333333338 2.5000000000000004 -0.20500000000000182 44.988444444444447 0.13809523809523813 8.8449999999999971 45.064226190476191 45.39361111111112 4.8207142857142875 4.1591666666666685 152.50000000000003 0.89999999999999936 -0.20500000000000182 15.500000000000002 8.2500000000000053 0.31009615384615391 1.0000000180025095e-35 5.7547222222222238 0.5590277777777779 44.07010101010102 1750.0000000000002 45.502654320987659
decision_type=2 2 2 2 2 2 2 2 2 2 2 2 2 2 2 2 2 2 2 2 2 2 2 2 2 2 2 2 2 2
left_child=5 -2 28 4 7 -1 26 8 9 12 -10 -9 13 14 25 -16 17 -17 -8 20 -5 22 -22 24 -23 27 -7 -4 29 -3
right_child=1 2 3 19 -6 6 18 11 10 -11 -12 -13 -14 -15 15 16 -18 -19 -20 -21 21 23 -24 -25 -26 -27 -28 -29 -30 -31
leaf_value=0.011718132729813653 -0.071701900728478804 -0.018190760889110414 -0.0011921822828681846 -0.0057813407056897456 0.088231911396850715 -0.014103637661691463 0.10948369882323522 -0.093786827271634857 0.030919415397303446 -0.082211150825023657 0.13194006138614245 0.0096587611362338073 0.090281095542013648 0.091544237904823744 0.12641628222032028 0.027153351530432704 -0.029766368248632977 0.14627132353683311 -0.0032910301660497988 -0.058499241267379966 0.10896253756114416 -0.068976894506941666 0.017020509062955779 0.035836788534353944 0.018727906574221218 0.045360348513349892 0.05265252706905206 -0.068177916372025568 0.0012596981296838677 -0.0011449542128867448
leaf_weight=836 69 470 38 276 23 319 11.000000000000002 11.000000000000002 21 9.9999999999999982 13.999999999999998 20 15.999999999999998 12.999999999999998 10.999999999999998 26 35 11.999999999999998 11.999999999999998 19 21 23 30 39 17 15.999999999999998 14.999999999999998 22 1630 641
leaf_count=836 69 470 38 276 23 319 11 11 21 10 14 20 16 13 11 26 35 12 12 19 21 23 30 39 17 16 15 22 1630 641
internal_value=0.000590709 -0.00126771 0.000139346 0.0108157 0.0260081 0.00607872 -0.00712729 0.0206075 0.0269208 0.0191106 0.0713277 -0.0270477 0.0244715 0.0183851 0.0124409 0.0334524 0.0194441 0.0647696 0.0506447 0.000520549 0.00328256 0.0225259 0.054879 0.00163975 -0.0317024 -0.0107823 -0.0111056 -0.0257536 -0.00263782 -0.00835605
internal_weight=4716 3523 3454 713 288 1193 357 265 234 199 35 31 189 173 160 84 73 38 23 425 406 130 51 79 40 76 334 60 2741 1111
internal_count=4716 3523 3454 713 288 1193 357 265 234 199 35 31 189 173 160 84 73 38 23 425 406 130 51 79 40 76 334 60 2741 1111
is_linear=0
shrinkage=0.05


Tree=140
num_leaves=31
num_cat=0
split_feature=32 35 31 12 4 34 37 36 28 32 32 32 28 33 35 34 34 14 31 34 28 33 35 30 36 37 35 28 36 21
split_gain=23.0257 59.821 41.7986 26.1617 39.0962 25.4588 62.2106 53.911 37.44 32.2316 27.9639 42.7683 37.8311 28.7558 36.2461 33.2253 53.1251 31.4142 32.8623 31.3378 48.3014 41.5486 27.7573 28.6782 53.4373 37.6743 35.3852 34.4377 42.7225 33.7548
threshold=0.73030303030303034 3.295244391025641 14.800000000000002 0.12916666666666668 0.26969696969696971 91.500000000000014 7.2000000000000028 -1.7899999999999989 21.500000000000004 0.63961038961038974 0.39230769230769241 0.44097222222222227 13.500000000000002 9.5000000000000018 2.5264985014985029 75.500000000000014 73.500000000000014 1.0000000180025095e-35 10.216666666666667 81.500000000000014 11.500000000000002 11.500000000000002 2.0070259353741506 39.158333333333339 1.4414285714285719 4.1591666666666685 2.1356790123456793 20.500000000000004 0.94999999999999984 1.0000000180025095e-35
decision_type=2 2 2 2 2 2 2 2 2 2 2 2 2 2 2 2 2 2 2 2 2 2 2 2 2 2 2 2 2 2
left_child=5 3 -3 -2 -5 10 7 -7 -8 -10 12 -12 -1 14 -13 16 -15 18 -17 21 -21 -19 -9 -24 25 26 -25 28 -28 -29
right_child=1 2 -4 4 -6 6 8 22 9 -11 11 13 -14 15 -16 17 -18 19 -20 20 -22 -23 23 24 -26 -27 27 29 -30 -31
leaf_value=0.0040119008690268953 -7.1682630086449984e-05 -0.036077423081607433 -0.14709055274724961 -0.091873462889343505 -0.0069371824418859827 -0.1101560366898775 0.081093006894613309 0.034209594525760272 -0.010585228376316303 0.074159858255263639 -0.023271828811688107 0.004178693956312012 -0.052516188882291315 9.4801203410980513e-05 0.076718151529964362 0.052397364070234091 0.092985723201854859 -0.16090069358999073 -0.022273832432380538 0.068734741831819213 -0.041002898773018152 -0.036189281414536867 0.022488157520851784 -0.10884887020175274 0.051680937036871911 0.0011369281839055327 -0.10659661619436174 -0.019016240574419502 0.015040823952718217 0.067204890932355613
leaf_weight=2208 549 37 10.999999999999998 20 42 9.9999999999999982 45 82 33 17 283 51 30 405 26 23 15.999999999999998 11.000000000000002 41 11.999999999999998 61 17 155 12.999999999999998 43 391 21 60 10.999999999999998 13.999999999999998
leaf_count=2208 549 37 11 20 42 10 45 82 33 17 283 51 30 405 26 23 16 11 41 12 61 17 155 13 43 391 21 60 11 14
internal_value=0.000900945 -0.00777093 -0.0615179 -0.00354858 -0.034336 0.00230197 0.00975249 0.00520986 0.0480062 0.0182281 0.000207677 -0.00699952 0.00325415 -5.37281e-05 0.0286725 -0.00382834 0.0036251 -0.0228459 0.00456113 -0.0402127 -0.0229638 -0.0851831 0.00667019 0.0034806 -0.00184702 -0.00636016 -0.0309935 -0.0214451 -0.0647837 -0.00270413
internal_weight=4738 659 48 611 62 4079 895 800 95 50 3184 946 2238 663 77 586 421 165 64 101 73 28 790 708 553 510 119 106 32 74
internal_count=4738 659 48 611 62 4079 895 800 95 50 3184 946 2238 663 77 586 421 165 64 101 73 28 790 708 553 510 119 106 32 74
is_linear=0
shrinkage=0.05


Tree=141
num_leaves=31
num_cat=0
split_feature=8 30 34 36 36 34 32 35 25 35 35 36 36 11 35 29 5 34 29 11 36 11 7 10 31 30 8 34 38 30
split_gain=25.1703 36.3223 26.6452 32.6859 39.1135 23.0468 18.1859 41.4556 29.2601 51.0388 41.5229 58.1761 45.943 36.0127 35.5608 48.4458 34.1921 32.9203 33.7135 36.1093 42.4288 40.3966 41.1524 39.9035 32.685 40.1237 77.4436 50.378 38.274 42.1737
threshold=8.5000000000000018 40.707142857142863 64.500000000000014 -1.8949999999999987 -0.69999999999999885 36.500000000000007 0.73030303030303034 3.295244391025641 1.0000000180025095e-35 0.51366931216931222 1.6548809523809516 -0.75000000000000122 -2.1166666666666676 0.22649572649572652 0.86989583333333476 48.20083333333335 0.54195804195804198 28.500000000000004 48.072500000000005 0.27922077922077926 -0.4100000000000012 0.31009615384615391 1.0000000180025095e-35 1.5000000000000002 7.400000000000003 44.720000000000013 12.500000000000002 52.500000000000007 0.80625000000000013 44.010000000000005
decision_type=2 2 2 2 2 2 2 2 2 2 2 2 2 2 2 2 2 2 2 2 2 2 2 2 2 2 2 2 2 2
left_child=1 -1 3 -3 -5 -6 8 -8 17 13 11 12 14 -10 -11 -16 -13 18 19 20 23 22 -21 -2 25 26 -12 -27 -26 -30
right_child=6 2 -4 4 5 -7 7 -9 9 10 24 16 -14 -15 15 -17 -18 -19 -20 21 -22 -23 -24 -25 28 27 -28 -29 29 -31
leaf_value=0.071648375033400963 0.11147920410422718 0.053918242057164514 0.065458411375681563 -0.10030324810317588 0.041338142706081257 -0.05032697667678198 -0.003964433413922437 -0.053225188799526382 -0.015979227224985761 -0.10284553521445819 0.096785054712191884 -0.11467679381370544 0.027525077201426031 0.071775160561192708 -0.047407108843326572 0.078509519316933382 -0.016612909911782481 0.0024738837377653411 -0.03256519881560821 -0.10554562325335362 -0.0024417782099554683 -0.008565473556631854 0.012899470193819566 0.022574398442342575 -0.064459962397813805 -0.0012626012787222863 -0.0076177443520954033 -0.10023592092096806 0.022093410770009675 0.082417009332600766
leaf_weight=30 17 14.999999999999998 14.999999999999998 13.999999999999995 16.000000000000007 11.999999999999998 597 46 14.999999999999998 13.999999999999998 23 20 70 53 25 10.999999999999998 15.999999999999998 2578 129 22 154 411 10.999999999999998 49 10.999999999999998 36 78 20 196 34
leaf_count=30 17 15 15 14 16 12 597 46 15 14 23 20 70 53 25 11 16 2578 129 22 154 411 11 49 11 36 78 20 196 34
internal_value=0.000855897 0.0254249 0.00616515 -0.00943834 -0.0320657 0.00205309 0.000315337 -0.00748853 0.00157201 0.0115362 0.00651828 -0.0153461 0.00137787 0.0524176 -0.0352282 -0.00893258 -0.0710928 -0.000266538 -0.0091755 -0.00463142 0.011933 -0.012839 -0.0660639 0.0454741 0.0150883 -0.00266433 0.0161572 -0.0366102 0.0266532 0.0310108
internal_weight=4738 102 72 57 42 28 4636 643 3993 622 554 156 120 68 50 36 36 3371 793 664 220 444 33 66 398 157 101 56 241 230
internal_count=4738 102 72 57 42 28 4636 643 3993 622 554 156 120 68 50 36 36 3371 793 664 220 444 33 66 398 157 101 56 241 230
is_linear=0
shrinkage=0.05


Tree=142
num_leaves=31
num_cat=0
split_feature=8 30 0 36 36 11 30 30 34 11 24 7 37 31 37 36 31 32 11 29 28 7 30 37 36 31 3 34 33 5
split_gain=22.7162 32.9523 52.7032 30.6282 43.9659 22.1759 17.9201 49.9463 53.7081 32.1969 33.9792 39.8218 32.4488 37.1325 31.3624 69.8546 45.0436 59.0993 43.6384 48.9039 43.1465 45.9315 61.3389 40.988 44.5478 40.7932 42.0846 36.0121 37.9949 33.0481
threshold=8.5000000000000018 42.32 1750.0000000000002 -1.8949999999999987 -1.2333333333333323 0.36931818181818188 42.07083333333334 42.00555555555556 83.500000000000014 0.06458333333333334 1.0000000180025095e-35 1.5000000000000002 11.152777777777784 1.391666666666673 4.9666666666666686 -1.4499999999999973 8.660833333333338 0.45804195804195807 0.21825396825396828 47.795833333333341 8.5000000000000018 2.5000000000000004 43.258333333333347 3.2958333333333316 0.38571428571428668 13.912500000000007 1.5000000000000002 22.500000000000004 14.500000000000002 0.57738095238095244
decision_type=2 2 2 2 2 2 2 2 2 2 2 2 2 2 2 2 2 2 2 2 2 2 2 2 2 2 2 2 2 2
left_child=1 2 -1 -3 -5 -6 7 -2 -9 -8 12 -12 14 -14 15 -11 17 20 -19 23 21 22 -17 -20 -25 26 -18 -24 -29 -22
right_child=6 3 -4 4 5 -7 9 8 -10 10 11 -13 13 -15 -16 16 25 18 19 -21 29 -23 27 24 -26 -27 -28 28 -30 -31
leaf_value=-0.0010337541086806192 -0.0015646815600058321 0.067622640303203044 0.11689757283776998 -0.10981969978660344 0.052991196606308223 -0.023002001581092679 -0.064227709064588828 0.0083863131329417195 -0.14850921357671421 -0.076263293686012423 -0.0054230109554360417 -0.069497554429939809 -0.11214966556678213 0.0013986377666393916 0.013179302177128481 -0.036722855014460425 -0.01601033142974807 0.12797434074538094 0.071907759902791843 0.094532792756091 -0.091611670773653758 -0.092289908826351172 -0.0026810141280293465 0.03838316045309368 -0.065075548017478516 0.027221814683965735 -0.08527067137625198 0.087187428844415327 -0.01010339638361564 0.0037721252068877221
leaf_weight=18 2842 13.999999999999998 20 9.9999999999999982 15.999999999999998 24 17 10.000000000000002 11.999999999999998 30 181 28 12.000000000000002 18 1064 35 90 13.999999999999998 18 23 21 9.9999999999999982 30 19 23 37 29 44 12.999999999999998 15.999999999999998
leaf_count=18 2842 14 20 10 16 24 17 10 12 30 181 28 12 18 1064 35 90 14 18 23 21 10 30 19 23 37 29 44 13 16
internal_value=0.000813103 0.0241537 0.0610354 0.00225517 -0.0160477 0.00739528 0.00029957 -0.00214563 -0.0771931 0.00425162 0.00491496 -0.0140072 0.00747299 -0.0440207 0.008492 -0.00254184 0.00269902 0.0152089 0.0463173 0.0325438 -0.00264626 0.0107293 0.0191735 0.00878137 -0.0182728 -0.0186319 -0.0328889 0.0416606 0.0649983 -0.0503646
internal_weight=4738 102 38 64 50 40 4636 2864 22 1772 1755 209 1546 30 1516 452 422 266 97 83 169 132 122 60 42 156 119 87 57 37
internal_count=4738 102 38 64 50 40 4636 2864 22 1772 1755 209 1546 30 1516 452 422 266 97 83 169 132 122 60 42 156 119 87 57 37
is_linear=0
shrinkage=0.05


Tree=143
num_leaves=31
num_cat=0
split_feature=8 29 0 36 34 36 9 30 36 34 28 34 35 29 30 35 11 8 30 29 35 35 11 29 30 30 11 14 8 0
split_gain=20.5013 30.5385 47.1293 34.5345 50.7566 32.9991 17.3017 33.9318 29.0113 44.6224 44.0256 40.3661 36.6819 36.3418 36.6234 35.7045 37.094 45.0362 50.1876 42.7714 34.4865 60.7725 46.7155 32.1689 30.6316 54.2869 30.5227 45.7908 30.335 29.4007
threshold=8.5000000000000018 45.940238095238101 1750.0000000000002 -1.8949999999999987 64.500000000000014 -0.69999999999999885 0.069047619047619066 54.625000000000007 -0.76666666666666916 81.500000000000014 24.500000000000004 115.50000000000001 0.56802083333333331 48.874791666666674 42.291666666666679 2.4146071428571436 0.36931818181818188 12.500000000000002 47.81666666666667 44.562916666666673 2.0538171296296301 1.441105599647267 0.46410256410256417 50.990833333333335 44.058333333333344 40.183333333333344 0.24038461538461542 1.0000000180025095e-35 13.500000000000002 1650.0000000000002
decision_type=2 2 2 2 2 2 2 2 2 2 2 2 2 2 2 2 2 2 2 2 2 2 2 2 2 2 2 2 2 2
left_child=1 2 -1 -3 5 -5 -2 8 9 12 11 -11 13 14 -8 16 17 26 19 -19 21 23 -23 -18 25 -17 -14 -28 -15 -10
right_child=6 3 -4 4 -6 -7 7 -9 29 10 -12 -13 15 28 -16 24 20 18 -20 -21 -22 22 -24 -25 -26 -27 27 -29 -30 -31
leaf_value=0.0099511188055787774 0.0029137709004243579 0.059012349263617869 0.12385719171725214 -0.10991145129005114 0.058287004514464315 -0.0081634278025697251 0.021611957019194956 -0.095133276432752614 -0.00036317215951977883 0.096618877901897049 0.003874917987447519 -0.0030589320297752108 0.047338086234465726 -0.030932140155695384 0.13036071091890336 0.074984742747619751 -0.021716261220475042 -0.0038171443633916906 0.043558585994383871 -0.063956733332630605 -0.052354144454002383 0.11037969163060189 0.0063685239488749136 0.06728016175329686 0.085566629869315569 -0.027756580731107129 0.057777208902619087 -0.070410607186587246 0.063233356865552759 -0.015226457328543469
leaf_weight=21 2663 19 15.999999999999998 14.999999999999998 13.999999999999998 17 16.000000000000004 9.9999999999999982 758 37 52 13.999999999999998 31 25 14.999999999999998 20 66 41 17 106 20 25 19 11.999999999999998 17 36 11.000000000000002 19 12.999999999999998 593
leaf_count=21 2663 19 16 15 14 17 16 10 758 37 52 14 31 25 15 20 66 41 17 106 20 25 19 12 17 36 11 19 13 593
internal_value=0.000772448 0.022946 0.0592078 0.00230466 -0.0211181 -0.0558578 0.000284591 -0.00326407 -0.00279606 0.00623513 0.0362482 0.0692563 0.00016175 0.034057 0.0742323 -0.00515364 -0.011506 -0.0241342 -0.037777 -0.0471831 0.00850352 0.0184802 0.0654658 -0.0080245 0.0267821 0.00893675 0.0125447 -0.0234084 0.00128237 -0.00688718
internal_weight=4738 102 37 65 46 32 4636 1973 1963 612 103 51 509 69 31 440 367 225 164 147 142 122 44 78 73 56 61 30 38 1351
internal_count=4738 102 37 65 46 32 4636 1973 1963 612 103 51 509 69 31 440 367 225 164 147 142 122 44 78 73 56 61 30 38 1351
is_linear=0
shrinkage=0.05


Tree=144
num_leaves=31
num_cat=0
split_feature=32 35 37 3 27 6 30 35 30 4 28 30 5 34 6 6 36 29 29 4 37 31 28 34 37 30 37 31 33 6
split_gain=18.5769 37.5807 33.5942 32.8803 39.4796 27.4916 25.8775 30.783 24.2168 24.0611 25.3778 33.0658 20.3038 18.9988 16.0826 40.9309 58.3164 48.1868 30.1188 29.3004 25.4662 74.3523 49.4629 47.8573 45.9333 51.8213 45.854 42.6026 34.3339 33.4416
threshold=0.85164835164835173 3.295244391025641 6.3200000000000021 1.0000000180025095e-35 12.500000000000002 0.17424242424242428 43.808333333333344 2.7538003923160175 39.158333333333339 0.22649572649572652 44.500000000000007 40.57500000000001 0.39230769230769241 157.50000000000003 0.11805555555555557 0.25833333333333336 -0.67321428571428577 48.336458333333347 47.649702380952391 0.11805555555555557 3.9112500000000017 14.549999999999995 55.500000000000007 5.5000000000000009 4.3207142857142866 45.505000000000003 3.2958333333333316 3.7937499999999997 6.5000000000000009 0.48333333333333339
decision_type=2 2 2 2 2 2 2 2 2 2 2 2 2 2 2 2 2 2 2 2 2 2 2 2 2 2 2 2 2 2
left_child=13 2 3 4 5 -2 7 8 -5 10 -10 -12 -9 14 19 16 -16 18 -18 -1 21 29 23 -22 25 27 -23 -25 -26 -17
right_child=1 -3 -4 6 -6 -7 -8 12 9 -11 11 -13 -14 -15 15 20 17 -19 -20 -21 22 26 -24 24 28 -27 -28 -29 -30 -31
leaf_value=-0.073276946973055604 0.05872980579733849 -0.086850622761994609 0.060035552895244426 0.0063284347822167436 0.084277916809215273 -0.041254948130385445 0.040717629236834391 -0.13800009012222286 -0.12953122224320066 -0.0072096856198076049 -0.10503797779480613 0.0021122159850266247 -0.039560052752494815 0.061814831770383397 0.027971172713931059 0.012401589713271958 0.0038493224684598634 -0.036548110834943755 0.053520099787662423 -0.0046427255618903002 -0.10631135566668078 0.01381957564288034 -0.10403818835814793 0.06079825917258859 0.07572906573613486 -0.10840757103527295 0.1038581579202606 -0.0247242914309386 -0.00018436131724041977 -0.010755269137001778
leaf_weight=15.999999999999998 9.9999999999999982 15.999999999999998 17 49 17 22 13.999999999999998 10.000000000000002 10.999999999999998 33 12.000000000000002 18 10.999999999999998 12.999999999999998 345 394 406 72 33 553 10.999999999999998 26 11.999999999999998 15.999999999999998 14.999999999999998 17 31 162 2118 258
leaf_count=16 10 16 17 49 17 22 14 10 11 33 12 18 11 13 345 394 406 72 33 553 11 26 12 16 15 17 31 162 2118 258
internal_value=0.000733825 -0.0128201 -0.00753215 -0.0130812 0.0227023 -0.0100097 -0.0241786 -0.030488 -0.0209358 -0.0389892 -0.0645678 -0.0407479 -0.0864363 0.00145702 0.00128207 0.00242338 0.0120883 0.00136502 0.00758312 -0.00657269 -0.000280274 0.00802578 -0.00278516 -0.00226569 -0.00177407 -0.0250025 0.0627879 -0.0170369 0.000349488 0.00323829
internal_weight=4738 240 224 207 49 32 158 144 123 74 41 30 21 4498 4485 3916 856 511 439 569 3060 709 2351 2339 2328 195 57 178 2133 652
internal_count=4738 240 224 207 49 32 158 144 123 74 41 30 21 4498 4485 3916 856 511 439 569 3060 709 2351 2339 2328 195 57 178 2133 652
is_linear=0
shrinkage=0.05


Tree=145
num_leaves=31
num_cat=0
split_feature=35 38 32 3 11 32 11 6 6 28 36 36 7 32 34 35 6 35 31 29 33 36 28 32 30 29 35 30 30 20
split_gain=22.2861 32.758 71.7439 38.4329 34.4268 33.5359 35.8137 29.5371 77.0109 28.0535 36.986 53.4738 27.232 26.6376 23.6455 52.8953 52.7686 58.1052 53.6763 40.0392 35.0497 33.0618 51.1018 37.749 32.6492 59.0937 55.784 64.8094 33.6739 57.2469
threshold=0.76038690476190562 0.93541666666666679 0.12916666666666668 1.5000000000000002 0.20714285714285716 0.095454545454545472 0.5590277777777779 0.44949494949494956 0.43303571428571436 2.5000000000000004 -2.0000000000000004 -2.6000000000000001 1.5000000000000002 0.36931818181818188 28.500000000000004 1.5993452380952389 0.39230769230769241 1.4794801587301591 7.7666666666666702 46.690972222222221 9.5000000000000018 -2.2100000000000004 7.5000000000000009 0.46410256410256417 45.706250000000018 47.391071428571443 2.4834027777777785 45.916666666666679 42.605555555555561 1.0000000180025095e-35
decision_type=2 2 2 2 2 2 2 2 2 2 2 2 2 2 2 2 2 2 2 2 2 2 2 2 2 2 2 2 2 2
left_child=1 2 7 5 -5 -3 9 8 -1 -7 11 -11 -9 -12 15 16 18 -18 20 -20 -2 22 -16 -24 28 -26 -27 -28 -23 -30
right_child=14 3 -4 4 -6 6 -8 12 -10 10 13 -13 -14 -15 21 -17 17 -19 19 -21 -22 24 23 -25 25 26 27 -29 29 -31
leaf_value=0.013757080920980476 -0.043959401808679105 0.0388581546870145 0.08498276936459459 -0.046503850885412916 0.053651658904093957 -0.079676218330860138 0.042853576922789217 -0.0012563393995313362 0.13473270301307952 -0.019376701162364642 0.094626120030879945 -0.12773004232772761 -0.07813927554167234 -0.02078100260347128 0.036843819108245704 -0.0015286961213307792 0.026865895690085989 -0.10562039266340435 0.018654058693811811 -0.063080998438019911 -0.13062338928825087 -0.0028241536570940214 -0.033165665942754961 0.034409533993851757 -0.10565125687668722 -0.031304021050215618 -0.076067843039830538 0.037657518498599531 0.012815216071221245 -0.034088182318168625
leaf_weight=218 20 22 36 10.999999999999998 39 29 15.999999999999998 101 13.999999999999998 61 10.000000000000002 13.999999999999998 12.999999999999998 9.9999999999999982 145 461 48 9.9999999999999982 29 31 28 2221 62 31 18 141 14.999999999999998 76 777 71
leaf_count=218 20 22 36 11 39 29 16 101 14 61 10 14 13 10 145 461 48 10 29 31 28 2221 62 31 18 141 15 76 777 71
internal_value=-3.90674e-06 0.00905897 0.0178062 -0.00670259 0.0316174 -0.0185298 -0.0275479 0.0108168 0.0210573 -0.0366319 -0.0234921 -0.0396027 -0.0100237 0.0369226 -0.00129056 -0.0102433 -0.0344447 0.00402343 -0.0551036 -0.0235757 -0.0945134 0.000287562 0.018289 -0.0106406 -0.00100329 -0.0183785 -0.0116074 0.0189116 0.000412094 0.00888816
internal_weight=4778 594 382 212 50 162 140 346 232 124 95 75 114 20 4184 627 166 58 108 60 48 3557 238 93 3319 250 232 91 3069 848
internal_count=4778 594 382 212 50 162 140 346 232 124 95 75 114 20 4184 627 166 58 108 60 48 3557 238 93 3319 250 232 91 3069 848
is_linear=0
shrinkage=0.05


Tree=146
num_leaves=31
num_cat=0
split_feature=37 35 37 5 36 30 31 31 31 33 9 31 7 3 5 25 28 4 11 31 4 28 30 36 37 11 7 2 29 11
split_gain=28.9311 31.4571 47.0076 43.9711 40.0496 38.2641 32.5584 39.0063 30.2576 28.8487 28.513 30.1109 28.0702 55.1435 46.6172 36.0244 28.1425 28.1224 27.174 38.9492 38.7931 27.2661 26.1398 25.5462 25.5321 26.4758 48.1285 27.2431 46.3889 26.0329
threshold=4.0725000000000025 2.9669553099017381 2.2999999999999989 0.59166666666666679 0.50000000000000067 40.052777777777784 14.400000000000002 11.352777777777787 9.6833333333333318 5.5000000000000009 0.17424242424242428 3.1999999999999997 1.5000000000000002 1.0000000180025095e-35 0.5590277777777779 1.0000000180025095e-35 72.500000000000014 1.0000000180025095e-35 0.21825396825396828 9.0000000000000053 0.25833333333333336 8.5000000000000018 42.653571428571439 0.094999999999999946 4.0333333333333377 0.36931818181818188 1.0000000180025095e-35 7.5000000000000009 46.251875000000005 0.32291666666666669
decision_type=2 2 2 2 2 2 2 2 2 2 2 2 2 2 2 2 2 2 2 2 2 2 2 2 2 2 2 2 2 2
left_child=1 4 -3 -4 6 -5 7 8 24 -2 -11 -12 15 -14 -15 16 -6 -17 23 20 -20 -22 -19 -13 25 27 -27 28 29 -1
right_child=9 2 3 5 12 -7 -8 -9 -10 10 11 18 13 14 -16 17 -18 22 19 -21 21 -23 -24 -25 -26 26 -28 -29 -30 -31
leaf_value=-0.0087856437191367164 -0.063891122993817065 -0.043189711206489144 0.022473648000809858 0.020929066087542605 -0.0066758370136513426 0.13810903242740191 0.050968460366129877 -0.024525135821711862 0.053468757630749188 -0.00072540460567779082 -0.088751165914748409 -0.0043755142550383304 0.075103874914348126 0.016393949796000253 -0.087808020000479048 -0.11555179459127514 0.0782686984911561 -0.013941457688131115 -0.096748207112153373 -0.0078347486562858858 0.046004922958937565 -0.049705801839413852 -0.090465889445372996 0.064097322689162364 0.079363715075529542 0.0099533574642056109 -0.045063442400922735 0.04073703940899577 0.084270575042400098 0.039671243442332048
leaf_weight=150 19 18 68 11.000000000000002 391 19 50 76 44 3119 13.999999999999998 56 30 46 13.999999999999998 10.999999999999998 9.9999999999999982 55 30 133 10.999999999999998 23 13.999999999999998 18 12.999999999999998 137 56 90 18 34
leaf_count=150 19 18 68 11 391 19 50 76 44 3119 14 56 30 46 14 11 10 55 30 133 11 23 14 18 13 137 56 90 18 34
internal_value=-3.71137e-06 0.0061802 0.0310783 0.0447194 0.00384915 0.095143 0.0121603 0.00902052 0.0137243 -0.00245162 -0.00210869 -0.0172472 -0.00587393 0.0197547 -0.00791984 -0.0106693 -0.00455752 -0.0413047 -0.0135532 -0.0232571 -0.0553066 -0.0187406 -0.0294682 0.01228 0.0102128 0.00835925 -0.00601007 0.0178568 0.0076626 0.000168346
internal_weight=4778 1355 116 98 1239 30 668 618 542 3423 3404 285 571 90 60 481 401 80 271 197 64 34 69 74 498 485 193 292 202 184
internal_count=4778 1355 116 98 1239 30 668 618 542 3423 3404 285 571 90 60 481 401 80 271 197 64 34 69 74 498 485 193 292 202 184
is_linear=0
shrinkage=0.05


Tree=147
num_leaves=31
num_cat=0
split_feature=37 35 37 6 27 36 6 31 31 28 29 29 31 33 14 6 9 31 9 37 2 36 37 29 6 7 35 32 38 36
split_gain=26.1104 28.39 42.4244 47.4471 48.9106 36.1447 32.3191 29.4264 36.1637 29.2134 29.4538 33.6375 27.3075 26.036 25.8208 27.1297 25.733 27.1751 24.1173 23.0427 22.435 22.4314 21.3387 42.8225 34.1097 26.3375 22.5314 26.0918 38.4024 27.8242
threshold=4.0725000000000025 2.9669553099017381 2.2999999999999989 0.54195804195804198 10.500000000000002 0.50000000000000067 0.37980769230769235 14.300000000000002 11.352777777777787 55.500000000000007 47.602380952380962 47.01583333333334 9.6833333333333318 5.5000000000000009 1.0000000180025095e-35 0.31009615384615391 0.17424242424242428 3.1999999999999997 0.12916666666666668 4.0333333333333377 1.5000000000000002 0.64999999999999958 2.5724999999999985 42.30407407407408 0.20714285714285716 1.0000000180025095e-35 2.8207258007369624 0.32291666666666669 0.93541666666666679 0.9800000000000012
decision_type=2 2 2 2 2 2 2 2 2 2 2 2 2 2 2 2 2 2 2 2 2 2 2 2 2 2 2 2 2 2
left_child=1 5 -3 4 18 7 22 8 12 10 11 21 19 -2 15 -10 -15 -18 -4 -1 -19 -8 23 -7 25 -24 27 -26 -29 -30
right_child=13 2 3 -5 -6 6 9 -9 14 -11 -12 -13 -14 16 -16 -17 17 20 -20 -21 -22 -23 24 -25 26 -27 -28 28 29 -31
leaf_value=0.0079412885784614379 -0.060696566428400968 -0.041030225488874653 0.028080016692634675 0.11582840441001788 -0.055402920208871366 0.041385924540184166 -0.078198961090100438 0.048053576235257675 -0.044782865855842832 0.062015379741787918 0.025124573171138767 -0.11755013430321759 0.050795319993895562 -0.00068913448346745085 -0.072656828323379163 0.025742095572253071 -0.084313605885420528 0.048762801715305878 0.10036707649628321 0.07539552845633947 -0.016233295992611099 -0.020350723093191924 -0.019642005210861249 -0.03022900810667678 -0.017597686988301577 0.030157887532904343 -0.023186519229784611 0.12452031726638475 0.011154877456525963 0.07777791991829873
leaf_weight=485 19 18 50 18 14.999999999999998 27 19 51 25 9.9999999999999982 25 10.999999999999998 44 3119 20 30 13.999999999999998 13.999999999999998 14.999999999999998 12.999999999999998 257 142 94 92 15.999999999999998 37 15.999999999999998 14.999999999999998 42 25
leaf_count=485 19 18 50 18 15 27 19 51 25 10 25 11 44 3119 20 30 14 14 15 13 257 142 94 92 16 37 16 15 42 25
internal_value=-3.52587e-06 0.00587119 0.0295244 0.0424834 0.0259808 0.00365669 -0.00558023 0.0115523 0.0085352 -0.0213544 -0.0255864 -0.0329572 0.0130381 -0.00232904 -0.0240059 -0.00631471 -0.00200325 -0.0163848 0.0447616 0.00970214 -0.0128756 -0.0271775 0.00339026 -0.0139802 0.0118274 -0.00557639 0.0318264 0.0408081 0.0522044 0.0360142
internal_weight=4778 1355 116 98 80 1239 571 668 617 207 197 172 542 3423 75 55 3404 285 65 498 271 161 364 119 245 131 114 98 82 67
internal_count=4778 1355 116 98 80 1239 571 668 617 207 197 172 542 3423 75 55 3404 285 65 498 271 161 364 119 245 131 114 98 82 67
is_linear=0
shrinkage=0.05


Tree=148
num_leaves=31
num_cat=0
split_feature=37 34 35 37 6 27 35 31 34 8 37 31 30 30 35 4 28 9 10 5 6 11 11 27 28 34 35 35 11 16
split_gain=23.5646 28.307 25.622 38.288 42.821 44.1418 28.4549 38.006 27.9138 41.0674 32.6623 27.0961 26.4863 39.32 25.9776 28.2993 24.6996 23.2293 28.7112 39.963 26.0035 35.59 27.1178 30.3627 26.2702 28.9275 51.9936 32.2648 38.8201 29.8798
threshold=4.0725000000000025 5.5000000000000009 2.9669553099017381 2.2999999999999989 0.54195804195804198 10.500000000000002 2.0370537240537252 15.250000000000004 142.50000000000003 14.500000000000002 3.3277777777777753 13.250000000000005 39.116666666666674 40.39500000000001 2.3734164186507942 0.12916666666666668 57.500000000000007 0.17424242424242428 5.5000000000000009 0.37980769230769235 0.25833333333333336 0.68990384615384626 0.19375000000000003 5.5000000000000009 56.500000000000007 151.50000000000003 2.8650174362674359 3.295244391025641 0.11805555555555557 1.0000000180025095e-35
decision_type=2 2 2 2 2 2 2 2 2 2 2 2 2 2 2 2 2 2 2 2 2 2 2 2 2 2 2 2 2 2
left_child=2 -2 6 -4 5 -5 7 11 9 10 -8 -1 -10 -14 16 -16 -15 18 20 -20 21 22 23 -3 25 27 -27 29 -29 -22
right_child=1 17 3 4 -6 -7 8 -9 12 -11 -12 -13 13 14 15 -17 -18 -19 19 -21 24 -23 -24 -25 -26 26 -28 28 -30 -31
leaf_value=0.01036360486818666 -0.068562382389791315 -0.0034679640371065865 -0.038978714247544607 0.042523563366669875 0.11003698421021302 -0.052632774536808341 -0.0077975214748654438 0.064495928259566432 0.070142672925827695 -0.020779436379384047 0.027250586938620969 -0.055671385128516708 -0.071104723902849054 -0.058714127941773477 0.12627445220947262 0.021368466214173373 0.043086917935447264 -0.015565561349258612 0.0020137390387909748 -0.12533906454389745 -0.004506844950136174 -0.06882519284263254 0.0070552023941629965 0.096811824954218348 -0.066792948823422196 0.081013216613791891 -0.041453686671761365 0.10631347315555269 0.010000159040476396 -0.054783720225095749
leaf_weight=534 15.999999999999998 13.000000000000002 18 65 18 14.999999999999998 168 32 22 292 110 15.999999999999998 12.999999999999998 13.000000000000002 10.000000000000002 18 10.999999999999998 285 14.000000000000002 10.999999999999998 1977 14.999999999999998 764 18 15.999999999999998 26 12.999999999999998 10.999999999999998 214 30
leaf_count=534 16 13 18 65 18 15 168 32 22 292 110 16 13 13 10 18 11 285 14 11 1977 15 764 18 16 26 13 11 214 30
internal_value=-3.34953e-06 -0.00221259 0.00557763 0.0280482 0.0403592 0.0246818 0.00347385 0.0115246 -0.00365782 -0.00768424 0.00607044 0.00844259 0.0227221 0.00667212 0.0261163 0.0588349 -0.0120553 -0.001901 -0.000653592 -0.0540215 -0.000222789 0.00747571 0.00891535 0.054759 -0.00294941 -0.00249961 0.0401909 -0.00324555 0.0147088 -0.00525837
internal_weight=4778 3423 1355 116 98 80 1239 582 657 570 278 550 87 65 52 28 24 3407 3122 25 3097 810 795 31 2287 2271 39 2232 225 2007
internal_count=4778 3423 1355 116 98 80 1239 582 657 570 278 550 87 65 52 28 24 3407 3122 25 3097 810 795 31 2287 2271 39 2232 225 2007
is_linear=0
shrinkage=0.05


Tree=149
num_leaves=31
num_cat=0
split_feature=37 34 35 37 6 27 35 34 8 37 34 30 30 35 4 5 30 29 29 29 35 9 10 29 4 29 30 30 30 32
split_gain=21.267 25.5471 23.1239 34.5549 38.6459 39.838 25.6805 25.1922 37.0633 29.4777 24.5975 23.9039 35.4863 23.4447 25.5401 22.7772 21.2076 41.1955 30.1273 21.1938 24.0397 20.9644 25.9119 38.4643 25.3813 30.4829 25.6396 24.598 48.653 30.253
threshold=4.0725000000000025 5.5000000000000009 2.9669553099017381 2.2999999999999989 0.54195804195804198 10.500000000000002 2.0370537240537252 142.50000000000003 14.500000000000002 3.3277777777777753 128.50000000000003 39.116666666666674 40.39500000000001 2.3734164186507942 0.12916666666666668 0.59166666666666679 38.263888888888893 46.621527777777786 47.452250000000006 50.150444444444453 2.322488839285715 0.17424242424242428 5.5000000000000009 46.766813186813202 0.21825396825396828 50.093516483516495 40.080357142857146 41.355000000000011 41.407142857142865 0.25833333333333336
decision_type=2 2 2 2 2 2 2 2 2 2 2 2 2 2 2 2 2 2 2 2 2 2 2 2 2 2 2 2 2 2
left_child=2 -2 6 -4 5 15 10 8 9 -8 -1 -9 -13 -14 -15 -5 -11 -18 -19 20 -10 22 27 -24 26 -26 -23 -3 29 -29
right_child=1 21 3 4 -6 -7 7 11 19 16 -12 12 13 14 -16 -17 17 18 -20 -21 -22 24 23 -25 25 -27 -28 28 -30 -31
leaf_value=0.0090600059714274189 -0.065134262619540098 -0.0052212534080635989 -0.037029779122935404 0.027776722271334042 0.10453513537844022 -0.050001135617494585 -0.0074076454971093754 0.066635539755225182 -0.039242650924770292 -0.0049494792128334172 0.066902344046454676 -0.067549487375296077 -0.01145254890434444 0.1199607294797897 0.020300042339497143 0.10981103073805572 0.072011451706798235 -0.074994826465845085 0.032224287641675849 -0.091273594349622733 -0.0075337339556129758 -0.00030081422689060369 -0.1062948979437351 0.018647094545039263 -0.00025119924803777616 -0.062321922453967005 -0.064810205112363017 0.1295180114607016 0.0026955911118301075 0.023005601912736894
leaf_weight=563 15.999999999999998 1368 18 55 18 14.999999999999998 168 22 86 37 19 12.999999999999998 24 10.000000000000002 18 9.9999999999999982 44 10.000000000000002 19 9.9999999999999982 196 24 14.000000000000002 10.999999999999998 196 22 43 12.000000000000002 1702 14.999999999999998
leaf_count=563 16 1368 18 55 18 15 168 22 86 37 19 13 24 10 18 10 44 10 19 10 196 24 14 11 196 22 43 12 1702 15
internal_value=-3.18209e-06 -0.00210196 0.00529875 0.0266458 0.0383413 0.0234477 0.00330016 -0.00347493 -0.00730002 0.00576691 0.0109483 0.021586 0.00633852 0.0248105 0.0558931 0.0403974 0.0258881 0.041518 -0.00474782 -0.0197405 -0.0172038 -0.00180595 -0.000620913 -0.0513204 -0.0147873 -0.00651522 -0.0417024 -0.000211649 0.00375199 0.0703445
internal_weight=4778 3423 1355 116 98 80 1239 657 570 278 582 87 65 52 28 65 110 73 29 292 282 3407 3122 25 285 218 67 3097 1729 27
internal_count=4778 3423 1355 116 98 80 1239 657 570 278 582 87 65 52 28 65 110 73 29 292 282 3407 3122 25 285 218 67 3097 1729 27
is_linear=0
shrinkage=0.05


Tree=150
num_leaves=31
num_cat=0
split_feature=8 6 11 35 4 4 31 35 29 35 6 31 32 33 15 34 24 28 35 27 27 37 5 5 34 28 8 28 19 35
split_gain=29.4506 29.504 33.92 32.3879 28.4569 27.2582 38.6603 38.2788 29.0322 31.4942 27.2453 30.3024 25.0517 34.7647 23.3716 39.1322 31.9732 31.4287 51.9223 26.5481 22.7234 22.0213 29.9909 28.1962 19.9606 19.4856 18.5301 21.6 18.5152 18.7769
threshold=10.500000000000002 0.69615384615384623 0.56696428571428581 0.11578869047619018 0.13809523809523813 0.24038461538461542 7.2000000000000073 1.6422222222222225 43.900333333333343 2.6227670940170942 0.59166666666666679 13.550000000000002 0.56696428571428581 9.5000000000000018 1.0000000180025095e-35 145.50000000000003 1.0000000180025095e-35 60.500000000000007 2.7783730158730156 14.500000000000002 3.5000000000000004 3.48875 0.55050505050505061 0.44097222222222227 155.50000000000003 7.5000000000000009 8.5000000000000018 5.5000000000000009 1.0000000180025095e-35 1.4999999999999998
decision_type=2 2 2 2 2 2 2 2 2 2 2 2 2 2 2 2 2 2 2 2 2 2 2 2 2 2 2 2 2 2
left_child=1 2 3 21 20 6 7 -5 -9 -10 11 26 25 -14 17 16 -16 24 19 -19 -4 22 23 -1 28 -7 -8 -28 -2 -30
right_child=14 -3 4 5 -6 12 10 8 9 -11 -12 -13 13 -15 15 -17 -18 18 -20 -21 -22 -23 -24 -25 -26 -27 27 -29 29 -31
leaf_value=-0.029351828495661415 0.0012734094213125383 0.063677064153469284 0.062171271277798534 0.090746131704913247 0.12685817927122117 0.028009367132416141 -0.091695711761713039 -0.047764354736051146 -0.016437352812361149 0.066621179044246678 0.044183452601234123 0.019592622220516206 0.10075558579604452 0.014731776337525253 -0.013322097038175364 0.040632665468313338 -0.061438551891062947 -0.034039160247064298 -0.11581527943412462 0.043367305537685752 -0.031833490226417786 -0.095274047011678867 -0.080323339750369399 0.076040803844278498 0.043514159956464064 -0.037517024669796228 0.025879962627704329 -0.047111474356168637 -0.046119565054929507 -0.0071541689036490582
leaf_weight=15 3708 27 18.000000000000004 18 9.9999999999999982 39 15.999999999999998 17 21 25 14.999999999999998 25 24 23 194 28 42 36 14.999999999999998 15.999999999999998 9.9999999999999982 10.999999999999998 11.999999999999998 11 27 15.999999999999998 12.999999999999998 46 36 219
leaf_count=15 3708 27 18 18 10 39 16 17 21 25 15 25 24 23 194 28 42 36 15 16 10 11 12 11 27 16 13 46 36 219
internal_value=0.000378647 0.0131516 0.00960829 0.00469701 0.054456 0.0108912 -1.77089e-05 0.0264417 0.00806906 0.0287032 -0.0186544 -0.02808 0.0318535 0.0586588 -0.000839235 -0.0152545 -0.0218852 9.88058e-05 -0.0338621 -0.0102218 0.0285981 -0.0329739 -0.0149397 0.0152374 0.000669077 0.00894714 -0.0439709 -0.0310286 0.000377173 -0.0126552
internal_weight=4733 412 385 347 38 298 196 81 63 46 115 100 102 47 4321 264 236 4057 67 52 28 49 38 26 3990 55 75 59 3963 255
internal_count=4733 412 385 347 38 298 196 81 63 46 115 100 102 47 4321 264 236 4057 67 52 28 49 38 26 3990 55 75 59 3963 255
is_linear=0
shrinkage=0.05


Tree=151
num_leaves=31
num_cat=0
split_feature=8 6 11 35 4 4 31 35 29 35 30 6 31 31 29 32 35 29 9 15 34 24 28 35 27 22 11 16 27 34
split_gain=26.5792 26.6273 30.6128 29.2301 25.6824 24.6005 34.8909 34.5466 26.2016 28.4235 25.4607 23.7055 25.375 23.3662 32.7273 35.4615 32.1986 21.4317 21.4255 21.0929 35.3168 28.8558 28.3644 46.8599 23.9597 20.9017 34.0762 73.2628 41.9301 62.0468
threshold=10.500000000000002 0.69615384615384623 0.56696428571428581 0.11578869047619018 0.13809523809523813 0.24038461538461542 7.2000000000000073 1.6422222222222225 43.900333333333343 2.6227670940170942 45.055000000000007 0.59166666666666679 13.550000000000002 11.800000000000002 47.682989417989425 0.56696428571428581 1.8976249999999999 47.950462962962973 0.10555555555555557 1.0000000180025095e-35 145.50000000000003 1.0000000180025095e-35 60.500000000000007 2.7783730158730156 14.500000000000002 1.0000000180025095e-35 0.27922077922077926 1.0000000180025095e-35 2.5000000000000004 35.500000000000007
decision_type=2 2 2 2 2 2 2 2 2 2 2 2 2 2 2 2 2 2 2 2 2 2 2 2 2 2 2 2 2 2
left_child=1 2 3 -1 17 6 7 -5 -9 -10 11 12 18 14 15 -7 -16 -4 -8 22 21 -21 25 24 -24 -2 28 -28 29 -27
right_child=19 -3 4 5 -6 13 10 8 9 -11 -12 -13 -14 -15 16 -17 -18 -19 -20 20 -22 -23 23 -25 -26 26 27 -29 -30 -31
leaf_value=-0.03132524493397499 0.002376758897068309 0.060493210130543623 -0.0054366783963309389 0.086208825227287081 0.12051527082920076 -0.020361683479156987 -0.050823367850648032 -0.04537613819188932 -0.015615485936758065 0.063290120214223866 -0.067496574066934142 0.053420474859220649 0.027224824545176135 -0.021436435778418351 0.036734064742922783 0.066181499734520907 0.13364255445698897 0.08585707949474454 0.024369350758691632 -0.012655992202878422 0.038601032651162576 -0.058366623964338074 -0.032337202483581177 -0.11002451618512472 0.041198938898742203 0.015062293479839962 -0.012167249626260316 -0.14895956635475158 -0.0066556839843190489 0.12085808662368971
leaf_weight=49 3240 27 18.000000000000004 18 9.9999999999999982 29 45 17 21 25 21 13.999999999999998 23 18 20 20 14.999999999999998 9.9999999999999982 11.999999999999998 194 28 42 36 14.999999999999998 15.999999999999998 75 462 9.9999999999999982 186 17
leaf_count=49 3240 27 18 18 10 29 45 17 21 25 21 14 23 18 20 20 15 10 12 194 28 42 36 15 16 75 462 10 186 17
internal_value=0.000359715 0.0124941 0.00912788 0.00446216 0.0517332 0.0103467 -1.68239e-05 0.0251197 0.00766561 0.027268 -0.0177217 -0.00660172 -0.0171056 0.0302608 0.0413388 0.0149621 0.0782663 0.0271682 -0.0349933 -0.000797274 -0.0144918 -0.0207909 9.38654e-05 -0.032169 -0.0097107 0.000635623 -0.00688608 -0.0150654 0.00700109 0.0346115
internal_weight=4733 412 385 347 38 298 196 81 63 46 115 94 80 102 84 49 35 28 57 4321 264 236 4057 67 52 3990 750 472 278 92
internal_count=4733 412 385 347 38 298 196 81 63 46 115 94 80 102 84 49 35 28 57 4321 264 236 4057 67 52 3990 750 472 278 92
is_linear=0
shrinkage=0.05


Tree=152
num_leaves=31
num_cat=0
split_feature=8 6 11 35 4 4 31 35 31 6 31 33 31 27 10 5 5 15 28 35 28 24 35 22 0 0 21 0 35 33
split_gain=23.9877 24.0312 27.6281 26.3801 23.1784 22.202 31.489 31.1783 22.28 23.1277 22.0872 22.9267 21.088 20.322 20.0399 19.0596 46.9009 19.0363 25.5988 42.2911 25.3871 28.998 21.8696 18.8638 39.0328 58.3865 34.7041 42.8395 42.0432 59.4863
threshold=10.500000000000002 0.69615384615384623 0.56696428571428581 0.11578869047619018 0.13809523809523813 0.24038461538461542 7.2000000000000073 1.6422222222222225 13.550000000000002 0.59166666666666679 5.5125000000000002 7.5000000000000009 11.800000000000002 3.5000000000000004 3.5000000000000004 0.55050505050505061 0.44097222222222227 1.0000000180025095e-35 60.500000000000007 2.7783730158730156 32.500000000000007 1.0000000180025095e-35 2.5448406593406596 1.0000000180025095e-35 1250.0000000000002 1350.0000000000002 1.0000000180025095e-35 1500.0000000000002 0.6742788461538457 5.5000000000000009
decision_type=2 2 2 2 2 2 2 2 2 2 2 2 2 2 2 2 2 2 2 2 2 2 2 2 2 2 2 2 2 2
left_child=1 2 3 15 13 6 7 -5 9 -8 11 -9 14 -4 -7 16 -1 18 23 22 21 -19 -20 24 -2 -26 28 -28 -27 -30
right_child=17 -3 4 5 -6 12 8 10 -10 -11 -12 -13 -14 -15 -16 -17 -18 20 19 -21 -22 -23 -24 -25 25 26 27 -29 29 -31
leaf_value=-0.05729522080648513 0.012087061490543042 0.057468551217957776 0.05755938486092619 0.081898384044567743 0.11448950693011284 0.054267937399935531 -0.039632677699128788 0.048363775963133036 0.02195793643061604 0.035128200302521388 0.04915061242035812 -0.035657340810904582 -0.020364613357620936 -0.031339389272034168 -0.00050027796026805174 -0.079064921954912812 0.06085130934204374 -0.011047498455783823 -0.035913273345138275 -0.10452329228321711 0.033144011206996553 -0.057721995543688537 0.030171573534607889 -0.0065417792262199032 -0.04832285135866158 0.018762922076854725 0.025809610572866817 -0.0015143499487350065 -0.11649441379122437 -0.0047588881816259983
leaf_weight=21 770 27 18.000000000000004 18 9.9999999999999982 61 75 10.999999999999998 28 11.999999999999998 21 31 18 9.9999999999999982 23 13.999999999999998 13.999999999999998 198 31 14.999999999999998 26 40 21 750 63 199 267 310 11.999999999999998 1619
leaf_count=21 770 27 18 18 10 61 75 11 28 12 21 31 18 10 23 14 14 198 31 15 26 40 21 750 63 199 267 310 12 1619
internal_value=0.000341729 0.0118694 0.00867149 0.00423905 0.0491466 0.00982934 -1.59819e-05 0.0238637 -0.0168356 -0.0293208 0.00728233 -0.0136518 0.0287478 0.0258098 0.0392719 -0.029759 -0.0100366 -0.00075741 8.91722e-05 -0.0305606 -0.0137672 -0.018892 -0.00922516 0.000603842 0.00225792 -0.000806224 0.00043746 0.0111295 -0.00293374 -0.00558098
internal_weight=4733 412 385 347 38 298 196 81 115 87 63 42 102 28 84 49 35 4321 4057 67 264 238 52 3990 3240 2470 2407 577 1830 1631
internal_count=4733 412 385 347 38 298 196 81 115 87 63 42 102 28 84 49 35 4321 4057 67 264 238 52 3990 3240 2470 2407 577 1830 1631
is_linear=0
shrinkage=0.05


Tree=153
num_leaves=31
num_cat=0
split_feature=8 35 35 37 31 31 29 28 2 35 29 7 37 29 7 2 11 5 5 5 37 5 15 34 28 35 27 34 34 4
split_gain=21.6489 21.1486 23.2913 39.8993 24.834 26.2695 32.2679 32.7938 38.6392 26.1734 21.9876 21.1852 20.818 28.7347 19.9417 19.5083 23.005 21.1827 18.4007 29.8077 19.4774 17.1848 17.1803 30.2328 23.103 38.1677 21.5243 18.0103 16.5837 16.4302
threshold=10.500000000000002 0.11578869047619018 3.1341330891330892 9.4583333333333393 20.625000000000007 8.7000000000000082 51.411666666666669 8.5000000000000018 6.5000000000000009 1.2585069444444452 45.45085858585859 1.5000000000000002 4.2666666666666684 47.250075757575765 1.5000000000000002 3.5000000000000004 0.27922077922077926 0.44097222222222227 0.29285714285714287 0.44097222222222227 4.3000000000000043 0.62019230769230782 1.0000000180025095e-35 145.50000000000003 60.500000000000007 2.7783730158730156 14.500000000000002 155.50000000000003 11.500000000000002 0.18465909090909094
decision_type=2 2 2 2 2 2 2 2 2 2 2 2 2 2 2 2 2 2 2 2 2 2 2 2 2 2 2 2 2 2
left_child=1 15 4 10 5 14 7 8 -7 -10 -4 12 13 -9 18 -1 -17 -18 -3 20 -20 -21 24 28 27 26 -26 -2 -24 -25
right_child=22 2 3 -5 -6 6 -8 11 9 -11 -12 -13 -14 -15 -16 16 17 -19 19 21 -22 -23 23 29 25 -27 -28 -29 -30 -31
leaf_value=0.045583731383085253 0.00029637262994988874 0.082779655808752239 -0.074852760058517251 0.074647565727884127 0.09907659091055393 0.11997904119392236 -0.084026432111859325 -0.03994729014113544 -0.033571462432543435 0.055856893708308542 -0.0065111315425704502 0.053043479032137179 -0.041761583045428236 0.079916634140536194 -0.0054148638487926557 -0.09850487053394319 -0.046200383827090269 0.032401663164297739 0.026654798454708525 0.066061033191634158 -0.051979104303089642 0.013191348538649353 0.035988282240354101 0.002874292252818122 -0.030209661471760935 -0.099297126531600957 0.03948905058205128 0.041271791965873161 -0.022107153902698993 0.080270483562101924
leaf_weight=9.9999999999999982 3963 22 18 10.999999999999998 9.9999999999999982 11.999999999999998 9.9999999999999982 10.000000000000002 14.999999999999998 18 34 10.999999999999998 43 9.9999999999999982 28 9.9999999999999982 20 14.999999999999998 18 51 13.999999999999998 22 12.999999999999998 16.000000000000004 36 14.999999999999998 15.999999999999998 27 223 11.999999999999998
leaf_count=10 3963 22 18 11 10 12 10 10 15 18 34 11 43 10 28 10 20 15 18 51 14 22 13 16 36 15 16 27 223 12
internal_value=0.000324643 0.0112759 0.0157223 -0.0118667 0.0216342 0.0189074 0.00223845 0.0094876 0.0431467 0.0152076 -0.0301678 -0.0109808 -0.0221596 0.0199847 0.0327802 -0.0175853 -0.0316229 -0.0125138 0.0412012 0.0324895 -0.00774753 0.0501277 -0.000719539 -0.0130788 8.47136e-05 -0.0290325 -0.0087639 0.00057365 -0.018907 0.0360441
internal_weight=4733 412 357 63 294 284 129 119 45 33 52 74 63 20 155 55 45 35 127 105 32 73 4321 264 4057 67 52 3990 236 28
internal_count=4733 412 357 63 294 284 129 119 45 33 52 74 63 20 155 55 45 35 127 105 32 73 4321 264 4057 67 52 3990 236 28
is_linear=0
shrinkage=0.05


Tree=154
num_leaves=31
num_cat=0
split_feature=19 6 22 0 0 6 34 36 24 33 5 30 5 28 29 34 36 9 6 28 30 28 34 29 4 7 28 28 28 37
split_gain=19.5565 16.7676 17.7526 40.8577 49.2708 32.1522 30.8666 75.3197 56.7081 54.4953 47.5291 55.3858 52.3086 51.9582 38.9559 37.4604 47.2476 48.1395 35.3793 35.2571 34.579 38.4755 34.1009 43.0099 46.7523 40.4617 40.4772 50.7048 39.1348 71.8743
threshold=1.0000000180025095e-35 -0.18465909090909088 1.0000000180025095e-35 1250.0000000000002 1350.0000000000002 0.19375000000000003 90.500000000000014 -1.1999999999999986 1.0000000180025095e-35 9.5000000000000018 0.55050505050505061 48.812500000000007 0.54195804195804198 21.500000000000004 45.39361111111112 82.500000000000014 -0.9211111111111121 0.24038461538461542 0.39230769230769241 11.500000000000002 42.51250000000001 12.500000000000002 57.500000000000007 42.620037037037044 0.069047619047619066 1.0000000180025095e-35 4.5000000000000009 5.5000000000000009 1.0000000180025095e-35 3.3887500000000013
decision_type=2 2 2 2 2 2 2 2 2 2 2 2 2 2 2 2 2 2 2 2 2 2 2 2 2 2 2 2 2 2
left_child=1 -1 3 -3 5 -5 7 20 10 -10 11 12 15 -12 -11 16 18 22 -9 -8 -6 -22 23 28 -25 26 -26 -28 29 -18
right_child=-2 2 -4 4 6 -7 19 8 9 14 13 -13 -14 -15 -16 -17 17 -19 -20 -21 21 -23 -24 24 25 -27 27 -29 -30 -31
leaf_value=0.029063905121864016 -0.012607178274555592 0.012834884678966693 -0.006060227233281746 -0.12159011966802857 0.021843457810614194 -0.027654388223616586 0.052236296926540408 -0.022544769023327121 -0.0011842339553616264 -0.13812542935212455 -0.015031382550815028 0.08657885582039232 0.095482870350990984 -0.10160251768926781 -0.049444332320085715 -0.045153096135943496 0.020482660712267477 -0.082027455593148876 -0.12215718112208628 0.0062398490607197994 0.0044640553324311249 -0.054422870377699543 0.027091512291763837 -0.086011155943075818 -0.041333743598726061 -0.038486886551254429 0.11589868728603636 0.011273683076585408 0.069656216345902064 -0.12105861961841585
leaf_weight=53 276 728 782 10.999999999999998 334 53 44 47 55 14.999999999999998 467 19 13.999999999999998 18 71 47 87 14.999999999999998 10.999999999999998 784 368 30 169 21 27 64 13.999999999999998 67 32 9.9999999999999982
leaf_count=53 276 728 782 11 334 53 44 47 55 15 467 19 14 18 71 47 87 15 11 784 368 30 169 21 27 64 14 67 32 10
internal_value=0.000308411 0.00110821 0.000771776 0.00224682 -0.000416654 -0.0437996 0.000564444 -0.00279374 -0.0101566 -0.0400536 -0.00642276 0.00248012 -7.64772e-05 -0.0182443 -0.064912 -0.00226605 0.00130787 0.00620745 -0.0414368 0.0086841 0.0099806 2.53423e-05 0.00890302 -0.000643116 -0.0155828 -0.00698403 0.0116843 0.029357 0.0217086 0.00589078
internal_weight=4733 4457 4404 3622 2894 64 2830 2002 1270 141 1129 644 625 485 86 611 564 506 58 828 732 398 491 322 193 172 108 81 129 97
internal_count=4733 4457 4404 3622 2894 64 2830 2002 1270 141 1129 644 625 485 86 611 564 506 58 828 732 398 491 322 193 172 108 81 129 97
is_linear=0
shrinkage=0.05


Tree=155
num_leaves=31
num_cat=0
split_feature=0 0 2 36 6 6 5 38 36 4 31 0 21 35 32 9 5 24 37 29 28 5 6 35 35 36 29 29 37 5
split_gain=17.7921 42.3592 39.9148 29.422 28.8009 26.9797 33.8731 33.237 22.2706 25.4205 21.9107 21.0945 50.2886 47.0729 44.2587 44.9104 31.2177 29.4186 29.2788 28.8076 48.7462 31.5591 50.0181 28.5345 28.0435 26.9902 26.0754 74.0527 52.6453 42.6616
threshold=1250.0000000000002 1350.0000000000002 6.5000000000000009 -0.05000000000000035 -0.095454545454545445 0.70714285714285718 0.62019230769230782 0.93541666666666679 -0.60000000000000175 0.06458333333333334 12.595000000000001 1750.0000000000002 1.0000000180025095e-35 2.4341432178932183 0.39230769230769241 0.06458333333333334 0.19375000000000003 1.0000000180025095e-35 6.3500000000000005 45.82670833333335 28.500000000000004 0.34523809523809529 0.32291666666666669 1.0000000180025095e-35 0.76038690476190562 -0.86666666666666592 42.004166666666677 44.967592592592602 5.8500000000000041 0.39230769230769241
decision_type=2 2 2 2 2 2 2 2 2 2 2 2 2 2 2 2 2 2 2 2 2 2 2 2 2 2 2 2 2 2
left_child=2 10 5 8 -5 6 -1 -8 9 -4 -2 12 16 26 15 18 -3 23 -15 21 25 -19 -23 -18 -25 -21 29 28 -28 -14
right_child=1 11 3 4 -6 -7 7 -9 -10 -11 -12 -13 13 14 -16 -17 17 19 -20 20 -22 22 -24 24 -26 -27 27 -29 -30 -31
leaf_value=0.0016966893406053576 -0.024726271629333496 -0.082504640097419424 -0.038016951729853948 -0.056204162118956451 0.012345427807111124 0.069506126412978542 -0.056542309014885522 -0.0030850689444277025 0.063228125927969822 0.034408851364065733 -0.093052536156028515 0.0032765866869177 -0.050404273532330991 0.072167621383612809 0.0092727670930178151 0.14477354884147645 -0.051002883385530023 0.051119030308392314 -0.031015814170241358 0.052154348364898143 0.093128012415642544 -0.069426649556525291 0.019020930355922741 0.042281730845570568 -0.012498468092102982 -0.039338894636603075 -0.077359983088591933 0.0059714371812414138 0.0067197891498177219 0.046682456520906954
leaf_weight=589 44 14.999999999999998 14.999999999999998 15.999999999999998 362 12.999999999999998 54 63 50 63 15.999999999999998 1755 13.999999999999998 22 63 14.999999999999998 47 18 9.9999999999999982 13.999999999999998 24 31 33 24 880 19 52 338 29 59
leaf_count=589 44 15 15 16 362 13 54 63 50 63 16 1755 14 22 63 15 47 18 10 14 24 31 33 24 880 19 52 338 29 59
internal_value=0.00051081 -0.00129448 0.0057012 0.0164599 0.00944386 -0.00187026 -0.00318455 -0.0277576 0.037179 0.0204808 -0.0429466 -0.000572606 -0.00453004 0.00709705 0.0366665 0.0733858 -0.0108644 -0.00987855 0.0399228 0.0116072 0.0389087 -0.00737064 -0.0238209 -0.013019 -0.0110441 -0.000523579 0.000485987 -0.00431861 -0.0472573 0.0280631
internal_weight=4747 3522 1225 506 378 719 706 117 128 78 60 3462 1707 602 110 47 1105 1090 32 139 57 82 64 951 904 33 492 419 81 73
internal_count=4747 3522 1225 506 378 719 706 117 128 78 60 3462 1707 602 110 47 1105 1090 32 139 57 82 64 951 904 33 492 419 81 73
is_linear=0
shrinkage=0.05


Tree=156
num_leaves=31
num_cat=0
split_feature=0 0 2 36 6 6 5 38 29 36 4 0 21 29 29 6 0 5 24 4 4 29 29 4 6 36 36 4 36 8
split_gain=16.0573 38.2292 36.0231 26.5533 25.9928 24.3492 30.5705 29.9964 20.5632 20.0992 22.942 19.0378 45.3854 33.7584 70.453 30.7704 29.4647 28.174 26.5503 26.388 33.6273 25.4379 39.8808 24.8977 26.4604 24.8724 57.0385 37.6579 28.3374 27.7857
threshold=1250.0000000000002 1350.0000000000002 6.5000000000000009 -0.05000000000000035 -0.095454545454545445 0.70714285714285718 0.62019230769230782 0.93541666666666679 44.464500000000008 -0.60000000000000175 0.06458333333333334 1750.0000000000002 1.0000000180025095e-35 43.700119047619054 44.340357142857151 0.36931818181818188 1500.0000000000002 0.19375000000000003 1.0000000180025095e-35 0.11805555555555557 0.069047619047619066 44.988444444444447 45.39361111111112 1.0000000180025095e-35 0.45804195804195807 -1.4499999999999973 -0.39999999999999886 0.069047619047619066 -2.3000000000000029 15.500000000000002
decision_type=2 2 2 2 2 2 2 2 2 2 2 2 2 2 2 2 2 2 2 2 2 2 2 2 2 2 2 2 2 2
left_child=2 8 5 9 -5 6 -1 -8 -2 10 -4 12 17 25 15 -15 21 -3 -19 20 -20 -16 -23 -24 -25 28 -27 -28 -14 -29
right_child=1 11 3 4 -6 -7 7 -9 -10 -11 -12 -13 13 14 16 -17 -18 18 19 -21 -22 22 23 24 -26 26 27 29 -30 -31
leaf_value=0.0016118550307871631 -0.021636806583652895 -0.078379408859958255 -0.036116101791461311 -0.053393955645151439 0.01172815611025123 0.066030822350428661 -0.053715193419958708 -0.0029308148970206577 -0.085511713143852031 0.060066719397902493 0.032688408565249231 0.0031127575294236042 0.037096934523433434 -0.12100145330031714 -0.029593671880207867 -0.028130361268466172 -0.0046152952215598193 -0.012368006743593524 0.0082200151046409303 -0.00015899330038915982 0.11754002173741658 0.093092206262406857 0.071866997137763775 0.02290160608139228 -0.035388707697391511 0.10472090746462347 -0.028740903508982493 0.097907993197441104 -0.081935414820909505 0.020964800600301137
leaf_weight=589 42 14.999999999999998 14.999999999999998 15.999999999999998 362 12.999999999999998 54 63 18 50 63 1755 10.000000000000002 14.999999999999998 21 22 258 951 17.000000000000004 110 11.999999999999998 21 19 88 25 25 28 15.999999999999998 9.9999999999999982 44
leaf_count=589 42 15 15 16 362 13 54 63 18 50 63 1755 10 15 21 22 258 951 17 110 12 21 19 88 25 25 28 16 10 44
internal_value=0.00048527 -0.00122976 0.00541614 0.0156369 0.00897166 -0.00177674 -0.00302532 -0.0263698 -0.0407993 0.03532 0.0194568 -0.000543976 -0.00430353 0.0067422 0.000436951 -0.0657808 0.00610838 -0.0103212 -0.00938463 0.0110268 0.0534559 0.022009 0.0290917 0.0189098 0.0100055 0.0289765 0.0380731 0.019139 -0.0224192 0.041483
internal_weight=4747 3522 1225 506 378 719 706 117 60 128 78 3462 1707 602 469 37 432 1105 1090 139 29 174 153 132 113 133 113 88 20 60
internal_count=4747 3522 1225 506 378 719 706 117 60 128 78 3462 1707 602 469 37 432 1105 1090 139 29 174 153 132 113 133 113 88 20 60
is_linear=0
shrinkage=0.05


Tree=157
num_leaves=31
num_cat=0
split_feature=0 0 22 35 8 31 35 28 29 30 6 31 36 28 28 29 0 4 25 33 31 8 37 36 5 5 30 31 5 29
split_gain=14.4918 34.5018 33.0117 30.5158 30.5693 35.9187 30.4036 27.631 25.8351 25.8258 33.1028 25.0368 36.4753 23.3469 29.8892 20.8915 24.9349 20.5709 19.9219 19.5586 19.4113 18.6226 19.635 22.403 17.925 17.2754 38.9665 24.4957 20.166 25.6771
threshold=1250.0000000000002 1350.0000000000002 1.0000000180025095e-35 2.3670856227106234 15.500000000000002 17.710000000000012 1.5141145833333345 50.500000000000007 43.62968750000001 38.891666666666673 0.43303571428571436 14.108333333333336 0.3000000000000031 45.500000000000007 41.500000000000007 43.777500000000011 1175.0000000000002 0.06458333333333334 1.0000000180025095e-35 8.5000000000000018 12.595000000000001 15.500000000000002 3.1430158730158704 1.3200000000000001 0.37980769230769235 0.80625000000000013 46.314285714285717 6.7124999999999995 0.78174603174603186 44.988444444444447
decision_type=2 2 2 2 2 2 2 2 2 2 2 2 2 2 2 2 2 2 2 2 2 2 2 2 2 2 2 2 2 2
left_child=2 20 7 4 6 9 -4 13 -8 -6 -11 19 -13 14 15 -1 -17 18 -18 -5 -2 24 23 -23 -9 28 27 -27 -3 -30
right_child=1 25 3 11 5 -7 8 21 -10 10 -12 12 -14 -15 -16 16 17 -19 -20 -21 -22 22 -24 -25 -26 26 -28 -29 29 -31
leaf_value=0.0072199646864841956 -0.021609681268984621 -0.00040229228114390194 0.071449684302012137 -0.038602661015465861 -0.065770672138647318 0.040428159068272053 -0.074630238386717687 -0.039497460766385002 0.03641201788559556 -0.046844723933573924 0.03903799811515081 -0.088246194366365674 0.015509695766700637 0.074886944492657981 -0.037897309737183665 -0.00047482090691725417 0.028734857305174784 0.039827899151843871 -0.04826604377345315 0.019629089416272633 -0.085920805018395191 0.018764521283446807 -0.095867466678222032 -0.073928837884556162 0.037800603136420252 0.05071906564900508 -0.11222261752594601 -0.029657526346189636 -0.017317983643575143 0.080721598534899602
leaf_weight=461 44 3375 14.999999999999998 15.999999999999998 63 13.999999999999998 11.000000000000002 11.999999999999998 9.9999999999999982 33 17 15.999999999999998 18 14.999999999999998 29 75 21 180 13.999999999999998 146 15.999999999999998 16.000000000000004 11.999999999999998 10.999999999999998 20 12.999999999999998 10.999999999999998 35 11.000000000000002 17
leaf_count=461 44 3375 15 16 63 14 11 12 10 33 17 16 18 15 29 75 21 180 14 146 16 16 12 11 20 13 11 35 11 17
internal_value=0.000461006 -0.00116827 0.00514534 -0.00760283 -0.0235881 -0.0351164 0.0170815 0.0104301 -0.021753 -0.0444759 -0.0176446 0.00569102 -0.0333166 0.0130991 0.0119109 0.0138342 0.0243487 0.033008 -0.0020655 0.0138778 -0.0387593 -0.0194557 -0.0426511 -0.0189994 0.00881383 -0.000516777 -0.0273409 -0.00788887 -5.17094e-05 0.042206
internal_weight=4747 3522 1225 359 163 127 36 866 21 113 50 196 34 795 780 751 290 215 35 162 60 71 39 27 32 3462 59 48 3403 28
internal_count=4747 3522 1225 359 163 127 36 866 21 113 50 196 34 795 780 751 290 215 35 162 60 71 39 27 32 3462 59 48 3403 28
is_linear=0
shrinkage=0.05


Tree=158
num_leaves=31
num_cat=0
split_feature=34 37 28 36 28 35 35 31 11 28 11 27 36 37 31 6 11 12 8 35 6 30 34 31 35 11 31 27 5 33
split_gain=15.2603 42.518 53.9238 48.5853 41.2597 39.8901 34.0544 29.5049 52.9841 51.6128 45.1202 40.8284 46.7787 42.9088 36.5254 28.2319 28.0534 41.4437 26.5643 30.157 25.0467 24.95 46.7104 30.0338 23.8594 24.0197 23.7382 20.8704 36.4775 25.0112
threshold=88.500000000000014 7.2000000000000028 21.500000000000004 -1.7899999999999989 17.500000000000004 2.6363961038961041 1.5788653273809532 5.900000000000003 0.39230769230769241 24.500000000000004 0.34523809523809529 5.5000000000000009 -0.79499999999999871 6.847083333333333 6.333333333333333 0.32291666666666669 0.24038461538461542 0.080128205128205135 15.500000000000002 2.7538003923160175 0.36931818181818188 44.615000000000002 129.50000000000003 15.825000000000001 2.7436746031746035 0.36038961038961043 12.606250000000005 6.5000000000000009 0.48333333333333339 11.500000000000002
decision_type=2 2 2 2 2 2 2 2 2 2 2 2 2 2 2 2 2 2 2 2 2 2 2 2 2 2 2 2 2 2
left_child=4 3 5 -2 -1 -3 -6 8 10 -10 18 12 -9 14 -13 -15 17 -8 19 -5 -7 22 23 -4 -18 -26 -22 28 -16 -29
right_child=1 2 21 7 6 20 16 11 9 -11 -12 13 -14 15 27 -17 24 -19 -20 -21 26 -23 -24 -25 25 -27 -28 29 -30 -31
leaf_value=6.002933862253369e-05 -0.09806463566298286 0.1319959640916851 -0.0033173025523345655 -0.049236929996146095 0.050818629413843158 -0.026598655954003337 -0.098037302847309368 0.13295753269145888 -0.16679355447942557 -0.024202106396357219 0.06731273117992613 0.06223768481501827 0.023437934770033912 0.0045799643266946077 0.050425877880591607 -0.080475459784269343 -0.004894464262153792 0.00028559002367889181 -0.075851367764613209 0.038029327336698775 0.010269587039947507 0.067333549604966098 -0.071155273676849914 0.097628404796123502 -0.0075501443251319552 -0.075971624306563679 0.11273709994096022 0.039223880770013618 -0.043398460879118417 0.0033426656429944033
leaf_weight=3019 11.999999999999998 18 28 18 14.999999999999998 9.9999999999999982 29 11.999999999999998 11.000000000000002 14.999999999999998 18 27 52 15.999999999999998 12.999999999999998 25 115 17 17 22 10.000000000000002 12.999999999999998 20 9.9999999999999982 23 29 12.999999999999998 51 51 1018
leaf_count=3019 12 18 28 18 15 10 29 12 11 15 18 27 52 16 13 25 115 17 17 22 10 13 20 10 23 29 13 51 51 1018
internal_value=0.000437956 0.00460893 0.0329004 0.00210417 -0.00148889 0.0721219 -0.0219984 0.00298413 -0.023022 -0.0845293 -0.00169952 0.00506051 0.0439729 0.00298691 0.00476369 -0.0472831 -0.0271264 -0.0617006 -0.0234929 -0.00124049 0.0394634 0.00472719 -0.00930527 0.0232474 -0.017603 -0.0457083 0.068186 0.00339406 -0.0243404 0.00505449
internal_weight=4747 1500 122 1378 3247 51 228 1366 101 26 75 1265 64 1201 1160 41 213 46 57 40 33 71 58 38 167 52 23 1133 64 1069
internal_count=4747 1500 122 1378 3247 51 228 1366 101 26 75 1265 64 1201 1160 41 213 46 57 40 33 71 58 38 167 52 23 1133 64 1069
is_linear=0
shrinkage=0.05


Tree=159
num_leaves=31
num_cat=0
split_feature=34 28 31 11 28 28 11 31 31 31 35 8 11 12 35 29 29 6 6 10 35 4 33 11 11 28 35 29 28 35
split_gain=13.7724 37.2369 35.1562 67.7303 63.817 53.9035 45.7659 34.3685 31.172 31.0967 30.7341 26.3936 25.3182 37.4029 21.5331 35.3671 26.7718 24.0228 23.5704 24.4873 21.1857 46.8815 58.6534 35.5484 19.929 28.6822 25.1003 24.9179 20.2901 19.9246
threshold=88.500000000000014 17.500000000000004 5.900000000000003 0.39230769230769241 24.500000000000004 11.500000000000002 0.34523809523809529 6.4944444444444374 5.0000000000000044 12.958333333333334 1.5788653273809532 15.500000000000002 0.24038461538461542 0.080128205128205135 2.7436746031746035 45.682445887445894 46.912018518518522 0.13809523809523813 0.43303571428571436 3.5000000000000004 2.0792176870748302 0.069047619047619066 15.500000000000002 0.12916666666666668 0.32291666666666669 30.500000000000004 1.6130809294871795 45.591515151515161 29.500000000000004 2.4545507369614517
decision_type=2 2 2 2 2 2 2 2 2 2 2 2 2 2 2 2 2 2 2 2 2 2 2 2 2 2 2 2 2 2
left_child=1 -1 3 6 -5 9 8 -7 11 -4 -3 -2 13 -12 16 17 18 -16 19 -14 21 22 -9 -23 26 -26 -25 -28 -29 -21
right_child=2 10 5 4 -6 7 -8 20 -10 -11 12 -13 14 -15 15 -17 -18 -19 -20 29 -22 23 -24 24 25 -27 27 28 -30 -31
leaf_value=5.7027876671103565e-05 0.042896201732483784 0.048277698208888373 0.078302784794941557 -0.17768969039122259 -0.022992001026868821 0.048916261940307564 0.067613070889523161 0.1561751099733206 -0.059958109542328331 0.0019441703706979752 -0.093135438287823377 -0.05507146835327148 0.047230158163568917 0.00027131096405141495 -0.14287319839000698 0.0028795255267101785 -0.043502683349652217 -0.047130843624472618 -0.06166083827614785 -0.035530552268028259 0.00044801676279478537 0.094986098496751353 0.0028813677529493965 -0.049118416321774327 -0.061186051070690153 0.010795210854661081 -0.032939522956999451 0.068827653908396541 0.0068371937694874686 0.048473107591271408
leaf_weight=3019 22 14.999999999999998 40 12.000000000000002 14.999999999999998 42 19 13 28 20 29 9.9999999999999982 39 17 10.000000000000002 23 32 19 9.9999999999999982 24 1120 10.999999999999998 12 11.999999999999998 25 31 12.999999999999998 33 22 9.9999999999999982
leaf_count=3019 22 15 40 12 15 42 19 13 28 20 29 10 39 17 10 23 32 19 10 24 1120 11 12 12 25 31 13 33 22 10
internal_value=0.000416058 -0.00141444 0.00437848 -0.0233805 -0.0917465 0.00648928 -1.48983e-05 0.00440409 -0.0214304 0.0528499 -0.0208985 0.0122813 -0.0257701 -0.0586156 -0.0167228 -0.0434229 -0.00464974 -0.0801454 0.0103297 0.0201914 0.0029571 0.0192953 0.0825941 0.00853023 0.00153747 -0.0213393 0.0175512 0.0293164 0.0440315 -0.0108236
internal_weight=4747 3247 1500 106 27 1394 79 1334 60 60 228 32 213 46 167 52 115 29 83 73 1292 172 25 147 136 56 80 68 55 34
internal_count=4747 3247 1500 106 27 1394 79 1334 60 60 228 32 213 46 167 52 115 29 83 73 1292 172 25 147 136 56 80 68 55 34
is_linear=0
shrinkage=0.05


Tree=160
num_leaves=31
num_cat=0
split_feature=34 30 28 31 34 37 33 0 30 31 11 8 36 33 38 30 2 27 34 11 36 30 36 34 8 32 28 32 34 11
split_gain=15.1048 46.7163 32.4127 46.074 38.3584 38.6964 34.8171 37.3359 61.3917 58.7436 40.0874 35.9142 33.5838 35.9291 33.2136 32.2089 31.3838 33.9302 30.7338 77.4828 32.8372 27.9384 28.1289 44.1497 52.1517 33.3225 43.7741 28.6907 31.4593 27.0817
threshold=120.50000000000001 43.960000000000015 14.500000000000002 15.600000000000007 84.500000000000014 7.75 9.5000000000000018 1250.0000000000002 41.212500000000013 5.3125000000000009 0.42261904761904767 11.500000000000002 -1.0399999999999996 10.500000000000002 0.96875000000000011 43.75500000000001 5.5000000000000009 7.5000000000000009 79.500000000000014 0.43303571428571436 0.073214285714284483 43.552777777777784 -0.36666666666666864 127.50000000000001 14.500000000000002 0.43303571428571436 28.500000000000004 0.65476190476190488 133.50000000000003 0.087121212121212141
decision_type=2 2 2 2 2 2 2 2 2 2 2 2 2 2 2 2 2 2 2 2 2 2 2 2 2 2 2 2 2 2
left_child=2 15 4 6 18 14 -4 -8 11 -10 12 -9 -11 -14 -6 21 17 -12 -1 20 -20 22 23 24 -2 -24 -27 -25 -29 -15
right_child=1 -3 3 -5 5 -7 7 8 9 10 16 -13 13 29 -16 -17 -18 -19 19 -21 -22 -23 25 27 -26 26 -28 28 -30 -31
leaf_value=0.00047511188402889318 -0.044615449417721137 0.034618453440749021 0.037068868626374755 0.01424546839973507 -0.031860468329654799 -0.069935488626360898 -0.0013770305059102011 -0.11656690984964371 -0.083819064211386907 0.051137270115449454 0.06233255171350071 -0.040262366323002494 0.054696086281910541 0.069319554716348653 0.04067711199201085 -0.074165246954986039 -0.059248429253840676 -0.037239934300834485 -0.04805862576417301 -0.15602363537658345 0.03954226888716221 0.069931935556232935 -0.080012378773906018 -0.06416967688938198 0.098718440594772486 0.03419824487352667 -0.00025757108438243843 -0.091253594774752866 0.0065961703820073096 -0.015434568825109705
leaf_weight=2808 11 121 32 173 18 9.9999999999999982 281 17 26 34 13.999999999999998 166 24 9.9999999999999982 128 13.999999999999998 52 22 23 10.999999999999998 20 14.999999999999998 10.999999999999998 46 15 121 387 9.9999999999999982 46 164
leaf_count=2808 11 121 32 173 18 10 281 17 26 34 14 166 24 10 128 14 52 22 23 11 20 15 11 46 15 121 387 10 46 164
internal_value=-0.000283865 0.00600597 -0.00152686 -0.00925616 0.00107262 0.0252168 -0.0140849 -0.0161058 -0.0239295 -0.011542 -0.00566951 -0.0473508 0.00522974 -0.00265337 0.0317341 0.000884507 -0.0344039 0.0014827 -0.000243413 -0.0376067 -0.00731402 0.00247166 0.000907667 -0.0200852 0.0380772 0.00608511 0.00794942 -0.034911 -0.010877 -0.0105636
internal_weight=4830 797 4033 1015 3018 156 842 810 529 346 320 183 232 198 146 676 88 36 2862 54 43 662 647 128 26 519 508 102 56 174
internal_count=4830 797 4033 1015 3018 156 842 810 529 346 320 183 232 198 146 676 88 36 2862 54 43 662 647 128 26 519 508 102 56 174
is_linear=0
shrinkage=0.05


Tree=161
num_leaves=31
num_cat=0
split_feature=30 5 6 0 4 9 9 11 35 38 37 37 2 35 28 9 29 30 30 30 30 5 2 0 35 31 30 37 9 37
split_gain=14.5082 67.1077 57.3924 34.9308 32.2732 47.8722 33.7784 38.4636 27.9185 32.0713 75.3136 42.3462 30.1752 27.9965 42.2324 27.5933 26.2338 25.5989 24.3529 22.6298 21.7207 18.2512 16.3653 26.3265 73.7479 45.6377 17.3372 23.9098 34.1245 23.0108
threshold=46.283333333333339 0.80625000000000013 0.63961038961038974 2250.0000000000005 0.27922077922077926 0.17424242424242428 0.12916666666666668 0.32291666666666669 2.3925706845238097 0.93095238095238109 5.3100000000000014 6.847083333333333 6.5000000000000009 2.1199973544973552 10.500000000000002 0.17424242424242428 50.633385416666677 47.112500000000004 47.225000000000009 49.01250000000001 47.416666666666679 0.5590277777777779 9.5000000000000018 2250.0000000000005 2.9066319444444448 8.7949999999999928 34.650000000000013 6.6225000000000014 0.06458333333333334 5.0816666666666679
decision_type=2 2 2 2 2 2 2 2 2 2 2 2 2 2 2 2 2 2 2 2 2 2 2 2 2 2 2 2 2 2
left_child=22 2 3 4 5 6 8 -8 9 10 18 -12 16 14 -11 -6 -10 -14 -2 -19 -4 -13 23 -1 25 -25 -24 29 -29 -28
right_child=1 -3 20 -5 15 -7 7 -9 12 13 11 21 17 -15 -16 -17 -18 19 -20 -21 -22 -23 26 24 -26 -27 27 28 -30 -31
leaf_value=7.8420092483728654e-05 0.018460630998015398 -0.10765374588469666 0.14526395112276072 0.095471832562576645 0.015829799165949229 -0.087901029884815227 0.0086314020554224633 0.13522727698087694 0.12839188738302748 -0.025561458541936168 0.12096425049445209 -0.022287003079859105 0.059584020823240283 -0.08911436955134075 0.081719797849655162 0.097137203486636292 0.023476773242537791 -0.056896377943064028 -0.077937273210600802 0.036028638184070587 0.045487535248200102 0.065222223238511526 -0.048741419433305663 0.096454816758632628 -0.12363225100561977 -0.045622313223206083 -0.01336669166882833 -0.061981983349791596 -0.00026862410983691611 0.025171282197184425
leaf_weight=4110 10.000000000000002 11.999999999999998 10.000000000000002 10.999999999999998 30 14.999999999999998 15.000000000000002 9.9999999999999982 11.000000000000002 111 17 13.000000000000002 12.999999999999998 14.999999999999998 9.9999999999999982 15.999999999999998 12.999999999999998 19.000000000000004 19 9.9999999999999982 11.999999999999998 10.999999999999998 30 10.000000000000002 15.999999999999998 12.999999999999998 90 42 48 68
leaf_count=4110 10 12 10 11 30 15 15 10 11 111 17 13 13 15 10 16 13 19 19 10 12 11 30 10 16 13 90 42 48 68
internal_value=-0.000269671 0.00881284 0.0123873 0.00770983 0.00501324 -0.000751125 0.00365039 0.0592698 -0.00146169 -0.0105288 0.0169701 0.0605879 0.0268387 -0.0246826 -0.0166952 0.0441106 0.0715629 0.00128208 -0.0446966 -0.0248533 0.0908405 0.0178214 -0.00109647 -0.000309557 -0.0411964 0.0161504 -0.0128408 -0.00849795 -0.0290682 0.00321927
internal_weight=4830 403 391 369 358 312 297 25 272 206 70 41 66 136 121 46 24 42 29 29 22 24 4427 4149 39 23 278 248 90 158
internal_count=4830 403 391 369 358 312 297 25 272 206 70 41 66 136 121 46 24 42 29 29 22 24 4427 4149 39 23 278 248 90 158
is_linear=0
shrinkage=0.05


Tree=162
num_leaves=31
num_cat=0
split_feature=34 30 27 30 30 36 34 35 33 32 31 32 37 37 0 21 7 35 0 24 0 7 31 37 32 11 14 34 4 4
split_gain=13.5749 41.7361 30.1083 28.9205 24.8768 25.3667 39.7828 50.5615 47.0669 36.7348 37.2008 29.9457 30.1101 40.3688 31.4018 29.2556 33.8023 44.1966 24.3149 65.7017 44.4318 32.7518 30.8612 40.2747 26.4642 25.9438 45.1516 24.8312 26.5824 65.3577
threshold=120.50000000000001 43.960000000000015 11.500000000000002 43.75500000000001 43.552777777777784 -0.36666666666666864 127.50000000000001 2.6707812500000014 14.500000000000002 0.65476190476190488 16.825000000000006 0.43303571428571436 4.9275000000000011 3.9357142857142882 1350.0000000000002 1.0000000180025095e-35 1.0000000180025095e-35 2.5877988591269845 1250.0000000000002 1.0000000180025095e-35 1350.0000000000002 1.5000000000000002 10.900000000000004 6.3999999999999995 0.30384615384615393 0.11805555555555557 1.0000000180025095e-35 28.500000000000004 0.11805555555555557 0.24038461538461542
decision_type=2 2 2 2 2 2 2 2 2 2 2 2 2 2 2 2 2 2 2 2 2 2 2 2 2 2 2 2 2 2
left_child=2 3 18 4 5 6 8 9 -2 -8 -11 -7 13 14 -13 16 17 -16 19 21 -20 -1 23 -23 25 26 -22 28 -26 -30
right_child=1 -3 -4 -5 -6 11 7 -9 -10 10 -12 12 -14 -15 15 -17 -18 -19 20 -21 24 22 -24 -25 27 -27 -28 -29 29 -31
leaf_value=-0.0017796645051344233 -0.042388596995310335 0.032751017101763265 -0.02970991825340721 -0.070249670318194804 0.066026519052684307 -0.075807948410511028 -0.052470067790464349 -0.10669207018064826 0.093778597526252283 0.040153203707407506 -0.065630029920827268 0.00051798508613414712 0.027216875405238233 -0.022491654775343664 0.028363596399625143 0.085128106052676844 0.089175536762923002 -0.096748254150152202 -0.047514413671398706 0.054710180153353861 0.036428654287010434 0.020764240714661937 0.057884888232966537 -0.070137105802340172 0.013265513886625953 0.0039227523588941998 -0.07422162531357672 -0.0050188154791965239 -0.10132126706021448 -0.0073913210112115622
leaf_weight=732 11.000000000000002 121 92 13.999999999999998 14.999999999999998 10.999999999999998 38 19 14.999999999999998 34 10.999999999999998 168 141 129 24 24 11.999999999999998 9.9999999999999982 55 65 13.999999999999998 94 46 13.999999999999998 26 1377 27 1414 31 46
leaf_count=732 11 121 92 14 15 11 38 19 15 34 11 168 141 129 24 24 12 10 55 65 14 94 46 14 26 1377 27 1414 31 46
internal_value=-0.000256188 0.0057066 -0.00143455 0.000865811 0.00236976 0.00089395 -0.0190416 -0.033115 0.0361694 -0.0162721 0.0142951 0.00581063 0.00757796 3.27596e-05 0.0122414 0.0403775 0.0170294 -0.00843401 -0.000774483 0.00618935 -0.0029894 0.00262969 0.0235885 0.00898073 -0.00215503 0.00275575 -0.0364386 -0.00674533 -0.0304472 -0.0452073
internal_weight=4830 797 4033 676 662 647 128 102 26 83 45 519 508 367 238 70 46 34 3941 951 2990 886 154 108 2935 1418 41 1517 103 77
internal_count=4830 797 4033 676 662 647 128 102 26 83 45 519 508 367 238 70 46 34 3941 951 2990 886 154 108 2935 1418 41 1517 103 77
is_linear=0
shrinkage=0.05


Tree=163
num_leaves=31
num_cat=0
split_feature=30 5 6 31 24 29 33 36 11 32 37 37 33 32 31 29 11 5 5 36 35 33 31 29 29 31 31 31 6 11
split_gain=12.951 59.1659 52.343 31.7493 48.0064 53.2889 38.3631 43.7605 36.9595 42.5389 34.5231 34.6653 39.4109 32.4615 27.4967 26.6456 42.1297 23.7729 21.5123 20.4083 19.2996 17.0767 19.6395 15.8393 47.4951 34.8283 58.6346 50.4094 29.9823 36.9029
threshold=46.283333333333339 0.80625000000000013 0.63068181818181823 5.0000000000000044 1.0000000180025095e-35 50.093516483516495 13.500000000000002 -2.1000000000000001 0.43303571428571436 0.36931818181818188 10.100000000000005 9.4583333333333393 10.500000000000002 0.37980769230769235 5.9999999999999973 47.88896464646465 0.32291666666666669 0.43303571428571436 0.44949494949494956 -2.8833333333333324 1.1543315018315019 13.500000000000002 6.275000000000003 48.751672077922088 48.922301587301597 7.9666666666666694 7.2000000000000073 9.8749999999999982 -0.11805555555555554 0.36931818181818188
decision_type=2 2 2 2 2 2 2 2 2 2 2 2 2 2 2 2 2 2 2 2 2 2 2 2 2 2 2 2 2 2
left_child=23 2 3 6 5 21 10 19 13 -10 11 12 -2 17 -4 -14 20 -7 -18 -8 -17 -5 -23 -1 -25 26 -26 -27 -29 -30
right_child=1 -3 14 4 -6 8 7 -9 9 -11 -12 -13 15 -15 -16 16 18 -19 -20 -21 -22 22 -24 24 25 27 -28 28 29 -31
leaf_value=7.4854619108895672e-05 -0.016180402390658856 -0.10102023420234521 0.036922022471061113 0.1378582775592804 -0.056356705445796254 0.11987819317728282 -0.033127034691107615 -0.086342034461321659 -0.081409664649297206 0.04154552593827248 -0.060241440464468568 0.10487681463360787 0.10429072578748066 -0.018282247962136018 0.14720348417758941 0.028406995460391035 0.02007638732237475 0.038615827779803019 0.10772893843906267 0.052037273347377781 -0.061267418762048088 0.012374792546033856 0.10919110094281761 -0.055017743629001671 0.0070402818421522783 0.041255086095583059 -0.12681091040372849 0.070419254402319595 0.0031235633537289691 -0.029102642464782769
leaf_weight=3900 75 11.999999999999998 13.000000000000002 11.999999999999998 15.999999999999998 11.999999999999998 17.000000000000004 27 17.000000000000004 11.999999999999998 17 9.9999999999999982 11.999999999999998 19 9.9999999999999982 10.000000000000002 14.000000000000002 36 13.999999999999998 11.999999999999998 14.999999999999998 10.000000000000002 10.999999999999998 51 18 62 14.999999999999998 11.999999999999998 220 149
leaf_count=3900 75 12 13 12 16 12 17 27 17 12 17 10 12 19 10 10 14 36 14 12 15 10 11 51 18 62 15 12 220 149
internal_value=-0.000243378 0.00833786 0.0116941 0.00712059 0.0253336 0.0354657 -0.00472194 -0.0405348 0.0166242 -0.0305317 0.00728716 0.0149404 0.00851637 0.037035 0.0848705 0.0370126 0.0217799 0.0589314 0.0639027 0.00211337 -0.0253977 0.0902773 0.0630881 -0.00102455 -0.00916054 -0.00424727 -0.0538012 -0.000555899 -0.00735979 -0.00988919
internal_weight=4830 403 391 368 145 129 223 56 96 29 167 150 140 67 23 65 53 48 28 29 25 33 21 4427 527 476 33 443 381 369
internal_count=4830 403 391 368 145 129 223 56 96 29 167 150 140 67 23 65 53 48 28 29 25 33 21 4427 527 476 33 443 381 369
is_linear=0
shrinkage=0.05


Tree=164
num_leaves=31
num_cat=0
split_feature=34 30 29 29 3 28 29 35 37 14 32 27 29 31 31 4 29 21 30 27 31 37 27 28 5 27 11 29 9 35
split_gain=12.4869 37.9113 41.8531 36.3329 46.8739 28.2386 44.6884 44.1221 37.1495 39.8328 34.7812 26.9613 26.8111 25.7736 33.7387 25.0038 31.9642 29.9826 34.8165 34.6716 28.2386 25.9405 25.2954 24.6535 24.6171 24.2099 32.0891 24.1994 31.0994 23.7106
threshold=120.50000000000001 43.960000000000015 48.493599537037049 47.911850649350662 1.5000000000000002 15.500000000000002 48.072500000000005 1.5993452380952389 8.3600000000000048 1.0000000180025095e-35 0.55050505050505061 9.5000000000000018 48.612162698412703 16.25833333333334 17.287500000000005 0.18465909090909094 42.868055555555564 1.0000000180025095e-35 42.38750000000001 12.500000000000002 6.333333333333333 4.7700000000000031 10.500000000000002 28.500000000000004 0.5590277777777779 10.500000000000002 0.48333333333333339 48.386458333333344 0.07417582417582419 2.9066319444444448
decision_type=2 2 2 2 2 2 2 2 2 2 2 2 2 2 2 2 2 2 2 2 2 2 2 2 2 2 2 2 2 2
left_child=5 2 13 -3 12 11 7 -7 9 25 -10 -1 -5 15 -15 16 -2 18 19 -17 -18 -19 -20 -16 -4 -9 29 28 -8 -27
right_child=1 3 24 4 -6 6 27 8 10 -11 -12 -13 -14 14 23 17 20 21 22 -21 -22 -23 -24 -25 -26 26 -28 -29 -30 -31
leaf_value=0.00056819450623077068 -0.048350833711170021 0.091051618754863742 -0.05702166263427999 -0.062149402567385027 0.083164699206298043 0.049145313388166523 0.10133723448961973 -0.0023853554205616155 0.11336653605103489 -0.035570816463425095 -0.00083928119391202922 0.065640589944086974 0.01423777961608721 0.093219266252385247 0.067867315957943597 -0.026299449003767225 0.087566578158965486 0.078708049934357385 -0.023211359232664104 0.023419295888635575 0.012108525592925412 -0.016380208673385476 -0.11359010060628257 -0.0081241139286273231 -0.0047222051262441611 -0.033652543164789682 0.017424701545226934 0.0042537405091167997 0.0042150770040119403 -0.11166620064865461
leaf_weight=3104 21 21 45 13.999999999999998 22 26 15.999999999999998 293 10.000000000000002 247 20 15.999999999999998 64 18 14.999999999999998 100 12.999999999999998 16.000000000000004 16.000000000000004 54 268 12.999999999999998 14.999999999999998 37 45 85 29 159 17 10.999999999999998
leaf_count=3104 21 21 45 14 22 26 16 293 10 247 20 16 64 18 15 100 13 16 16 54 268 13 15 37 45 85 29 159 17 11
internal_value=-0.00023121 0.00548765 0.000873999 0.0312631 0.0187075 -0.00136137 -0.00909565 -0.0148041 -0.0171964 -0.0196517 0.0372293 0.000901899 0.00052726 0.00574965 0.0342195 0.00188747 0.0111526 -0.0111876 -0.0185975 -0.0088656 0.0155995 0.0360823 -0.066943 0.0137965 -0.0308719 -0.0102449 -0.0286678 0.0123406 0.0513046 -0.0425916
internal_weight=4830 797 676 121 100 4033 913 721 695 665 30 3120 78 586 70 516 302 214 185 154 281 29 31 52 90 418 125 192 33 96
internal_count=4830 797 676 121 100 4033 913 721 695 665 30 3120 78 586 70 516 302 214 185 154 281 29 31 52 90 418 125 192 33 96
is_linear=0
shrinkage=0.05


Tree=165
num_leaves=31
num_cat=0
split_feature=34 8 35 35 5 6 9 6 5 6 7 35 33 6 6 4 4 8 27 30 5 35 6 9 9 28 34 4 6 8
split_gain=23.0686 25.5065 26.8794 31.2867 20.8509 20.5888 59.1947 41.6941 38.2406 29.1985 27.7704 29.1155 27.3712 25.5975 25.3133 25.4595 60.2221 33.7294 32.6025 35.9323 32.0283 25.9344 24.0009 61.3115 28.1514 24.5794 55.1993 36.1431 27.039 25.4155
threshold=28.500000000000004 7.5000000000000009 3.2129166666666675 3.25868112244898 0.39230769230769241 0.46410256410256417 1.0000000180025095e-35 0.43303571428571436 0.74166666666666681 0.42261904761904767 1.5000000000000002 -0.59333333333333227 1.0000000180025095e-35 0.75961538461538469 0.39230769230769241 0.24038461538461542 0.26969696969696971 15.500000000000002 1.5000000000000002 45.775000000000013 0.39230769230769241 1.5290527065527064 0.36931818181818188 1.0000000180025095e-35 0.07417582417582419 4.5000000000000009 24.500000000000004 0.087121212121212141 0.11805555555555557 9.5000000000000018
decision_type=2 2 2 2 2 2 2 2 2 2 2 2 2 2 2 2 2 2 2 2 2 2 2 2 2 2 2 2 2 2
left_child=1 4 5 -4 -1 7 8 9 -7 10 11 -3 -9 -10 15 22 17 -17 20 21 -18 -20 25 -24 -25 27 -27 -13 -29 -30
right_child=-2 2 3 -5 -6 6 -8 12 13 -11 -12 14 -14 -15 -16 16 18 -19 19 -21 -22 -23 23 24 -26 26 -28 28 29 -31
leaf_value=0.10051611527800558 0.0030576861205294818 0.068822183053601868 0.10149234741926194 0.0085599918384104967 0.0073074035191287596 -0.010894513374915088 -0.048279165584397946 0.086342602968215942 0.10935618591805296 -0.089260465719483123 0.019186691068204902 0.053532572796470251 0.013389279978970686 0.0010409767180681229 0.026878833087782068 0.075524791546406289 -0.023752779016892114 -0.00091611999604437097 -0.055925449728965765 0.073729969446475682 -0.11302769319154322 0.02116732105612755 -0.13386402989135068 0.040277127577708308 -0.063777983159973073 -0.095682725815900746 0.020736302598379552 -0.075387609553964521 0.054707930093774428 -0.01818952288106709
leaf_weight=10.000000000000002 3737 10.999999999999998 9.9999999999999982 96 14.999999999999998 137 114 18 12.000000000000002 10.999999999999998 86 19 45 9.9999999999999982 36 31 27 27 24 12.999999999999998 15.999999999999998 20 17 13.000000000000002 12.999999999999998 28 15.999999999999998 19 12.999999999999998 149
leaf_count=10 3737 11 10 96 15 137 114 18 12 11 86 19 45 10 36 31 27 27 24 13 16 20 17 13 13 28 16 19 13 149
internal_value=0.00121374 -0.00531165 -0.0065217 0.0173272 0.0445909 -0.00925466 -0.0207827 -0.00442771 -0.00106833 -0.00856291 -0.00702714 -0.0116092 0.0342331 0.060122 -0.0134486 -0.0167111 -0.000592466 0.0399402 -0.0241014 0.000695179 -0.0569714 -0.0208833 -0.0255847 -0.0600279 -0.0117504 -0.0195148 -0.0533485 -0.0120714 -0.018958 -0.0123397
internal_weight=4793 1056 1031 106 25 925 273 652 159 589 578 492 63 22 481 445 158 58 100 57 43 44 287 43 26 244 44 200 181 162
internal_count=4793 1056 1031 106 25 925 273 652 159 589 578 492 63 22 481 445 158 58 100 57 43 44 287 43 26 244 44 200 181 162
is_linear=0
shrinkage=0.05


Tree=166
num_leaves=31
num_cat=0
split_feature=35 30 31 35 5 15 24 4 30 31 35 6 30 8 6 37 36 5 35 23 35 35 30 30 35 9 0 31 9 37
split_gain=19.4524 28.7674 33.8153 36.5724 28.3512 25.771 30.4835 31.6516 28.1204 25.6232 25.3257 24.7354 44.7674 36.9221 33.2339 42.7163 42.4805 42.2746 43.0878 42.2338 44.5959 51.6499 35.8299 42.8061 35.4383 35.1126 34.1128 32.2715 31.955 31.316
threshold=1.8714629629629631 46.716666666666676 5.4535714285714301 2.8721367521367527 0.82575757575757591 1.0000000180025095e-35 1.0000000180025095e-35 0.080128205128205135 46.314285714285717 8.1899999999999995 2.6456721230158724 0.25833333333333336 37.616666666666674 8.5000000000000018 0.48333333333333339 3.48875 -0.79999999999999771 0.80625000000000013 1.4254382086167803 1.0000000180025095e-35 1.724096938775511 1.5290527065527064 41.355000000000011 46.112500000000004 1.6130809294871795 0.069047619047619066 1750.0000000000002 15.400000000000002 0.16025641025641027 4.8514285714285741
decision_type=2 2 2 2 2 2 2 2 2 2 2 2 2 2 2 2 2 2 2 2 2 2 2 2 2 2 2 2 2 2
left_child=11 4 3 -3 5 6 -2 10 -7 -4 -8 13 28 -1 15 -14 19 18 29 20 21 -17 27 -24 -21 -18 -22 -20 -13 -16
right_child=1 2 9 -5 -6 8 7 -9 -10 -11 -12 12 14 -15 17 16 25 -19 22 24 26 -23 23 -25 -26 -27 -28 -29 -30 -31
leaf_value=0.054129130124217939 0.0015715192328374949 -0.026899742053167242 0.095927821896970272 0.047388895104328796 0.061879136636853217 -0.011140275931102225 0.033014579986532532 0.010376253665988374 -0.097283545881509781 0.017690421475304498 0.11001739729461926 0.009227095589327548 0.038610108397327939 0.0018291878079864197 -0.020799516822444276 -0.030598969712063741 -0.093617988023906959 -0.073260006935972927 -0.086287707090377808 -0.0032971055411240634 -0.040803030565042392 0.027214357987085876 0.023408517793619209 -0.065227116064892884 0.093763744831085211 -0.01808125677704811 -0.14064297037465232 0.011715348685781161 -0.081431498825550078 0.035516320867463945
leaf_weight=36 2533 37 25 30 20 180 45 238 9.9999999999999982 18 13.999999999999998 347 26 539 32 217 40 19 28 34 22 47 56 18 12.999999999999998 25 13.999999999999998 11.999999999999998 9.9999999999999982 108
leaf_count=36 2533 37 25 30 20 180 45 238 10 18 14 347 26 539 32 217 40 19 28 34 22 47 56 18 13 25 14 12 10 108
internal_value=0.00115306 0.00345352 0.0285727 0.00636383 0.00254461 0.00215166 0.00334845 0.0185032 -0.0156741 0.0631773 0.0512864 -0.00325746 -0.00775898 0.00510362 -0.0150128 -0.0235471 -0.0274696 -0.00132031 0.00406101 -0.0205209 -0.0274252 -0.0203064 -0.0187604 0.0018485 0.0235495 -0.0645654 -0.0796297 -0.0568868 0.00668764 0.0226441
internal_weight=4793 3150 110 67 3040 3020 2830 297 190 43 59 1643 1068 575 711 438 412 273 254 347 300 264 114 74 47 65 36 40 357 140
internal_count=4793 3150 110 67 3040 3020 2830 297 190 43 59 1643 1068 575 711 438 412 273 254 347 300 264 114 74 47 65 36 40 357 140
is_linear=0
shrinkage=0.05


Tree=167
num_leaves=31
num_cat=0
split_feature=35 29 36 36 37 36 29 31 11 31 31 35 31 8 9 6 6 5 29 6 29 2 29 11 29 8 5 37 35 37
split_gain=17.5558 28.7457 25.54 24.3993 29.8756 29.5922 30.223 57.4901 34.892 31.4236 24.2457 23.9457 24.6205 22.5732 24.0905 64.3237 22.5485 22.1324 36.6331 28.9196 40.1434 30.9746 22.8294 56.6545 43.4465 43.2059 35.8308 45.9299 34.4438 39.5086
threshold=1.8714629629629631 46.115641025641033 -2.5166666666666653 -1.6499999999999966 9.3733333333333331 -1.4499999999999973 45.801729497354508 17.200000000000003 0.46410256410256417 7.0000000000000044 5.3999999999999959 2.4603498677248683 10.216666666666667 7.5000000000000009 0.24038461538461542 0.080128205128205135 0.42261904761904767 0.80625000000000013 46.951540404040415 0.57738095238095244 47.01583333333334 8.5000000000000018 48.025892857142871 0.51666666666666672 45.77652777777778 8.5000000000000018 0.43303571428571436 3.550000000000002 0.97790178571428588 5.2999999999999998
decision_type=2 2 2 2 2 2 2 2 2 2 2 2 2 2 2 2 2 2 2 2 2 2 2 2 2 2 2 2 2 2
left_child=13 2 -2 4 -4 -5 -7 8 9 16 -6 12 -11 -1 17 -16 -8 19 -19 22 -21 -22 23 25 -25 -15 27 -24 -28 -30
right_child=1 -3 3 5 10 6 7 -9 -10 11 -12 -13 -14 14 15 -17 -18 18 -20 20 21 -23 26 24 -26 -27 28 -29 29 -31
leaf_value=0.044053804375231265 0.05032375575974584 0.0087287793397291865 -0.058956163377577191 0.051437663714642881 -0.043585868701338758 0.00052666604715317781 -0.024405521973967545 0.088970392197370532 -0.10710728228092195 0.016180051050402898 0.061830417190988862 0.015137416745225589 -0.077815203133382305 -0.10165476553142071 -0.03176068337634206 0.11001790870795958 -0.12814460667696867 0.0067882444996100189 -0.11435922992726166 -0.0059971840453467203 0.023525702977633997 0.098059154730290185 -0.090343852403263258 -0.017311207612346804 -0.09085685398562679 0.0028479986828983408 -0.0038444705456098984 0.011762158317602616 -0.0054214409589767457 -0.059259442898018336
leaf_weight=25 24 1369 39 27 10.000000000000002 1551 10.000000000000002 9.9999999999999982 14.999999999999998 11.000000000000002 11.999999999999998 42 19 9.9999999999999982 15.999999999999998 15.999999999999998 10.999999999999998 13.000000000000002 11.999999999999998 84 46 20 11.999999999999998 71 28 905 94 134 50 107
leaf_count=25 24 1369 39 27 10 1551 10 10 15 11 12 42 19 10 16 16 11 13 12 84 46 20 12 71 28 905 94 134 50 107
internal_value=0.0010954 0.00328085 -0.000906809 -0.0016066 -0.0326751 -0.000489158 -0.0013292 -0.0257228 -0.0363425 -0.0249288 0.0139139 -0.00923246 -0.0433503 -0.00309459 -0.00382309 0.0391286 -0.078745 -0.0046897 -0.0513625 -0.00394222 0.0169307 0.0461116 -0.00616117 -0.00218165 -0.038112 0.00170589 -0.0163255 0.00336988 -0.0277817 -0.0421136
internal_weight=4793 3150 1781 1757 61 1696 1669 118 108 93 22 72 30 1643 1618 32 21 1586 25 1561 150 66 1411 1014 99 915 397 146 251 157
internal_count=4793 3150 1781 1757 61 1696 1669 118 108 93 22 72 30 1643 1618 32 21 1586 25 1561 150 66 1411 1014 99 915 397 146 251 157
is_linear=0
shrinkage=0.05


Tree=168
num_leaves=31
num_cat=0
split_feature=34 35 35 6 3 5 6 37 37 37 6 35 5 5 37 11 6 30 35 34 6 5 11 33 13 4 3 6 3 11
split_gain=20.9966 21.2854 28.4509 21.9528 52.9612 36.3158 34.5098 29.3317 51.4224 36.5051 31.8613 31.5028 31.0793 30.0902 27.1383 26.4711 25.618 24.766 24.7594 39.6644 24.573 27.3112 36.6027 23.9716 23.9487 23.9103 34.4106 27.0329 24.5211 30.6683
threshold=28.500000000000004 3.2129166666666675 3.25868112244898 0.46410256410256417 1.0000000180025095e-35 0.74166666666666681 0.43303571428571436 5.8750000000000044 7.0050000000000043 5.2483333333333286 0.36038961038961043 1.5788653273809532 0.30384615384615393 0.59166666666666679 10.250000000000002 0.24038461538461542 0.34523809523809529 36.125000000000007 0.51366931216931222 23.500000000000004 0.63961038961038974 0.63068181818181823 0.12916666666666668 9.5000000000000018 1.0000000180025095e-35 0.20714285714285716 1.5000000000000002 0.32291666666666669 1.0000000180025095e-35 0.53589743589743599
decision_type=2 2 2 2 2 2 2 2 2 2 2 2 2 2 2 2 2 2 2 2 2 2 2 2 2 2 2 2 2 2
left_child=1 3 -3 6 5 -5 7 9 10 13 -9 12 -10 15 16 -1 -13 24 25 -20 21 -6 -23 -11 -8 26 28 -28 29 -17
right_child=-2 2 -4 4 20 -7 17 8 11 23 -12 14 -14 -15 -16 18 -18 -19 19 -21 -22 22 -24 -25 -26 -27 27 -29 -30 -31
leaf_value=-0.052616202728501683 0.0027998182723617793 0.096326846927404411 0.0077061414165655153 -0.010544537007808686 -0.063148773585756629 0.057352908765492233 0.0083626141602342746 -0.040941302602081314 0.049236827614632522 0.0049864395521581175 -0.12917773037084512 -0.027374909733022965 -0.041259264286297066 0.061243766412029381 0.063024401004341521 -0.048779447492340519 0.048997040599351754 0.0035892397603567911 -0.035573980478863967 0.033102276686716968 -0.10268889130093158 -0.076730806579192484 0.015862984288282492 0.079833401286083724 0.10200611435704761 0.032821587966331708 -0.092744546778061793 0.007849948751655492 0.031948355754668062 0.035801060760722446
leaf_weight=29 3737 9.9999999999999982 96 137 48 23 11.000000000000002 38 10.999999999999998 20 13.999999999999998 35 69 17 22 29 15.999999999999998 34 95 27 15.999999999999998 14.999999999999998 37 23 18 66 17.000000000000004 10.999999999999998 55 17
leaf_count=29 3737 10 96 137 48 23 11 38 11 20 14 35 69 17 22 29 16 34 95 27 16 15 37 23 18 66 17 11 55 17
internal_value=0.00104063 -0.00518482 0.0160666 -0.00755603 -0.0194336 -0.000784279 -0.00269221 -0.00632517 -0.0217423 0.00145935 -0.0646973 -0.00714325 -0.0288161 -0.00370083 0.0166078 -0.00689175 -0.00341508 0.0325418 -0.00270876 -0.0203751 -0.0451569 -0.0359517 -0.0108468 0.0450209 0.0664862 0.00834405 -0.00417934 -0.0532253 0.00941756 -0.0175214
internal_weight=4793 1056 106 950 276 160 674 611 205 406 52 153 80 363 73 346 51 63 317 122 116 100 52 43 29 195 129 28 101 46
internal_count=4793 1056 106 950 276 160 674 611 205 406 52 153 80 363 73 346 51 63 317 122 116 100 52 43 29 195 129 28 101 46
is_linear=0
shrinkage=0.05


Tree=169
num_leaves=31
num_cat=0
split_feature=35 30 31 35 5 15 24 7 4 30 31 31 11 8 30 5 35 4 22 9 5 30 24 35 31 27 32 37 38 11
split_gain=14.7816 25.4821 30.3673 32.4075 25.4751 23.9416 27.1651 35.9353 28.2422 25.4124 24.5679 23.2726 22.902 21.1972 24.3902 39.1459 28.5281 52.7602 50.7439 36.0184 24.354 23.8 29.2458 25.3898 23.5946 43.589 22.0797 21.0328 27.8879 46.0996
threshold=1.8714629629629631 46.716666666666676 5.4535714285714301 2.8721367521367527 0.82575757575757591 1.0000000180025095e-35 1.0000000180025095e-35 1.5000000000000002 0.080128205128205135 46.314285714285717 10.900000000000004 8.1899999999999995 0.62019230769230782 12.500000000000002 42.653571428571439 0.60769230769230786 1.2772662037037044 0.11805555555555557 1.0000000180025095e-35 0.14835164835164838 0.74166666666666681 44.720000000000013 1.0000000180025095e-35 1.0431547619047621 2.524999999999999 3.5000000000000004 0.30384615384615393 4.9000000000000057 0.90454545454545465 0.43303571428571436
decision_type=2 2 2 2 2 2 2 2 2 2 2 2 2 2 2 2 2 2 2 2 2 2 2 2 2 2 2 2 2 2
left_child=13 4 3 -3 5 6 12 8 -8 -7 -9 -4 27 -1 -15 16 18 -18 21 -19 24 23 -23 -16 -17 -26 -27 28 -2 -30
right_child=1 2 11 -5 -6 9 7 10 -10 -11 -12 -13 -14 14 15 20 17 19 -20 -21 -22 22 -24 -25 25 26 -28 -29 29 -31
leaf_value=0.0065345635362460937 -0.023357310066404308 -0.025723195133881795 0.090640461042523379 0.0442076113820076 0.058382906168699268 -0.011105397552018986 0.056930281924751573 -0.063579593474666282 0.015879029728472233 -0.092995799481868757 0.011221279786980671 0.016077933791610929 0.034745792020461526 -0.0011715933107192573 -0.047212997006793184 -0.017855616863412055 -0.092753737243927201 -0.014892871501959032 -0.054631810133223949 -0.10986531353132292 -0.049817534564779359 0.00962818289586043 0.090012800693511974 0.028822300626951104 0.088741675850290525 -0.061097095441073161 0.0336123792512808 0.0046548219041037311 0.0050958461088250777 -0.020911665277555586
leaf_weight=440 168 37 25 30 20 180 53 21 200 9.9999999999999982 23 18 50 793 31 23 36 108 46 10.999999999999998 12.999999999999998 59 13.999999999999998 17 26 10.000000000000002 15.999999999999998 1388 702 225
leaf_count=440 168 37 25 30 20 180 53 21 200 10 23 18 50 793 31 23 36 108 46 11 13 59 14 17 26 10 16 1388 702 225
internal_value=0.000988601 0.00299395 0.0266353 0.00558911 0.00213851 0.00176603 0.00291956 0.0172257 0.0244787 -0.0154154 -0.0244791 0.0594282 0.00124213 -0.00285611 -0.00629077 -0.016192 -0.0242687 -0.0397167 -0.00993081 -0.0236718 0.0133614 0.00706296 0.0250444 -0.0202838 0.0243124 0.0429637 -0.00281434 0.000567468 -0.00461358 -0.00121666
internal_weight=4793 3150 110 67 3040 3020 2830 297 253 190 44 43 2533 1643 1203 410 322 155 167 119 88 121 73 48 75 52 26 2483 1095 927
internal_count=4793 3150 110 67 3040 3020 2830 297 253 190 44 43 2533 1643 1203 410 322 155 167 119 88 121 73 48 75 52 26 2483 1095 927
is_linear=0
shrinkage=0.05


Tree=170
num_leaves=31
num_cat=0
split_feature=11 27 0 0 29 29 35 37 36 35 35 7 6 11 33 30 31 30 30 9 27 9 31 2 27 11 27 37 35 29
split_gain=24.4094 20.205 19.7838 47.1762 25.5792 23.5615 23.9064 21.0456 22.8028 22.7382 33.5114 37.28 25.6737 19.8354 28.5908 19.8632 21.8754 19.6606 19.3626 32.4069 20.2649 20.5094 19.1641 21.5325 20.0552 21.8452 19.1004 18.7526 38.0311 18.2145
threshold=0.72077922077922085 11.500000000000002 1250.0000000000002 1350.0000000000002 44.464500000000008 42.868055555555564 3.295244391025641 1.9033333333333315 -1.0000000000000002 2.1751537698412711 2.5042130488559065 1.0000000180025095e-35 0.43303571428571436 0.48333333333333339 15.500000000000002 38.412500000000001 7.6000000000000059 37.07500000000001 40.110000000000007 0.07417582417582419 6.5000000000000009 0.080128205128205135 11.008333333333335 6.5000000000000009 10.500000000000002 0.25833333333333336 4.5000000000000009 6.3200000000000021 3.295244391025641 45.362326388888896
decision_type=2 2 2 2 2 2 2 2 2 2 2 2 2 2 2 2 2 2 2 2 2 2 2 2 2 2 2 2 2 2
left_child=1 2 5 4 -4 -1 7 -7 13 12 11 29 18 14 15 -9 -17 -12 20 -20 21 -10 23 -19 25 -24 -15 28 -3 -11
right_child=-2 27 3 -5 -6 6 -8 8 9 10 17 -13 -14 26 -16 16 -18 22 19 -21 -22 -23 24 -25 -26 -27 -28 -29 -30 -31
leaf_value=-0.0015330262610584525 -0.052892026093534453 -0.010778429890532716 -0.023765179411845007 -0.00016030546714876733 -0.093859793576929307 -0.040753699632154576 0.090427960753440867 -0.01769453985126395 0.12466005372504391 -0.020374261553991926 -0.017336050858316215 0.026958275267056062 0.077902984818250975 0.0024826569948345418 -0.035265752287774253 -0.013626899259785811 0.065881105043715055 0.0033940149442507673 -0.054732021385365551 0.032784736143159014 0.020526613499082271 0.035580407455563547 0.016365012153983116 0.059684841885514886 0.0018300188848605521 0.09657896978074107 -0.083482733794621067 0.026046520359851721 -0.087471338224542505 -0.086182556845820879
leaf_weight=451 22 329 47 3287 18 18 9.9999999999999982 19 12.000000000000002 55 23 42 29 12.000000000000002 29 11.999999999999998 31 65 17 28 42 13.999999999999998 11.999999999999998 23 12.999999999999998 29 13.999999999999998 31 17 12.999999999999998
leaf_count=451 22 329 47 3287 18 18 10 19 12 55 23 42 29 12 29 12 31 65 17 28 42 14 12 23 13 29 14 31 17 13
internal_value=-0.000346906 -0.000103128 0.000856046 -0.00099444 -0.043176 0.00697927 0.0138103 0.0124223 0.0142148 0.0196877 0.0112978 -0.0100792 0.0359358 -0.00529126 0.00571306 0.0248806 0.0436928 0.0255491 0.0251654 -0.00027715 0.0420024 0.0766941 0.0324952 0.0181064 0.0559437 0.0731017 -0.0438064 -0.0112087 -0.0145466 -0.0329553
internal_weight=4764 4742 4365 3352 65 1013 562 552 534 417 275 110 142 117 91 62 43 165 113 45 68 26 142 88 54 41 26 377 346 68
internal_count=4764 4742 4365 3352 65 1013 562 552 534 417 275 110 142 117 91 62 43 165 113 45 68 26 142 88 54 41 26 377 346 68
is_linear=0
shrinkage=0.05


Tree=171
num_leaves=31
num_cat=0
split_feature=28 32 0 31 31 34 31 30 6 37 34 5 7 11 35 11 2 38 9 2 8 4 32 27 4 6 9 4 38 30
split_gain=26.3126 66.3816 53.3764 38.7302 52.1096 40.8043 35.4521 34.5926 41.2916 32.4994 31.1639 30.4484 30.163 29.9282 51.9282 26.035 32.743 29.9102 23.8879 66.866 57.5455 45.3751 34.1532 30.6483 28.3294 27.7518 24.695 28.0513 23.0574 22.487
threshold=5.5000000000000009 0.19375000000000003 1750.0000000000002 7.6000000000000059 7.5083333333333302 18.500000000000004 16.583333333333336 42.581250000000004 0.43303571428571436 9.4583333333333393 20.500000000000004 0.48333333333333339 1.0000000180025095e-35 0.25833333333333336 2.662395833333334 0.12916666666666668 6.5000000000000009 0.96875000000000011 0.12916666666666668 6.5000000000000009 10.500000000000002 0.32291666666666669 0.31009615384615391 1.5000000000000002 0.30384615384615393 0.095454545454545472 0.16025641025641027 0.22649572649572652 0.93541666666666679 43.690000000000012
decision_type=2 2 2 2 2 2 2 2 2 2 2 2 2 2 2 2 2 2 2 2 2 2 2 2 2 2 2 2 2 2
left_child=3 2 -2 4 15 7 10 8 -5 -3 -7 -11 -9 -13 -15 16 17 -1 22 21 -21 23 24 -20 25 -17 27 -22 29 -18
right_child=1 9 -4 5 -6 6 -8 12 -10 11 -12 13 -14 14 -16 18 28 -19 19 20 26 -23 -24 -25 -26 -27 -28 -29 -30 -31
leaf_value=-0.10051710605621339 -0.021889353374188597 -0.0012685959913611789 -0.14677731569058128 -0.026875134561991983 -0.1082615833390843 0.116939976811409 -0.015581231298191207 -0.014490989079842196 0.070090163981213302 0.0027740723546594384 0.027283429752976176 -0.013143539167940615 -0.12698896107348531 -0.043214675309983172 -0.18063008204102515 0.044771657314370661 -0.014009627848863596 -0.0015625036166359981 0.077949702475840849 0.075751808285713207 -0.03409179007928622 0.16572247624397279 0.066504143024059506 -0.019915408516923586 -0.046706939737002059 -0.0013040379556659124 -0.05569000573772373 0.059182682846273697 -0.051116872307929107 0.092025735862553124
leaf_weight=21 22 3052 13.999999999999998 31 10.999999999999998 9.9999999999999982 49 13.000000000000002 17 40 315 25 10.999999999999998 22 9.9999999999999982 34 10.000000000000002 11.999999999999998 24 18 19 9.9999999999999982 19 11.999999999999998 33 842 33 13.999999999999998 11.000000000000002 9.9999999999999982
leaf_count=21 22 3052 14 31 11 10 49 13 17 40 315 25 11 22 10 34 10 12 24 18 19 10 19 12 33 842 33 14 11 10
internal_value=-0.000329561 -0.00294595 -0.0704569 0.00494796 3.48487e-05 0.017429 0.0240647 -0.0170397 0.00746674 -0.00217415 0.0300421 -0.0306665 -0.0660526 -0.0541335 -0.086157 0.00109658 -0.0298708 -0.0645336 0.00296984 0.0230431 -0.00349314 0.0715007 0.000157851 0.045328 -0.00122892 0.000484288 -0.0251054 0.0054792 0.00702824 0.0390081
internal_weight=4764 3185 36 1579 1133 446 374 72 48 3149 325 97 24 57 32 1122 64 33 1058 130 84 46 928 36 909 876 66 33 31 20
internal_count=4764 3185 36 1579 1133 446 374 72 48 3149 325 97 24 57 32 1122 64 33 1058 130 84 46 928 36 909 876 66 33 31 20
is_linear=0
shrinkage=0.05


Tree=172
num_leaves=31
num_cat=0
split_feature=11 32 5 36 5 11 6 21 29 0 0 0 29 29 36 36 36 30 36 30 30 30 38 30 30 30 30 31 33 11
split_gain=22.2965 19.7401 29.0935 28.8218 20.4128 19.6133 22.4583 21.2658 21.4064 20.038 19.0649 43.1869 25.8482 23.1331 21.9959 25.2461 29.5956 32.9172 28.168 25.0695 23.956 24.6037 24.9238 22.039 18.7833 36.5665 25.6549 19.6229 18.6874 25.0782
threshold=0.72077922077922085 0.74166666666666681 0.56696428571428581 -0.06999999999999991 0.59166666666666679 0.21825396825396828 0.12916666666666668 1.0000000180025095e-35 48.105389384920642 1500.0000000000002 1250.0000000000002 1350.0000000000002 42.868055555555564 44.464500000000008 -1.0000000000000002 0.59999999999999931 0.80000000000000115 41.407142857142865 0.29999999999999821 42.190000000000005 40.110000000000007 40.75833333333334 0.93541666666666679 37.350000000000001 38.910000000000004 38.225000000000009 40.361904761904768 9.5000000000000053 15.500000000000002 0.43303571428571436
decision_type=2 2 2 2 2 2 2 2 2 2 2 2 2 2 2 2 2 2 2 2 2 2 2 2 2 2 2 2 2 2
left_child=1 10 5 -4 -5 6 -3 -7 9 -9 12 13 -1 -12 28 18 -17 23 19 20 -16 -22 -23 -18 25 -6 -26 -28 29 -14
right_child=-2 2 3 4 24 7 -8 8 -10 -11 11 -13 14 -15 15 16 17 -19 -20 -21 21 22 -24 -25 26 -27 27 -29 -30 -31
leaf_value=-0.0013923009350505534 -0.050532535254023972 0.076644765506227924 -0.071169388912676365 -0.076497294257084528 -0.044751876931298853 -0.0090340737503992168 -0.0085148622095584867 0.020977248334222372 -0.032718487754464148 0.10925259992480274 -0.022565289632729357 0.00014985536847464517 0.029407947974384958 -0.089224240349398729 0.028859955990000775 -0.036429144035686145 -0.024443382620811464 -0.030644022833023754 0.066235963294797751 0.063527960210077228 -0.056858810316771272 -0.04618028422648255 0.047521264879032972 0.041667083912540842 -0.085260514341867891 0.072243827318443976 -0.042339963948025423 0.031603767227773603 -0.034982051536002583 -0.029090475716761183
leaf_weight=439 22 16.000000000000004 32 11.999999999999998 11.000000000000002 407 14.999999999999998 18 9.9999999999999982 10.000000000000002 47 3147 53 18 95 33 14.999999999999998 28 47 31 20 11.000000000000002 20 79 12.999999999999998 17 17 19 34 28
leaf_count=439 22 16 32 12 11 407 15 18 10 10 47 3147 53 18 95 33 15 28 47 31 20 11 20 79 13 17 17 19 34 28
internal_value=-0.000313083 -8.00949e-05 -0.00858049 -0.0304728 -0.0158403 -0.00301543 0.0354385 -0.00569424 0.0300771 0.0525042 0.00114421 -0.000683378 0.00743596 -0.0410247 0.0152813 0.0210931 0.00557971 0.0169428 0.0318278 0.0226911 0.0140203 -0.0136222 0.0142723 0.0311175 -0.00638727 0.0262812 -0.025055 -0.00331411 -0.00387219 0.00918627
internal_weight=4764 4742 597 121 89 476 31 445 38 28 4145 3212 933 65 494 379 155 122 224 177 146 51 31 94 77 28 49 36 115 81
internal_count=4764 4742 597 121 89 476 31 445 38 28 4145 3212 933 65 494 379 155 122 224 177 146 51 31 94 77 28 49 36 115 81
is_linear=0
shrinkage=0.05


end of trees

feature_importances:
history_lap_avg_delta=375
jyo_cd=341
distance_m=336
history_lap_samples=328
history_front_avg_pci=312
history_lap_min_delta=305
history_front_min_pci=299
history_lap_spread=270
flexible_ratio=232
history_front_spread=230
style_balance=225
field_size=210
closer_ratio=191
history_front_coverage=178
history_front_samples=172
history_lap_horses=140
front_ratio=131
distance_mile=115
track_cond=102
history_front_horses=92
escape_ratio=88
distance_middle=79
escape_count=65
history_lap_coverage=64
venue_08=60
venue_05=47
venue_06=33
venue_07=32
front_count=23
distance_short=22
venue_09=19
escape_competition=15
venue_04=15
venue_03=13
distance_long=12
venue_02=10
venue_10=6
venue_01=3

parameters:
[boosting: gbdt]
[objective: regression]
[metric: l1]
[tree_learner: serial]
[device_type: cpu]
[data_sample_strategy: bagging]
[data: ]
[valid: ]
[num_iterations: 500]
[learning_rate: 0.05]
[num_leaves: 31]
[num_threads: 0]
[seed: 42]
[deterministic: 0]
[force_col_wise: 0]
[force_row_wise: 0]
[histogram_pool_size: -1]
[max_depth: -1]
[min_data_in_leaf: 10]
[min_sum_hessian_in_leaf: 0.001]
[bagging_fraction: 0.8]
[pos_bagging_fraction: 1]
[neg_bagging_fraction: 1]
[bagging_freq: 5]
[bagging_seed: 400]
[bagging_by_query: 0]
[feature_fraction: 0.8]
[feature_fraction_bynode: 1]
[feature_fraction_seed: 30056]
[extra_trees: 0]
[extra_seed: 12879]
[early_stopping_round: 0]
[early_stopping_min_delta: 0]
[first_metric_only: 0]
[max_delta_step: 0]
[lambda_l1: 0]
[lambda_l2: 0]
[linear_lambda: 0]
[min_gain_to_split: 0]
[drop_rate: 0.1]
[max_drop: 50]
[skip_drop: 0.5]
[xgboost_dart_mode: 0]
[uniform_drop: 0]
[drop_seed: 17869]
[top_rate: 0.2]
[other_rate: 0.1]
[min_data_per_group: 100]
[max_cat_threshold: 32]
[cat_l2: 10]
[cat_smooth: 10]
[max_cat_to_onehot: 4]
[top_k: 20]
[monotone_constraints: ]
[monotone_constraints_method: basic]
[monotone_penalty: 0]
[feature_contri: ]
[forcedsplits_filename: ]
[refit_decay_rate: 0.9]
[cegb_tradeoff: 1]
[cegb_penalty_split: 0]
[cegb_penalty_feature_lazy: ]
[cegb_penalty_feature_coupled: ]
[path_smooth: 0]
[interaction_constraints: ]
[verbosity: -1]
[saved_feature_importance_type: 0]
[use_quantized_grad: 0]
[num_grad_quant_bins: 4]
[quant_train_renew_leaf: 0]
[stochastic_rounding: 1]
[linear_tree: 0]
[max_bin: 255]
[max_bin_by_feature: ]
[min_data_in_bin: 3]
[bin_construct_sample_cnt: 200000]
[data_random_seed: 175]
[is_enable_sparse: 1]
[enable_bundle: 1]
[use_missing: 1]
[zero_as_missing: 0]
[feature_pre_filter: 1]
[pre_partition: 0]
[two_round: 0]
[header: 0]
[label_column: ]
[weight_column: ]
[group_column: ]
[ignore_column: ]
[categorical_feature: ]
[forcedbins_filename: ]
[precise_float_parser: 0]
[parser_config_file: ]
[objective_seed: 16083]
[num_class: 1]
[is_unbalance: 0]
[scale_pos_weight: 1]
[sigmoid: 1]
[boost_from_average: 1]
[reg_sqrt: 0]
[alpha: 0.9]
[fair_c: 1]
[poisson_max_delta_step: 0.7]
[tweedie_variance_power: 1.5]
[lambdarank_truncation_level: 30]
[lambdarank_norm: 1]
[label_gain: ]
[lambdarank_position_bias_regularization: 0]
[eval_at: ]
[multi_error_top_k: 1]
[auc_mu_weights: ]
[num_machines: 1]
[local_listen_port: 12400]
[time_out: 120]
[machine_list_filename: ]
[machines: ]
[gpu_platform_id: -1]
[gpu_device_id: -1]
[gpu_device_id_list: ]
[gpu_use_dp: 0]
[num_gpu: 1]

end of parameters

pandas_categorical:null
