tree
version=v4
num_class=1
num_tree_per_iteration=1
label_index=0
max_feature_idx=38
objective=regression
feature_names=distance_m is_dirt jyo_cd escape_count front_ratio closer_ratio style_balance track_cond field_size escape_ratio front_count flexible_ratio escape_competition distance_short distance_mile distance_middle distance_long venue_01 venue_02 venue_03 venue_04 venue_05 venue_06 venue_07 venue_08 venue_09 venue_10 history_front_horses history_front_samples history_front_avg_pci history_front_min_pci history_front_spread history_front_coverage history_lap_horses history_lap_samples history_lap_avg_delta history_lap_min_delta history_lap_spread history_lap_coverage
feature_infos=[1000:3600] none [1:10] [0:5] [0:1] [0:1] [-1:1] [0:3] [1:16] [0:1] [0:8] [0:0.90000000000000002] [0:0.42857142857142855] [0:1] [0:1] [0:1] [0:1] [0:1] [0:1] [0:1] [0:1] [0:1] [0:1] [0:1] [0:1] [0:1] [0:1] [0:16] [0:103] [0:111.04305555555555] [0:61.5] [0:273.89999999999998] [0:1] [0:16] [0:28] [-2.5399999999999983:9.3666666666666671] [-7.3999999999999986:8.8999999999999986] [0:14.849999999999998] [0:1]
tree_sizes=2767 2897 2912 2873 2969 2911 2918 2936 2870 2895 2920 2947 2918 2956 2891 2967 2978 3031 2914 2899 2958 2942 2969 2998 2930 2900 2944 2936 3000 2982 2955 2929 2896 2943 3040

Tree=0
num_leaves=31
num_cat=0
split_feature=35 0 21 22 33 0 32 0 26 38 38 6 0 28 20 6 0 8 0 28 5 30 8 0 6 4 35 32 30 11
split_gain=7527.54 1828.13 2806.14 1144.65 647.557 1335.1 700.296 604.691 527.838 349.469 310.153 275.616 270.626 254.372 236.469 201.055 206.504 195.01 192.596 180.434 163.91 170.725 157.814 146.457 142.756 126.789 117.723 116.043 112.244 139.509
threshold=4.7394444444444463 1750.0000000000002 1.0000000180025095e-35 1.0000000180025095e-35 7.5000000000000009 1850.0000000000002 0.37980769230769235 1075.0000000000002 1.0000000180025095e-35 0.069047619047619066 0.87083333333333346 0.07417582417582419 2050.0000000000005 6.5000000000000009 1.0000000180025095e-35 0.44097222222222227 1350.0000000000002 10.500000000000002 1650.0000000000002 8.5000000000000018 0.36038961038961043 37.616666666666674 10.500000000000002 2050.0000000000005 0.59166666666666679 0.12916666666666668 1.9347756410256411 0.91987179487179505 38.925000000000011 0.37980769230769235
decision_type=2 2 2 2 2 2 2 2 2 2 2 2 2 2 2 2 2 2 2 2 2 2 2 2 2 2 2 2 2 2
left_child=1 2 3 7 6 -6 12 8 -1 14 19 -2 20 -11 15 16 -9 24 -18 28 21 -3 -20 26 -8 -21 -19 -15 29 -4
right_child=11 4 10 -5 5 -7 17 9 -10 13 -12 -13 -14 27 -16 -17 18 23 22 25 -22 -23 -24 -25 -26 -27 -28 -29 -30 -31
leaf_value=45.811209663455976 45.123761204242705 45.876488502112302 45.836261209964746 45.521901014443252 45.699797796354055 45.079443054502654 45.822279730885974 45.674627358967818 45.616168628252829 45.292261208066712 45.499761198520659 44.804832638717834 45.838832630361829 45.533032040361469 45.56975634904137 45.691556663818318 45.588086605913638 45.765148740145833 45.780070739405495 45.845041703135017 45.679902519476883 45.715655152017419 45.637616171753841 45.844735781000388 45.991975496768951 45.772802875997961 45.606261196295421 45.720261229038236 45.709722755909858 45.680011204242703
leaf_weight=97 10.000000000000002 22 50 211 41 10.999999999999998 108 254 54 9.9999999999999982 9.9999999999999982 21 35 48 103 220 252 409 21 123 368 66 262 59 13.999999999999998 120 11.999999999999998 9.9999999999999982 104 20
leaf_count=97 10 22 50 211 41 11 108 254 54 10 10 21 35 48 103 220 252 409 21 123 368 66 262 59 14 120 12 10 104 20
internal_value=45.683 45.6907 45.6615 45.6301 45.741 45.5686 45.7492 45.6472 45.7415 45.6352 45.7749 44.9077 45.7048 45.5252 45.6419 45.6493 45.6375 45.7853 45.6199 45.7815 45.6946 45.7559 45.6482 45.771 45.8418 45.8094 45.7606 45.5653 45.7427 45.7916
internal_weight=3145 3114 1969 1542 1145 52 1093 1331 151 1180 427 31 491 68 1112 1009 789 602 535 417 456 88 283 480 122 243 421 58 174 70
internal_count=3145 3114 1969 1542 1145 52 1093 1331 151 1180 427 31 491 68 1112 1009 789 602 535 417 456 88 283 480 122 243 421 58 174 70
is_linear=0
shrinkage=1


Tree=1
num_leaves=31
num_cat=0
split_feature=35 0 2 2 0 2 33 0 32 33 0 6 0 33 0 6 29 31 2 0 11 36 11 28 2 28 4 11 8 4
split_gain=6793.6 1649.88 1434.88 1289.05 1039.09 859.14 584.42 1204.93 632.883 507.668 337.523 302.787 269.03 267.203 264.999 248.743 199.931 217.262 194.138 291.825 244.452 188.427 182.971 159.206 147.065 142.963 157.217 137.825 131.336 201.588
threshold=4.7394444444444463 1750.0000000000002 5.5000000000000009 4.5000000000000009 1075.0000000000002 6.5000000000000009 7.5000000000000009 1850.0000000000002 0.39230769230769241 1.0000000180025095e-35 1350.0000000000002 0.56696428571428581 1650.0000000000002 11.500000000000002 2050.0000000000005 0.07417582417582419 46.493888888888897 8.4309523809523856 1.5000000000000002 1650.0000000000002 0.53589743589743599 1.0249999999999988 0.63961038961038974 8.5000000000000018 6.5000000000000009 23.500000000000004 0.31009615384615391 0.57738095238095244 11.500000000000002 0.095454545454545472
decision_type=2 2 2 2 2 2 2 2 2 2 2 2 2 2 2 2 2 2 2 2 2 2 2 2 2 2 2 2 2 2
left_child=1 2 3 4 -1 -4 8 -8 14 11 22 18 25 23 24 -2 17 -10 20 -20 -6 -11 -7 -5 -3 -12 -27 -26 29 -18
right_child=15 6 5 13 9 10 7 -9 16 21 12 -13 -14 -15 -16 -17 28 -19 19 -21 -22 -23 -24 -25 27 26 -28 -29 -30 -31
leaf_value=0.1243879658659709 -0.52868807792663552 -0.020060883418313767 -0.15045525420510092 0.060829169282304321 -0.095103773612242481 0.012371469614703933 0.018546693390462457 -0.57079030844298273 0.14588812202215196 -0.40810423585084754 -0.11116321439493858 0.070259473845362672 0.0037168418807266034 -0.12489650866815023 0.1527721284007704 -0.83167019798642117 0.28317875537276266 -0.016391670698243561 -0.087450504584606015 0.0071913140462770038 -0.36065052397549158 -0.12692742212252184 -0.20518531020730735 0.12370020270028062 0.027787399222599526 -0.027374414757757287 -0.20420770645141603 0.17094298599080907 0.097282427696821605 0.12614843408976281
leaf_weight=97 10.000000000000002 190 211 174 65 288 41 10.999999999999998 30 13.000000000000002 209 52 113 13.999999999999998 37 21 25 66 167 159 9.9999999999999982 10.999999999999998 9.9999999999999982 239 255 123 13.999999999999998 18 360 112
leaf_count=97 10 190 211 174 65 288 41 11 30 13 209 52 113 14 37 21 25 66 167 159 10 11 10 239 255 123 14 18 360 112
internal_value=0.00259226 0.00992441 -0.0178291 0.0241444 -0.0247935 -0.0612335 0.0576507 -0.106121 0.0654422 -0.0551303 -0.0363645 -0.0432573 -0.0632659 0.0899299 0.0240075 -0.733934 0.100379 0.0343208 -0.0579777 -0.0412908 -0.13051 -0.279232 0.00507091 0.0972122 0.0137175 -0.0851418 -0.045445 0.0372262 0.113138 0.154804
internal_weight=3145 3114 1969 1001 574 968 1145 52 1093 477 757 453 459 427 500 31 593 96 401 326 75 24 298 413 463 346 137 273 497 137
internal_count=3145 3114 1969 1001 574 968 1145 52 1093 477 757 453 459 427 500 31 593 96 401 326 75 24 298 413 463 346 137 273 497 137
is_linear=0
shrinkage=0.05


Tree=2
num_leaves=31
num_cat=0
split_feature=35 13 21 2 36 2 2 22 32 27 36 6 24 6 8 34 16 21 30 4 32 31 5 32 6 6 37 31 30 31
split_gain=6131.23 1445.91 1850.41 1260.63 902.34 737.965 733.66 558.35 487.831 312.266 311.089 230.178 226.591 224.491 171.885 157.382 156.417 173.833 146.319 120.76 131.772 138.19 140.908 116.271 114.511 111.284 105.961 104.998 100.924 107.834
threshold=4.7394444444444463 1.0000000180025095e-35 1.0000000180025095e-35 2.5000000000000004 -2.3749999999999996 1.5000000000000002 5.5000000000000009 1.0000000180025095e-35 0.48333333333333339 7.5000000000000009 0.19999999999999932 0.45804195804195807 1.0000000180025095e-35 0.07417582417582419 10.500000000000002 15.500000000000002 1.0000000180025095e-35 1.0000000180025095e-35 42.791666666666679 0.29285714285714287 0.42261904761904767 7.0055555555555573 0.42261904761904767 0.86190476190476206 0.19375000000000003 0.36038961038961043 3.8500000000000001 11.450000000000001 43.906250000000007 11.300000000000002
decision_type=2 2 2 2 2 2 2 2 2 2 2 2 2 2 2 2 2 2 2 2 2 2 2 2 2 2 2 2 2 2
left_child=1 4 3 -3 6 11 -1 12 14 28 18 19 25 -2 -7 -4 17 -16 27 20 -6 -22 -23 26 -20 -5 -14 -11 -10 -30
right_child=13 2 15 7 5 8 -8 -9 9 10 -12 -13 23 -15 16 -17 -18 -19 24 -21 21 22 -24 -25 -26 -27 -28 -29 29 -31
leaf_value=-0.43458077924119104 -0.50225366115570047 0.11816856939460814 0.11617411215245577 -0.084894710401460141 -0.050902400910854344 0.089142191429345985 0.030748725216835738 -0.14293248404470665 0.10221098173928798 -0.0066529060155153287 -0.19060310656204821 0.064016601443290716 -0.017836453637194841 -0.79008668490818579 0.002486791521588155 -0.078033239055763592 0.1680828317123301 0.062757383379464349 0.037772654071587197 0.016124771399931473 -0.37483790159225466 -0.2735945517818133 -0.06334113741622252 0.076252019150706479 0.11312565817378271 -0.03876749225633426 -0.17694052329117604 0.060887055553314168 0.14317530716118748 0.27421803917735815
leaf_weight=18 10.000000000000002 97 202 385 18 96 15.999999999999998 211 122 80 11.999999999999998 18 215 21 591 10.999999999999998 17 150 68 10.999999999999998 9.9999999999999982 14.999999999999998 17 32 195 198 10.999999999999998 205 73 20
leaf_count=18 10 97 202 385 18 96 16 211 122 80 12 18 215 21 591 11 17 150 68 11 10 15 17 32 195 198 11 205 73 20
internal_value=0.00246265 0.00942819 -0.0292138 -0.0543063 0.0394683 0.0445163 -0.215602 -0.0702094 0.052176 0.0808985 0.0612329 -0.0956817 -0.0519638 -0.697237 0.0261105 0.106145 0.0181276 0.0146873 0.0667476 -0.136169 -0.164089 -0.212598 -0.161897 -0.0129501 0.0936428 -0.0692289 -0.0255805 0.0419285 0.13212 0.171357
internal_weight=3145 3114 1362 1149 1752 1718 34 1052 1629 775 560 89 841 31 854 213 758 741 548 71 60 42 32 258 263 583 226 285 215 93
internal_count=3145 3114 1362 1149 1752 1718 34 1052 1629 775 560 89 841 31 854 213 758 741 548 71 60 42 32 258 263 583 226 285 215 93
is_linear=0
shrinkage=0.05


Tree=3
num_leaves=31
num_cat=0
split_feature=35 0 21 22 33 0 32 0 2 36 7 0 33 6 6 8 29 31 22 28 11 2 35 0 2 6 8 28 9 4
split_gain=5533.43 1369.26 2084.29 834.617 493.733 1033.72 524.278 445.243 392.803 321.238 258.479 226.805 216.458 202.603 188.939 175.075 173.155 193.267 150.307 143.844 140.454 122.25 120.757 120.487 142.346 134.689 132.391 116.399 126.216 114.514
threshold=4.7394444444444463 1750.0000000000002 1.0000000180025095e-35 1.0000000180025095e-35 7.5000000000000009 1850.0000000000002 0.39230769230769241 1075.0000000000002 9.5000000000000018 -1.2500000000000033 1.5000000000000002 2050.0000000000005 11.500000000000002 0.07417582417582419 0.43303571428571436 11.500000000000002 46.493888888888897 8.4309523809523856 1.0000000180025095e-35 8.5000000000000018 0.57738095238095244 8.5000000000000018 1.770833333333335 2050.0000000000005 6.5000000000000009 0.57738095238095244 11.500000000000002 21.500000000000004 0.12916666666666668 0.12916666666666668
decision_type=2 2 2 2 2 2 2 2 2 2 2 2 2 2 2 2 2 2 2 2 2 2 2 2 2 2 2 2 2 2
left_child=1 2 3 7 6 -6 11 8 -1 -9 14 18 19 -2 15 21 17 -8 20 -4 -3 -11 27 24 -18 -26 -25 -17 -29 -21
right_child=13 4 12 -5 5 -7 16 9 -10 10 -12 -13 -14 -15 -16 22 23 -19 -20 29 -22 -23 -24 26 25 -27 -28 28 -30 -31
leaf_value=0.11226013789779132 -0.47714097261428812 0.022095604600247079 0.05340313662630345 -0.13578586201779369 0.017376849364216736 -0.52848757952451708 0.1351452406247457 -0.32128192119300369 -0.055992896420260278 -0.0101275984606106 -0.23627118673175573 0.14100889310844847 -0.11192215425627572 -0.75058235213870095 0.00029499099533818039 -0.068315030776907523 0.050797630090067408 -0.017911287593288402 -0.032747773000631822 0.14705741905653089 0.15879149824380875 0.13225298861139698 -0.15039560767191074 0.31956575910250345 0.10430750485734437 0.23846108451485637 0.1322062456091358 -0.009788970844857546 -0.078054255984162768 0.077822489750722798
leaf_weight=97 10.000000000000002 311 174 211 41 10.999999999999998 30 9.9999999999999982 54 73 15.999999999999998 37 13.999999999999998 21 299 390 131 66 132 122 20 19 31 11.999999999999998 290 20 44 249 93 117
leaf_count=97 10 311 174 211 41 11 30 10 54 73 16 37 14 21 299 390 131 66 132 122 20 19 31 12 290 20 44 249 93 117
internal_value=0.00233952 0.00895678 -0.0163265 -0.0433971 0.0524351 -0.0980945 0.0595967 -0.0287509 0.0520902 -0.0390958 -0.036684 0.0218844 0.081432 -0.662375 -0.0339168 -0.0458809 0.0913945 0.0299189 0.0123647 0.0879864 0.0303552 0.0192771 -0.0537374 0.103269 0.0944963 0.112963 0.172355 -0.0496439 -0.0283523 0.113164
internal_weight=3145 3114 1969 1542 1145 52 1093 1331 151 1180 1170 500 427 31 1154 855 593 96 463 413 331 92 763 497 441 310 56 732 342 239
internal_count=3145 3114 1969 1542 1145 52 1093 1331 151 1180 1170 500 427 31 1154 855 593 96 463 413 331 92 763 497 441 310 56 732 342 239
is_linear=0
shrinkage=0.05


Tree=4
num_leaves=31
num_cat=0
split_feature=36 0 21 37 0 8 37 36 32 2 24 0 0 0 29 29 36 8 2 0 6 4 34 2 2 7 30 6 0 37
split_gain=2122.57 1409.27 2058.82 1879.63 996.937 544.533 454.977 422.319 470.258 406.736 335.102 332.672 325.755 192.636 172.879 171.537 193.558 166.965 165.071 260.244 187.399 157.831 194.717 155.994 142.754 135.661 127.511 212.138 126.064 115.911
threshold=2.6750000000000029 1750.0000000000002 1.0000000180025095e-35 7.1249999999999956 1650.0000000000002 13.500000000000002 0.62500000000000189 -1.5500000000000005 0.37980769230769235 5.5000000000000009 1.0000000180025095e-35 1075.0000000000002 1650.0000000000002 2050.0000000000005 49.723333333333343 46.493888888888897 0.19999999999999932 10.500000000000002 6.5000000000000009 1350.0000000000002 -1.0000000180025095e-35 0.12916666666666668 15.500000000000002 9.5000000000000018 1.5000000000000002 1.0000000180025095e-35 33.150000000000006 0.17424242424242428 1650.0000000000002 7.2666666666666684
decision_type=2 2 2 2 2 2 2 2 2 2 2 2 2 2 2 2 2 2 2 2 2 2 2 2 2 2 2 2 2 2
left_child=1 2 3 5 -5 11 -2 9 13 -3 12 23 18 26 24 17 29 -10 -7 20 -20 -4 -23 -1 -14 28 27 -9 -13 -17
right_child=6 7 21 4 -6 10 -8 8 15 -11 -12 25 14 -15 -16 16 -18 -19 19 -21 -22 22 -24 -25 -26 -27 -28 -29 -30 -31
leaf_value=0.10737576303072274 -0.23809597752988332 -0.37292730110612782 0.10754607154013113 -0.12014466836475407 -0.70962752103805549 -0.11332710885486363 -0.69474782148996994 0.19527875470078512 0.13229131035903399 -0.0057645757566206161 0.001965891021140611 -0.038635541552035087 -0.10901021376997233 0.13191018138147359 0.13597998237237335 0.097535491668845856 -0.094277503857245815 -0.012456748438508887 -0.20960541692647069 -0.10504899066077865 0.0055895034327275231 0.058995148896160136 -0.14073397242105926 -0.053024319807688396 -0.014261660727038595 -0.16986823116562197 -0.0022943377584458036 0.017085941972546891 0.027126233485036011 0.26165766323154627
leaf_weight=96 10.000000000000002 10.999999999999998 215 13.000000000000002 15.999999999999998 342 11.999999999999998 23 27 24 194 171 50 35 15.999999999999998 489 12.999999999999998 76 10.999999999999998 164 126 199 12.999999999999998 18 194 13.999999999999998 374 61 127 10.999999999999998
leaf_count=96 10 11 215 13 16 342 12 23 27 24 194 171 50 35 16 489 13 76 11 164 126 199 13 18 194 14 374 61 127 11
internal_value=0.00222254 0.00567013 -0.0198669 -0.046617 -0.445377 -0.0390241 -0.487179 0.0498466 0.0552435 -0.121159 -0.057655 0.00895266 -0.0704639 0.0188487 -0.0232369 0.0843712 0.0961939 0.0254869 -0.0895603 -0.0625562 -0.0116889 0.0773604 0.0467476 0.0820494 -0.0336773 -0.0177558 0.0102087 0.0658768 -0.0106096 0.101146
internal_weight=3145 3123 1979 1552 29 1523 22 1144 1109 35 1097 426 903 493 260 616 513 103 643 301 137 427 212 114 244 312 458 84 298 500
internal_count=3145 3123 1979 1552 29 1523 22 1144 1109 35 1097 426 903 493 260 616 513 103 643 301 137 427 212 114 244 312 458 84 298 500
is_linear=0
shrinkage=0.05


Tree=5
num_leaves=31
num_cat=0
split_feature=35 13 21 2 2 34 32 2 29 36 33 5 6 29 5 30 27 6 5 29 32 5 28 30 6 31 30 28 30 9
split_gain=4876.92 1230.42 1222.11 1015.89 517.474 492.491 388.35 365.349 299.271 243.273 222.176 207.692 201.638 191.837 188.785 181.104 173.476 157.207 155.783 154.369 138.411 134.459 139.92 126.39 117.18 106.811 100.491 95.7229 110.33 94.3092
threshold=5.1830555555555575 1.0000000180025095e-35 1.0000000180025095e-35 2.5000000000000004 1.5000000000000002 13.500000000000002 0.44097222222222227 6.5000000000000009 46.551781135531144 -2.4499999999999988 11.500000000000002 0.27922077922077926 0.59166666666666679 46.199107142857152 0.44097222222222227 42.791666666666679 6.5000000000000009 0.67708333333333337 0.44949494949494956 47.728055555555564 0.48333333333333339 0.30384615384615393 13.500000000000002 44.720000000000013 0.10555555555555557 2.4499999999999997 37.875000000000007 24.500000000000004 31.100000000000005 0.06458333333333334
decision_type=2 2 2 2 2 2 2 2 2 2 2 2 2 2 2 2 2 2 2 2 2 2 2 2 2 2 2 2 2 2
left_child=1 4 3 -3 8 -4 10 25 13 -8 17 -2 15 14 -1 -11 -17 21 -9 -10 -21 24 -23 -24 26 -5 -6 28 -20 -18
right_child=11 2 5 7 6 -7 9 18 19 12 -12 -13 -14 -15 -16 16 29 -19 27 20 -22 22 23 -25 -26 -27 -28 -29 -30 -31
leaf_value=-0.26345459776265279 -0.42705981731414799 0.10139429583731625 0.098771795993576758 -0.018892024542604177 0.1781400046565316 -0.21892004975905788 -0.13836521847794456 -0.06621041363838559 0.10956260558217763 0.032111721855795215 -0.16557052793967375 -0.7018766229802913 0.13930120398886731 -0.36955111755989495 -0.026418813814719517 0.14842213265793888 0.095634967328667872 0.12568295681849123 0.072786614102752598 0.022958136842186956 -0.22059695139527322 -0.00035834111035076789 0.034501342567044402 0.21550505916987148 0.18649816215038301 -0.11015201134104964 0.011216500677168369 0.015533009199707799 -0.054871341895702634 0.040647855219662771
leaf_weight=13.999999999999998 9.9999999999999982 99 198 35 10.999999999999998 12.999999999999998 14.999999999999998 327 20 378 17 22 82 9.9999999999999982 21 76 137 32 19 14.000000000000002 9.9999999999999982 649 31 13.999999999999998 18 382 50 132 155 181
leaf_count=14 10 99 198 35 11 13 15 327 20 378 17 22 82 10 21 76 137 32 19 14 10 649 31 14 18 382 50 132 155 181
internal_value=-0.00185797 0.00440076 -0.0314066 -0.0517179 0.0317592 0.0791984 0.037944 -0.0661541 -0.0857525 0.0612483 0.0133072 -0.615996 0.0647544 -0.176415 -0.121233 0.0568362 0.0805567 0.0170848 -0.0422157 0.00697038 -0.0785231 0.0125891 0.00555338 0.0908136 0.0743966 -0.102492 0.0413175 -0.0165744 -0.0409317 0.0643373
internal_weight=3172 3140 1360 1149 1780 211 1691 1050 89 869 822 32 854 45 35 772 394 805 633 44 24 773 694 45 79 417 61 306 174 318
internal_count=3172 3140 1360 1149 1780 211 1691 1050 89 869 822 32 854 45 35 772 394 805 633 44 24 773 694 45 79 417 61 306 174 318
is_linear=0
shrinkage=0.05


Tree=6
num_leaves=31
num_cat=0
split_feature=35 0 21 22 36 8 8 38 0 32 5 0 33 5 0 32 21 2 2 28 32 28 0 30 32 2 30 30 24 0
split_gain=4401.42 1216.23 1404.42 568.069 423.933 421.225 350.479 344.309 1646.15 283.326 274.92 242.063 216.187 187.442 160.119 154.204 128.418 125.567 114.878 108.938 134.535 106.538 104.911 114.558 104.032 97.6679 94.7711 94.1056 90.3752 106.449
threshold=5.1830555555555575 1750.0000000000002 1.0000000180025095e-35 1.0000000180025095e-35 -1.2500000000000033 11.500000000000002 12.500000000000002 0.069047619047619066 1850.0000000000002 0.37980769230769235 0.48333333333333339 1075.0000000000002 12.500000000000002 0.27922077922077926 2050.0000000000005 0.45804195804195807 1.0000000180025095e-35 9.5000000000000018 6.5000000000000009 12.500000000000002 0.73030303030303034 21.500000000000004 2050.0000000000005 47.07500000000001 0.42261904761904767 4.5000000000000009 42.412500000000001 42.090000000000011 1.0000000180025095e-35 1350.0000000000002
decision_type=2 2 2 2 2 2 2 2 2 2 2 2 2 2 2 2 2 2 2 2 2 2 2 2 2 2 2 2 2 2
left_child=1 2 3 4 -1 14 11 9 21 22 26 17 19 -2 -3 24 18 -6 -11 -4 -21 -9 -7 -24 -12 -16 28 -13 -8 -30
right_child=13 5 12 -5 6 7 10 8 -10 16 15 27 -14 -15 25 -17 -18 -19 -20 20 -22 -23 23 -25 -26 -27 -28 -29 29 -31
leaf_value=-0.31361098106090846 -0.40570683240890504 0.086873432868331379 0.0413219389874699 -0.11621324703605339 0.096324583699907929 -0.0019459627399145696 -0.085784402688184352 -0.014749974681456625 -0.54333503966530161 0.026708649651987888 -0.032564143615607652 -0.040229997918009762 -0.1488034926354885 -0.6667827866294167 0.12196274149146945 0.01382287287377852 0.16756219084792098 -0.089585863463580606 0.081836352397942499 0.11696813553882142 0.025548727119510825 0.11660092689025288 0.027652033107976121 0.22250824082981457 -0.14870654440230943 0.33266273276372393 -0.020654205366165617 0.027264933622262275 0.023949468184424484 -0.077901530941819841
leaf_weight=12.999999999999998 9.9999999999999982 262 212 220 99 346 359 38 14.999999999999998 164 156 125 11.999999999999998 22 11.000000000000002 253 29 9.9999999999999982 223 150 55 26 24 10.999999999999998 22 10.999999999999998 102 88 46 58
leaf_count=13 10 262 212 220 99 346 359 38 15 164 156 125 12 22 11 253 29 10 223 150 55 26 24 11 22 11 102 88 46 58
internal_value=-0.00176508 0.00418072 -0.0196375 -0.0417842 -0.0294819 0.044836 -0.0266794 0.0276804 -0.0718848 0.0375495 -0.0413397 0.0186672 0.0604313 -0.585197 0.0977525 -0.011263 0.0660794 0.0792686 0.0584747 0.0664524 0.092441 0.0386113 0.00639878 0.0888926 -0.0469188 0.227313 -0.0642831 -0.0123448 -0.0738946 -0.0328521
internal_weight=3172 3140 1980 1551 1331 1160 1318 876 79 797 996 322 429 32 284 431 416 109 387 417 205 64 381 35 178 22 565 213 463 104
internal_count=3172 3140 1980 1551 1331 1160 1318 876 79 797 996 322 429 32 284 431 416 109 387 417 205 64 381 35 178 22 565 213 463 104
is_linear=0
shrinkage=0.05


Tree=7
num_leaves=31
num_cat=0
split_feature=35 0 21 8 8 0 34 38 0 32 24 0 34 11 38 0 6 6 28 29 5 6 11 11 0 32 8 11 31 17
split_gain=3980.35 1098.81 1237.49 496.688 370.326 297.617 287.131 266.886 1495.48 255.702 231.727 256.779 200.295 494.25 197.122 145.65 131.674 129.565 127.653 126.384 125.007 117.295 112.396 109.46 106.755 101.041 106.629 99.8663 97.4924 198.037
threshold=4.2431818181818182 1750.0000000000002 1.0000000180025095e-35 13.500000000000002 11.500000000000002 1075.0000000000002 20.500000000000004 0.069047619047619066 1850.0000000000002 0.37980769230769235 1.0000000180025095e-35 1650.0000000000002 13.500000000000002 0.31009615384615391 0.68990384615384626 1950.0000000000002 0.59166666666666679 0.62019230769230782 21.500000000000004 47.073916666666669 0.46410256410256417 0.12916666666666668 0.48333333333333339 0.43303571428571436 1650.0000000000002 0.30384615384615393 13.500000000000002 0.55050505050505061 5.6323412698412705 1.0000000180025095e-35
decision_type=2 2 2 2 2 2 2 2 2 2 2 2 2 2 2 2 2 2 2 2 2 2 2 2 2 2 2 2 2 2
left_child=1 2 3 5 15 -1 10 9 18 -6 11 20 17 -14 23 16 27 25 -9 -11 -5 -21 24 -2 -7 26 -4 -3 29 -13
right_child=14 4 12 6 7 22 -8 8 -10 19 -12 28 13 -15 -16 -17 -18 -19 -20 21 -22 -23 -24 -25 -26 -27 -28 -29 -30 -31
leaf_value=0.075181990630276835 -0.51222032029181708 0.057359451068436151 -0.11163380672889096 -0.10479346042425902 0.0060788440755189565 -0.030087507796176034 -0.2999906347754101 -0.014012475627915641 -0.5291411742035832 0.012116111268681524 -0.0038717433598235646 -0.026832199813081672 0.095013186056166876 -0.35308193266391757 -0.67230146328608198 0.20113468037286242 0.20767055520493735 0.13950680017184755 0.13328142104049523 0.015993355142493403 -0.060618744375339401 0.092555824544681475 -0.073040639313116468 -0.30732919194481595 0.035922622368449258 0.074573841731047683 0.035026295289949133 0.14884322266493524 -0.01102098916869676 -0.28865522027015683
leaf_weight=115 16.000000000000004 202 13.999999999999998 306 381 147 11.999999999999998 38 13.999999999999998 95 190 26 16.000000000000004 9.9999999999999982 11.999999999999998 28 19 52 24 62 336 259 73 10.999999999999998 105 228 108 35 228 9.9999999999999982
leaf_count=115 16 202 14 306 381 147 12 38 14 95 190 26 16 10 12 28 19 52 24 62 336 259 73 11 105 228 108 35 228 10
internal_value=-0.00167682 0.00457226 -0.0180859 -0.0388916 0.0432693 0.00605221 -0.0567393 0.0271351 -0.0623907 0.035672 -0.054076 -0.0646045 0.0571648 -0.0773311 -0.503686 0.0928649 0.0810229 0.0658636 0.0430045 0.0627754 -0.081674 0.0777681 -0.0184091 -0.428746 -0.00258329 0.0549223 0.0181964 0.0708697 -0.0230946 -0.0995608
internal_weight=3172 3133 1976 1548 1157 440 1108 873 76 797 1096 906 428 26 39 284 256 402 62 416 642 321 325 27 252 350 122 237 264 36
internal_count=3172 3133 1976 1548 1157 440 1108 873 76 797 1096 906 428 26 39 284 256 402 62 416 642 321 325 27 252 350 122 237 264 36
is_linear=0
shrinkage=0.05


Tree=8
num_leaves=31
num_cat=0
split_feature=35 0 22 5 36 8 38 0 32 2 20 34 0 0 19 5 2 11 0 0 8 5 31 32 29 6 4 2 2 31
split_gain=3608.79 991.248 781.71 519.96 568.72 342.671 278.008 1339.78 230.771 218.287 365.098 311.189 318.725 210.227 205.342 162.952 142.775 144.355 132.075 128.04 126.447 123.545 152.505 122.631 114.061 112.329 110.231 208.385 107.698 121.588
threshold=5.1830555555555575 1750.0000000000002 1.0000000180025095e-35 0.56696428571428581 -2.6500000000000017 11.500000000000002 0.069047619047619066 1850.0000000000002 0.37980769230769235 6.5000000000000009 1.0000000180025095e-35 13.500000000000002 1650.0000000000002 1350.0000000000002 1.0000000180025095e-35 0.27922077922077926 1.5000000000000002 0.48333333333333339 2050.0000000000005 1650.0000000000002 11.500000000000002 0.29285714285714287 12.200000000000001 0.44949494949494956 47.073916666666669 0.59166666666666679 0.12916666666666668 6.5000000000000009 4.5000000000000009 8.4309523809523856
decision_type=2 2 2 2 2 2 2 2 2 2 2 2 2 2 2 2 2 2 2 2 2 2 2 2 2 2 2 2 2 2
left_child=1 2 3 4 -1 18 8 -8 -7 10 11 12 14 21 23 -2 17 -14 25 -15 -21 22 -11 -6 -10 -3 27 -5 29 -28
right_child=15 5 -4 26 9 6 7 -9 24 13 -12 -13 16 19 -16 -17 -18 -19 -20 20 -22 -23 -24 -25 -26 -27 28 -29 -30 -31
leaf_value=-0.39672469675540922 -0.36253153800964361 0.068676877295003269 -0.10657160538153471 0.096936270651040657 0.028354705389067061 0.0057749017295757625 0.035238005140854511 -0.4897676320622365 0.011510306299958183 -0.026558397186023222 -0.086433855886571112 -0.19016977888014583 -0.044262621265370401 -0.079535533305399364 -0.037068411276217489 -0.60595523444089028 -0.0039812307831243419 -0.21476643756031991 0.20589036392894658 0.13923514435688655 -0.034541357497162209 0.010682231305663493 -0.25513464808464054 0.088073016445299523 0.073879655224642488 0.18924935850359145 -0.13553934236141771 -0.002678358213758314 0.044791504181921488 0.01446602829865047
leaf_weight=9.9999999999999982 9.9999999999999982 241 220 165 157 381 64 14.999999999999998 95 27 104 18 40 289 63 22 141 18 22 11.999999999999998 82 212 9.9999999999999982 190 321 21 22 77 88 35
leaf_count=10 10 241 220 165 157 381 64 15 95 27 104 18 40 289 63 22 141 18 22 12 82 212 10 190 321 21 22 77 88 35
internal_value=-0.00159298 0.00379089 -0.0177118 -0.00660432 -0.0210327 0.0404938 0.0250203 -0.0644466 0.0338884 -0.0182764 0.000328893 0.0147202 0.020776 -0.0397961 0.0459762 -0.529885 -0.031144 -0.0971776 0.0882217 -0.0630479 -0.0123571 -0.00403129 -0.0883358 0.0610535 0.0596367 0.0783411 0.0445849 0.0652407 0.010111 -0.0434308
internal_weight=3172 3140 1980 1760 1373 1160 876 79 797 1363 731 627 609 632 410 32 199 58 284 383 94 249 37 347 416 262 387 242 145 57
internal_count=3172 3140 1980 1760 1373 1160 876 79 797 1363 731 627 609 632 410 32 199 58 284 383 94 249 37 347 416 262 387 242 145 57
is_linear=0
shrinkage=0.05


Tree=9
num_leaves=31
num_cat=0
split_feature=0 38 0 21 2 2 8 0 5 38 15 32 5 0 0 5 31 2 31 28 31 34 28 11 21 30 2 8 0 30
split_gain=1212.05 1574.41 2807.61 1012.69 359.718 346.181 322.036 311.562 253.261 227.19 1143.13 208.271 200.895 180.737 153.901 131.679 136.469 130.386 148.457 130.327 123.87 158.235 122.734 122.411 113.347 102.445 102.248 95.8019 94.6818 104.066
threshold=1750.0000000000002 0.069047619047619066 1650.0000000000002 1.0000000180025095e-35 3.5000000000000004 6.5000000000000009 11.500000000000002 1075.0000000000002 0.53589743589743599 0.069047619047619066 1.0000000180025095e-35 0.37980769230769235 0.68990384615384626 1350.0000000000002 2050.0000000000005 0.29285714285714287 12.200000000000001 1.5000000000000002 4.7416666666666645 12.500000000000002 18.425000000000001 19.500000000000004 15.500000000000002 0.48333333333333339 1.0000000180025095e-35 42.445000000000014 6.5000000000000009 11.500000000000002 2050.0000000000005 47.112500000000004
decision_type=2 2 2 2 2 2 2 2 2 2 2 2 2 2 2 2 2 2 2 2 2 2 2 2 2 2 2 2 2 2
left_child=1 3 8 4 7 -6 14 -1 20 11 -11 28 17 15 -2 16 -7 18 -9 -5 21 -3 27 -20 26 -19 -13 -15 -8 -30
right_child=6 2 -4 19 5 13 9 12 -10 10 -12 24 -14 22 -16 -17 -18 25 23 -21 -22 -23 -24 -25 -26 -27 -28 -29 29 -31
leaf_value=0.088059913097759304 0.074424029289094293 -0.045969492557548709 -0.57937384773703193 0.031917792635347442 -0.0917221854752307 -0.02503186414161554 -0.0024413517116423631 -0.25181657658381895 0.06056720261772474 0.030855771433385654 -0.46656761541962627 0.019541293778243794 0.12445093368490537 0.01006046502754606 0.20932003460500553 0.017284032149175975 -0.24237791538238526 -0.029593949561138033 -0.018142010141954809 0.089603197770948356 -0.2436703009530902 -0.22233453607186676 -0.021369225856467663 -0.17993206918239593 0.15199699026757274 0.038956428723176943 0.071550318255870202 -0.08747280354548187 0.029327109873294833 0.2201755690574646
leaf_weight=92 262 62 34 208 311 26 346 10.999999999999998 30 66 13.999999999999998 164 24 29 23 235 9.9999999999999982 171 53 185 13.999999999999998 15.999999999999998 213 14.999999999999998 29 80 223 191 25 9.9999999999999982
leaf_count=92 262 62 34 208 311 26 346 11 30 66 14 164 24 29 23 235 10 171 53 185 14 16 213 15 29 80 223 191 25 10
internal_value=-0.00151333 -0.0250134 -0.177568 -0.0121771 -0.0313428 -0.0477888 0.0391365 0.00608474 -0.0655888 0.0241313 -0.0561933 0.032194 -0.0152195 -0.0283808 0.0853104 0.00364258 -0.0854058 -0.0253774 -0.0813986 0.0590725 -0.106727 -0.0821469 -0.0484231 -0.053831 0.0566548 -0.00774522 0.0495103 -0.0746161 0.00548616 0.0838552
internal_weight=3172 2010 156 1854 1461 1015 1162 446 122 877 80 797 354 704 285 271 36 330 79 393 92 78 433 68 416 251 387 220 381 35
internal_count=3172 2010 156 1854 1461 1015 1162 446 122 877 80 797 354 704 285 271 36 330 79 393 92 78 433 68 416 251 387 220 381 35
is_linear=0
shrinkage=0.05


Tree=10
num_leaves=31
num_cat=0
split_feature=38 17 14 15 22 0 0 0 6 8 20 32 29 0 32 34 29 31 23 28 5 12 6 8 28 31 5 8 29 36
split_gain=1128.51 940.05 1424.61 795.966 703.047 464.76 402.77 384.894 287.692 231.197 214.05 204.079 185.109 181.191 177.4 158.676 142.643 139.716 133.867 131.357 125.847 122.558 108.256 102.231 100.822 94.1693 116.598 143.748 89.9462 88.3341
threshold=0.069047619047619066 1.0000000180025095e-35 1.0000000180025095e-35 1.0000000180025095e-35 1.0000000180025095e-35 1350.0000000000002 1750.0000000000002 1750.0000000000002 0.53589743589743599 13.500000000000002 1.0000000180025095e-35 0.40833333333333338 43.533154761904768 2050.0000000000005 0.44097222222222227 13.500000000000002 47.814583333333339 8.0083333333333346 1.0000000180025095e-35 19.500000000000004 0.16025641025641027 1.0000000180025095e-35 0.39230769230769241 8.5000000000000018 12.500000000000002 2.9750000000000019 0.43303571428571436 9.5000000000000018 50.203416666666676 -2.6500000000000017
decision_type=2 2 2 2 2 2 2 2 2 2 2 2 2 2 2 2 2 2 2 2 2 2 2 2 2 2 2 2 2 2
left_child=4 3 -3 5 6 12 8 -6 10 11 18 -7 -2 14 25 -14 -16 -18 19 20 -1 -21 29 -22 28 26 27 -8 -9 -11
right_child=1 2 -4 -5 7 9 13 24 -10 22 -12 -13 15 -15 16 -17 17 -19 -20 21 23 -23 -24 -25 -26 -27 -28 -29 -30 -31
leaf_value=-0.18376031637191773 -0.018080376088619232 0.12937797389247202 -0.55776964227358505 -0.44261737695107101 -0.10377512175932919 -0.040034103155136114 0.26791606572541327 -0.013822606008137223 0.058097384520594708 -0.21169995015317744 -0.074213107762801836 0.14039700746181466 -0.083893348773320525 0.11982865280742888 0.026045862323098235 -0.30657340384398901 0.16794471848290415 0.069332723551707109 -0.047188588073624978 0.042425167968616347 0.10926207696136676 -0.0067590842443715536 0.039759537085890778 -0.0083757782967189675 0.030733295476313722 -0.0058791485078598504 0.0098279067731805551 0.062667308120351081 -0.10765261225628131 -0.056717944770519224
leaf_weight=9.9999999999999982 13.999999999999998 10.999999999999998 24 12.999999999999998 190 25 10.999999999999998 113 220 10.999999999999998 99 42 11.999999999999998 79 149 24 45 178 126 358 19 196 25 660 97 217 76 38 33 56
leaf_count=10 14 11 24 13 190 25 11 113 220 11 99 42 12 79 149 24 45 178 126 358 19 196 25 660 97 217 76 38 33 56
internal_value=-0.000533808 -0.100973 -0.341809 -0.0630033 0.00832441 -0.0393909 0.0185844 -0.0504634 0.00477628 0.00242079 -0.00321462 0.073072 -0.172352 0.0479768 0.0400268 -0.232347 0.0639236 0.089232 0.00191967 0.00689766 -0.00767727 0.0250242 -0.0490317 -0.005084 -0.00877926 0.0140339 0.0486028 0.108744 -0.0350308 -0.0821628
internal_weight=3171 257 35 222 2914 209 2481 433 1688 159 1468 67 50 793 714 36 372 223 1369 1243 689 554 92 679 243 342 125 49 146 67
internal_count=3171 257 35 222 2914 209 2481 433 1688 159 1468 67 50 793 714 36 372 223 1369 1243 689 554 92 679 243 342 125 49 146 67
is_linear=0
shrinkage=0.05


Tree=11
num_leaves=31
num_cat=0
split_feature=35 22 0 0 0 34 20 7 34 4 31 34 28 8 36 28 28 11 30 28 9 30 5 36 0 23 28 4 30 30
split_gain=1786.92 571.262 430.277 429.906 400.894 353.318 237.551 236.455 295.559 223.676 160.721 152.399 146.318 136.387 161.331 136.304 128.444 144.381 132.814 124.913 120.651 116.477 111.607 110.961 105.555 101.19 104.369 99.2403 104.789 97.6762
threshold=3.729861111111112 1.0000000180025095e-35 1750.0000000000002 1750.0000000000002 1750.0000000000002 1.0000000180025095e-35 1.0000000180025095e-35 1.0000000180025095e-35 19.500000000000004 0.07417582417582419 16.125000000000004 17.500000000000004 17.500000000000004 10.500000000000002 0.19999999999999932 12.500000000000002 11.500000000000002 0.39230769230769241 39.07500000000001 18.500000000000004 0.069047619047619066 45.505000000000003 0.40833333333333338 -0.37499999999999817 2050.0000000000005 1.0000000180025095e-35 21.500000000000004 0.080128205128205135 38.891666666666673 43.053571428571438
decision_type=2 2 2 2 2 2 2 2 2 2 2 2 2 2 2 2 2 2 2 2 2 2 2 2 2 2 2 2 2 2
left_child=1 4 20 -3 5 6 9 8 10 12 -7 -9 -1 16 19 -5 17 -6 -19 24 -2 -18 23 -21 -15 26 27 -11 -29 -14
right_child=2 3 -4 15 13 7 -8 11 -10 25 -12 -13 29 14 -16 -17 21 18 -20 22 -22 -23 -24 -25 -26 -27 -28 28 -30 -31
leaf_value=0.015873135551260364 -0.34786485540015349 -0.10200775001179792 -0.065775329172611238 -0.034984693035720757 -0.023240235990480237 -0.057516454933386932 -0.068204846580823264 -0.055299012103806368 -0.35405874000145843 -0.12838867885224961 -0.27606006979942327 0.16450769516328972 0.064936484876842074 0.0090070814069501178 -0.12178307948086192 0.038991938891510175 0.099639557141755875 0.25342004651373085 0.054904765304591922 -0.14499170780181886 -0.55939982487605178 0.26298492871798002 0.083532163659712375 0.034696147019868014 0.085567365725542993 -0.04598109737354597 0.021820567299148691 0.022141173691381508 -0.020826305957204416 0.18079692600738437
leaf_weight=199 14.000000000000002 204 9.9999999999999982 153 46 53 105 23 12.999999999999998 17 9.9999999999999982 11.999999999999998 136 384 17 105 68 10.999999999999998 36 9.9999999999999982 12.999999999999998 12.999999999999998 178 61 51 112 469 217 410 21
leaf_count=199 14 204 10 153 46 53 105 23 13 17 10 12 136 384 17 105 68 11 36 10 13 13 178 61 51 112 469 217 410 21
internal_value=-0.000507117 0.00357115 -0.345948 -0.0477664 0.0124476 -0.00106676 0.00462191 -0.0874732 -0.136997 0.00945861 -0.0922059 0.0200633 0.0443451 0.0402023 0.0303675 -0.00487792 0.0798243 0.0397327 0.101366 0.034149 -0.449715 0.125855 0.0623907 0.009388 0.0179831 -0.000679833 0.00387879 -0.00918751 -0.00595558 0.0804337
internal_weight=3171 3134 37 462 2672 1797 1686 111 76 1581 63 35 356 875 701 258 174 93 47 684 27 81 249 71 435 1225 1113 644 627 157
internal_count=3171 3134 37 462 2672 1797 1686 111 76 1581 63 35 356 875 701 258 174 93 47 684 27 81 249 71 435 1225 1113 644 627 157
is_linear=0
shrinkage=0.05


Tree=12
num_leaves=31
num_cat=0
split_feature=38 2 14 15 21 0 2 0 22 8 31 3 28 28 29 8 28 34 21 0 20 11 4 6 2 14 6 6 23 2
split_gain=922.075 1105.45 1064.19 756.459 721.528 600.183 408.774 372.11 263.806 217.774 213.462 164.376 176.428 152.697 137.006 125.943 139.863 125.569 130.626 116.208 150.357 152.684 199.191 86.1453 119.828 84.4995 87.7601 76.5553 71.9282 70.8676
threshold=0.069047619047619066 3.5000000000000004 1.0000000180025095e-35 1.0000000180025095e-35 1.0000000180025095e-35 1650.0000000000002 2.5000000000000004 1500.0000000000002 1.0000000180025095e-35 10.500000000000002 16.032500000000006 1.0000000180025095e-35 8.5000000000000018 16.500000000000004 47.838068181818194 13.500000000000002 17.500000000000004 20.500000000000004 1.0000000180025095e-35 1350.0000000000002 1.0000000180025095e-35 0.56696428571428581 0.13809523809523813 0.37980769230769235 1.5000000000000002 1.0000000180025095e-35 0.53589743589743599 0.20714285714285716 1.0000000180025095e-35 1.5000000000000002
decision_type=2 2 2 2 2 2 2 2 2 2 2 2 2 2 2 2 2 2 2 2 2 2 2 2 2 2 2 2 2 2
left_child=4 2 -2 7 5 6 -1 10 19 -7 17 12 25 29 23 16 -9 18 -3 20 21 -8 -23 24 -15 26 -6 -16 -29 -11
right_child=1 3 -4 -5 11 9 8 15 -10 13 -12 -13 -14 14 27 -17 -18 -19 -20 -21 -22 22 -24 -25 -26 -27 -28 28 -30 -31
leaf_value=0.075626263791331805 0.032928448456984304 -0.069792465548272495 -0.52112610156719508 -0.41727196665910582 0.03271477369265631 0.066050277537821486 0.013421525603263432 0.030323168548056858 -0.093485977492834396 -0.067797091689759073 -0.25145915200312935 0.042218371691256515 0.14465839557747528 -0.15321244942645232 0.0082069345619202715 -0.012010514679975038 0.1988746981881559 -0.2254788726568222 0.10675214735361248 -0.05162025459904749 -0.064639925480511257 9.6379872411489492e-05 -0.23410352233797316 0.0411653256953948 -0.003841080520214746 -0.028177567461022623 0.19288019194052772 0.06232943952600413 0.1552696144829194 -0.00080168870506274349
leaf_weight=82 12.999999999999998 54 26 12.999999999999998 25 204 334 32 190 42 18 301 103 14.999999999999998 57 58 20 9.9999999999999982 12.999999999999998 312 107 23 14.999999999999998 99 128 27 12.999999999999998 157 24 656
leaf_count=82 13 54 26 13 25 204 334 32 190 42 18 301 103 15 57 58 20 10 13 312 107 23 15 99 128 27 13 157 24 656
internal_value=-0.000481761 -0.0912708 -0.336441 -0.04741 0.00752537 -0.00337143 -0.0316176 -0.0239553 -0.0405819 0.0183548 -0.0964428 0.0643328 0.103954 0.0100952 0.0318031 0.0386475 0.0951507 -0.0602052 -0.0355375 -0.0278743 -0.0124071 0.00261681 -0.0923509 0.00531208 -0.0195094 0.0394541 0.0875082 0.0587394 0.074653 -0.00483293
internal_weight=3171 257 39 218 2914 2445 1063 205 981 1382 95 469 168 1178 480 110 52 77 67 791 479 372 38 242 143 65 38 238 181 698
internal_count=3171 257 39 218 2914 2445 1063 205 981 1382 95 469 168 1178 480 110 52 77 67 791 479 372 38 242 143 65 38 238 181 698
is_linear=0
shrinkage=0.05


Tree=13
num_leaves=31
num_cat=0
split_feature=35 21 13 2 37 2 8 22 14 28 6 28 3 36 30 33 5 14 6 29 35 8 24 28 29 31 23 30 28 4
split_gain=1443.39 529.664 616.515 427.51 355.583 284.109 257.923 250.459 222.976 167.008 170.18 150.043 134.396 124.373 123.211 98.3841 176.767 97.9372 107.429 88.4613 83.6091 84.0524 82.8374 90.5454 72.7819 77.4636 79.9134 69.9392 98.1878 69.1356
threshold=3.729861111111112 1.0000000180025095e-35 1.0000000180025095e-35 2.5000000000000004 4.4000000000000012 3.5000000000000004 10.500000000000002 1.0000000180025095e-35 1.0000000180025095e-35 16.500000000000004 0.20714285714285716 14.500000000000002 1.0000000180025095e-35 -0.21666666666666853 39.56333333333334 1.0000000180025095e-35 0.46410256410256417 1.0000000180025095e-35 0.53589743589743599 46.742916666666673 1.770833333333335 15.500000000000002 1.0000000180025095e-35 24.500000000000004 47.838068181818194 6.2708333333333366 1.0000000180025095e-35 45.612500000000004 26.500000000000004 0.36038961038961043
decision_type=2 2 2 2 2 2 2 2 2 2 2 2 2 2 2 2 2 2 2 2 2 2 2 2 2 2 2 2 2 2
left_child=1 2 6 -4 11 19 -1 20 -6 15 14 17 -13 -12 -11 -8 -17 18 -3 -2 22 -22 -5 -24 -15 -26 27 -27 -29 -16
right_child=5 4 3 7 8 -7 9 -9 -10 10 13 12 -14 24 29 16 -18 -19 -20 -21 21 -23 23 -25 25 26 -28 28 -30 -31
leaf_value=0.064524903258366212 -0.49028375319072171 0.041742856464406945 0.07061678273603321 -0.037586154442290728 -0.22648591382635966 -0.1109402424345414 -0.0045912846866834984 -0.092091733049236096 0.026020679272273008 -0.15969264592443194 0.1976112152521427 0.14107028172085329 0.060963655872230266 0.017915042116220206 -0.014241100472306995 -0.20648438799030641 0.015448119319779309 0.0039262703641897113 0.15463529229164125 -0.30080688866701993 -0.042547752913729898 -0.18009718035658201 -0.028740991573451332 0.031397322602698223 -0.066210104406557307 0.071709907457210828 0.15965793281793594 0.071684141829609846 -0.14045431807637215 0.1228240618109703
leaf_weight=227 14.000000000000002 96 91 548 18 11.999999999999998 698 204 17 13.999999999999998 12.999999999999998 84 139 183 115 17 19 127 27 10.999999999999998 29 18 147 109 10.999999999999998 129 22 12.000000000000002 9.9999999999999982 9.9999999999999982
leaf_count=227 14 96 91 548 18 12 698 204 17 14 13 84 139 183 115 17 19 127 27 11 29 18 147 109 11 129 22 12 10 10
internal_value=-0.000457673 0.00320767 -0.0058331 -0.0333648 0.049942 -0.310922 0.0154854 -0.0423338 -0.10384 0.00660111 0.0283095 0.0613213 0.0911383 0.0456258 -0.0190301 -0.00874855 -0.0893533 0.0347244 0.0665241 -0.406914 -0.030406 -0.0952263 -0.0266167 -0.00313522 0.0402421 0.0624479 0.0706284 0.0576572 -0.0247424 -0.00327589
internal_weight=3171 3134 2626 1146 508 37 1480 1055 35 1253 519 473 223 380 139 734 36 250 123 25 851 47 804 256 367 184 173 151 22 125
internal_count=3171 3134 2626 1146 508 37 1480 1055 35 1253 519 473 223 380 139 734 36 250 123 25 851 47 804 256 367 184 173 151 22 125
is_linear=0
shrinkage=0.05


Tree=14
num_leaves=31
num_cat=0
split_feature=38 2 14 15 21 0 2 0 22 2 29 32 0 28 2 6 0 24 11 4 2 14 6 29 11 30 36 2 32 30
split_gain=760.098 918.808 895.957 678.336 586.454 489.26 333.074 314.622 213.771 212.869 201.311 144.667 168.564 134.509 116.262 109.575 106.042 134.993 106.928 148.811 92.3497 88.3883 96.9542 83.5539 95.9782 80.8346 80.5462 80.0898 78.7912 91.2013
threshold=0.069047619047619066 3.5000000000000004 1.0000000180025095e-35 1.0000000180025095e-35 1.0000000180025095e-35 1650.0000000000002 2.5000000000000004 1350.0000000000002 1.0000000180025095e-35 6.5000000000000009 44.61220238095239 0.44097222222222227 2250.0000000000005 14.500000000000002 6.5000000000000009 0.44097222222222227 1350.0000000000002 1.0000000180025095e-35 0.56696428571428581 0.13809523809523813 6.5000000000000009 1.0000000180025095e-35 0.53589743589743599 47.814583333333339 0.51666666666666672 44.090000000000011 1.4000000000000041 1.5000000000000002 0.40833333333333338 42.605555555555561
decision_type=2 2 2 2 2 2 2 2 2 2 2 2 2 2 2 2 2 2 2 2 2 2 2 2 2 2 2 2 2 2
left_child=4 2 -2 7 5 6 -1 9 16 10 -3 12 -7 21 15 27 17 18 20 -20 -8 22 -6 24 -16 -15 28 -13 -9 -30
right_child=1 3 -4 -5 13 11 8 26 -10 -11 -12 14 -14 25 23 -17 -18 -19 19 -21 -22 -23 -24 -25 -26 -27 -28 -29 29 -31
leaf_value=0.068314111546227116 0.032536863249081831 -0.086823798458729146 -0.47584201647685131 -0.39312056348874025 0.039655714301625268 -0.0047441528253905664 -0.041827719715573558 -0.025054823350142308 -0.084207092302018102 0.040077159123925066 -0.32753735519945626 -0.069561709665021926 0.15480377932681758 0.074791396377779748 0.040507930512610597 0.051423047737876794 -0.047827788241780723 0.037126217858065247 -0.029020020319148899 -0.23414072788187434 0.011335148860893722 0.0037299569872185942 0.14690352838348461 0.071334568776591861 -0.06633582329750061 0.1644134600871596 -0.089191007000558528 0.0056881287149223858 0.01672339667960749 0.12155453467275948
leaf_weight=82 12.999999999999998 19 26 12.999999999999998 96 632 168 49 190 12.999999999999998 15.999999999999998 43 17 190 132 116 312 114 24 13.999999999999998 159 127 27 218 25 29 17 199 59 32
leaf_count=82 13 19 26 13 96 632 168 49 190 13 16 43 17 190 132 116 312 114 24 14 159 127 27 218 25 29 17 199 59 32
internal_value=-0.000434789 -0.0828647 -0.306382 -0.0428776 0.00683511 -0.00298891 -0.0284917 -0.0206671 -0.0365835 -0.132693 -0.196864 0.0166272 -0.000564931 0.0580499 0.0318492 0.0114689 -0.0251442 -0.0103692 -0.0252033 -0.104591 -0.0159779 0.0329882 0.0631979 0.0513056 0.0234946 0.0866592 0.0135828 -0.00768271 0.0260624 0.0535871
internal_weight=3171 257 39 218 2914 2445 1063 205 981 48 35 1382 649 469 733 358 791 479 365 38 327 250 123 375 157 219 157 242 140 91
internal_count=3171 257 39 218 2914 2445 1063 205 981 48 35 1382 649 469 733 358 791 479 365 38 327 250 123 375 157 219 157 242 140 91
is_linear=0
shrinkage=0.05


Tree=15
num_leaves=31
num_cat=0
split_feature=35 21 13 2 2 8 28 38 28 7 37 37 28 6 16 36 28 6 5 30 6 28 38 36 5 33 29 2 31 29
split_gain=1697.06 528.676 606.663 307.704 220.757 210.776 193.76 190.818 169.234 147.42 145.464 352.86 165.456 143.283 117.293 108.826 108.651 102.765 82.9688 158.792 135.546 103.907 79.1304 78.0433 76.7249 75.6013 75.2332 73.9305 300.618 72.6814
threshold=3.729861111111112 1.0000000180025095e-35 1.0000000180025095e-35 2.5000000000000004 6.5000000000000009 12.500000000000002 19.500000000000004 0.44097222222222227 59.500000000000007 1.5000000000000002 4.4000000000000012 7.8999999999999977 7.5000000000000009 0.59166666666666679 1.0000000180025095e-35 -1.0000000180025095e-35 24.500000000000004 -0.064583333333333312 0.44949494949494956 35.025000000000006 0.57738095238095244 17.500000000000004 0.56696428571428581 -2.3749999999999996 0.60769230769230786 9.5000000000000018 46.638670634920643 1.5000000000000002 6.2708333333333366 48.06600000000001
decision_type=2 2 2 2 2 2 2 2 2 2 2 2 2 2 2 2 2 2 2 2 2 2 2 2 2 2 2 2 2 2
left_child=1 2 5 -4 25 14 9 -2 -8 15 12 -12 -3 -14 18 -7 29 -18 19 -1 -20 -22 26 -13 27 -5 -21 28 -17 -6
right_child=7 10 3 4 16 6 8 -9 -10 -11 11 23 13 -15 -16 24 17 -19 20 22 21 -23 -24 -25 -26 -27 -28 -29 -30 -31
leaf_value=0.21015483750139966 -0.18284595161676409 0.02239695165081175 0.060816171779405584 -0.061504696989306634 -0.031585416071223199 -0.13293354281169528 0.03933194828584357 -0.40397274285554891 -0.14414608249297509 -0.18509469808389745 -0.240935925926481 -0.010739155610402425 0.068623680751475083 0.16737529335673465 0.17925053434446456 -0.31615786790847777 -0.11571672900634654 0.010986264319510469 0.00036623153273619756 -0.0031350919868176185 0.042365803449384627 0.19925761092454197 0.1755653773744901 0.17364122650840061 0.030590030906070782 -0.17232225947082044 0.064551758241768065 -0.0077650703159718023 0.00039523756752411526 -0.12167777139693499
leaf_weight=17 15.999999999999998 182 86 404 333 17 378 25 12.999999999999998 11.999999999999998 13.999999999999998 11.999999999999998 252 43 15.999999999999998 9.9999999999999982 17 273 179 60 31 15.999999999999998 11.999999999999998 11.000000000000002 123 15.999999999999998 130 443 30 24
leaf_count=17 16 182 86 404 333 17 378 25 13 12 14 12 252 43 16 10 17 273 179 60 31 16 12 11 123 16 130 443 30 24
internal_value=0.00193187 0.00608662 -0.002946 -0.0301657 -0.0374988 0.0181598 0.00554142 -0.317679 0.0332317 -0.0115088 0.0524798 -0.0430248 0.0598879 0.083018 0.0462431 -0.00816524 -0.0191749 0.00355885 0.0414608 0.0633929 0.020208 0.0957758 0.0510416 0.0774428 -0.00466514 -0.0657263 0.043177 -0.0136432 -0.078743 -0.037642
internal_weight=3195 3154 2640 1153 1067 1487 1026 41 391 635 514 37 477 295 461 623 647 290 445 219 226 47 202 23 606 420 190 483 40 357
internal_count=3195 3154 2640 1153 1067 1487 1026 41 391 635 514 37 477 295 461 623 647 290 445 219 226 47 202 23 606 420 190 483 40 357
is_linear=0
shrinkage=0.05


Tree=16
num_leaves=31
num_cat=0
split_feature=35 21 0 22 38 22 7 35 8 37 37 28 28 2 5 28 37 2 29 4 27 28 11 33 0 0 4 2 3 28
split_gain=1531.6 477.13 698.134 254.627 172.525 154.473 148.3 284.417 150.844 131.281 318.456 149.324 119.082 113.732 110.372 97.365 95.0237 179.277 93.5999 84.509 83.7773 79.2243 132.485 86.5711 72.2009 86.7946 71.822 69.5535 68.423 67.2151
threshold=3.729861111111112 1.0000000180025095e-35 1750.0000000000002 1.0000000180025095e-35 0.40833333333333338 1.0000000180025095e-35 1.5000000000000002 1.3619047619047617 13.500000000000002 4.4000000000000012 7.8999999999999977 7.5000000000000009 8.5000000000000018 3.5000000000000004 0.19375000000000003 19.500000000000004 0.34999999999999792 7.5000000000000009 50.899791666666673 0.095454545454545472 9.5000000000000018 18.500000000000004 0.57738095238095244 10.500000000000002 1350.0000000000002 1650.0000000000002 0.20714285714285716 7.5000000000000009 1.0000000180025095e-35 14.500000000000002
decision_type=2 2 2 2 2 2 2 2 2 2 2 2 2 2 2 2 2 2 2 2 2 2 2 2 2 2 2 2 2 2
left_child=1 2 3 6 -2 21 8 -8 13 11 -11 -3 -7 -1 -10 -5 29 20 -14 -13 -18 22 -4 -23 27 -26 -12 -15 -21 -16
right_child=4 9 5 15 -6 12 7 -9 14 10 26 19 18 24 16 -17 17 -19 -20 28 -22 23 -24 -25 25 -27 -28 -29 -30 -31
leaf_value=0.037886606755794264 -0.16676079154014589 0.021277104185095857 0.021625998751953882 -0.10518139131510487 -0.37969996703860281 -0.040497597136224313 -0.34166629344224919 0.019384562165942046 -0.16972526884995975 -0.22888913282326293 -0.0039224885977231531 0.11460165561370131 0.014164289459502072 -0.042990756768620381 -0.035363198777632394 -0.038858983447065669 -0.095409595614976472 0.026983595732599498 0.16067836606719843 0.11980178585729084 -0.29055207425897772 0.065723364438110984 0.12970504523565371 -0.084111031740903855 -0.07297210361103755 0.030380532358373916 0.17431167662143709 0.046615430091818177 0.043982554754658953 -0.0072127378934234631
leaf_weight=204 14.999999999999998 182 517 117 26 126 10.000000000000002 11.999999999999998 12.999999999999998 13.999999999999998 13.000000000000002 106 119 33 378 105 11.000000000000002 15.999999999999998 11.999999999999998 37 10.999999999999998 268 30 9.9999999999999982 74 28 9.9999999999999982 63 152 483
leaf_count=204 15 182 517 117 26 126 10 12 13 14 13 106 119 33 378 105 11 16 12 37 11 268 30 10 74 28 10 63 152 483
internal_value=0.00183528 0.00578228 -0.0027987 -0.024226 -0.301795 0.028055 -0.0159863 -0.144729 -0.0138308 0.0498558 -0.0408736 0.0568935 -0.0057938 0.0116857 -0.0250782 -0.0738127 -0.0229865 -0.100364 0.0275854 0.0788671 -0.192981 0.0385994 0.0275536 0.0603336 -0.0153091 -0.0446008 0.0735706 0.0158133 0.0588255 -0.0195715
internal_weight=3195 3154 2640 1558 41 1082 1336 22 1314 514 37 477 257 402 912 222 899 38 131 295 22 825 547 278 198 102 23 96 189 861
internal_count=3195 3154 2640 1558 41 1082 1336 22 1314 514 37 477 257 402 912 222 899 38 131 295 22 825 547 278 198 102 23 96 189 861
is_linear=0
shrinkage=0.05


Tree=17
num_leaves=31
num_cat=0
split_feature=35 0 21 22 29 22 7 35 8 28 5 6 6 37 2 28 6 28 29 31 28 37 11 30 28 30 9 9 31 35
split_gain=1382.27 432.121 589.815 229.801 167.205 164.591 133.841 256.686 136.137 129.154 114.698 110.472 108.07 109.987 132.296 107.472 106.547 105.621 99.4849 97.5568 87.8719 85.8354 77.8369 72.8799 72.2192 94.519 80.7818 69.5272 66.1106 64.8003
threshold=3.729861111111112 1750.0000000000002 1.0000000180025095e-35 1.0000000180025095e-35 47.728055555555564 1.0000000180025095e-35 1.5000000000000002 1.3619047619047617 13.500000000000002 7.5000000000000009 0.46410256410256417 0.63961038961038974 -0.069047619047619038 0.34999999999999792 7.5000000000000009 8.5000000000000018 0.20714285714285716 11.500000000000002 49.853750000000012 19.650000000000002 19.500000000000004 6.8000000000000016 0.53589743589743599 38.925000000000011 17.500000000000004 36.525000000000006 1.0000000180025095e-35 0.18465909090909094 4.7416666666666645 1.0000000180025095e-35
decision_type=2 2 2 2 2 2 2 2 2 2 2 2 2 2 2 2 2 2 2 2 2 2 2 2 2 2 2 2 2 2
left_child=1 2 3 6 10 29 8 -8 17 -4 -2 18 27 24 16 -7 -15 22 19 -11 28 -17 -1 -24 -14 -26 -27 -10 -5 -3
right_child=4 5 9 20 -6 15 7 -9 12 11 -12 -13 13 14 -16 21 -18 -19 -20 -21 -22 -23 23 -25 25 26 -28 -29 -30 -31
leaf_value=-0.0050520133479671969 -0.42578796744346614 0.043689693354902005 0.0080713783296014734 -0.034450394788692738 -0.10892549633979798 -0.038472716655168271 -0.32458297461271274 0.018415335633714374 -0.21977807577191422 0.056682669763637852 -0.23088398346534145 0.16638500747891766 -0.032111106092160772 -0.30386861871927967 0.009237592816352844 0.013952287007899335 -0.082884439329306281 0.0304562822511798 0.20100162154571577 -0.061471217949139449 -0.036916034551603458 0.15988472212444654 -0.17844857328704422 -0.017114994142736709 -0.074223895832186651 0.038466134540675608 -0.010557780417924127 -0.054280382369955388 -0.12149829645006156 -0.0070729025475242558
leaf_weight=118 18.000000000000004 833 167 29 9.9999999999999982 126 10.000000000000002 11.999999999999998 11.000000000000002 217 12.999999999999998 24 415 10.000000000000002 14.999999999999998 120 11.999999999999998 256 10.999999999999998 19 105 10.999999999999998 14.000000000000002 13.999999999999998 42 122 270 14.999999999999998 88 68
leaf_count=118 18 833 167 29 10 126 10 12 11 217 13 24 415 10 15 120 12 256 11 19 105 11 14 14 42 122 270 15 88 68
internal_value=0.00174351 0.00549317 -0.00860348 -0.0230147 -0.286706 0.029791 -0.015187 -0.137493 -0.0131392 0.0426584 -0.344054 0.0639721 -0.0238243 -0.0208758 -0.105263 -0.00550411 -0.183332 0.0111014 0.0540211 0.0471703 -0.0701221 0.0262062 -0.0228358 -0.0977818 -0.0171982 -0.0029381 0.00469966 -0.124299 -0.0999223 0.0398586
internal_weight=3195 3154 1996 1558 41 1158 1336 22 1314 438 31 271 912 886 37 257 22 402 247 236 222 131 146 28 849 434 392 26 117 901
internal_count=3195 3154 1996 1558 41 1158 1336 22 1314 438 31 271 912 886 37 257 22 402 247 236 222 131 146 28 849 434 392 26 117 901
is_linear=0
shrinkage=0.05


Tree=18
num_leaves=31
num_cat=0
split_feature=35 21 13 2 2 7 2 38 5 33 7 8 32 29 28 8 2 28 11 6 14 8 32 29 28 6 8 29 33 28
split_gain=1247.49 393.377 442.899 249.12 173.353 195.246 171.71 156.021 119.945 112.835 291.812 162.82 133.973 122.772 91.4029 86.8336 86.0848 91.1575 110.139 83.2415 79.5399 152.208 102.685 115.93 92.6638 77.1005 70.2709 64.6289 60.8322 57.6342
threshold=3.729861111111112 1.0000000180025095e-35 1.0000000180025095e-35 2.5000000000000004 6.5000000000000009 1.5000000000000002 6.5000000000000009 0.40833333333333338 0.68990384615384626 7.5000000000000009 1.0000000180025095e-35 15.500000000000002 0.51666666666666672 48.898263888888899 24.500000000000004 8.5000000000000018 9.5000000000000018 18.500000000000004 0.57738095238095244 -0.064583333333333312 1.0000000180025095e-35 15.500000000000002 0.53589743589743599 46.604166666666679 32.500000000000007 0.67708333333333337 11.500000000000002 48.06600000000001 9.5000000000000018 13.500000000000002
decision_type=2 2 2 2 2 2 2 2 2 2 2 2 2 2 2 2 2 2 2 2 2 2 2 2 2 2 2 2 2 2
left_child=1 2 4 -4 5 8 28 -2 15 12 11 -11 25 -14 27 -1 17 18 -6 -16 21 -19 -22 -24 -23 -3 -18 -8 -5 -17
right_child=7 9 3 6 16 -7 14 -9 -10 10 -12 -13 13 -15 19 29 26 20 -20 -21 22 24 23 -25 -26 -27 -28 -29 -30 -31
leaf_value=0.12838212437927723 -0.14395690282185875 0.023766016698209571 0.056033443741846913 -0.053536805213604238 0.019559506827697994 -0.18724994084664756 -0.027494795213652043 -0.34645501031325415 0.070840750186981868 -0.029595800692384891 0.11632251914809733 -0.3083600544929504 0.068383370117785836 0.18386193028202766 -0.1027656861964394 -0.022022602081513749 0.098146990739873485 0.085542647925944168 0.12975346466603999 0.011267982084720289 0.17734832701583703 0.0048108945911129308 -0.07106111337031637 0.080258086864187408 -0.20127380758523944 0.12320080591099603 -0.02104068820909509 -0.11244994457423066 -0.15294234901666642 0.0082902678429908287
leaf_weight=11.999999999999998 14.999999999999998 272 86 404 411 13.999999999999998 333 26 57 11 17 10 156 27 17 325 13.999999999999998 29 24 273 24 12.000000000000002 13.999999999999998 132 9.9999999999999982 21 106 24 15.999999999999998 303
leaf_count=12 15 272 86 404 411 14 333 26 57 11 17 10 156 27 17 325 14 29 24 273 24 12 14 132 10 21 106 24 16 303
internal_value=0.00165634 0.00521851 -0.00257303 -0.0258304 0.0154605 -0.00237466 -0.0324287 -0.27237 0.00133876 0.0452373 -0.0376756 -0.162341 0.0518564 0.0854212 -0.016268 -0.00485126 0.0318017 0.0389243 0.0256392 0.00458325 0.0650738 0.0103084 0.0815034 0.065748 -0.088864 0.0308927 -0.00713546 -0.0332061 -0.0573237 -0.00739713
internal_weight=3195 3154 2640 1153 1487 711 1067 41 697 514 38 21 476 183 647 640 776 656 435 290 221 51 170 146 22 293 120 357 420 628
internal_count=3195 3154 2640 1153 1487 711 1067 41 697 514 38 21 476 183 647 640 776 656 435 290 221 51 170 146 22 293 120 357 420 628
is_linear=0
shrinkage=0.05


Tree=19
num_leaves=31
num_cat=0
split_feature=35 0 21 22 29 0 7 20 0 22 28 0 6 6 19 28 4 31 6 29 31 30 28 30 28 9 31 30 34 27
split_gain=1125.86 357.951 480.465 190.215 150.285 135.49 320.813 192.131 160.472 134.966 109.576 98.188 95.5348 88.7844 86.8082 85.004 91.1264 105.851 174.411 83.2347 85.2989 81.8551 79.7198 77.1132 72.9912 70.0583 59.4206 58.1751 57.318 169.256
threshold=3.729861111111112 1750.0000000000002 1.0000000180025095e-35 1.0000000180025095e-35 47.728055555555564 1350.0000000000002 1.5000000000000002 1.0000000180025095e-35 1650.0000000000002 1.0000000180025095e-35 7.5000000000000009 2250.0000000000005 0.63961038961038974 0.24038461538461542 1.0000000180025095e-35 3.5000000000000004 0.087121212121212141 6.9551587301587405 0.34523809523809529 49.853750000000012 19.650000000000002 49.07500000000001 19.500000000000004 40.39500000000001 17.500000000000004 0.080128205128205135 4.7416666666666645 42.581250000000004 10.500000000000002 6.5000000000000009
decision_type=2 2 2 2 2 2 2 2 2 2 2 2 2 2 2 2 2 2 2 2 2 2 2 2 2 2 2 2 2 2
left_child=1 2 3 5 13 7 8 14 23 28 -4 21 19 -2 -1 -10 -17 18 -18 20 -12 -11 26 -7 -25 -26 -5 -19 -3 -30
right_child=4 9 10 22 -6 6 -8 -9 15 11 12 -13 -14 -15 -16 16 17 27 -20 -21 -22 -23 -24 24 25 -27 -28 -29 29 -31
leaf_value=0.02709443523875639 -0.38503191802236764 0.038977207869943992 0.0065362801641493497 -0.030051034945866157 -0.090206434726715093 -0.076479948699574349 -0.27439028901549489 -0.0528631879746293 -0.088346661558305783 -0.0049462159926046013 0.051400768046411111 0.10149862584657968 0.15326397803922495 -0.2135527626826213 -0.030497655960229728 0.043808446552458351 -0.018925611057784411 -0.01776205448688363 -0.23610373494716794 0.18321386088024488 -0.059081131063009565 -0.11065768674015999 -0.032109376320704111 -0.064079894995937747 0.027564036212861538 -0.069944458782672886 -0.11257710037964651 0.034372518952379284 0.089590212055727064 -0.11207267564275991
leaf_weight=406 18.000000000000004 859 167 29 9.9999999999999982 149 12.999999999999998 120 27 217 217 20 24 12.999999999999998 78 102 32 139 12.999999999999998 10.999999999999998 19 20 105 75 70 25 88 87 19 23
leaf_count=406 18 859 167 29 10 149 13 120 27 217 217 20 24 13 78 102 32 139 13 11 19 20 105 75 70 25 88 87 19 23
internal_value=0.00157352 0.00495759 -0.00787236 -0.0208793 -0.258752 -0.0137576 -0.0282214 0.00377143 -0.0237705 0.0270721 0.0383942 -0.00488914 0.0580262 -0.313121 0.0178131 -0.00267596 0.00352541 -0.0116365 -0.081666 0.0487724 0.042506 -0.013867 -0.0637376 -0.0502214 -0.0272066 0.00190391 -0.0921219 0.00230745 0.0361886 -0.0208442
internal_weight=3195 3154 1996 1558 41 1336 732 604 719 1158 438 257 271 31 484 400 373 271 45 247 236 237 222 319 170 95 117 226 901 42
internal_count=3195 3154 1996 1558 41 1336 732 604 719 1158 438 257 271 31 484 400 373 271 45 247 236 237 222 319 170 95 117 226 901 42
is_linear=0
shrinkage=0.05


Tree=20
num_leaves=31
num_cat=0
split_feature=35 8 21 6 34 7 28 14 24 8 29 33 27 29 2 30 6 28 5 9 35 33 5 35 8 30 6 2 28 6
split_gain=958.86 380.037 396.336 255.737 224.038 238.51 184.025 163.781 142.611 127.785 155.879 117.309 94.6216 92.3902 113.03 90.6907 108.517 77.8346 89.1188 107.923 75.0233 159.062 72.6346 106.26 95.0424 92.8104 85.3232 72.2267 70.2331 68.5145
threshold=5.1830555555555575 13.500000000000002 1.0000000180025095e-35 0.069047619047619066 12.500000000000002 1.0000000180025095e-35 7.5000000000000009 1.0000000180025095e-35 1.0000000180025095e-35 12.500000000000002 43.13240740740742 7.5000000000000009 10.500000000000002 46.659914965986403 1.5000000000000002 37.425000000000004 0.19375000000000003 19.500000000000004 0.31009615384615391 0.12916666666666668 1.7500000000000024 1.0000000180025095e-35 0.32291666666666669 1.770833333333335 15.500000000000002 38.587500000000013 -0.069047619047619038 9.5000000000000018 16.500000000000004 0.59166666666666679
decision_type=2 2 2 2 2 2 2 2 2 2 2 2 2 2 2 2 2 2 2 2 2 2 2 2 2 2 2 2 2 2
left_child=1 6 7 -2 15 -6 9 8 22 -1 -11 12 -10 -8 -15 16 -4 18 19 -9 21 29 25 27 -25 -3 -27 -24 -28 -16
right_child=3 2 4 -5 5 -7 13 17 11 10 -12 -13 -14 14 20 -17 -18 -19 -20 -21 -22 -23 23 24 -26 26 28 -29 -30 -31
leaf_value=0.013957341704587366 -0.06909001588821409 -0.022189210174339159 -0.041031550616025925 -0.37630180290767123 -0.28690679344263936 0.035422560324271518 0.024310468309689425 -0.17174152000562137 -0.016003919381457638 -0.19292784718906178 -0.021089444252646576 -0.14452924338670878 0.054531066727481398 -0.083135512700447667 0.060987072027440685 0.029363794704097619 0.1107714095933212 0.017037387426711369 -0.01012389676668092 0.019789842888712883 0.16947155222296717 -0.12512156685644932 -0.037403190209977413 -0.047423679307103159 -0.20822514286812616 -0.25064504498785195 -0.18102863067761066 0.054939482682807884 -0.052040731089730424 0.14602747267255417
leaf_weight=267 10.000000000000002 35 13.999999999999998 21 11.000000000000002 11.999999999999998 339 19.000000000000004 127 17 59 12.999999999999998 76 12.999999999999998 266 323 74 289 479 11.999999999999998 17 10.999999999999998 565 20 17 10.999999999999998 15.999999999999998 22 31 26
leaf_count=267 10 35 14 21 11 12 339 19 127 17 59 13 76 13 266 323 74 289 479 12 17 11 565 20 17 11 16 22 31 26
internal_value=-0.000468255 0.00222861 -0.00960194 -0.277201 0.033125 -0.118735 0.0274749 -0.0203083 -0.0345369 -0.0023249 -0.059527 0.00107863 0.0104033 0.0426852 0.061391 0.0416232 0.0866209 -0.00369356 -0.0154411 -0.0976003 0.0672624 0.0615278 -0.0452662 -0.0391225 -0.121305 -0.0864886 -0.12529 -0.0339423 -0.0959515 0.0685592
internal_weight=3212 3181 2166 31 434 23 1015 1732 933 343 76 216 203 672 333 411 88 799 510 31 320 303 717 624 37 93 58 587 47 292
internal_count=3212 3181 2166 31 434 23 1015 1732 933 343 76 216 203 672 333 411 88 799 510 31 320 303 717 624 37 93 58 587 47 292
is_linear=0
shrinkage=0.05


Tree=21
num_leaves=31
num_cat=0
split_feature=35 8 21 37 37 5 28 14 0 8 29 37 37 7 11 2 0 2 0 5 30 29 2 5 30 5 28 11 28 11
split_gain=865.371 342.983 357.693 244.644 231.733 194.924 166.083 147.812 124.584 113.319 125.909 112.751 110.729 129.733 102.09 89.6008 104.643 81.0179 118.089 120.134 75.6479 75.5538 76.9579 74.2535 78.6101 85.3943 79.1172 72.9276 80.2602 88.3713
threshold=5.1830555555555575 13.500000000000002 1.0000000180025095e-35 4.4000000000000012 7.8999999999999977 0.26969696969696971 7.5000000000000009 1.0000000180025095e-35 1950.0000000000002 12.500000000000002 43.13240740740742 1.7999999999999992 6.8000000000000016 1.5000000000000002 0.30384615384615393 8.5000000000000018 1350.0000000000002 6.5000000000000009 1350.0000000000002 0.24038461538461542 42.791666666666679 45.900555555555563 8.5000000000000018 0.70714285714285718 37.125000000000007 0.39230769230769241 12.500000000000002 0.51666666666666672 15.500000000000002 0.13809523809523813
decision_type=2 2 2 2 2 2 2 2 2 2 2 2 2 2 2 2 2 2 2 2 2 2 2 2 2 2 2 2 2 2
left_child=1 6 7 23 -5 -2 8 11 9 -1 -11 17 13 20 -14 16 -13 -3 19 -19 -8 -20 -23 24 25 -4 -26 28 -9 -30
right_child=5 2 3 4 -6 -7 12 27 -10 10 -12 15 14 -15 -16 -17 -18 18 21 -21 -22 22 -24 -25 26 -27 -28 -29 29 -31
leaf_value=0.0065818271486088641 -0.081651111841201759 -0.046845939239670696 -0.027453925609588627 -0.27648692106207207 0.0071727789110607567 -0.34986023675827754 0.026227485434027854 -0.01324087696839981 0.12222840978126777 -0.18328145812539495 -0.028238247151960407 -0.079168790553150514 0.048442615900950663 -0.14179823130369187 0.26917977109551433 0.019511174907286963 -0.2418387136856715 -0.15846094101667407 -0.062386527484002176 0.018753584794759682 0.061603375647759043 0.013195966717787087 -0.064376276446149711 0.11738395497202875 -0.0054069988803866391 0.10509075917507289 0.046748828012831367 -0.051509136557837745 -0.12595265299081801 0.025108790545231099
leaf_weight=250 10.000000000000002 355 14.999999999999998 12.000000000000002 18 21 397 413 19 17 57 29 11.000000000000002 9.9999999999999982 9.9999999999999982 11.999999999999998 14.999999999999998 9.9999999999999982 146 219 244 100 47 30 130 64 165 72 9.9999999999999982 304
leaf_count=250 10 355 15 12 18 21 397 413 19 17 57 29 11 10 10 12 15 10 146 219 244 100 47 30 130 64 165 72 10 304
internal_value=-0.000444842 0.00211718 -0.00912184 0.0314687 -0.106291 -0.263341 0.0261011 -0.0192929 -0.00220865 -0.00950589 -0.0638563 -0.03281 0.0405509 0.0369056 0.153556 -0.101595 -0.134624 -0.0284178 -0.0158852 0.011015 0.0396935 -0.0369096 -0.011606 0.0416984 0.0356274 0.079924 0.0237649 -0.00350888 0.00124493 0.0202979
internal_weight=3212 3181 2166 434 30 31 1015 1732 343 324 74 933 672 651 21 56 44 877 522 229 641 293 147 404 374 79 295 799 727 314
internal_count=3212 3181 2166 434 30 31 1015 1732 343 324 74 933 672 651 21 56 44 877 522 229 641 293 147 404 374 79 295 799 727 314
is_linear=0
shrinkage=0.05


Tree=22
num_leaves=31
num_cat=0
split_feature=35 8 21 37 37 5 28 0 33 0 24 8 30 37 7 11 0 28 32 30 5 30 5 28 9 5 32 31 32 5
split_gain=780.998 309.542 322.818 220.791 209.139 175.919 149.89 120.398 126.524 112.437 111.886 102.27 115.325 99.9326 117.084 92.1365 74.7634 72.7692 85.0974 68.2723 67.0137 70.9456 77.0683 71.4033 66.0331 57.0073 56.6898 183.531 52.297 55.5637
threshold=5.1830555555555575 13.500000000000002 1.0000000180025095e-35 4.4000000000000012 7.8999999999999977 0.26969696969696971 7.5000000000000009 1650.0000000000002 10.500000000000002 1950.0000000000002 1.0000000180025095e-35 12.500000000000002 37.350000000000001 6.8000000000000016 1.5000000000000002 0.30384615384615393 1350.0000000000002 19.500000000000004 0.63961038961038974 42.791666666666679 0.70714285714285718 37.125000000000007 0.39230769230769241 12.500000000000002 0.12916666666666668 0.63961038961038974 0.31009615384615391 5.2550000000000034 0.12916666666666668 0.34523809523809529
decision_type=2 2 2 2 2 2 2 2 2 2 2 2 2 2 2 2 2 2 2 2 2 2 2 2 2 2 2 2 2 2
left_child=1 6 7 20 -5 -2 9 10 17 11 28 -1 -13 14 19 -15 -12 18 25 -8 21 22 -4 -23 -10 26 -9 -28 -3 -30
right_child=5 2 3 4 -6 -7 13 8 24 -11 16 12 -14 15 -16 -17 -18 -19 -20 -21 -22 23 -24 -25 -26 -27 27 -29 29 -31
leaf_value=0.0062527361199259755 -0.077568552494049051 0.0073977401781388941 -0.02608122805754344 -0.26266258185108499 0.0068141382601526052 -0.33236722889400666 0.024916111509097501 -0.001369291790685947 -0.20273211522338286 0.11611698780754141 0.035633909209432567 -0.18445667624473572 -0.029190617706232026 0.046020485731688404 -0.13470831573009492 0.2557207815162838 -0.027220501153185819 0.01635153457262422 -0.14533485223849615 0.05852320730088844 0.11151475720107556 -0.0051366498346368857 0.099836221087571175 0.044411387380889872 -0.028763291761279109 0.031296251511999544 -0.24601584374904634 -0.026130553460129172 -0.077858984911883325 -0.038373497063531915
leaf_weight=250 10.000000000000002 51 14.999999999999998 12.000000000000002 18 21 397 248 12.000000000000002 19 89 14.999999999999998 59 11.000000000000002 9.9999999999999982 9.9999999999999982 101 326 11.999999999999998 244 30 130 64 165 9.9999999999999982 70 9.9999999999999982 186 108 509
leaf_count=250 10 51 15 12 18 21 397 248 12 19 89 15 59 11 10 10 101 326 12 244 30 130 64 165 10 70 10 186 108 509
internal_value=-0.0004226 0.00201132 -0.00866575 0.0298953 -0.100977 -0.250174 0.0247961 -0.0183283 -0.00526673 -0.00209822 -0.0316334 -0.00903059 -0.0606635 0.0385234 0.0350603 0.145878 0.00222183 -0.00220975 -0.0137135 0.0377088 0.0396135 0.033846 0.0759278 0.0225767 -0.123655 -0.0106406 -0.0172523 -0.0373492 -0.0412629 -0.0452851
internal_weight=3212 3181 2166 434 30 31 1015 1732 874 343 858 324 74 672 651 21 190 852 526 641 404 374 79 295 22 514 444 196 668 617
internal_count=3212 3181 2166 434 30 31 1015 1732 874 343 858 324 74 672 651 21 190 852 526 641 404 374 79 295 22 514 444 196 668 617
is_linear=0
shrinkage=0.05


Tree=23
num_leaves=31
num_cat=0
split_feature=35 8 21 6 37 37 28 14 0 35 6 32 5 11 28 37 7 6 11 32 11 30 2 35 30 0 11 28 11 11
split_gain=704.85 279.362 291.343 202.573 199.264 188.748 135.275 122.348 101.474 101.127 103.767 98.64 96.7015 150.493 95.7016 90.1892 105.668 85.713 83.1531 80.5257 80.0888 75.9888 71.38 69.7131 66.2473 80.0157 63.852 68.2773 80.3487 62.9696
threshold=5.1830555555555575 13.500000000000002 1.0000000180025095e-35 0.069047619047619066 4.4000000000000012 7.8999999999999977 7.5000000000000009 1.0000000180025095e-35 1950.0000000000002 1.770833333333335 -0.064583333333333312 0.73030303030303034 0.37980769230769235 0.53589743589743599 17.500000000000004 6.8000000000000016 1.5000000000000002 0.10555555555555557 0.30384615384615393 0.80625000000000013 0.62019230769230782 40.57500000000001 9.5000000000000018 2.3737499999999998 41.275000000000013 1250.0000000000002 0.51666666666666672 15.500000000000002 0.13809523809523813 0.36038961038961043
decision_type=2 2 2 2 2 2 2 2 2 2 2 2 2 2 2 2 2 2 2 2 2 2 2 2 2 2 2 2 2 2
left_child=1 6 7 -2 -4 -6 8 9 12 10 19 -11 17 24 20 16 -8 -1 -17 -3 22 -16 -12 -13 25 -14 27 -9 -29 -27
right_child=3 2 4 -5 5 -7 15 26 -10 11 14 23 13 -15 21 18 -18 -19 -20 -21 -22 -23 -24 -25 -26 29 -28 28 -30 -31
leaf_value=-0.0033802549254835106 -0.052444453239440907 -0.054774338516749822 0.037632832046665052 -0.32586585453578404 -0.24952945138017332 0.006473433474699657 0.035823386343063091 -0.011964181770083493 0.11031114093371129 -0.036137700299250668 -0.041121249929601228 -0.26571217145432119 0.035511869523260332 -0.21799784421920779 -0.022118658129177043 0.043719462881034059 -0.12797290444374085 0.087464502956718204 0.24293474398553372 -0.22476489462635738 -0.18012557968497278 0.020522842352832756 0.070127874215443933 -0.091449650625387832 0.0030498381718993186 -0.046774907289324583 -0.047965939916967827 -0.12048435300588607 0.023557079206358668 -0.156892581358552
leaf_weight=74 10.000000000000002 19.000000000000004 404 21 12.000000000000002 18 641 413 19 29 372 11.000000000000002 18 9.9999999999999982 291 11.000000000000002 9.9999999999999982 40 9.9999999999999982 10.999999999999998 9.9999999999999982 163 14.999999999999998 11.999999999999998 125 37 72 9.9999999999999982 304 20
leaf_count=74 10 19 404 21 12 18 641 413 19 29 372 11 18 10 291 11 10 40 10 11 10 163 15 12 125 37 72 10 304 20
internal_value=-0.00040147 0.00191075 -0.00823246 -0.237665 0.0284005 -0.0959277 0.0235563 -0.0174119 -0.00199331 -0.0297096 -0.0257104 -0.0974658 -0.00857906 -0.028705 -0.0224885 0.0365972 0.0333073 0.0284951 0.138584 -0.117104 -0.0404193 -0.00680904 -0.0368093 -0.174793 -0.0192404 -0.0563908 -0.00305162 0.00139656 0.0189698 -0.0854127
internal_weight=3212 3181 2166 31 434 30 1015 1732 343 933 881 52 324 210 851 672 651 114 21 30 397 454 387 23 200 75 799 727 314 57
internal_count=3212 3181 2166 31 434 30 1015 1732 343 933 881 52 324 210 851 672 651 114 21 30 397 454 387 23 200 75 799 727 314 57
is_linear=0
shrinkage=0.05


Tree=24
num_leaves=31
num_cat=0
split_feature=35 22 33 6 21 29 31 32 29 13 33 14 12 31 32 27 32 5 33 32 11 31 32 31 30 5 4 2 30 29
split_gain=636.128 199.19 189.168 182.823 156.146 155.812 100.335 95.3442 125.465 142.067 79.1529 173.084 106.485 75.159 71.8944 71.6448 68.7137 67.9586 63.6686 61.3829 80.7607 99.2001 91.8113 64.3394 80.7302 58.3377 57.2618 68.2151 63.3042 55.1265
threshold=5.1830555555555575 1.0000000180025095e-35 13.500000000000002 0.069047619047619066 1.0000000180025095e-35 46.718298611111116 11.450000000000001 0.45804195804195807 49.223075396825408 1.0000000180025095e-35 1.0000000180025095e-35 1.0000000180025095e-35 0.06458333333333334 5.6323412698412705 0.46410256410256417 11.500000000000002 0.67708333333333337 0.19375000000000003 1.5000000000000002 0.88194444444444453 0.24038461538461542 17.058333333333337 0.5590277777777779 7.0535714285714315 41.275000000000013 0.51666666666666672 1.0000000180025095e-35 8.5000000000000018 44.720000000000013 44.551736111111119
decision_type=2 2 2 2 2 2 2 2 2 2 2 2 2 2 2 2 2 2 2 2 2 2 2 2 2 2 2 2 2 2
left_child=1 2 4 -2 5 -1 13 8 18 25 17 -12 -13 -3 -8 16 -16 -9 -7 20 23 26 -23 -19 -25 -10 28 -28 -22 -15
right_child=3 6 -4 -5 -6 7 14 10 9 -11 11 12 -14 29 15 -17 -18 19 -20 -21 21 22 -24 24 -26 -27 27 -29 -30 -31
leaf_value=-0.0093044986447626855 -0.049822232723236069 -0.04225532145465951 -0.17622668924076218 -0.30957256442024594 0.032887385311778421 -0.020505480084386542 -0.098096925542870569 -0.072675914955990656 0.078714827948284383 -0.095567875603834784 -0.17193342208862306 0.11582580469548703 -0.05867132496307878 -0.034355646065052821 -0.03759918409848103 -0.088694797594768893 0.062663291379809388 0.20263568535447121 -0.14970917373895645 -0.026969870383089241 0.16092191068899064 -0.15830225318670274 0.0044368857517838476 0.15546341987326742 0.034731137772194214 0.0014650953241756985 0.053643578250299806 -0.001574253374710679 0.012855990501967344 0.026787583496687667
leaf_weight=1251 10.000000000000002 111 13.999999999999998 21 512 205 67 13.999999999999998 81 18 14.999999999999998 18 17 51 54 39 25 10.999999999999998 9.9999999999999982 33 21 9.9999999999999982 65 20 45 35 220 75 10.999999999999998 133
leaf_count=1251 10 111 14 21 512 205 67 14 81 18 15 18 17 51 54 39 25 11 10 33 21 10 65 20 45 35 220 75 11 133
internal_value=-0.000381396 0.00181522 0.00708971 -0.225782 0.00804483 0.00219684 -0.0278648 0.0177685 -0.00284744 0.0351265 0.0302814 -0.029831 0.0310701 -0.0097618 -0.0567317 -0.0332447 -0.00587055 0.0360064 -0.026515 0.038984 0.0435373 0.0346012 -0.0172617 0.0908048 0.0718795 0.0554067 0.0464963 0.0396051 0.110024 0.00984028
internal_weight=3212 3181 2701 31 2687 2175 480 924 349 134 575 50 35 295 185 118 79 525 215 511 478 402 75 76 65 116 327 295 32 184
internal_count=3212 3181 2701 31 2687 2175 480 924 349 134 575 50 35 295 185 118 79 525 215 511 478 402 75 76 65 116 327 295 32 184
is_linear=0
shrinkage=0.05


Tree=25
num_leaves=31
num_cat=0
split_feature=35 0 6 0 22 22 6 0 2 2 11 27 30 8 21 30 30 28 2 6 28 33 0 21 30 37 35 21 32 31
split_gain=503.207 248.719 224.027 220.207 157.949 117.174 95.004 95.423 95.1819 89.037 440.781 134.816 100.129 90.3323 88.6353 106.123 100.843 84.9883 81.3904 79.087 76.1939 95.054 75.2488 101.153 74.702 71.008 64.217 63.3689 61.7985 96.6221
threshold=3.6279487179487191 1750.0000000000002 0.53589743589743599 1750.0000000000002 1.0000000180025095e-35 1.0000000180025095e-35 0.36038961038961043 1250.0000000000002 2.5000000000000004 1.5000000000000002 0.53589743589743599 9.5000000000000018 42.725000000000016 10.500000000000002 1.0000000180025095e-35 44.163333333333341 42.791666666666679 14.500000000000002 6.5000000000000009 0.24038461538461542 18.500000000000004 8.5000000000000018 1350.0000000000002 1.0000000180025095e-35 43.053571428571438 1.1499999999999917 1.9347756410256411 1.0000000180025095e-35 0.13809523809523813 8.1500000000000039
decision_type=2 2 2 2 2 2 2 2 2 2 2 2 2 2 2 2 2 2 2 2 2 2 2 2 2 2 2 2 2 2
left_child=2 19 3 4 6 20 7 8 -1 10 11 -9 22 -14 17 16 -16 -4 -10 -2 -5 -22 -11 25 27 -24 -25 -8 -7 -30
right_child=1 -3 14 5 -6 28 24 9 18 12 -12 -13 13 -15 15 -17 -18 -19 -20 -21 21 -23 23 26 -26 -27 -28 -29 29 -31
leaf_value=0.052672474070354129 -0.28930749947374518 0.031785224905858438 -0.0018242640189409997 0.013381182838656969 -0.05642199203764138 -0.064681228009216926 0.006080901696807129 0.024826466871632469 -0.040382168923433014 -0.13805445204762853 -0.37261270304972477 -0.18269740339368581 0.10876534519096215 -0.0031812445231251363 0.070928106046673184 -0.04557971816509962 0.20381800101863012 0.049960721682052678 0.009689966063618799 -0.12973423004150392 0.053326499684375119 -0.065425662779145771 -0.03933711888350766 -0.003641890819876566 -0.031721822176735075 -0.13082980494136395 0.12311634434895083 0.049455160749470435 0.055561306601499806 -0.027014402898152941
leaf_weight=76 22 11.999999999999998 161 512 190 51 267 36 130 17 10.999999999999998 9.9999999999999982 21 127 69 14.999999999999998 18 156 216 11.999999999999998 264 18 272 109 86 23 10.999999999999998 123 51 116
leaf_count=76 22 12 161 512 190 51 267 36 130 17 11 10 21 127 69 15 18 156 216 12 264 18 272 109 86 23 11 123 51 116
internal_value=0.00026436 -0.163916 0.00265736 -0.00255484 -0.0134177 0.0159614 -0.00809468 -0.0164342 0.00200583 -0.0286504 -0.08828 -0.0202874 -0.0227902 0.0127031 0.0367046 0.0772458 0.0984226 0.0236598 -0.00912326 -0.232988 0.0248762 0.0457466 -0.03495 -0.0307264 0.0104591 -0.0464704 0.00797761 0.0197605 -0.0165082 -0.00179667
internal_weight=3202 46 3156 2737 1725 1012 1535 1059 422 637 57 46 580 148 419 102 87 317 346 34 794 282 432 415 476 295 120 390 218 167
internal_count=3202 46 3156 2737 1725 1012 1535 1059 422 637 57 46 580 148 419 102 87 317 346 34 794 282 432 415 476 295 120 390 218 167
is_linear=0
shrinkage=0.05


Tree=26
num_leaves=31
num_cat=0
split_feature=0 21 37 36 8 33 28 29 6 0 8 29 7 2 6 6 6 11 0 6 0 30 6 11 30 30 30 28 31 0
split_gain=258.577 305.486 420.16 268.105 116.834 136.516 101.276 95.1228 92.4734 88.5013 109.871 139.744 102.984 202.924 87.3767 78.7332 65.0632 63.2236 61.934 219.291 105.513 61.849 63.6743 59.7311 58.693 58.1252 53.9261 53.1318 70.1806 51.4047
threshold=1750.0000000000002 1.0000000180025095e-35 9.2499999999999982 3.6499999999999999 14.500000000000002 1.5000000000000002 12.500000000000002 49.188368055555564 0.51666666666666672 1075.0000000000002 13.500000000000002 44.016011904761911 1.5000000000000002 7.5000000000000009 0.12916666666666668 0.37980769230769235 0.53589743589743599 0.24038461538461542 1350.0000000000002 0.32291666666666669 1500.0000000000002 42.581250000000004 0.26969696969696971 0.29285714285714287 44.605000000000011 41.891666666666673 46.283333333333339 6.5000000000000009 6.5791666666666595 1500.0000000000002
decision_type=2 2 2 2 2 2 2 2 2 2 2 2 2 2 2 2 2 2 2 2 2 2 2 2 2 2 2 2 2 2
left_child=1 2 3 9 16 6 -6 14 18 10 -1 -12 15 -14 -7 21 -2 -8 19 -3 -20 -11 -23 -24 25 29 -19 28 -18 -10
right_child=4 8 -4 -5 5 7 17 -9 24 12 11 -13 13 -15 -16 -17 27 26 20 -21 -22 22 23 -25 -26 -27 -28 -29 -30 -31
leaf_value=0.048511925926097758 0.027751336155955143 -0.19971132129430769 -0.28404038826624556 -0.25360117753346761 -0.012372425472514386 -0.15306511941281228 0.10065340751782059 -0.21101905540986496 0.091332585566810204 -0.032823977820123001 0.019461516502567316 -0.19265472653011484 -0.25521182234470657 0.044379514455795285 0.022378378231078386 -0.0018197470791793445 0.11815866395831105 0.016655333261005583 0.053822295805987186 0.067510916818590727 -0.0052642825897783047 0.021066754561267859 -0.12959357529878618 -0.01130972792444801 -0.045431030988693243 0.13890168378750484 0.12586143693576257 0.10779606135067893 -0.055269765428134381 -0.0048923342124275538
leaf_weight=101 559 14.000000000000002 14.999999999999998 11.999999999999998 260 11.000000000000002 30 10.999999999999998 35 763 22 11.999999999999998 13 10 20 479 10.000000000000002 195 136 17 170 117 14.999999999999998 37 9.9999999999999982 30 11.999999999999998 49 13.999999999999998 23
leaf_count=101 559 14 15 12 260 11 30 11 35 763 22 12 13 10 20 479 10 195 136 17 170 117 15 37 10 30 12 49 14 23
internal_value=0.000251142 -0.0105378 -0.0206615 -0.0181626 0.0189636 0.00186186 0.00917686 -0.084699 0.0266057 -0.0163619 0.0223407 -0.055403 -0.0200055 -0.124955 -0.0398758 -0.0182948 0.0335488 0.0328174 0.014174 -0.0531701 0.0209964 -0.0267621 0.000606194 -0.0454301 0.0693557 0.0823996 0.0229861 0.0779427 0.0169921 0.0531744
internal_weight=3202 2031 1596 1581 1171 539 497 42 435 1569 135 34 1434 23 31 1411 632 237 337 31 306 932 169 52 98 88 207 73 24 58
internal_count=3202 2031 1596 1581 1171 539 497 42 435 1569 135 34 1434 23 31 1411 632 237 337 31 306 932 169 52 98 88 207 73 24 58
is_linear=0
shrinkage=0.05


Tree=27
num_leaves=31
num_cat=0
split_feature=35 0 22 0 6 36 21 34 0 7 30 8 31 20 28 34 31 27 11 30 6 28 30 32 32 28 11 28 2 4
split_gain=407.532 213.569 190.173 180.728 183.212 116.6 104.249 90.0393 79.9592 122.398 100.355 116.26 77.1515 73.4095 71.8101 113.228 134.203 72.0268 78.0075 71.052 70.3087 69.8637 96.0277 59.8531 60.9702 59.6516 56.6347 59.126 98.7494 95.8202
threshold=3.6279487179487191 1750.0000000000002 1.0000000180025095e-35 1750.0000000000002 0.36038961038961043 0.91250000000000242 1.0000000180025095e-35 21.500000000000004 1250.0000000000002 1.5000000000000002 42.605555555555561 10.500000000000002 11.900000000000004 1.0000000180025095e-35 18.500000000000004 10.500000000000002 12.000000000000005 5.5000000000000009 0.51666666666666672 44.815000000000005 0.24038461538461542 12.500000000000002 44.655000000000008 0.45804195804195807 0.74166666666666681 52.500000000000007 0.20714285714285716 26.500000000000004 8.5000000000000018 0.18465909090909094
decision_type=2 2 2 2 2 2 2 2 2 2 2 2 2 2 2 2 2 2 2 2 2 2 2 2 2 2 2 2 2 2
left_child=2 20 3 4 7 14 -6 8 13 10 25 -12 21 -1 -5 17 -17 -16 26 -8 -2 -4 -23 -14 -25 -10 -19 -28 -29 -30
right_child=1 -3 12 5 6 -7 19 -9 9 -11 11 -13 23 -15 15 16 -18 18 -20 -21 -22 22 -24 24 -26 -27 27 28 29 -31
leaf_value=0.01389976112304659 -0.2646192239089446 0.033834142765651151 -0.029877565558814441 0.017596762212560232 0.0038025502912173779 -0.12886840024342139 0.053108537250922787 -0.15711005004969511 -0.038365504610156032 -0.16106521398760379 0.11310113761574031 -0.0052628910643797294 -0.091312623825640649 -0.039379011325072502 0.15549086973290235 0.055912735990502609 -0.19717128068208695 0.12256138218987374 -0.021431680489331487 -0.031350919098726344 -0.11416236360867818 0.00012501920482107238 0.12848130135851749 0.0012465351163559865 -0.077342065105714453 0.041172196865081792 0.01467031018746396 0.092460064346400597 -0.087100777117645023 0.10795368164777758
leaf_weight=337 22 11.999999999999998 201 575 460 11.999999999999998 225 10.999999999999998 413 15.999999999999998 24 153 65 80 17 11.000000000000002 9.9999999999999982 31 34 28 11.999999999999998 102 17 62 41 25 75 104 17.000000000000004 9.9999999999999982
leaf_count=337 22 12 201 575 460 12 225 11 413 16 24 153 65 80 17 11 10 31 34 28 12 102 17 62 41 25 75 104 17 10
internal_value=0.000238585 -0.147512 0.00239211 0.00764131 -0.00161232 0.025942 0.0179814 -0.0148043 -0.0133107 -0.024538 -0.0209861 0.0107865 -0.0263064 0.00367841 0.0280435 0.0474833 -0.0646035 0.0556563 0.0493936 0.0437612 -0.211517 -0.0119014 0.0184616 -0.0537444 -0.0300363 -0.0338257 0.0595542 0.0500725 0.070341 -0.0148584
internal_weight=3202 46 3156 2668 1772 896 713 1059 1048 631 615 177 488 417 884 309 21 288 271 253 34 320 119 168 103 438 237 206 131 27
internal_count=3202 46 3156 2668 1772 896 713 1059 1048 631 615 177 488 417 884 309 21 288 271 253 34 320 119 168 103 438 237 206 131 27
is_linear=0
shrinkage=0.05


Tree=28
num_leaves=31
num_cat=0
split_feature=35 6 22 14 37 29 31 21 30 30 28 8 35 6 31 28 32 6 5 9 38 4 24 34 28 31 37 36 8 27
split_gain=369.341 180.034 162.066 151.708 120.745 106.783 70.985 67.0151 85.2911 89.9685 72.1068 82.9816 64.9986 71.7729 64.0796 85.8606 113.34 107.371 79.5203 74.1625 88.6276 60.3581 64.4353 69.4296 62.6426 81.5429 59.91 107.006 62.9788 58.4769
threshold=3.6550000000000002 0.53589743589743599 1.0000000180025095e-35 1.0000000180025095e-35 12.400000000000002 49.223075396825408 11.900000000000004 1.0000000180025095e-35 44.163333333333341 42.791666666666679 17.500000000000004 11.500000000000002 1.9347756410256411 0.46410256410256417 3.9000000000000026 23.500000000000004 0.57738095238095244 0.48333333333333339 0.63961038961038974 0.080128205128205135 0.63068181818181823 0.40833333333333338 1.0000000180025095e-35 13.500000000000002 56.500000000000007 8.5000000000000053 9.7166666666666703 -0.98333333333333306 10.500000000000002 4.5000000000000009
decision_type=2 2 2 2 2 2 2 2 2 2 2 2 2 2 2 2 2 2 2 2 2 2 2 2 2 2 2 2 2 2
left_child=1 2 4 -2 5 14 -4 10 9 -9 -3 -12 13 -7 -1 17 -17 26 19 20 -18 22 23 24 -21 -26 27 -16 29 -29
right_child=3 7 6 -5 -6 12 -8 8 -10 -11 11 -13 -14 -15 15 16 18 -19 -20 21 -22 -23 -24 -25 25 -27 -28 28 -30 -31
leaf_value=0.022069450938124999 0.025283238887786864 0.0007181750270872485 -0.01621149392985247 -0.19702302322186757 -0.17074260085821152 0.04133223288938967 -0.059922656667063839 0.060998578215240622 -0.042128855536381404 0.1865189317199919 0.15982681006193161 0.03514820882157723 -0.096018935143947604 -0.036474894732236862 -0.15247350417077543 0.0771484382982765 0.016081217067773667 0.03968117221063653 -0.11940426855133131 -0.014877639518744207 0.15432716508706412 0.072506051726247134 0.022175445341888599 -0.15084057506173851 -0.20203152786601666 -0.022802734076976777 0.10302667915821076 -0.027222673076226618 -0.022659237692457743 0.047936719205731955
leaf_weight=261 9.9999999999999982 181 265 33 9.9999999999999982 291 143 69 14.999999999999998 18 14.999999999999998 121 9.9999999999999982 33 14.999999999999998 56 342 86 12.999999999999998 158 11.999999999999998 19 68 11.999999999999998 11.000000000000002 14.999999999999998 9.9999999999999982 43 802 65
leaf_count=261 10 181 265 33 10 291 143 69 15 18 15 121 10 33 15 56 342 86 13 158 12 19 68 12 11 15 10 43 802 65
internal_value=0.000226656 0.00220788 -0.00245984 -0.145324 0.00262651 0.00337315 -0.0315318 0.0327318 0.0679834 0.0869683 0.021389 0.0488995 0.0295324 0.0334074 -0.00102181 -0.00451157 0.00889541 -0.0137822 0.00301515 0.00551351 0.0207675 -0.0135675 -0.0197622 -0.0343119 -0.0267123 -0.0986303 -0.0186997 -0.0200157 -0.0178323 0.0180121
internal_weight=3202 3159 2740 43 2332 2322 408 419 102 87 317 136 334 324 1988 1727 706 1021 650 637 354 283 264 196 184 26 935 925 910 108
internal_count=3202 3159 2740 43 2332 2322 408 419 102 87 317 136 334 324 1988 1727 706 1021 650 637 354 283 264 196 184 26 935 925 910 108
is_linear=0
shrinkage=0.05


Tree=29
num_leaves=31
num_cat=0
split_feature=35 6 22 2 37 8 11 2 8 8 31 27 28 27 30 30 5 12 2 11 21 30 30 28 8 37 10 28 11 32
split_gain=333.773 161.757 147.058 119.964 109.094 85.4484 84.0334 124.986 363.053 66.2137 64.0639 61.9595 69.7156 147.531 92.041 85.2451 74.999 73.6469 67.6173 64.928 60.4811 76.9752 81.1966 65.0764 74.8908 58.6342 63.6675 57.6974 70.1983 58.6534
threshold=3.6279487179487191 0.53589743589743599 1.0000000180025095e-35 3.5000000000000004 12.400000000000002 10.500000000000002 0.53589743589743599 1.5000000000000002 12.500000000000002 13.500000000000002 11.900000000000004 1.0000000180025095e-35 23.500000000000004 8.5000000000000018 46.017142857142865 43.960000000000015 0.37980769230769235 0.19375000000000003 4.5000000000000009 0.44949494949494956 1.0000000180025095e-35 44.163333333333341 42.791666666666679 17.500000000000004 11.500000000000002 4.6500000000000012 1.0000000180025095e-35 4.5000000000000009 0.39230769230769241 0.77350427350427364
decision_type=2 2 2 2 2 2 2 2 2 2 2 2 2 2 2 2 2 2 2 2 2 2 2 2 2 2 2 2 2 2
left_child=1 2 4 9 5 25 11 8 -8 -2 -4 19 17 16 15 18 -14 -13 -15 -7 23 22 -22 -3 -25 26 -1 28 -28 -29
right_child=3 20 10 -5 -6 6 7 -9 -10 -11 -12 12 13 14 -16 -17 -18 -19 -20 -21 21 -23 -24 24 -26 -27 27 29 -30 -31
leaf_value=0.12551922467847665 -0.098673538728193774 0.00068226624588940037 -0.015400919038099502 -0.028036940930520789 -0.16220546871423724 0.055320202508786082 0.061048923568292085 -0.016598845694415967 -0.34518262445926667 -0.25438135332531403 -0.056926523715296717 -0.0056374390385426215 -0.026090918252101317 -0.026612985370861954 -0.14474967360496521 0.066404728382303005 0.10699673293713939 -0.13570096763697537 0.012768252092580486 -0.050694283541730223 0.057948650468302811 -0.04002241550828331 0.1771929859287209 0.1518354691565037 0.033390798948970742 0.14393341568383305 -0.067148127093807686 0.056399836569641516 0.034631641011219474 -0.011113792653802945
leaf_weight=14.999999999999998 11.000000000000002 181 265 17 9.9999999999999982 96 11.000000000000002 203 10.999999999999998 18 143 1031 12.999999999999998 149 9.9999999999999982 57 57 10.999999999999998 406 17 69 14.999999999999998 18 14.999999999999998 121 10.999999999999998 36 107 32 46
leaf_count=15 11 181 265 17 10 96 11 203 11 18 143 1031 13 149 10 57 57 11 406 17 69 15 18 15 121 11 36 107 32 46
internal_value=0.000215323 0.00216425 -0.00226472 -0.133498 0.00258617 0.00329679 -1.70029e-05 -0.0288668 -0.142067 -0.19532 -0.0299552 0.00349746 0.00115967 0.0134621 0.00571728 0.00817589 0.0822805 -0.00701047 0.00219563 0.0393711 0.0310952 0.0645843 0.0826199 0.0203196 0.0464545 0.0310951 0.0258357 0.0190698 -0.0192518 0.0361016
internal_weight=3202 3156 2737 46 2329 2319 2072 225 22 29 408 1847 1734 692 622 612 70 1042 555 113 419 102 87 317 136 247 236 221 68 153
internal_count=3202 3156 2737 46 2329 2319 2072 225 22 29 408 1847 1734 692 622 612 70 1042 555 113 419 102 87 317 136 247 236 221 68 153
is_linear=0
shrinkage=0.05


Tree=30
num_leaves=31
num_cat=0
split_feature=35 8 21 24 36 34 38 14 14 28 30 5 2 28 27 29 11 30 5 29 29 8 27 30 29 28 30 33 5 11
split_gain=352.525 174.102 244.33 126.597 113.152 111.941 104.225 98.8634 84.3802 73.6135 75.4018 73.0283 71.5843 110.894 80.95 80.0733 68.6534 158.199 67.9992 150.766 62.2893 59.5501 58.5293 65.4451 120.563 61.5355 63.3551 60.3709 60.1198 57.4797
threshold=3.729861111111112 13.500000000000002 1.0000000180025095e-35 1.0000000180025095e-35 -1.0999999999999994 16.500000000000004 0.44097222222222227 1.0000000180025095e-35 1.0000000180025095e-35 7.5000000000000009 46.690000000000005 0.65476190476190488 1.5000000000000002 13.500000000000002 8.5000000000000018 48.459523809523816 0.39230769230769241 34.225000000000009 0.39230769230769241 46.050714285714292 48.14083333333334 10.500000000000002 7.5000000000000009 43.960000000000015 48.224206349206355 26.500000000000004 43.906250000000007 1.5000000000000002 0.39230769230769241 0.36038961038961043
decision_type=2 2 2 2 2 2 2 2 2 2 2 2 2 2 2 2 2 2 2 2 2 2 2 2 2 2 2 2 2 2
left_child=1 9 3 5 -4 7 -2 -3 18 16 22 12 13 15 -15 -9 29 21 19 -6 -10 -18 25 24 -24 27 -27 -11 -25 -1
right_child=6 2 4 -5 8 -7 -8 11 20 10 -12 -13 -14 14 -16 -17 17 -19 -20 -21 -22 -23 23 28 -26 26 -28 -29 -30 -31
leaf_value=-0.0073346088262828627 -0.050117993354797365 -0.033499741188960368 -0.14009029597043993 0.012405815504491331 -0.1509409903906859 -0.13964886170811952 -0.21952802772107335 -0.21812884241342539 0.022846798640329485 0.028277993919294947 0.12573167305243643 0.037998094116337602 -0.0072680501394001215 0.085652288398705423 -0.074654982477012619 -0.035471052527427674 0.2084161263245802 -0.0017506632068113464 0.058609274509958245 0.067780907601118087 -0.042587474192707586 0.064344492089003322 0.0046167881002134471 -0.12101053985602715 0.097536205286841579 0.039646007797934785 0.21353587180376055 0.12271398976445198 -8.9488063867275544e-05 -0.076272965242203922
leaf_weight=148 14.999999999999998 715 9.9999999999999982 325 12.999999999999998 20 23 15.000000000000002 121 283 19 80 544 13.999999999999998 18 9.9999999999999982 13.000000000000002 115 219 20 52 15.999999999999998 235 17 41 11.000000000000002 9.9999999999999982 18 26 38
leaf_count=148 15 715 10 325 13 20 23 15 121 283 19 80 544 14 18 10 13 115 219 20 52 16 235 17 41 11 10 18 26 38
internal_value=-0.00127083 0.000546168 -0.00736252 -0.0157373 0.0261559 -0.0221967 -0.152656 -0.020514 0.0300676 0.0179293 0.0275702 -0.00687999 -0.0128538 -0.0661632 -0.00452055 -0.145066 -0.00135242 0.0245666 0.048527 -0.0183823 0.00317869 0.128928 0.0246606 0.00948095 0.01842 0.0396987 0.122451 0.0339253 -0.0478955 -0.0214188
internal_weight=3204 3166 2176 1741 435 1416 38 1396 425 990 660 681 601 57 32 25 330 144 252 33 173 29 641 319 276 322 21 301 43 186
internal_count=3204 3166 2176 1741 435 1416 38 1396 425 990 660 681 601 57 32 25 330 144 252 33 173 29 641 319 276 322 21 301 43 186
is_linear=0
shrinkage=0.05


Tree=31
num_leaves=31
num_cat=0
split_feature=35 0 0 21 34 7 22 0 2 5 2 11 4 22 29 0 29 6 0 29 30 3 9 4 31 30 5 32 24 6
split_gain=318.154 185.972 181.989 179.975 130.844 112.238 93.2578 93.5518 91.7066 87.4536 87.1616 87.3046 125.352 81.5835 79.0974 73.0679 71.3194 70.8174 67.7977 60.7855 58.3563 56.148 88.1087 69.7271 51.7591 51.3771 200.935 77.4755 64.1415 63.5975
threshold=3.729861111111112 1750.0000000000002 1750.0000000000002 1.0000000180025095e-35 20.500000000000004 2.5000000000000004 1.0000000180025095e-35 1350.0000000000002 2.5000000000000004 0.37980769230769235 6.5000000000000009 0.54195804195804198 0.13809523809523813 1.0000000180025095e-35 45.747666666666674 1500.0000000000002 45.037500000000001 0.43303571428571436 2050.0000000000005 47.223831168831175 46.487500000000004 1.0000000180025095e-35 0.095454545454545472 0.17424242424242428 11.900000000000004 33.150000000000006 0.37980769230769235 0.44097222222222227 1.0000000180025095e-35 0.63068181818181823
decision_type=2 2 2 2 2 2 2 2 2 2 2 2 2 2 2 2 2 2 2 2 2 2 2 2 2 2 2 2 2 2
left_child=1 3 -2 4 5 6 7 8 -1 14 -10 -12 -13 18 15 -5 -9 -18 25 -11 -15 -20 23 -23 -8 26 28 -27 -3 -29
right_child=2 13 -4 9 -6 -7 24 16 10 19 11 12 -14 20 -16 -17 17 -19 21 -21 -22 22 -24 -25 -26 27 -28 29 -30 -31
leaf_value=0.052713136633180759 -0.21041436770132613 0.26975905786861071 0.038073360323905951 -0.17685823342097653 -0.18838896155357363 -0.18231157630681993 -0.024128764719396498 -0.046569863024167719 -0.028873820739471808 0.042513476796773114 0.023597376396056087 0.028994105717069226 -0.15789571772603428 0.002124358922243118 0.013399914783857218 -0.020446321740746499 -0.022826932684654865 0.017711161923025978 0.10048136407695712 -8.3701092667216745e-05 -0.064126600229587313 -0.136636440269649 0.13509072065353395 0.03623071706720761 -0.072833503912324501 -0.0031509810102438827 -0.0045967254692163223 0.025580572088792882 0.099009988050569181 0.11921052901368392
leaf_weight=88 28 11 9.9999999999999982 14.000000000000002 10.999999999999998 9.9999999999999982 134 200 194 258 272 19 17 225 41 15.999999999999998 389 149 50 124 39 10.000000000000002 10.999999999999998 13.999999999999998 92 310 39 399 11 19
leaf_count=88 28 11 10 14 11 10 134 200 194 258 272 19 17 225 41 16 389 149 50 124 39 10 11 14 92 310 39 399 11 19
internal_value=-0.00120729 0.00051886 -0.145023 -0.00855883 -0.0165471 -0.0153385 -0.014264 -0.00921107 0.00563116 0.0192149 -0.00262226 0.0139128 -0.0592594 0.016696 -0.0317431 -0.0934385 -0.0210768 -0.0115998 0.0240537 0.0286861 -0.00766271 0.0664816 0.0179104 -0.0357973 -0.0439555 0.0194829 0.0635604 0.0157896 0.184385 0.0298365
internal_weight=3204 3166 38 2028 1575 1564 1554 1328 590 453 502 308 36 1138 71 30 738 538 874 382 264 85 35 24 226 789 61 728 22 418
internal_count=3204 3166 38 2028 1575 1564 1554 1328 590 453 502 308 36 1138 71 30 738 538 874 382 264 85 35 24 226 789 61 728 22 418
is_linear=0
shrinkage=0.05


Tree=32
num_leaves=31
num_cat=0
split_feature=0 21 37 8 24 7 0 0 0 30 37 3 4 32 30 11 29 2 31 4 4 10 30 31 29 8 32 11 31 3
split_gain=211.334 204.797 352.405 102 108.917 140.52 190.73 93.5999 85.8876 101.31 85.3103 71.6836 70.3258 66.1996 71.4375 78.8812 65.162 62.8455 66.4131 64.0216 62.5496 60.4741 84.4568 68.1849 57.6916 55.318 54.8504 54.3648 82.493 56.1114
threshold=1750.0000000000002 1.0000000180025095e-35 8.6000000000000068 13.500000000000002 1.0000000180025095e-35 1.0000000180025095e-35 1650.0000000000002 1075.0000000000002 2050.0000000000005 47.112500000000004 0.52500000000000047 1.0000000180025095e-35 0.16025641025641027 0.48333333333333339 33.150000000000006 0.48333333333333339 47.838068181818194 8.5000000000000018 10.600000000000007 0.17424242424242428 0.21825396825396828 3.5000000000000004 45.810000000000009 21.25833333333334 50.41875000000001 7.5000000000000009 0.40833333333333338 0.31009615384615391 8.2033333333333314 1.5000000000000002
decision_type=2 2 2 2 2 2 2 2 2 2 2 2 2 2 2 2 2 2 2 2 2 2 2 2 2 2 2 2 2 2
left_child=1 2 3 7 5 10 -7 -1 13 11 -5 -10 24 14 15 -2 -15 18 -16 -20 -4 23 -23 27 -9 -14 -13 28 -18 -29
right_child=8 -3 20 4 -6 6 -8 12 9 -11 -12 26 25 16 17 -17 21 -19 19 -21 -22 22 -24 -25 -26 -27 -28 29 -30 -31
leaf_value=0.045233452794316287 0.016831775364421663 0.018900655389128516 -0.29704918698831029 -0.025119185708356296 0.010059303638630923 -0.015281318128108977 -0.31699370205402372 0.0066892806398532083 0.078218987017869945 0.17484919517301023 -0.10362494237100084 0.068207759782671934 0.076170483096079392 0.0034137069440350453 -0.0027577335755842769 0.13551592333242299 0.17418880955032681 0.030492330463312102 -0.017140322918181912 -0.093029301510529322 -0.13504732938913197 0.022382094315728365 -0.13706454575061797 -0.044136409614892569 0.1305981583148241 -0.039941973985466915 -0.054547278926922731 0.056534077533013455 0.055881233345262897 -0.028551395302233492
leaf_weight=106 63 454 11.000000000000002 893 194 11 10 155 50 15.999999999999998 36 13.999999999999998 10.999999999999998 203 269 18 23 88 68 47 12.999999999999998 49 9.9999999999999982 17 9.9999999999999982 152 26 123 41 23
leaf_count=106 63 454 11 893 194 11 10 155 50 16 36 14 11 203 269 18 23 88 68 47 13 49 10 17 10 152 26 123 41 23
internal_value=-0.00114693 -0.0107424 -0.0191432 -0.0162511 -0.0240808 -0.0310526 -0.158954 0.0043877 0.0160381 0.0589171 -0.0281614 0.038307 -0.00881245 0.0116761 -0.000174929 0.043206 0.0250782 -0.00761954 -0.0163535 -0.0481558 -0.209298 0.0404554 -0.00464276 0.0521769 0.0141989 -0.0321062 -0.011583 0.0599737 0.098398 0.0431302
internal_weight=3204 2056 1602 1578 1144 950 21 434 1148 106 929 90 328 1042 553 81 489 472 384 115 24 286 59 227 165 163 40 210 64 146
internal_count=3204 2056 1602 1578 1144 950 21 434 1148 106 929 90 328 1042 553 81 489 472 384 115 24 286 59 227 165 163 40 210 64 146
is_linear=0
shrinkage=0.05


Tree=33
num_leaves=31
num_cat=0
split_feature=35 21 13 2 37 30 5 2 31 6 6 28 29 31 24 11 32 6 6 28 25 11 31 13 30 5 4 32 12 34
split_gain=258.042 127.886 108.636 160.376 94.4799 101.807 92.6838 92.1925 121.48 138.346 131.86 134.582 77.3982 79.3835 77.3081 66.9664 74.6381 69.4998 87.9745 70.9522 68.1831 83.7211 75.1962 65.9437 59.9502 59.0127 58.8797 58.3444 92.3921 83.839
threshold=3.729861111111112 1.0000000180025095e-35 1.0000000180025095e-35 2.5000000000000004 8.9999999999999982 41.741666666666681 0.37980769230769235 1.5000000000000002 10.458333333333334 0.45804195804195807 0.24038461538461542 9.5000000000000018 45.747666666666674 14.649999999999997 1.0000000180025095e-35 0.24038461538461542 0.29285714285714287 0.39230769230769241 0.29285714285714287 23.500000000000004 1.0000000180025095e-35 0.55050505050505061 7.5083333333333302 1.0000000180025095e-35 48.150000000000013 0.43303571428571436 0.13809523809523813 0.55050505050505061 0.06458333333333334 7.5000000000000009
decision_type=2 2 2 2 2 2 2 2 2 2 2 2 2 2 2 2 2 2 2 2 2 2 2 2 2 2 2 2 2 2
left_child=1 2 7 -4 5 -2 12 8 9 10 -1 -12 23 -14 -5 16 -9 18 -18 -19 27 22 24 -3 -22 -8 -24 -17 -29 -30
right_child=4 6 3 14 -6 -7 25 15 -10 -11 11 -13 13 -15 -16 20 17 19 -20 -21 21 -23 26 -25 -26 -27 -28 28 29 -31
leaf_value=-0.03530149983449115 -0.15526563897728918 -0.020369038358330729 0.049169130652640641 -0.028283995973582367 -0.24665792087713878 0.048103235363960273 0.10674224752187729 -0.012570029606713967 0.028837876088385075 0.045384649426809386 -0.078082559481263136 -0.32206312486758604 0.054194356458527708 -0.077503352743737847 0.0027066316169578487 -0.011861594669082681 0.051170519906385194 0.050875680667276574 -0.058089702438425143 0.14730484286944073 -0.065553072659355213 0.13599309965761172 0.0049751862247542642 -0.16896035672564588 0.074193977117538459 0.027647899288981887 0.088255804457532422 0.024355077310591132 -0.01613909425213933 -0.17090991854667664
leaf_weight=18 16.000000000000004 15.999999999999998 89 817 11.999999999999998 9.9999999999999982 25 68 35 13.999999999999998 10.000000000000002 12.999999999999998 35 17 267 576 58 65 27 27 33 18 41 14.000000000000002 9.9999999999999982 416 44 333 70 9.9999999999999982
leaf_count=18 16 16 89 817 12 10 25 68 35 14 10 13 35 17 267 576 58 65 27 27 33 18 41 14 10 416 44 333 70 10
internal_value=-0.00108958 0.000464971 -0.00400525 -0.0153532 -0.130608 -0.0770468 0.0230554 0.00504995 -0.0439818 -0.0903216 -0.13666 -0.215985 -0.0257574 0.0111393 -0.0206507 0.00824767 0.0319545 0.04906 0.0164643 0.0791755 0.00313033 0.035026 0.0208276 -0.0897117 -0.0330538 0.0321317 0.0480852 -0.00157823 0.0127637 -0.0354854
internal_weight=3204 3166 2643 1173 38 26 523 1470 90 55 41 23 82 52 1084 1380 245 177 85 92 1135 146 128 30 43 441 85 989 413 80
internal_count=3204 3166 2643 1173 38 26 523 1470 90 55 41 23 82 52 1084 1380 245 177 85 92 1135 146 128 30 43 441 85 989 413 80
is_linear=0
shrinkage=0.05


Tree=34
num_leaves=31
num_cat=0
split_feature=35 8 21 24 11 37 30 27 33 31 7 14 14 32 31 8 6 11 24 32 38 31 38 30 17 8 27 32 6 6
split_gain=232.883 128.422 166.936 94.8519 92.7647 85.2681 91.8804 82.9796 79.754 75.5988 71.3109 62.6815 60.719 56.3183 54.0386 52.8495 51.0023 43.2724 121.223 55.2162 84.8222 53.8536 53.1473 76.3739 47.3327 46.4326 51.4623 48.7448 43.0427 56.2622
threshold=3.729861111111112 13.500000000000002 1.0000000180025095e-35 1.0000000180025095e-35 0.24038461538461542 8.9999999999999982 41.741666666666681 10.500000000000002 11.500000000000002 12.000000000000005 1.5000000000000002 1.0000000180025095e-35 1.0000000180025095e-35 0.32291666666666669 25.900000000000009 15.500000000000002 1.0000000180025095e-35 0.62019230769230782 1.0000000180025095e-35 0.27922077922077926 0.83974358974358987 6.0999999999999988 0.74166666666666681 42.036666666666676 1.0000000180025095e-35 12.500000000000002 1.0000000180025095e-35 0.087121212121212141 0.74166666666666681 0.63068181818181823
decision_type=2 2 2 2 2 2 2 2 2 2 2 2 2 2 2 2 2 2 2 2 2 2 2 2 2 2 2 2 2 2
left_child=1 14 3 4 7 6 -2 13 10 -9 12 16 -6 -3 17 -15 -4 19 21 25 22 -19 23 -21 28 27 -27 -1 29 -25
right_child=5 2 11 -5 8 -7 -8 9 -10 -11 -12 -13 -14 15 -16 -17 -18 18 -20 20 -22 -23 -24 24 -26 26 -28 -29 -30 -31
leaf_value=0.038475764607163995 -0.14750235583633184 -0.0058256854368767272 -0.063409008830785749 0.011087221974363695 -0.032496629981418265 -0.23432501703500749 0.045698072910308841 -0.13215604664976985 -0.14282008978937352 0.0045090980678796772 -0.15574372872710229 -0.0013429266863695072 -0.0098290154751959555 0.07593180748863497 0.087948099983856096 -0.0077134291498133769 0.042175274101547811 0.20327983990311627 -0.084983146326108427 0.00032143234862304869 0.13510405252377192 0.066745504049154428 -0.094094704735008153 0.03617040766764236 -0.050578599143773322 -0.15050428509712221 -0.026933457712746328 -0.021024307333256886 -0.059752433543855503 0.13537344316641489
leaf_weight=55 16.000000000000004 71 11.999999999999998 325 618 11.999999999999998 9.9999999999999982 17 13.999999999999998 25 9.9999999999999982 179 566 69 25 26 244 9.9999999999999982 10.999999999999998 353 14.999999999999998 26 10.999999999999998 303 15.999999999999998 10.999999999999998 36 92 10.999999999999998 14.999999999999998
leaf_count=55 16 71 12 325 618 12 10 17 14 25 10 179 566 69 25 26 244 10 11 353 15 26 11 303 16 11 36 92 11 15
internal_value=-0.0010351 0.000441723 -0.00635066 -0.0132731 -0.0188643 -0.124078 -0.0731945 0.0119769 -0.0241747 -0.0508077 -0.0227836 0.0213551 -0.0216606 0.0278622 0.0153712 0.0530394 0.037226 0.013491 0.0602844 0.0110953 0.0174429 0.104672 0.0149536 0.0166722 0.033402 -0.0125939 -0.0558543 0.00123762 0.0374862 0.0408498
internal_weight=3204 3166 2176 1741 1416 38 26 208 1208 42 1194 435 1184 166 990 95 256 965 47 918 724 36 709 698 345 194 47 147 329 318
internal_count=3204 3166 2176 1741 1416 38 26 208 1208 42 1194 435 1184 166 990 95 256 965 47 918 724 36 709 698 345 194 47 147 329 318
is_linear=0
shrinkage=0.05


end of trees

feature_importances:
distance_m=102
history_front_samples=82
jyo_cd=73
style_balance=73
history_front_min_pci=69
field_size=57
history_front_coverage=48
closer_ratio=47
history_front_avg_pci=47
flexible_ratio=46
history_front_spread=46
history_lap_avg_delta=40
venue_05=37
history_lap_spread=32
venue_06=25
front_ratio=24
history_lap_horses=23
history_lap_min_delta=21
history_lap_samples=20
history_lap_coverage=19
track_cond=18
distance_mile=17
venue_08=15
history_front_horses=15
escape_ratio=10
distance_short=8
venue_04=7
escape_count=6
escape_competition=4
distance_middle=4
venue_07=4
venue_01=3
front_count=2
distance_long=2
venue_03=2
venue_09=1
venue_10=1

parameters:
[boosting: gbdt]
[objective: regression]
[metric: l1]
[tree_learner: serial]
[device_type: cpu]
[data_sample_strategy: bagging]
[data: ]
[valid: ]
[num_iterations: 500]
[learning_rate: 0.05]
[num_leaves: 31]
[num_threads: 0]
[seed: 42]
[deterministic: 0]
[force_col_wise: 0]
[force_row_wise: 0]
[histogram_pool_size: -1]
[max_depth: -1]
[min_data_in_leaf: 10]
[min_sum_hessian_in_leaf: 0.001]
[bagging_fraction: 0.8]
[pos_bagging_fraction: 1]
[neg_bagging_fraction: 1]
[bagging_freq: 5]
[bagging_seed: 400]
[bagging_by_query: 0]
[feature_fraction: 0.8]
[feature_fraction_bynode: 1]
[feature_fraction_seed: 30056]
[extra_trees: 0]
[extra_seed: 12879]
[early_stopping_round: 0]
[early_stopping_min_delta: 0]
[first_metric_only: 0]
[max_delta_step: 0]
[lambda_l1: 0]
[lambda_l2: 0]
[linear_lambda: 0]
[min_gain_to_split: 0]
[drop_rate: 0.1]
[max_drop: 50]
[skip_drop: 0.5]
[xgboost_dart_mode: 0]
[uniform_drop: 0]
[drop_seed: 17869]
[top_rate: 0.2]
[other_rate: 0.1]
[min_data_per_group: 100]
[max_cat_threshold: 32]
[cat_l2: 10]
[cat_smooth: 10]
[max_cat_to_onehot: 4]
[top_k: 20]
[monotone_constraints: ]
[monotone_constraints_method: basic]
[monotone_penalty: 0]
[feature_contri: ]
[forcedsplits_filename: ]
[refit_decay_rate: 0.9]
[cegb_tradeoff: 1]
[cegb_penalty_split: 0]
[cegb_penalty_feature_lazy: ]
[cegb_penalty_feature_coupled: ]
[path_smooth: 0]
[interaction_constraints: ]
[verbosity: -1]
[saved_feature_importance_type: 0]
[use_quantized_grad: 0]
[num_grad_quant_bins: 4]
[quant_train_renew_leaf: 0]
[stochastic_rounding: 1]
[linear_tree: 0]
[max_bin: 255]
[max_bin_by_feature: ]
[min_data_in_bin: 3]
[bin_construct_sample_cnt: 200000]
[data_random_seed: 175]
[is_enable_sparse: 1]
[enable_bundle: 1]
[use_missing: 1]
[zero_as_missing: 0]
[feature_pre_filter: 1]
[pre_partition: 0]
[two_round: 0]
[header: 0]
[label_column: ]
[weight_column: ]
[group_column: ]
[ignore_column: ]
[categorical_feature: ]
[forcedbins_filename: ]
[precise_float_parser: 0]
[parser_config_file: ]
[objective_seed: 16083]
[num_class: 1]
[is_unbalance: 0]
[scale_pos_weight: 1]
[sigmoid: 1]
[boost_from_average: 1]
[reg_sqrt: 0]
[alpha: 0.9]
[fair_c: 1]
[poisson_max_delta_step: 0.7]
[tweedie_variance_power: 1.5]
[lambdarank_truncation_level: 30]
[lambdarank_norm: 1]
[label_gain: ]
[lambdarank_position_bias_regularization: 0]
[eval_at: ]
[multi_error_top_k: 1]
[auc_mu_weights: ]
[num_machines: 1]
[local_listen_port: 12400]
[time_out: 120]
[machine_list_filename: ]
[machines: ]
[gpu_platform_id: -1]
[gpu_device_id: -1]
[gpu_use_dp: 0]
[num_gpu: 1]

end of parameters

pandas_categorical:null
